hrNo,hrName,birthday,sex,faHrNo,faHrName,moHrNo,moHrName,damsireNo,damsireName,src
0058062,가라카이,20240324,수,6149511,CARACARO,6128634,ALGOWILD,,,API8_2
0055809,가리라,20240323,암,0032990,한센,0025316,달리자,,,API8_2
0051451,가야스타,20220426,거,0036593,온이글즈윙즈,0019808,가야공주,,,API8_2
0055947,가온의빛,20240323,암,0032990,한센,0034627,지상제일해피,,,API8_2
0055530,가온히어로,20220224,거,6967942,TWIRLING CANDY,6151019,UNBRIDLED CLASS,,,API8_2
1412316,간다고,20210319,암,0033566,파워블레이드,0020802,하늘기상,,,API8_2
0060346,감사의힘,20230413,수,7000178,INDEPENDENCE HALL,6149777,UNBRIDLEDEXPLOSION,,,API8_2
0053948,갓스피드,20230430,암,7000060,나이트러스,0038551,아르카디아,,,API8_2
0051286,강나루,20220128,수,0044420,레볼루셔너리,0029797,금순이엄지,,,API8_2
0046672,강남불청객,20210202,수,0034735,페더럴리스트,0040130,새즈미즈엘리자베,,,API8_2
0061136,강수,20230906,암,7113276,GLENFIDDICH,7169798,LICENCED TO WIN,,,API8_2
0045700,강철전사,20200318,수,0039750,퍼지,0040234,소우전러브,,,API8_2
0050261,강철파워,20210308,수,0034637,라이언메탈,0035142,선플라자,,,API8_2
0045769,강풍마,20200314,수,0025790,피스룰즈,0029921,원더드리머,,,API8_2
0053449,강한감마,20230424,암,0046317,레이스데이,0041953,퍼스널리유어즈,,,API8_2
0053410,강한프린세스,20230312,암,0038245,미스치비어슬리,0037515,퀸오피서,,,API8_2
0056274,개마무사,20240423,수,0038245,미스치비어슬리,0041194,예싸퀸,,,API8_2
0051386,거센강호,20220402,수,6115982,WORLD OF TROUBLE,0050647,케이케이스벅아이,,,API8_2
0055698,거센기쁨,20240326,수,0032990,한센,0040811,굿바우,,,API8_2
0053010,거센대로,20230220,수,0038391,카우보이칼,0040300,거센질주,,,API8_2
0053877,거센돌격,20230416,거,0041566,투아너앤드서브,0040201,매글레브,,,API8_2
0055201,거센돌파,20240203,수,0038387,콩코드포인트,0040300,거센질주,,,API8_2
1412290,거센반격,20210122,거,0041566,투아너앤드서브,0030842,랩소디,,,API8_2
0055521,거센번개,20240216,수,0046317,레이스데이,0041952,크래프티블루카트,,,API8_2
0054782,거센빅맨,20220505,수,6149543,INSTAGRAND,6785093,AVIE'S TALE,,,API8_2
0055495,거센영웅,20240227,수,0036732,머스킷맨,0044101,메니어게인,,,API8_2
0053196,거센펀치,20230322,거,0045050,섀클포드,0036113,특별스타,,,API8_2
0051947,거센폭주,20220405,수,0045050,섀클포드,0036667,테이터톤터,,,API8_2
0053817,거센함성,20230411,수,0041566,투아너앤드서브,0027476,콰이어트터치,,,API8_2
0055472,걸작루비,20240320,암,0046317,레이스데이,0044971,퀴리아,,,API8_2
0055821,걸작마루,20240320,수,0038245,미스치비어슬리,0043483,문학퀸,,,API8_2
0055491,걸작번개,20240324,수,0032258,트리플나인,0033987,매드파워,,,API8_2
0055193,걸작윤슬,20240122,암,0037972,올드패션드,0052747,발즈프린세스,,,API8_2
0053691,걸작크라운,20230507,거,0027443,컬러즈플라잉,0036247,리드머니,,,API8_2
0052818,걸작티아라,20230126,암,0046317,레이스데이,0029416,라이드미투더문,,,API8_2
0045589,검이불루,20200310,암,0038332,커널존,0036468,블레이징스타,,,API8_2
0056341,게티즈버그,20240327,수,6149534,글로벌캠페인,0055130,파인인수지애즘,,,API8_2
0051211,겨울장미,20220404,암,0035295,나스카프린스,0040141,플래시어필,,,API8_2
0055616,경아퀸,20240316,암,0034254,천지스톰,0044992,슬리프리스,,,API8_2
0053580,고산봉,20230319,거,0032990,한센,0035291,월드피스,,,API8_2
0056766,고스트불릿,20240612,수,7000060,나이트러스,0020015,프린세스섬,,,API8_2
0056210,고스트선더,20240418,수,0038245,미스치비어슬리,0035796,뉴파트너,,,API8_2
0055643,고스트소닉,20240222,암,0032990,한센,0019701,배블레이디,,,API8_2
0056309,고스트윈드,20240320,암,0033566,파워블레이드,0052768,파이퍼즈스카이,,,API8_2
0047099,고스트크리솔,20210326,거,0038227,크리솔라이트,0035094,리치여장군,,,API8_2
0061437,고스트플래시,20240403,수,0038387,콩코드포인트,0034688,위대한참전,,,API8_2
0063147,고저스윈,20200904,거,6112066,PRESS STATEMENT,7181725,HOLLYWELL,,,API8_2
0053276,고주일척,20230328,거,0045050,섀클포드,0026402,차이밍비카,,,API8_2
0053143,골드레인,20230301,암,6965458,KANTHAROS,0052611,바이더파이어,,,API8_2
0047186,골드베르크,20210415,암,0038391,카우보이칼,0040205,트룰레이드빌,,,API8_2
0051450,골드스텝,20220422,암,0036593,온이글즈윙즈,0029670,금포엔젤,,,API8_2
0054054,골드아이디,20230508,암,0041813,미스터크로우,0030973,아이디이천,,,API8_2
0056087,골드엑스,20240321,수,0045050,섀클포드,0032285,골드웨이브,,,API8_2
0051041,골드캐처,20220126,암,0038391,카우보이칼,0040242,처비아너,,,API8_2
0051322,골드퀸즈,20220327,암,0038387,콩코드포인트,0038278,스캣대디즈브리즈,,,API8_2
0053335,골든디바,20230325,암,6115207,COLLECTED,0052752,골든오브,,,API8_2
0055745,골든라이징,20240327,암,0041566,투아너앤드서브,0041294,눈부신한센,,,API8_2
0056278,골든레이븐,20240317,암,0041813,미스터크로우,0032955,금포여장군,,,API8_2
0053842,골든매치,20230426,수,0045050,섀클포드,0027526,모닝뮤직,,,API8_2
0055586,골든벤투스,20240315,수,0038391,카우보이칼,0042331,버닝건,,,API8_2
0056123,골든벨스타,20240408,수,0050506,에어포스블루,0052752,골든오브,,,API8_2
0047501,골든볼,20210328,암,0034835,티즈원더풀,0036696,히어즈벨라,,,API8_2
0051679,골든세이브,20220412,거,0038391,카우보이칼,0036651,스위트케이트,,,API8_2
0053262,골든워리어,20230404,암,0040246,지롤라모,0035620,모란동백,,,API8_2
0055732,골든파티,20240304,암,0045050,섀클포드,0031014,천억이,,,API8_2
0055729,과천신화,20240308,암,0038245,미스치비어슬리,0034985,엑톤신화,,,API8_2
0051362,과천호령,20220502,암,0045050,섀클포드,0044975,아리치아,,,API8_2
0054863,관악그레이스,20230416,암,0036732,머스킷맨,0040228,라이트유어월드,,,API8_2
0061457,관악산그리핀,20240315,수,6126461,GIRVIN,7093694,MY SASSENACH,,,API8_2
0051418,관악산글로벌,20220323,거,0045050,섀클포드,0040221,굿셰퍼드,,,API8_2
0053715,관악산레오,20210420,암,6115682,ACCELERATE,7028167,SO YOU KNOW,,,API8_2
0056353,관악산리키,20220423,거,7120945,COPANO RICKEY,7138209,PISA NO PRIVE,,,API8_2
0055519,관악산빅스텝,20240307,수,0041559,빅스,0046497,리에너자이즈,,,API8_2
0062434,관악산빅스톤,20240501,수,7029910,JACK CHRISTOPHER,6148451,SCRIPTURE,,,API8_2
0053436,관악산스카이,20230322,수,0038387,콩코드포인트,0043902,베리블레이드,,,API8_2
0055884,관악산스톰,20220223,수,6130177,MITOLE,6142171,ALMIGHTY MIRACLE,,,API8_2
0055885,관악산오투,20220124,암,6114907,CONNECT,6120582,DANESSA AGAIN,,,API8_2
0051619,관악산원더풀,20220325,암,0036732,머스킷맨,0045046,헤일리즈롤리팝,,,API8_2
0051913,관악산위시미,20220514,거,0032258,트리플나인,0025723,위시미석세스,,,API8_2
0055205,관악산윈디,20240122,암,6969075,지몰로지스트,0036853,오케이퀸,,,API8_2
0061570,관악산유니콘,20240411,암,6126922,TACITUS,6109820,LUCKY LADY LIN,,,API8_2
0055194,관악산점프,20240107,수,0038391,카우보이칼,0041966,프라우들리위해일,,,API8_2
0050857,관악산조이,20220117,암,0037972,올드패션드,0028261,조이럭키,,,API8_2
0052965,관악산챔프,20230227,수,0032990,한센,0043299,큐리어스캣,,,API8_2
0051622,관악산체크인,20220506,거,0032990,한센,0039496,만델리나,,,API8_2
0061456,관악산호프,20240301,수,6149805,HIGHLY MOTIVATED,6982210,NANCY G.,,,API8_2
0053340,구름,20230323,암,0044993,언캡처드,0040169,시라이트,,,API8_2
0056750,구름에,20240316,수,0044420,레볼루셔너리,0029797,금순이엄지,,,API8_2
0054214,군주민수,20230402,거,0025790,피스룰즈,0030926,북새명가,,,API8_2
0062987,굿나이스,20240526,수,6969041,MACLEAN'S MUSIC,7021623,RECIPROCAL,,,API8_2
0053074,굿모닝컴,20230320,수,0045049,프리덤차일드,0026041,오버파워,,,API8_2
0053200,굿잡,20230321,거,0040086,위드디스팅션,0037460,샴페인파티,,,API8_2
0056400,굿최강,20220501,거,6115212,GOOD SAMARITAN,6107993,SUMMER CHANT,,,API8_2
0045852,굿카보,20200330,거,0038391,카우보이칼,0029148,해피댄서,,,API8_2
0052505,굿해피,20210208,거,6126349,CLOUD COMPUTING,6113242,THUNDERING GALE,,,API8_2
0051692,그냥가라,20220226,암,0033119,선더모카신,0035462,해피공주,,,API8_2
0060347,그대만있다면,20230210,수,6126922,TACITUS,6113446,ANNIES LAW,,,API8_2
0053057,그라시아스,20230223,암,0045049,프리덤차일드,0036050,라온콘도르,,,API8_2
0061644,그랑블루,20240315,수,0036732,머스킷맨,0043048,푸른장미,,,API8_2
0061379,그랑파클래식,20240430,수,6965458,KANTHAROS,7000328,YOURMAJESTYSCROWN,,,API8_2
0046161,그래티튜드,20200430,암,0033566,파워블레이드,0041544,캐칭업,,,API8_2
0053024,그랜드커리지,20230131,수,0038245,미스치비어슬리,0027150,그랜드카라반,,,API8_2
0051037,그랜드쾌마,20220217,수,0046317,레이스데이,0034653,그랜드마케팅,,,API8_2
0050739,그랜드파크,20220128,수,0045050,섀클포드,0027150,그랜드카라반,,,API8_2
0055300,그랜드폭풍,20240310,암,0038387,콩코드포인트,0026886,그랜드특급,,,API8_2
0056451,그러치,20240430,암,6969075,지몰로지스트,0033019,레디포코트,,,API8_2
0060724,그레이고,20230315,암,0041819,닉스고,7000112,KENDALIN,,,API8_2
0053802,그레이스데이,20230523,수,0046317,레이스데이,0041970,그레이스필,,,API8_2
0051657,그레이스루트,20220401,암,0034428,테스타마타,0032054,그레이스,,,API8_2
0052963,그레이참,20230113,암,0044420,레볼루셔너리,0036695,플래쉬디만티너,,,API8_2
0055102,그레이캔디,20220221,수,6340178,CANDY RIDE,6149447,CAMILLI,,,API8_2
0062962,그레이트머니,20240326,수,6333083,SPEIGHTSTOWN,7054547,BLAZINBEAUTY,,,API8_2
1412124,그레이트스톰,20210430,거,0045082,오버애널라이즈,0024222,에이원,,,API8_2
0051991,그레이특급,20220508,수,0036194,인디언킹,0022760,그레이스톤,,,API8_2
0051381,그레이팬텀,20220418,암,0032990,한센,0029193,상류,,,API8_2
0056380,그린골드원,20240510,암,0032990,한센,0036823,정꽃,,,API8_2
0053233,그린재킷,20230305,거,0041800,메디치글로리,0029065,초원의별,,,API8_2
0050004,글라디우스,20210312,암,0045048,보이즈앳토스코노,0041865,사제불이,,,API8_2
0056421,글로리,20240430,암,0041566,투아너앤드서브,0027534,아이즈어글로우,,,API8_2
0051754,글로리데이,20220415,암,0036735,디바인파크,0024712,빅터우먼,,,API8_2
0055565,글로리삭스,20220311,거,6980256,WILL TAKE CHARGE,7005237,QUADRILLE,,,API8_2
0055089,글로리시티,20210902,수,6103836,OCEAN PARK,7124227,FIDGETTE,,,API8_2
0045892,글로리앤아너,20200430,암,0041566,투아너앤드서브,0036613,벤트온글로리,,,API8_2
0055563,글로리영광,20220320,수,6127203,CATALINA CRUISER,6780255,RUMORS OF GLORY,,,API8_2
0051605,글로리조이,20220404,거,0045050,섀클포드,0038884,조이풀룰러,,,API8_2
0052314,글로리퀸,20220325,암,0038227,크리솔라이트,0041539,스테파니갓이븐,,,API8_2
0055824,글로벌골든,20240320,수,6103967,GOLDENCENTS,0054965,워스티드,,,API8_2
0052134,글로벌기상,20220429,암,0028545,인디밴드,0020802,하늘기상,,,API8_2
0054177,글로벌디노,20230528,수,0034428,테스타마타,0033095,래피즈로즈,,,API8_2
0052911,글로벌랜드,20230218,암,0038391,카우보이칼,0041967,골든로즈Ⅱ,,,API8_2
0056037,글로벌레벨,20240524,수,6114907,CONNECT,0055039,언체인허하트,,,API8_2
0043713,글로벌보배,20190313,수,0038391,카우보이칼,0021264,이상화,,,API8_2
0043495,글로벌삭스,20170330,거,6964691,MUNNINGS,6105199,LET IT GO LADY,,,API8_2
0051855,글로벌서브,20220512,거,0041566,투아너앤드서브,0035525,글로벌퀸,,,API8_2
0053197,글로벌챔프,20230305,거,0037610,가온챔프,0040216,가온퀸,,,API8_2
0055703,글로벌최강,20240320,수,0038245,미스치비어슬리,0036149,해성스타,,,API8_2
0052844,글로벌카드,20230210,수,0045014,프로스펙티브,0026757,와일드카드,,,API8_2
0053919,글로벌캐넌,20230425,수,6969075,지몰로지스트,0040236,클레버타이밍,,,API8_2
0056592,글로벌컴퓨팅,20220422,거,6126349,CLOUD COMPUTING,6147829,HOT DIXIE DAME,,,API8_2
0060714,글로벌킹덤,20230515,거,6149589,THOUSAND WORDS,6992570,DUNDALK DANCER,,,API8_2
0051039,글로벌타임,20220203,수,0038391,카우보이칼,0041967,골든로즈Ⅱ,,,API8_2
0055428,글로벌파로아,20220830,거,6106898,AMERICAN PHAROAH,7128692,HARVEST START,,,API8_2
0045635,글로벌파워,20200329,수,0038391,카우보이칼,0029416,라이드미투더문,,,API8_2
0055535,글로벌포드,20240302,거,0045050,섀클포드,0043587,글로벌조이,,,API8_2
0054232,글로벌하남,20230428,거,0045082,오버애널라이즈,0021704,세이브더모먼트,,,API8_2
0058005,글로벌하트,20220824,암,6106898,AMERICAN PHAROAH,7169376,SPRING CHARM,,,API8_2
0046287,금빛강호,20200307,거,0021999,포리스트캠프,0027163,금빛물결,,,API8_2
0056344,금빛대로,20240508,수,0044993,언캡처드,0035372,아테나선더,,,API8_2
0053526,금빛영웅,20230412,거,0038387,콩코드포인트,0040175,파이드어테어,,,API8_2
0056770,금빛올하트,20240110,암,0044420,레볼루셔너리,0032847,빛의여왕,,,API8_2
0045371,금빛천하,20200324,수,0039750,퍼지,0035921,금빛공주,,,API8_2
0056347,금빛코드,20240311,수,0038387,콩코드포인트,0038278,스캣대디즈브리즈,,,API8_2
1412350,금빛파워,20210416,거,0033566,파워블레이드,0027163,금빛물결,,,API8_2
0051675,금성보스,20220407,수,0035285,파이널보스,0036638,왓넥스트,,,API8_2
0055479,금성볼트,20240212,수,0032990,한센,0030487,대륙강자,,,API8_2
0054058,금성불패,20230510,수,0038391,카우보이칼,0038253,금성여왕,,,API8_2
0053345,금성샤이니,20230302,암,0025790,피스룰즈,0028768,리비어덕션,,,API8_2
0053862,금성축제,20230423,암,0045050,섀클포드,0026737,축제,,,API8_2
0054057,금성퀸,20230514,암,0041566,투아너앤드서브,0036638,왓넥스트,,,API8_2
0047000,금세,20210317,수,0034735,페더럴리스트,0033319,창세,,,API8_2
0060348,금아스플래시,20230425,거,6782484,ALTERNATION,6106960,BARN CAT,,,API8_2
0053641,금아온포인트,20230408,거,0045050,섀클포드,0038275,모테가,,,API8_2
0051259,금아포모스트,20220403,거,0045050,섀클포드,0032481,싱그러운봄,,,API8_2
0046804,금악명장,20210314,거,0034735,페더럴리스트,0018607,패스트페어,,,API8_2
0061535,금은동,20240213,암,7004967,OLYMPIAD,7109885,DARKWINGSOVERDUBAI,,,API8_2
0053849,금적산,20230314,암,0038387,콩코드포인트,0036325,로쿠,,,API8_2
0055525,급행열차,20220312,암,6969089,UNION RAGS,6150860,FORMALITY,,,API8_2
0055712,깡다구,20240305,수,0032224,돌아온현표,0041034,루이사,,,API8_2
0062074,꿈의연속,20240315,수,7008530,TALE OF SILENCE,6127794,LEMON DROP BELLE,,,API8_2
0052425,나노마신,20210429,거,6103967,GOLDENCENTS,6113176,ABOUNDING LOVE,,,API8_2
0047413,나라올라,20210507,수,0045082,오버애널라이즈,0036642,리마커블스토리,,,API8_2
0058224,나로마스타,20230323,수,6114893,AMERICAN PATRIOT,7169410,LUNA DELLA SERA,,,API8_2
0056460,나루파크,20240410,암,0032990,한센,0052717,프라이즈포트레잇,,,API8_2
0062626,나르샤고트,20240211,수,6149805,HIGHLY MOTIVATED,7022263,CASA DE GOAT,,,API8_2
0062951,나르샤글로리,20240503,수,6112213,UPSTART,6150904,SEQUIN,,,API8_2
0053406,나르샤노바,20230323,암,0044993,언캡처드,0029990,동방의새아침,,,API8_2
0062616,나르샤럭키,20240224,암,6119755,AUDIBLE,6150874,LOOKINTOGETLUCKY,,,API8_2
0057220,나르샤루나,20240322,암,0036732,머스킷맨,0024651,명서돌풍,,,API8_2
0055280,나르샤루시,20240223,암,0032990,한센,0038307,슈룹,,,API8_2
0055401,나르샤볼트,20240210,수,0032994,다이나믹대시,0035369,다이나믹볼트,,,API8_2
0055741,나르샤빅터,20240305,수,6969075,지몰로지스트,0036651,스위트케이트,,,API8_2
0055501,나르샤스톰,20240320,수,0038245,미스치비어슬리,0020854,버니스,,,API8_2
0055398,나르샤피네,20240305,암,0038025,아임유어파더,0029325,라피네,,,API8_2
0056388,나비드,20220409,거,6149559,MR. MONEY,7033899,FASHION BEE,,,API8_2
0056404,나소챗,20220201,거,6149540,HONOR A. P.,7017452,WICKED STORM,,,API8_2
0052885,나스카불청객,20230208,암,0041800,메디치글로리,0040130,새즈미즈엘리자베,,,API8_2
0045900,나올대왕,20200415,거,0040086,위드디스팅션,0033022,그리자이,,,API8_2
0052968,나올오로라,20230228,암,0036732,머스킷맨,0050534,컨플레이트,,,API8_2
0053378,나올패스,20230409,암,0041628,세이브더월드,0027730,오리엔탈패스,,,API8_2
0056350,나우데이즈,20240306,암,0038387,콩코드포인트,0028968,나우코프위드디스,,,API8_2
0051353,나이스위너,20220327,거,0046317,레이스데이,0036619,잇메익스헐민,,,API8_2
0054787,나이스포스,20220429,수,6109240,모스피릿,6101553,CITIZEN EMMA,,,API8_2
0052945,나이트강자,20230219,수,7000060,나이트러스,0030487,대륙강자,,,API8_2
0055364,나이트선더,20240217,암,7000060,나이트러스,0041720,선더마크,,,API8_2
0053927,나이트캡틴,20230428,암,0046317,레이스데이,0031267,쉬저스트마이트,,,API8_2
0051369,나인스피어,20220318,암,0038391,카우보이칼,0037192,우주대왕,,,API8_2
0056847,남경스피닝,20240329,암,0038391,카우보이칼,0033738,에이스스피닝,,,API8_2
0055861,남경에이스,20240327,수,0038245,미스치비어슬리,0041962,호니미에르,,,API8_2
0056769,남산돌진,20240403,암,0052316,콘서트투어,0029823,돌진,,,API8_2
0060704,남산록,20230221,수,6149768,KNOWN AGENDA,7036455,PINK FIZZ,,,API8_2
0043840,남산무적,20190227,수,0020256,메니피,0038355,스마트어트랙션,,,API8_2
0046733,남산미남,20210126,거,0038387,콩코드포인트,0022929,빅토리캠프,,,API8_2
0060361,남산벨트,20230220,암,7000184,BEAU LIAM,6150150,MY AUNT BETH,,,API8_2
0055894,남산블랙,20220408,수,6149581,스펀투런,6150325,GRAN LUCKY GIRL,,,API8_2
0055437,남산스페셜,20240208,수,0038245,미스치비어슬리,0038376,우먼볼트,,,API8_2
0051868,남촌서브,20220430,암,0041566,투아너앤드서브,0036298,바이스댄서,,,API8_2
0050816,남촌타운,20220222,수,0045050,섀클포드,0033020,소머치펀,,,API8_2
0052115,내게로와줘,20220405,거,0033566,파워블레이드,0036469,리워드하이,,,API8_2
0051835,내길의에이스,20220427,암,0038391,카우보이칼,0025811,싱크오어스윔,,,API8_2
0050807,내길의여정,20220331,거,0040086,위드디스팅션,0045057,포더윈,,,API8_2
0047331,내길의위너,20210330,수,0041813,미스터크로우,0023882,러블리샤인,,,API8_2
0058000,내맘의열정,20221012,암,7000811,ADMIRE MARS,6137908,DORODANSA,,,API8_2
0045177,너트플레이,20200119,수,0027443,컬러즈플라잉,0030155,스페이스셔틀,,,API8_2
0055396,네가있어설레,20240206,암,0036732,머스킷맨,0039337,흥부자,,,API8_2
0061574,네오니케,20240303,암,6106383,CAIRO PRINCE,7034004,PAIXAO,,,API8_2
0055889,네이비캡틴,20220420,수,6126458,ARMY MULE,6529413,HERMIONE'S MAGIC,,,API8_2
0053963,노블매치,20230330,암,7000060,나이트러스,0016365,노블파티,,,API8_2
0051573,노프라블럼,20220508,거,0034735,페더럴리스트,0038177,킬리의여왕,,,API8_2
0053910,누리돌풍,20230423,수,0032990,한센,0040231,스프렌도타운,,,API8_2
0060769,누리봄,20240420,암,0032258,트리플나인,0043087,브라이트빅터,,,API8_2
0053579,누리비상,20230423,수,0050506,에어포스블루,0035910,프리마퀸,,,API8_2
0053539,누리여왕,20230415,암,0037972,올드패션드,0031050,행복거탑,,,API8_2
0053048,누리으뜸,20220201,암,0032258,트리플나인,0031919,울트라매직,,,API8_2
0052821,누리제왕,20230127,수,0045050,섀클포드,0040811,굿바우,,,API8_2
0056226,누리챔프,20240422,수,0045050,섀클포드,0043816,정든로,,,API8_2
0051594,누리천왕,20220320,수,0034735,페더럴리스트,0038641,볼드퀸,,,API8_2
0054421,누리퀸즈,20230430,암,0040246,지롤라모,0036659,아이즈온에디,,,API8_2
0060775,누리한빛,20230415,암,0026213,지금이순간,0029549,터프한걸,,,API8_2
0055347,누벨당스,20240317,수,6130196,MAXIMUS MISCHIEF,0054941,립스틱,,,API8_2
0054310,눈꽃,20230513,암,7000060,나이트러스,0037888,레이즈미업,,,API8_2
0062988,눈부신미래,20240120,암,6115828,BUCCHERO,7015524,MISS ELLE DEE KAY,,,API8_2
0053337,눈이올까요,20230307,수,0040246,지롤라모,0038346,토츠어돕스,,,API8_2
0054036,뉴돌콩,20210326,수,6115682,ACCELERATE,6127602,SWEAR BY IT,,,API8_2
0055301,뉴발삭스,20240306,수,0038387,콩코드포인트,0052757,뮈직,,,API8_2
0046189,늘가을,20200427,거,0039750,퍼지,0035795,허리케인드림,,,API8_2
0053964,능력도령,20230330,거,7000060,나이트러스,0037001,능력시대,,,API8_2
0057320,니케모이라,20240303,암,0036732,머스킷맨,0032759,한라축제,,,API8_2
0055954,닉스야라,20240324,암,0041819,닉스고,0054646,야라,,,API8_2
0055507,닉스피드,20240302,수,0041819,닉스고,0054526,플로랄에센스,,,API8_2
0053798,닌자타이거,20230423,암,0046317,레이스데이,0023903,파워팩,,,API8_2
0053576,다나은루비,20230321,암,0039216,킹삭스,0034539,대압승,,,API8_2
0053591,다나은리치,20230328,암,0038391,카우보이칼,0030243,스페셜킹덤,,,API8_2
0053213,다나은스타,20230221,수,0039737,어플릿익스프레스,0038962,사사,,,API8_2
0055551,다나은퀸,20240221,암,0045049,프리덤차일드,0041873,마야엘리자베스,,,API8_2
0051146,다나은킹덤,20220320,거,0038387,콩코드포인트,0030243,스페셜킹덤,,,API8_2
0056142,다나은파워,20240417,수,7000060,나이트러스,0030708,투어캠프,,,API8_2
0053412,다르리여왕,20230309,암,0041566,투아너앤드서브,0039979,블루엠파이어,,,API8_2
0057480,다온헌터,20240413,거,0039737,어플릿익스프레스,0040216,가온퀸,,,API8_2
0046566,다이나믹송,20210306,암,0034835,티즈원더풀,0031281,다이나믹바비,,,API8_2
0053896,다이내믹포스,20230422,수,0035885,다이나믹스타,0038385,티즈어리틀위치,,,API8_2
0053021,다이아비트,20230225,수,0038227,크리솔라이트,0033371,몬스터퀸,,,API8_2
0055972,다크문,20240330,암,0027443,컬러즈플라잉,0052759,오섬매그놀리아,,,API8_2
0046127,달맞이,20200420,수,0036735,디바인파크,0036662,캐리비안레인,,,API8_2
0047268,당대초월,20210225,거,0045050,섀클포드,0015670,황금물결,,,API8_2
0053110,대동용마,20230317,수,7000060,나이트러스,0031633,듀앨폭풍,,,API8_2
0056640,대발,20240214,암,0041566,투아너앤드서브,0028571,태산번쩍,,,API8_2
0052978,대비마마,20230222,암,0050506,에어포스블루,0040749,미스아델,,,API8_2
0044821,대사리,20190413,거,0040056,아치아치아치,0025043,뷰티이천,,,API8_2
0051756,대성스타,20220414,수,0038387,콩코드포인트,0026083,북대풍,,,API8_2
0056228,대여명,20240422,수,0050506,에어포스블루,0033894,골드패션,,,API8_2
0056321,대용마,20240405,수,0038227,크리솔라이트,0042611,청담위키드,,,API8_2
1412289,대원용마,20210228,거,0041566,투아너앤드서브,0029640,다이아파워,,,API8_2
0053778,대한시대,20230409,수,0038391,카우보이칼,0030503,검화,,,API8_2
0055190,대한여전사,20240225,암,0037972,올드패션드,0029417,셀시,,,API8_2
0061569,대한의영웅,20240220,수,6149753,GREATEST HONOUR,7022474,KELANI KIM,,,API8_2
0042821,대한질주,20180428,수,6323689,CONGRATS,0040228,라이트유어월드,,,API8_2
0050809,대한코코즈,20220329,암,0038245,미스치비어슬리,0044765,코코즈레디포듀티,,,API8_2
0053737,대한파워,20230412,수,0033566,파워블레이드,0022890,탱고스텝,,,API8_2
0046016,대흥클래스,20200326,수,0038387,콩코드포인트,0029041,록오브선더,,,API8_2
0054049,댄싱위즈,20210418,수,6965458,KANTHAROS,6124614,STEELY MAGNOLIA,,,API8_2
0061941,더로드,20240225,수,6126919,ROADSTER,6126132,COMMENTARY,,,API8_2
0054476,더선몬스터,20220307,수,0038227,크리솔라이트,0028635,윈드레토,,,API8_2
0053439,더선불사조,20230422,암,0039216,킹삭스,0046493,스톰커밍,,,API8_2
0053211,더선스토리,20230310,암,0045050,섀클포드,0046492,엘루시브액트,,,API8_2
0053217,더선아미르,20230316,암,0039216,킹삭스,0050405,쉬즈트리키,,,API8_2
0056784,더선커밍,20220428,수,0038391,카우보이칼,0046493,스톰커밍,,,API8_2
0061576,더선코리아,20240408,수,6149602,VOLATILE,6791561,TASLEY,,,API8_2
0047018,더선파이터,20210424,수,6109237,EXAGGERATOR,0046493,스톰커밍,,,API8_2
0053540,더엑설런트,20230318,수,0037674,뉴레전드,0033092,딜라이트펄송,,,API8_2
0061537,더원픽,20240412,수,7000176,SILVER STATE,7085153,PEPPER POT,,,API8_2
0053433,더퀸로즈,20230416,암,0045050,섀클포드,0032351,더퀸실버,,,API8_2
0054520,더클래식,20230507,수,0038387,콩코드포인트,0033032,패티즈스위트송,,,API8_2
0055361,더프린스,20240302,수,0054840,클래식엠파이어,0055088,스카이트레일,,,API8_2
1412303,더플레이어,20210312,거,0038387,콩코드포인트,0028968,나우코프위드디스,,,API8_2
0052913,델타대천,20230127,암,0038391,카우보이칼,0042317,실버햄튼,,,API8_2
0053824,델타이글,20230414,암,0027443,컬러즈플라잉,0034457,진명스나이퍼,,,API8_2
0053874,델타최강,20230421,거,0038387,콩코드포인트,0036296,런키튼런,,,API8_2
0046782,도끼드래곤,20210319,거,0033566,파워블레이드,0041951,진저러시,,,API8_2
0053383,동백,20230410,암,0031028,언비터블,0031390,슈퍼갤러퍼,,,API8_2
0054309,동진비룡,20230514,거,0038245,미스치비어슬리,0033106,프러클레임,,,API8_2
0053273,동진비상,20230330,암,6975312,KARAKONTIE,0052751,디어원,,,API8_2
0050104,동키플레이,20210409,암,0021239,연승대로,0034633,투스텝삼바,,,API8_2
0051649,두레이쇼,20220423,암,0032990,한센,0040235,아가워,,,API8_2
0052901,두손라이프,20230224,수,0045009,자이언트런,0034463,프로폴리스,,,API8_2
0051521,두손으뜸,20220327,암,0041566,투아너앤드서브,0045003,레드리본,,,API8_2
0055281,두움,20240301,거,0041813,미스터크로우,0050360,저스트어플래시,,,API8_2
0053089,듀크삭스,20230312,수,0039216,킹삭스,0040111,에모리삭스,,,API8_2
0053268,드래건미진,20230403,수,0038391,카우보이칼,0050915,코다,,,API8_2
7150605,드래건웰즈,20220326,수,6112206,FROSTED,6128836,LITTLE DIPPER,,,API8_2
0054869,드래건헌터,20230412,수,0044420,레볼루셔너리,0026386,블랙탄,,,API8_2
0046783,드래곤스퀘어,20210219,거,0039750,퍼지,0030244,퀸즈블레이드,,,API8_2
0052103,드래곤킬러,20220526,수,0033566,파워블레이드,0041954,미나키,,,API8_2
1411946,드래곤킹덤,20210501,거,0027443,컬러즈플라잉,0023947,골드플라이어,,,API8_2
0047315,드래곤판타지,20210430,거,0045050,섀클포드,0044959,컬린즈골드,,,API8_2
0050162,드론킬러,20210304,거,0038391,카우보이칼,0033447,마중물,,,API8_2
0054790,드리머위즈,20220510,수,6115982,WORLD OF TROUBLE,6826703,HEAD FOR HOME,,,API8_2
0062610,드림닉스,20240124,수,0041819,닉스고,6111478,BIRKENHEAD,,,API8_2
0053013,드림다이아,20230226,암,6112413,TAPWRIT,0052760,새치,,,API8_2
0060713,드림리메인,20230526,수,6130196,MAXIMUS MISCHIEF,7123554,BIENVENUE,,,API8_2
0054793,드림아너,20220416,수,6114922,GORMLEY,6808185,PEACEFUL SPLENDOR,,,API8_2
0053292,드림아일,20210301,수,6118219,FLAMEAWAY,6986574,ISLE GET READY,,,API8_2
0055421,드림하이,20240322,암,0045050,섀클포드,0030394,마이걸,,,API8_2
0052962,드림히로인,20230117,암,0044420,레볼루셔너리,0041625,라이언여제,,,API8_2
0054055,디네,20230309,수,0041813,미스터크로우,0025030,아름다운파티,,,API8_2
0046851,디아나,20210206,암,0033566,파워블레이드,0019283,당대특급,,,API8_2
0051135,딕시맨,20220223,거,0036732,머스킷맨,0035830,스위트록,,,API8_2
0061057,딕테이언,20180310,거,6336683,KING KAMEHAMEHA,7074411,MEDEIA,,,API8_2
0053409,따뜻한위로,20230302,수,7000060,나이트러스,0037857,머니대륙,,,API8_2
0053446,또순이,20230308,암,0036366,부활의반석,0037895,오스힐,,,API8_2
0053131,뜻대로,20230306,수,0027443,컬러즈플라잉,0043847,다림이,,,API8_2
0051407,라라걸,20220314,암,0037972,올드패션드,0033019,레디포코트,,,API8_2
0046856,라라케이,20210207,수,0032990,한센,0020579,화려한비상,,,API8_2
0053978,라비타,20230503,암,0044993,언캡처드,0029390,베리패스트레이디,,,API8_2
0054041,라스트매치,20230429,수,0044993,언캡처드,0040204,라스트일루전,,,API8_2
0053281,라스트케이,20230302,수,0038391,카우보이칼,0037445,유성스피드,,,API8_2
0053344,라스트타이거,20230301,거,0027443,컬러즈플라잉,0035442,혜성여왕,,,API8_2
0051240,라온니진스키,20220318,거,0045050,섀클포드,0030202,황금빛지중해,,,API8_2
0055260,라온더리펀,20240124,수,0036732,머스킷맨,0044953,플래터미잰자,,,API8_2
0050860,라온더벨몬트,20220128,암,0036732,머스킷맨,0022836,라온챔버,,,API8_2
0055327,라온더스카이,20240318,암,0036732,머스킷맨,0052680,샌디벨,,,API8_2
0055326,라온더스쿠트,20240311,수,0036732,머스킷맨,0052681,버트랜다,,,API8_2
0051161,라온더어펌드,20220329,암,0036732,머스킷맨,0034566,선샷,,,API8_2
0056217,라온더칼,20240417,수,0036732,머스킷맨,0022836,라온챔버,,,API8_2
0050837,라온더케이샤,20220125,암,0036732,머스킷맨,0036635,그랜드비전,,,API8_2
0053644,라온더클라라,20230402,암,0036732,머스킷맨,0040227,클라린다,,,API8_2
0053642,라온더토니,20230503,암,0036732,머스킷맨,0036734,토니위드앤아이,,,API8_2
0053646,라온더플루마,20230427,암,0028545,인디밴드,0043039,라온가람,,,API8_2
0052976,라온블레이드,20230227,수,0036732,머스킷맨,0038458,라온세레나,,,API8_2
0051560,라온사일런스,20220401,암,0036732,머스킷맨,0046440,갤어바웃타운,,,API8_2
0053640,라온사파이어,20230511,암,0036732,머스킷맨,0046440,갤어바웃타운,,,API8_2
0053076,라온스나이퍼,20230212,암,0036732,머스킷맨,0029303,라온볼드,,,API8_2
0050934,라온스필레타,20220408,거,0041813,미스터크로우,0028284,한반도정복,,,API8_2
0056215,라온유나이트,20240510,암,0036732,머스킷맨,0050584,택서블,,,API8_2
0051158,라온이클립스,20220323,거,0036732,머스킷맨,0036549,토미켄스프링,,,API8_2
0053643,라온익스트림,20230420,거,0036732,머스킷맨,0028322,라온발리,,,API8_2
0056214,라온카리스걸,20240418,암,0036732,머스킷맨,0034517,라온카리스,,,API8_2
0056216,라온컨트리맨,20240513,수,0036732,머스킷맨,0046440,갤어바웃타운,,,API8_2
0053645,라온킹스맨,20230511,수,0036732,머스킷맨,0050584,택서블,,,API8_2
0053078,라온파이널,20230213,암,0036732,머스킷맨,0022836,라온챔버,,,API8_2
0055276,라온퍼시픽,20240229,암,0036732,머스킷맨,0039157,라온아레스,,,API8_2
0046086,라온포레스트,20200307,암,0032990,한센,0030096,라온나리,,,API8_2
0056213,라온폴리스,20240423,암,0036732,머스킷맨,0036549,토미켄스프링,,,API8_2
0053077,라온플레어,20230214,암,0036732,머스킷맨,0034517,라온카리스,,,API8_2
0050873,라온플로렌스,20220131,거,0036732,머스킷맨,0029303,라온볼드,,,API8_2
0053224,라온피날레,20230321,암,6126922,TACITUS,0052680,샌디벨,,,API8_2
0052880,라이브스타,20230223,수,0025790,피스룰즈,0036882,실버스피닝,,,API8_2
0053559,라이언비트,20230318,수,0038391,카우보이칼,0035114,원더라이트,,,API8_2
0057623,라이언클로,20240424,수,0041566,투아너앤드서브,0038641,볼드퀸,,,API8_2
0051578,라이언하트,20220325,수,0038391,카우보이칼,0035114,원더라이트,,,API8_2
0054178,라이즈파워,20230603,수,0043421,일루시브블러프,0040065,시어라지,,,API8_2
0052083,라이징모,20220209,암,0044931,센트럴커맨드,0034926,라이징코리아,,,API8_2
0055436,라이징스톰,20240209,수,0034637,라이언메탈,0033282,해피센세이션,,,API8_2
0053097,라이징윈드,20230206,암,0044420,레볼루셔너리,0037202,금아선더,,,API8_2
0050906,라이징청수,20220215,암,0045050,섀클포드,0026448,파이널걸,,,API8_2
0055475,라이징킬러,20240313,수,0038391,카우보이칼,0022974,블랙루비,,,API8_2
0053551,라이트윙,20230323,수,0038227,크리솔라이트,0035190,태후의날개,,,API8_2
0046547,라파예트,20200319,거,0038387,콩코드포인트,0036652,아너드,,,API8_2
0054523,래피드선더,20230507,암,0038387,콩코드포인트,0050523,패이머스어트랙션,,,API8_2
0050892,래피드스톰,20220213,암,0033119,선더모카신,0027067,나르자,,,API8_2
0054864,래피드총알,20230306,암,0044420,레볼루셔너리,0034697,큐피드총알,,,API8_2
0053633,랩처,20230325,암,7000060,나이트러스,0042177,우승환희,,,API8_2
0053215,러버맨,20230221,수,0041566,투아너앤드서브,0040124,아이월이프유월,,,API8_2
0046673,러브스칼렛,20210221,암,0034735,페더럴리스트,0028318,예당,,,API8_2
0047185,러브오마인,20210421,암,0038227,크리솔라이트,0029193,상류,,,API8_2
0052882,러브인서울,20230212,암,6126458,ARMY MULE,0052744,러브인도쿄,,,API8_2
0053102,러블리잭팟,20230313,거,0038387,콩코드포인트,0036754,러블리누트,,,API8_2
0054210,러빙퍼플,20230414,암,0025790,피스룰즈,0045017,프레이시우즈,,,API8_2
0055974,러스터,20240325,암,0038387,콩코드포인트,0023747,청산일호,,,API8_2
0055626,러시퀸,20240221,암,0052826,쿠르부아지에,0038346,토츠어돕스,,,API8_2
0051948,럭키데이,20220606,암,0046317,레이스데이,0041140,스페셜럭키,,,API8_2
0061827,럭키링맨,20231024,수,6112206,FROSTED,7179026,HEIRLOOMS,,,API8_2
0054047,럭키붐,20210315,거,6781702,LOOKIN AT LUCKY,6105296,BEDANKEN,,,API8_2
0052143,럭키서니,20220209,수,0038391,카우보이칼,0020485,큰고리,,,API8_2
0050836,럭키에이원,20220224,암,0032990,한센,0045020,이니쉬에이트,,,API8_2
0056208,럭키은파,20240417,암,0032990,한센,0032127,럭키뮤직,,,API8_2
0054584,럭키조이,20230401,거,6969075,지몰로지스트,0046519,캐어리에터,,,API8_2
0056449,럭키파크,20240430,수,0041566,투아너앤드서브,0050342,할란셔플,,,API8_2
0046791,럭키파티,20210207,수,0039750,퍼지,0033371,몬스터퀸,,,API8_2
0055110,럭키프랭크,20220426,수,6119336,FRANK CONVERSATION,7044089,LUCKY NANCY E.,,,API8_2
0056009,런던그레이스,20240401,암,0040033,런던타운,0030499,우아등선,,,API8_2
0055496,런던로열,20240220,암,0040033,런던타운,0046254,레이스로열,,,API8_2
0056824,런던로지스,20240412,거,6969075,지몰로지스트,0025452,퓨앤파비트윈,,,API8_2
0055160,런던맨,20240105,수,0040033,런던타운,0045460,티즈하티드,,,API8_2
0056006,런던조이,20240428,수,0040033,런던타운,0045002,위드그레이트플레,,,API8_2
0056236,런던콩코드,20240429,암,0038387,콩코드포인트,0036736,레드벅,,,API8_2
0055950,런던티즈,20240328,암,0040033,런던타운,0050576,빅티즈,,,API8_2
0055700,런던포레스트,20240305,암,0040033,런던타운,0038584,날아라힐,,,API8_2
0055461,런던플라워,20240229,암,0040033,런던타운,0043472,매직플라워,,,API8_2
1412208,런와일드,20210520,거,0027443,컬러즈플라잉,0011510,초산,,,API8_2
0055713,런크라운,20240303,수,0032990,한센,0027574,영크라운,,,API8_2
0061195,런투윈,20240411,수,0040086,위드디스팅션,0035651,에클레어드림,,,API8_2
0052087,레드드래곤,20220509,암,0033566,파워블레이드,0045066,드림리시어스,,,API8_2
0053099,레드벨럭키,20230122,암,0038245,미스치비어슬리,0042726,테이크하트,,,API8_2
0056271,레드호스,20240429,암,0032258,트리플나인,0033047,서브잇콜드,,,API8_2
0052811,레베랑스,20230203,수,0046317,레이스데이,0046438,할런즈달린,,,API8_2
0047169,레이디폭스,20210409,암,0044420,레볼루셔너리,0028365,허니캠프,,,API8_2
0053267,레이스디바,20230405,암,0046317,레이스데이,0036619,잇메익스헐민,,,API8_2
0055958,레이스파티,20240412,암,0046317,레이스데이,0044944,골든스트라이프,,,API8_2
1412244,레인스타,20210405,암,0034835,티즈원더풀,0028006,야후비올라,,,API8_2
0053071,레전드매치,20230127,수,0036732,머스킷맨,0036635,그랜드비전,,,API8_2
0056247,레전드몬스터,20240423,수,0046317,레이스데이,0042740,얼라이브퀸,,,API8_2
0054213,레전드샤캐리,20230527,암,0032224,돌아온현표,0037894,비케이우노,,,API8_2
0046901,레전드선,20210315,거,0040246,지롤라모,0026630,광야일출,,,API8_2
0051788,레전드와우,20220427,거,0032990,한센,0036462,와우캣,,,API8_2
0055875,레전드캣,20240320,암,0037972,올드패션드,0032611,헬캣,,,API8_2
0056362,렌브레이브,20240330,암,0038227,크리솔라이트,0031824,미래여제,,,API8_2
0055349,로드삭스,20240212,암,0027443,컬러즈플라잉,0037877,스타삭스,,,API8_2
0056541,로드투굿찬스,20240430,수,6969075,지몰로지스트,0024632,매직파티,,,API8_2
0057600,로드투스타,20230320,거,0028545,인디밴드,0039114,박차오름,,,API8_2
0051814,로드투스피어,20220421,암,0039750,퍼지,0037756,매직로드,,,API8_2
0057009,로드투챔피언,20240313,수,0028545,인디밴드,0036169,매직아이,,,API8_2
0054191,로드투퍼펙트,20230401,암,0038245,미스치비어슬리,0031326,크로스익잼네이션,,,API8_2
0061399,로드투홀인원,20240405,암,0039737,어플릿익스프레스,0031326,크로스익잼네이션,,,API8_2
0053518,로드투히트,20230316,수,0045050,섀클포드,0027189,상승거탑,,,API8_2
0060342,로쉬,20230328,수,6149272,ROGUEISH,6972148,HILLARY D,,,API8_2
0053174,로열만세,20230310,거,0045082,오버애널라이즈,0017737,나바이어,,,API8_2
0047427,로열베스트,20210412,수,0032990,한센,0026109,로열스텝,,,API8_2
0051611,로열삭스,20220414,거,0032990,한센,0040214,릴리울레이,,,API8_2
0055351,로열호프케이,20240221,수,0037610,가온챔프,0039606,하늘공원,,,API8_2
0056731,루나삭스,20240302,암,0036732,머스킷맨,0024425,수호천사,,,API8_2
0056115,루미너스,20240309,수,0038387,콩코드포인트,0041929,파이어리스타,,,API8_2
0054086,루비스터,20230515,거,0046483,플래시백,0023007,레드루비,,,API8_2
0055990,루비캐처,20240428,암,0036732,머스킷맨,0052748,글로벌하티,,,API8_2
0056677,루움축제,20240205,암,6114907,CONNECT,0055131,루움,,,API8_2
1412314,루지,20210527,거,0028545,인디밴드,0037894,비케이우노,,,API8_2
0056089,루치아,20240410,암,0039935,말리부불패,0036710,퀘스트포석세스,,,API8_2
0057301,루프톱,20230322,수,6149543,INSTAGRAND,6148599,JUST CAT,,,API8_2
0045841,리걸하이,20200329,암,0040246,지롤라모,0025808,캡티브,,,API8_2
0053002,리더스파트너,20230221,거,0045050,섀클포드,0045007,퀄리티레이디,,,API8_2
0055584,리드블루,20240218,암,0050506,에어포스블루,0042290,리드보컬,,,API8_2
0050741,리멤버어게인,20220210,거,0038227,크리솔라이트,0038351,리멤버미올웨이즈,,,API8_2
0054241,리스파이어,20230516,암,0040246,지롤라모,0034644,달려라강적,,,API8_2
0055701,리슨투런던,20240303,암,0040033,런던타운,0038585,리슨투미,,,API8_2
0053346,리플렉트,20230410,수,0046317,레이스데이,0035551,시티세븐,,,API8_2
0051871,마니노다지,20220430,거,0041813,미스터크로우,0033167,동남대로,,,API8_2
0055498,마라넬로,20240227,암,0041819,닉스고,0054723,풀오브래프스,,,API8_2
0051059,마루장군,20220207,수,0045050,섀클포드,0017737,나바이어,,,API8_2
0056025,마루한,20240405,수,0038387,콩코드포인트,0036296,런키튼런,,,API8_2
0055207,마리우스길,20240114,수,6149753,GREATEST HONOUR,0054962,아메리칸잭,,,API8_2
0053879,마스크걸,20230414,암,0038387,콩코드포인트,0024712,빅터우먼,,,API8_2
0053997,마스크맨,20230416,거,0037610,가온챔프,0029354,스트라이크이글,,,API8_2
0060827,마스터아레나,20230406,수,6149543,INSTAGRAND,6106114,SNAKEINTHEGRASS,,,API8_2
0051768,마스터콰이곤,20220415,수,0032994,다이나믹대시,0041602,다이나믹무브,,,API8_2
0053699,마스터플랜,20230501,수,0038387,콩코드포인트,0046498,파울플레이,,,API8_2
0054132,마음하나,20230418,수,0037610,가온챔프,0029449,스트리트아티스트,,,API8_2
0045768,마의웨이,20200309,거,0041566,투아너앤드서브,0029926,심신지려,,,API8_2
0055621,마이던,20230216,수,6980208,BRETHREN,7122317,SOUTHERN TODDY,,,API8_2
0052912,마이돌풍,20230210,암,0037972,올드패션드,0034887,어메이징서프라이,,,API8_2
0052938,마이러너,20230216,암,0040246,지롤라모,0040021,록코모도,,,API8_2
0057360,마이머닝스,20230507,수,6964691,MUNNINGS,6981352,KNIGHT OF THUNDER,,,API8_2
0055623,마이모어,20230128,거,6109240,모스피릿,7048125,SHEZAHOTMAMA,,,API8_2
0061376,마이뮤직,20240209,수,6127912,JACKIE'S WARRIOR,7064684,KID IS FROSTY,,,API8_2
0055622,마이슈퍼맨,20230406,수,6109238,MOHAYMEN,6128365,SUPERQUINN,,,API8_2
0061377,마이시티,20240509,수,6126921,IMPROBABLE,6150157,ONE SHARP LADY,,,API8_2
0057362,마이엠파이어,20230317,수,0054840,클래식엠파이어,7157367,DR.MELFI,,,API8_2
0060339,마이웨이보스,20230503,거,6149612,YORKTON,6798498,AMERICAN MEGAN,,,API8_2
0061375,마이퀄리티,20240229,수,6149747,ESSENTIAL QUALITY,6148672,ALJULJALAH,,,API8_2
0056317,마이태풍,20240427,암,0044993,언캡처드,0042449,울트라시대,,,API8_2
0055527,마이티나이트,20240212,암,7000060,나이트러스,0038481,마이티럭,,,API8_2
0055906,마이티네오,20220506,수,6149534,글로벌캠페인,7000957,ECLIPTICALSPHARAOH,,,API8_2
0055591,마이티대시,20220207,수,6112222,JESS'S DREAM,7018264,VALVERDINA,,,API8_2
0050800,마이티러브,20220129,암,0046317,레이스데이,0032993,마이티젬,,,API8_2
0055558,마이티레이스,20240324,수,0046317,레이스데이,0043613,마이티붐,,,API8_2
0062428,마이티로그,20240418,수,6149272,ROGUEISH,7178966,MYSTIC HARBOR,,,API8_2
0052001,마이티룩,20200128,암,6126458,ARMY MULE,6779958,SAOIRSE CAT,,,API8_2
0057310,마이티메르시,20230430,수,6149595,TOM'S D'ETAT,6851620,LEAH'S SECRET,,,API8_2
0055335,마이티뮬란,20240203,암,6126458,ARMY MULE,0055097,스페셜유니언,,,API8_2
0057311,마이티베스트,20230512,수,6126465,BEE JERSEY,7016739,PADDYDUNALOT,,,API8_2
0057312,마이티블리스,20230408,수,7000178,INDEPENDENCE HALL,6105519,BLISSFULLY,,,API8_2
0054042,마이티비트,20230401,수,0045050,섀클포드,0024341,센걸,,,API8_2
0052990,마이티샤인,20230218,암,0045050,섀클포드,0036629,서치어스위트걸,,,API8_2
0061455,마이티세이버,20240307,수,7101291,HAPPY SAVER,6125907,MY EKATI CAT,,,API8_2
0052453,마이티숀,20210407,암,6115828,BUCCHERO,6529730,STRIKING T,,,API8_2
0051606,마이티아미,20220322,암,6126458,ARMY MULE,0050520,얼터너티브에너지,,,API8_2
0056589,마이티에버,20220424,수,6968995,ADIOS CHARLIE,6148866,JUST AIN'T RIGHT,,,API8_2
0062606,마이티원더,20240419,수,7001525,MO DONEGAL,6130953,PROOF INTHE PUDDIN,,,API8_2
0054730,마이티조이,20220513,수,6109247,런해피,7049744,LADY CITADEL,,,API8_2
0052426,마이티짱,20210223,수,0046317,레이스데이,6109307,WINGS OF A DOVE,,,API8_2
0053107,마이티챔프,20230226,수,0040246,지롤라모,0044746,마이티참,,,API8_2
0062954,마이티캐니,20240320,수,6126922,TACITUS,7007140,EDYE'S CANDY,,,API8_2
0047348,마이티캡,20210426,암,0044993,언캡처드,0036302,트루스앤아너,,,API8_2
0057340,마이티코드,20230318,수,6126349,CLOUD COMPUTING,6987524,SEQUOIA QUEEN,,,API8_2
0056840,마이티크리스,20230318,수,0038227,크리솔라이트,0028563,알파퀸,,,API8_2
0054135,마이티포인트,20230429,수,0038387,콩코드포인트,0050528,원미시시피,,,API8_2
0055091,마이티프리,20211017,거,6106898,AMERICAN PHAROAH,7124161,IF I CAN I CAN,,,API8_2
0061542,마이티하이트,20240304,수,6106383,CAIRO PRINCE,6142812,CARPE VINUM,,,API8_2
0061540,마이티허쉬,20240418,수,6126918,VEKOMA,6129068,MAHVELOUS KITTEN,,,API8_2
0061541,마이티헝키,20240418,수,7101291,HAPPY SAVER,6112426,DIVINE BEAUTY,,,API8_2
0047234,마주할기대,20210424,암,0034735,페더럴리스트,0020854,버니스,,,API8_2
0056001,마천마마,20240330,암,0036693,토우트,0044025,한가위선물,,,API8_2
0051941,마천월드,20220515,암,0034428,테스타마타,0028530,노벨신화,,,API8_2
0055893,마터호른케이,20220506,수,6150548,SHANCELOT,6514303,YO ALI,,,API8_2
0047221,마하여신,20210417,암,0029287,맘보트레인,0032248,청춘열차,,,API8_2
0061826,마호,20230823,수,6126545,RUSSIAN REVOLUTION,7179025,FLAMING,,,API8_2
0053083,만금다온,20230315,거,0032990,한센,0036323,토네이도앨리,,,API8_2
0056067,만금러시,20240331,암,0041566,투아너앤드서브,0038536,맘마로마,,,API8_2
0055625,만금스피드,20240220,수,7000060,나이트러스,0019803,최대풍속,,,API8_2
0053140,만금실버,20230222,암,0033566,파워블레이드,0025756,핫실버,,,API8_2
0053085,만금크라운,20230317,수,0041559,빅스,0040212,코즈투셀러브레트,,,API8_2
1412322,만대로,20210315,수,0038025,아임유어파더,0023317,고운짓,,,API8_2
0045998,매글데이,20200424,거,0036358,애니기븐새터데이,0040201,매글레브,,,API8_2
0056268,매직터치,20240429,수,6969075,지몰로지스트,0052480,캐스터,,,API8_2
0054028,매직포션,20210508,거,6106674,COMPETITIVE EDGE,6856749,A BIT OF PRESSURE,,,API8_2
0053128,맥스맨,20230314,수,0044931,센트럴커맨드,0038447,스마일걸,,,API8_2
0053228,머니무브,20230414,수,0041800,메디치글로리,0037960,엘러벨,,,API8_2
0051083,머스킷데이,20220317,수,0036732,머스킷맨,0035029,꿈의실현,,,API8_2
0053034,머스킷클리버,20230219,수,0036732,머스킷맨,0036291,준클리버,,,API8_2
0044706,머스탱파워,20190420,거,0040056,아치아치아치,0036340,크리스털레거시,,,API8_2
0046675,메가스텝,20210202,암,6115219,FREE DROP BILLY,0046432,콘지,,,API8_2
0054324,메가윈드,20230508,수,0045050,섀클포드,0029670,금포엔젤,,,API8_2
0056325,메니블리츠,20240427,암,0046317,레이스데이,0038335,메니블레이드,,,API8_2
0055273,메멘토,20240201,암,0041800,메디치글로리,0035196,금악여제,,,API8_2
0052928,메이드,20230203,수,0038245,미스치비어슬리,0040194,퍼시스,,,API8_2
0055890,메이저크라운,20220226,수,6149595,TOM'S D'ETAT,6112615,PARTING WORDS,,,API8_2
0055781,메이저퓨리,20240420,수,0044420,레볼루셔너리,0034950,나이트퓨리,,,API8_2
0053548,메탈인베이더,20230414,거,0041566,투아너앤드서브,0036623,시티스플래쉬,,,API8_2
0053890,명글로벌,20230505,거,0041813,미스터크로우,0029951,마볼트,,,API8_2
0053138,명드림,20230316,암,0036732,머스킷맨,0035029,꿈의실현,,,API8_2
0056132,명마퀸,20240419,암,6115217,CATHOLIC BOY,0055114,오레리,,,API8_2
0053087,명마킹,20230305,거,0038387,콩코드포인트,0043673,울프아이,,,API8_2
0055355,명뷰티풀,20240327,암,0045050,섀클포드,0031427,스페셜로드힐,,,API8_2
0053137,명브레이싱,20230405,수,0032990,한센,0031273,임브레이싱크리시,,,API8_2
0046991,명성축제,20210319,거,0039737,어플릿익스프레스,0035880,스톤블레이드,,,API8_2
0055758,명성파티,20240309,암,0038387,콩코드포인트,0046134,함평샤인,,,API8_2
0046756,명진불패,20210306,암,0045050,섀클포드,0045023,소우산,,,API8_2
0051281,명파워,20220421,거,0044993,언캡처드,0038072,아름다운시간,,,API8_2
0055356,명파워풀,20240208,수,0036732,머스킷맨,0038072,아름다운시간,,,API8_2
0055353,명플라이데이,20240226,수,0045050,섀클포드,0042678,스마트오피서,,,API8_2
0056109,모닝도도,20240413,암,0038025,아임유어파더,0031853,모닝퀸,,,API8_2
0062952,모닝마루,20240513,수,7001370,EPICENTER,6970705,PLATINUM PREFERRED,,,API8_2
0060276,모닝벨,20240312,수,0036732,머스킷맨,0033447,마중물,,,API8_2
0051574,모닝원더,20220404,암,0038387,콩코드포인트,0044965,쉬비스위트,,,API8_2
0056093,모닝치프,20240404,거,0046317,레이스데이,0034899,캐스퍼레트,,,API8_2
0050863,모던파티,20220206,암,0039812,모던카우보이,0038630,스마트파티,,,API8_2
0051372,모어댄조크,20220401,수,6114900,PRACTICAL JOKE,0050530,마일드어뮤즈먼트,,,API8_2
0054009,몬탁챗,20210219,수,0057586,프레저베이셔니스,6117072,AGGREGATOR,,,API8_2
0059224,무빙볼케이노,20230324,수,6969080,STAY THIRSTY,7029897,MUNNY PENNY,,,API8_2
0052999,무적함대,20230223,수,0038245,미스치비어슬리,0039638,스톰포스,,,API8_2
0052933,무제한급,20230221,수,0037972,올드패션드,0040150,큐트앤새시,,,API8_2
0060840,무초마초라피도,20230420,수,6126922,TACITUS,6129019,VICKI T,,,API8_2
0053723,무한아르고,20210501,암,6115215,OSCAR PERFORMANCE,6888766,MEMORIES FOR US,,,API8_2
0053972,문학대세,20230218,암,0044743,사우스비치,0032925,질풍대세,,,API8_2
0060842,문학루퍼,20230226,수,6109237,EXAGGERATOR,6112624,SWEETER THAN EVER,,,API8_2
0051740,문학벨,20220504,암,6119755,AUDIBLE,0050887,베이리버,,,API8_2
0051748,문학보이,20220516,수,6106696,LORD NELSON,0050562,미스가이디드,,,API8_2
0051749,문학축제,20220527,수,6821213,BLAME,0050561,스워드,,,API8_2
0050690,문학파이터,20220322,암,0044743,사우스비치,0036728,딕시핫샷,,,API8_2
0047319,물레방아,20210310,거,0041566,투아너앤드서브,0036169,매직아이,,,API8_2
0046832,미라클한강,20210225,거,0032990,한센,0038354,미스보스케스,,,API8_2
0055730,미르한,20240325,수,0045050,섀클포드,0034389,산이슬,,,API8_2
0051503,미스발레리아,20220320,암,0033566,파워블레이드,0038347,어제이선트,,,API8_2
0045894,미스윈스타,20200329,수,0033119,선더모카신,0025203,미스윈,,,API8_2
0052929,미스크리스티,20230203,암,0038245,미스치비어슬리,0037831,크리스티아누,,,API8_2
0051746,미스터도르,20220429,수,0046484,도르트문트,0044996,블랙벳시,,,API8_2
0056270,미스터불스,20240425,수,0032990,한센,0052492,갈라드리엘즈라잇,,,API8_2
0061946,미스터빅벨,20240418,수,6965458,KANTHAROS,7003533,RUBINETTE,,,API8_2
0051936,미스터스톰,20220422,수,0041813,미스터크로우,0025043,뷰티이천,,,API8_2
0051296,미스터카라,20220428,거,0044993,언캡처드,0040174,몬아치라스,,,API8_2
0055380,미스터카이,20230508,수,0038245,미스치비어슬리,0027760,카이제린,,,API8_2
0054881,미스터크레딧,20230331,수,6969075,지몰로지스트,0039795,오섬스마트,,,API8_2
0053980,미스터태양,20230510,수,0046317,레이스데이,0050573,센스오브뷰티,,,API8_2
0056722,미스터팰컨,20240219,수,0025790,피스룰즈,0034427,제이원,,,API8_2
0054211,미스틱글로,20230502,암,0032224,돌아온현표,0023195,동방미인,,,API8_2
0050005,민트플레이,20200403,암,0038391,카우보이칼,0038336,미들버그민트,,,API8_2
0053521,믿음의질주,20230330,암,0045082,오버애널라이즈,0035079,믿음의빛,,,API8_2
0053229,바람개비,20230412,수,0041800,메디치글로리,0040128,말리부퀸,,,API8_2
0060706,바람의기억,20230317,거,7000176,SILVER STATE,7048630,FAIRYWREN,,,API8_2
0055550,바람의노래,20240325,수,0045049,프리덤차일드,0038146,오케이연답,,,API8_2
0046900,바로다나은,20210211,암,0032990,한센,0026143,토치,,,API8_2
0051670,발키리,20220403,암,0041566,투아너앤드서브,0026773,하얀누리,,,API8_2
0056303,배틀타이거,20240429,수,0032990,한센,0036841,어치브,,,API8_2
0047024,백룡,20210325,수,0015477,백광,0032718,케이어센딩,,,API8_2
0055487,백산레이스,20240213,수,0046317,레이스데이,0041959,레인스터레이디,,,API8_2
0055724,백산트리,20240302,암,0032258,트리플나인,0041519,백산선더,,,API8_2
0053869,백호의울림,20230329,거,0037972,올드패션드,0035070,백두미르,,,API8_2
0053760,밸리드영,20230408,수,0045050,섀클포드,0050531,밸리드발렌시아,,,API8_2
0053707,뱅크라인,20230430,암,0045050,섀클포드,0045012,인텔리젠트리뷰,,,API8_2
0054766,버건디,20220505,거,0034637,라이언메탈,0039999,스트로리아,,,API8_2
0053822,번개루이스,20230410,수,0044993,언캡처드,0026254,컨셉리처블,,,API8_2
0051315,벌교그래미,20220305,암,0044993,언캡처드,0046428,인디채널,,,API8_2
0055887,벌교낙성,20220328,수,6771396,FIRST SAMURAI,6925071,A TOUCH OF GLORY,,,API8_2
0051314,벌교데스티노,20220309,수,6114900,PRACTICAL JOKE,0050571,테이크어웨이,,,API8_2
0051294,벌교디와이,20220323,수,6114907,CONNECT,0050570,미드나이트칵테일,,,API8_2
0051319,벌교라바,20220106,암,0044420,레볼루셔너리,0041625,라이언여제,,,API8_2
0050265,벌교베리타스,20210209,수,0034428,테스타마타,0031093,인디언블루,,,API8_2
0053317,벌교시그니처,20230330,수,0036732,머스킷맨,0044948,루브로드,,,API8_2
0054199,벌교알라딘,20230220,거,6130303,ENTICED,0053423,핀치페니,,,API8_2
0054201,벌교엠퍼러,20230218,수,6149803,ROCK YOUR WORLD,0053424,아너유어허니,,,API8_2
0050963,벌교의스타,20220321,수,6109224,BRODY'S CAUSE,0050483,티자트릭,,,API8_2
0050260,벌교차돌,20210327,암,0044993,언캡처드,0029197,대싱플래티넘,,,API8_2
0056562,베리럭키,20240328,수,0052316,콘서트투어,0043490,핑크번개,,,API8_2
0054103,베스트더온,20230412,수,0038387,콩코드포인트,0024368,싸이클론,,,API8_2
0051522,베스트드림,20220328,암,0045050,섀클포드,0026143,토치,,,API8_2
0051540,베스트라지,20220325,암,0039812,모던카우보이,0040065,시어라지,,,API8_2
0055553,베스트러브,20240323,암,0038387,콩코드포인트,0040124,아이월이프유월,,,API8_2
0050997,베스트레이스,20220219,거,0046317,레이스데이,0035664,베스트캠프,,,API8_2
0053171,베스트밍크,20230310,암,0045049,프리덤차일드,0041872,앤즈밍크,,,API8_2
0045369,베스트선,20200228,거,0039742,테이크차지인디,0040124,아이월이프유월,,,API8_2
0054104,베스트시크릿,20230321,암,0038387,콩코드포인트,0041614,엘리트레이디,,,API8_2
0053214,베스트어베인,20230221,수,0044993,언캡처드,0039356,플라잉불릿,,,API8_2
0053900,베스트에이원,20230425,암,0045050,섀클포드,0035083,백산여왕,,,API8_2
0051153,베스트조이,20220228,거,0039812,모던카우보이,0039356,플라잉불릿,,,API8_2
0053216,베스트천하,20230309,암,0037972,올드패션드,0036009,큐피드닥터,,,API8_2
0055547,베스트최고,20240213,암,0038391,카우보이칼,0035697,최고야최고,,,API8_2
0046897,베스트토르,20210309,거,0039812,모던카우보이,0036596,베스트예지,,,API8_2
0055267,베스트프렌드,20240216,수,0035295,나스카프린스,0030951,대륙의별,,,API8_2
0054222,베스트프리덤,20230516,수,0045049,프리덤차일드,0034173,주얼리파크,,,API8_2
0053088,베스트피치,20230308,수,6127043,BY MY STANDARDS,0052757,뮈직,,,API8_2
0045611,베트캡틴,20200330,수,0039742,테이크차지인디,0028678,베스트하이,,,API8_2
0056681,벨로체,20240518,암,0038387,콩코드포인트,0036658,플리트코즈웨이,,,API8_2
0053717,벨록스보이,20210302,거,0054840,클래식엠파이어,6125706,ASPEN HILLTOP,,,API8_2
0050810,벵골타이거,20220319,수,0040086,위드디스팅션,0040089,티피맥지,,,API8_2
0052140,벽송,20220404,암,0044420,레볼루셔너리,0040169,시라이트,,,API8_2
0053921,별빛,20230427,수,0032314,뉴화이트삭스,0031121,스타볼트,,,API8_2
0054480,별처럼,20230419,수,0029817,금포스카이,0040430,천둥여울,,,API8_2
0055095,별콩,20210905,거,6115075,TARZINO,7124226,ROMEO'S PRINCESS,,,API8_2
0055423,보스턴아너,20240208,암,0032990,한센,0022301,신천여걸,,,API8_2
0057203,보스턴하버,20240330,수,0038391,카우보이칼,0038355,스마트어트랙션,,,API8_2
0051885,보스토크,20220520,암,0046317,레이스데이,0041937,홀리데이즈,,,API8_2
0055189,볼스터,20240131,수,0046317,레이스데이,0029484,걸즈라이크,,,API8_2
0062961,볼트케이,20240219,수,6127912,JACKIE'S WARRIOR,7025412,SUN SUMMERS,,,API8_2
0055303,봉봉스타,20240309,암,0037972,올드패션드,0031307,젤러스문,,,API8_2
0055918,봉봉티아라,20240328,암,0037972,올드패션드,0026120,아이리스,,,API8_2
0052514,봉화스테이,20210219,거,6115207,COLLECTED,6117112,NO SHOW ROSE,,,API8_2
0056104,부산에가면,20240408,수,0045050,섀클포드,0042020,해운대바다,,,API8_2
0046749,분당쓰나미,20210228,수,0045050,섀클포드,0031311,어트리비다,,,API8_2
0046158,불곰마드레,20200422,암,0038391,카우보이칼,0036420,노스몰코리아,,,API8_2
1412351,불국시대,20210330,암,0038227,크리솔라이트,0045018,번레거시,,,API8_2
0054119,불타는심장,20210418,거,6118875,SOLOMINI,6114099,LADY OVERBOARD,,,API8_2
0061382,불타오르네,20240324,수,6126922,TACITUS,7081259,SKY O' BLUE,,,API8_2
0054542,불패의여왕,20230310,암,0032990,한센,0023138,검은나비,,,API8_2
0053928,붉은여전사,20230424,암,0037610,가온챔프,0037488,팡팡가리,,,API8_2
0047547,붉은태양,20210526,거,0026213,지금이순간,0029549,터프한걸,,,API8_2
0046204,붉은폭풍,20200430,수,0032990,한센,0029061,대산여제,,,API8_2
7140914,뷰티웨이브즈,20200401,거,6964911,STARSPANGLEDBANNER,7144545,LITTLE SWEETHEART,,,API8_2
0053257,뷰티풀리,20230416,암,0041813,미스터크로우,0025720,위스콘신걸,,,API8_2
0047435,뷰티풀화성,20210415,거,0041566,투아너앤드서브,0023921,다이아몬드브리나,,,API8_2
1412321,브라보플레이,20210203,수,0032990,한센,0034627,지상제일해피,,,API8_2
0053507,브라운맘마,20230321,수,0045082,오버애널라이즈,0038536,맘마로마,,,API8_2
0052257,브라운슈거,20220502,암,0026213,지금이순간,0029182,비바라슬램,,,API8_2
0056005,브라이트원,20240327,수,6969075,지몰로지스트,0033231,두만강,,,API8_2
0047494,브라이트카이,20210429,암,0033119,선더모카신,0036627,새터데이나이츠럿,,,API8_2
0053008,브리도갤럭시,20230213,거,0044420,레볼루셔너리,0045044,에브리모멘트,,,API8_2
0053473,브리도글로리,20230325,암,0045050,섀클포드,0033086,리쯔걸,,,API8_2
0056751,브리도범,20240401,수,0044420,레볼루셔너리,0053423,핀치페니,,,API8_2
0056327,브리도소니,20240401,수,0033566,파워블레이드,0029443,스위트오일,,,API8_2
0054610,브리도시리스,20220512,수,6126921,IMPROBABLE,6112993,LOVEMEORLEAVEME,,,API8_2
0053151,브리도아쿠아,20230324,암,0045050,섀클포드,0033079,로즈어네이티브,,,API8_2
0056747,브리도알파,20240309,수,0044420,레볼루셔너리,0044421,리걸엠브레이스,,,API8_2
0053821,브리도에픽,20230411,암,0038227,크리솔라이트,0038929,퍼스트랭크,,,API8_2
0055024,브리도챔피언,20230309,거,6126920,OMAHA BEACH,7032511,SENSE OF GRACE,,,API8_2
0053000,브리도칸,20230211,거,0027443,컬러즈플라잉,0026785,킹덤레이스,,,API8_2
0052957,브리도칼리,20230225,수,0044420,레볼루셔너리,0046427,볼드레이디,,,API8_2
0055020,브리도큐피드,20230224,거,6781702,LOOKIN AT LUCKY,6105871,MARVELOUS MONKEY,,,API8_2
0051618,브리도트로피,20220404,수,0031639,영천에이스,0031643,해피투데이,,,API8_2
0055028,브리도피닉스,20230215,수,6967942,TWIRLING CANDY,7122560,JULIA'S MUSIC,,,API8_2
0056259,브릴리언트,20240316,암,0032990,한센,0036113,특별스타,,,API8_2
0051036,블랙러시안,20220223,거,0038391,카우보이칼,0046318,라이브옥스레거시,,,API8_2
0053708,블랙마마,20230419,암,0038227,크리솔라이트,0046490,런투마마,,,API8_2
0046935,블랙벨트,20210324,수,6112212,SPEIGHTSTER,0046418,러빈엠파이어,,,API8_2
0051303,블랙사탕,20220421,암,0041868,제이피즈거스토,0030663,월들리듀드,,,API8_2
0053023,블랙선,20230214,암,0039737,어플릿익스프레스,0037474,핫걸,,,API8_2
0047204,블랙스펙터,20210417,수,0032990,한센,0035953,걸크러시,,,API8_2
0046874,블랙시대,20210222,수,0038227,크리솔라이트,0041950,스위트시즐,,,API8_2
0056701,블랙타임,20240314,암,0050506,에어포스블루,0036927,한얼공주,,,API8_2
0052946,블랙페페,20230216,수,0045082,오버애널라이즈,0037283,가나도라,,,API8_2
0061531,블러드렉스,20240518,수,6126458,ARMY MULE,7005242,BABY ZITO,,,API8_2
0046885,블러드마운틴,20210223,수,0041566,투아너앤드서브,0027376,말리부스카이,,,API8_2
0051876,블러싱로즈,20220405,암,0045050,섀클포드,0020886,골든로즈,,,API8_2
0056545,블레이즈맨,20240110,수,0038245,미스치비어슬리,0021457,매직치프,,,API8_2
0054085,블레이징엔진,20230427,수,0032258,트리플나인,0042179,큐피드여장부,,,API8_2
0056398,블루넬로,20220425,수,6116003,GIFT BOX,6104595,PRINCESS TAYLOR,,,API8_2
0051202,블루드래곤,20220330,거,0032990,한센,0029366,일루시브로시,,,API8_2
0047081,블루레몬,20210324,암,6781702,LOOKIN AT LUCKY,0046431,마이너츠하제니,,,API8_2
0053480,블루레인,20230323,거,0044993,언캡처드,0040981,에코굿,,,API8_2
0053509,블루로즈,20230322,암,0028545,인디밴드,0040893,스파이스캔디,,,API8_2
0053422,블루리본,20230303,암,0038245,미스치비어슬리,0041534,라이트마이월드,,,API8_2
0053414,블루밍카라,20230319,암,0045050,섀클포드,0027542,플라이위너,,,API8_2
0050964,블루선,20220221,수,6149534,글로벌캠페인,0050484,룰라탈룰라,,,API8_2
0056452,블루피니시,20240503,거,7000060,나이트러스,0033401,와이키키,,,API8_2
0056393,블루피오라,20220507,암,0039742,테이크차지인디,6129322,LIVE THE MOMENT,,,API8_2
0053853,블루하와이,20230428,수,0046317,레이스데이,0040142,플로팅하트,,,API8_2
0055740,블루호라이즌,20240420,암,0050506,에어포스블루,0050542,윈에이저,,,API8_2
0053288,블리스스타,20230327,수,0038391,카우보이칼,0038352,블리스터링스트라,,,API8_2
0057821,블리츠카라,20240322,수,0038245,미스치비어슬리,0042937,에지,,,API8_2
0055289,비라이브,20240125,암,0037972,올드패션드,0041937,홀리데이즈,,,API8_2
0051316,비바참,20220210,암,0044420,레볼루셔너리,0031687,비호바람,,,API8_2
1412308,비바청수,20210416,암,0045082,오버애널라이즈,0041553,오지브와,,,API8_2
0053735,비바치시모,20230422,암,0028545,인디밴드,0036841,어치브,,,API8_2
0051280,비상데이,20220105,암,0038227,크리솔라이트,0040902,비상등,,,API8_2
0051024,비상벨,20220311,암,0034835,티즈원더풀,0031609,호루라기,,,API8_2
0051284,비에스스톰,20220311,수,0044420,레볼루셔너리,0035142,선플라자,,,API8_2
0056048,비워크,20240510,수,0046317,레이스데이,0040424,울트라피닉스,,,API8_2
0045934,비전파워,20200509,수,6114945,NOBLE BIRD,0045055,오너싱,,,API8_2
0053398,비카델라,20230301,암,0044993,언캡처드,0033770,댄싱비카,,,API8_2
0054465,비케이데블,20230317,암,6969075,지몰로지스트,0037045,캐치나인,,,API8_2
0054329,비케이비바체,20230309,수,0038387,콩코드포인트,0038554,비케이갬블,,,API8_2
0051882,비트도깨비,20220227,암,0035285,파이널보스,0024425,수호천사,,,API8_2
0055552,비트스타,20240317,수,0032990,한센,0038962,사사,,,API8_2
0057622,비트에이스,20240415,수,0052316,콘서트투어,0044104,제이에스데이,,,API8_2
0054522,비트코드,20230420,암,0038387,콩코드포인트,0050529,템푸라,,,API8_2
0053270,비트프레시,20230330,암,0046317,레이스데이,0050911,클리어크리던스,,,API8_2
0055657,비트플레이,20240313,암,6969076,THE FACTOR,0055113,메모리얼드라이브,,,API8_2
0053095,빅블라인드,20230206,수,0044993,언캡처드,0033282,해피센세이션,,,API8_2
0044092,빅스고,20190413,수,0041559,빅스,0032502,콜미레이서,,,API8_2
0055860,빅윈드,20240420,수,0052826,쿠르부아지에,0041923,하모니윈드,,,API8_2
0060800,빅토리라이프,20230918,수,6112074,HEADWATER,7171313,EXOTIC PEARL,,,API8_2
0052991,빅토리매치,20230227,거,0038245,미스치비어슬리,0039900,체리뱅키시,,,API8_2
0060722,빅토리삭스,20230310,수,6119755,AUDIBLE,7083103,EASTER RISING,,,API8_2
0053277,빅토리시크릿,20230319,암,0050506,에어포스블루,0022227,아티스트,,,API8_2
0052832,빅토리퀸,20210430,암,6115339,MENDELSSOHN,6986688,ALL METTLE,,,API8_2
0052923,빈센트알렉스,20230222,수,0033566,파워블레이드,0035664,베스트캠프,,,API8_2
0052922,빈센트캐시,20230201,암,6149612,YORKTON,0052768,파이퍼즈스카이,,,API8_2
1412048,빈체로카발로,20210505,수,0038391,카우보이칼,0044970,시티래스,,,API8_2
0050849,빈체로큐,20220120,거,0032990,한센,0039337,흥부자,,,API8_2
0044447,빈체로킹,20190315,거,0040246,지롤라모,0031298,더블브릴리언트,,,API8_2
0051861,빌리언보이,20220430,수,0034735,페더럴리스트,0039606,하늘공원,,,API8_2
0053384,빙고루비,20230401,암,0038025,아임유어파더,0031616,빙고스타,,,API8_2
0053637,빛나리즈,20230416,암,0037972,올드패션드,0041919,프랜저블,,,API8_2
0051750,빛의순간,20210316,암,0037972,올드패션드,0035620,모란동백,,,API8_2
0055290,사랑과진실,20240125,암,0037972,올드패션드,0038862,대완마,,,API8_2
0055503,사랑또사랑,20240220,수,6969075,지몰로지스트,0041965,랭귀지오브러브,,,API8_2
0054022,사랑왕자,20210426,거,6126465,BEE JERSEY,6126216,LADY CHAIRMAN,,,API8_2
0045232,사바나찰리,20200127,거,6968995,ADIOS CHARLIE,0043640,사바나다나,,,API8_2
0061530,사우디삭스,20240210,수,6149581,스펀투런,6125027,SHEZA ROUNDER,,,API8_2
0061135,사우스카니발,20230810,수,6149512,CASTELVECCHIO,7169939,TRESTRAIL,,,API8_2
0056307,사우스캐슬,20240412,수,0033566,파워블레이드,0045016,페퍼딘걸,,,API8_2
0056420,사이버타이거,20240430,수,0041566,투아너앤드서브,0043296,티즈판타스틱,,,API8_2
1412304,사이클론스타,20210404,거,0040246,지롤라모,0041979,나스티캣,,,API8_2
0056232,사이클론퀸,20240421,암,0038387,콩코드포인트,0044389,루시드,,,API8_2
0055649,사이클론킹,20240305,수,0045050,섀클포드,0037521,노벨라,,,API8_2
0056390,사이클론파워,20220322,수,6149602,VOLATILE,7032386,INDOMITABLE SPIRIT,,,API8_2
0056395,사탕소녀,20220228,암,6126461,GIRVIN,6120284,MIDNIGHT CANDY,,,API8_2
0046743,사하라로즈,20210217,암,0038025,아임유어파더,0023913,메가폰Ⅱ,,,API8_2
0046873,사하라몬드,20210322,거,0044993,언캡처드,0029072,바람꽃,,,API8_2
0051263,사하라칸,20220319,수,0034835,티즈원더풀,0030836,뉴월드드림,,,API8_2
0055867,산타랠리,20240420,암,0027312,라이언산타,0039100,피스오브룰즈,,,API8_2
0055489,삼정레이스,20240321,수,0046317,레이스데이,0043877,트위티파이,,,API8_2
0052935,삼정블루,20230224,거,0027443,컬러즈플라잉,0032261,인디언파크,,,API8_2
0055279,삼정셰프,20240213,수,6149757,IDOL,0054960,캔디진저,,,API8_2
0050933,삼정스파이더,20220326,수,0041628,세이브더월드,0035583,라온드림,,,API8_2
0052934,삼정여제,20230208,암,0038391,카우보이칼,0033973,옥녀봉,,,API8_2
0056323,삼정퍼스트,20240427,수,0046317,레이스데이,0041953,퍼스널리유어즈,,,API8_2
0057300,삼족오,20230222,거,7000183,UNCLE CHUCK,7075420,VIA VENETO SQUARE,,,API8_2
0055797,상상속그대,20240507,암,0026213,지금이순간,0038177,킬리의여왕,,,API8_2
0053343,새내라니아,20230319,암,0045050,섀클포드,0021771,메니체리,,,API8_2
0055717,새내부리도,20240315,수,0038245,미스치비어슬리,0045652,새내선,,,API8_2
0045229,새내타운,20200125,수,0039750,퍼지,0021236,오마이크릭,,,API8_2
0055360,새내파이터,20230228,수,0038387,콩코드포인트,0039145,메니그랜드,,,API8_2
0055516,새내파티,20240217,암,0041566,투아너앤드서브,0029366,일루시브로시,,,API8_2
0046945,새로운가이,20210227,수,0033119,선더모카신,0022759,새로운가문,,,API8_2
0055685,새로운비술,20230405,수,0027443,컬러즈플라잉,0042750,피렌체캐슬,,,API8_2
0062613,새초롬,20240502,암,6149757,IDOL,6993456,KELLY'S PRIZE,,,API8_2
0054029,새파랑,20210506,수,0057586,프레저베이셔니스,6104690,CAT DANCE,,,API8_2
0054184,샌디윈드,20230410,암,0032990,한센,0031424,로드힐,,,API8_2
0055261,샤우팅,20240321,수,0026213,지금이순간,0036882,실버스피닝,,,API8_2
0056591,샤이닝로드,20220421,거,6784653,MIDSHIPMAN,6990573,CRYSTIAN D'ORO,,,API8_2
0062612,샤이닝선데이,20240331,암,6338945,SKY MESA,6125375,KALYANI,,,API8_2
0056360,샤인로드,20240430,암,0050506,에어포스블루,0036650,러너웨이랜섬,,,API8_2
0046999,샤크텐,20210323,거,0043421,일루시브블러프,0038098,샤크런,,,API8_2
0055554,샤프가이,20240319,수,0038387,콩코드포인트,0030076,샤프레이디,,,API8_2
0055464,샤프쿠우,20240214,수,6126459,SHARP AZTECA,0054907,쿠우,,,API8_2
0055540,서귀메니퀸,20240229,암,0046317,레이스데이,0043281,케이엔메니퀸,,,API8_2
0047184,서니로드,20210420,수,0041566,투아너앤드서브,0040140,픽셔널리티,,,API8_2
0056502,서니선데이,20240510,암,0038387,콩코드포인트,0042783,루비캣,,,API8_2
0062957,서니티아라,20240321,암,6149534,글로벌캠페인,6149304,DR WINN KYI,,,API8_2
0061533,서리풀선샤인,20240421,수,6114900,PRACTICAL JOKE,6985631,LEMARCHOS,,,API8_2
1411620,서머파티,20210313,암,0028545,인디밴드,0023437,어리틀포크,,,API8_2
0053655,서부여제,20230403,암,0045050,섀클포드,0024775,신한우먼,,,API8_2
0054065,서부울프,20230403,암,0037972,올드패션드,0040880,플레임오피서,,,API8_2
0054060,서부위스트,20230403,암,0040246,지롤라모,0038331,홀리데이트위스트,,,API8_2
0047392,서부챔프,20210225,암,0026618,경부대로,0032012,재퍼댄싱,,,API8_2
0054064,서부킹,20230403,수,0037972,올드패션드,0043032,서부탑,,,API8_2
0053543,서브미션,20230320,거,0027443,컬러즈플라잉,0029360,설트리조스키,,,API8_2
0046943,서울돌풍,20210313,거,0032990,한센,0024651,명서돌풍,,,API8_2
0050697,서울불청객,20220224,거,0034735,페더럴리스트,0040130,새즈미즈엘리자베,,,API8_2
0054384,서울비행,20230417,수,6969075,지몰로지스트,0038297,아만포어,,,API8_2
0055820,서클비,20240325,수,0038245,미스치비어슬리,0041983,케어프리,,,API8_2
0055756,서클스타,20240417,수,0038387,콩코드포인트,0036719,차이나골드,,,API8_2
0060721,서클에이,20230513,수,6149538,HIGHER POWER,7066498,ROUGH STUFF,,,API8_2
0053933,서폭챗,20230504,수,0027443,컬러즈플라잉,0026424,비카서미트,,,API8_2
0053238,서프라이즈,20230314,거,0027443,컬러즈플라잉,0041947,일루시브노이즈,,,API8_2
0047012,선갤런트,20210325,수,0038332,커널존,0026665,샤이닝퓨처,,,API8_2
0052949,선글라스,20230213,암,6969075,지몰로지스트,0038262,나이트스카이,,,API8_2
0054033,선더드림,20210422,거,6126349,CLOUD COMPUTING,6983601,THE MAGIC STONE,,,API8_2
0053976,선더런,20230503,거,0050506,에어포스블루,0039863,티즈엠프리스,,,API8_2
0051384,선더마블,20220424,거,0032990,한센,0038395,날리걸,,,API8_2
0056332,선더마타,20240427,수,0034428,테스타마타,0044831,마이블랙,,,API8_2
0055596,선더메이커,20240219,수,7000060,나이트러스,0039727,럭키넘버원,,,API8_2
1411562,선더에이원,20210301,거,0033119,선더모카신,0036915,킵고잉,,,API8_2
0050852,선더파이어,20220201,거,0040086,위드디스팅션,0045058,제시카이즈백어겐,,,API8_2
7157402,선데이펀데이,20200512,수,6790009,SUZUKA CAUSEWAY,7157535,FIRST LADY,,,API8_2
0057364,선돌풍,20230515,수,6109247,런해피,7000223,ALLURING SQUALL,,,API8_2
0053726,선라이즈킹,20230418,거,0039216,킹삭스,0034525,스파이캠,,,API8_2
0056542,선오브제주,20240514,수,0038227,크리솔라이트,0035877,제주의하늘,,,API8_2
0050665,섬돌모루,20220312,암,0041628,세이브더월드,0034688,위대한참전,,,API8_2
0046388,섬싱로스트,20200420,수,0032990,한센,0038277,리걸조앤,,,API8_2
0046818,성실대로,20210328,암,0045050,섀클포드,0039907,행복을찾아,,,API8_2
0053902,성실위너,20230421,암,0044993,언캡처드,0039496,만델리나,,,API8_2
0061381,세광파이브,20240325,수,7001130,CYBERKNIFE,6798547,AMERICA'S BLOSSOM,,,API8_2
1412326,세광파이터,20210410,수,0038025,아임유어파더,0037114,탱고앤탱고,,,API8_2
0055615,세나케이,20240217,암,0045009,자이언트런,0033835,골드럭키,,,API8_2
0053494,세라드,20230316,수,0045050,섀클포드,0046496,레이디콸러티,,,API8_2
0054761,세명다이아,20220303,암,0045049,프리덤차일드,0037243,곱따,,,API8_2
0054100,세명스트롱,20220417,수,0039812,모던카우보이,0033198,쾌도신화,,,API8_2
0054099,세명크로우,20230405,수,0037439,더킹,0042743,세명엠파이어,,,API8_2
0055442,세명페이커,20240225,수,0039853,점보블레이드,0033528,베트파티,,,API8_2
0053872,세명피크,20230428,암,7000182,GALILEAN,0052481,시스터즈레디,,,API8_2
0054133,세명하이디,20230307,암,0050506,에어포스블루,0026625,복등화,,,API8_2
0055715,세븐이글,20240225,수,0041813,미스터크로우,0039898,제트스카이,,,API8_2
0053776,세븐카이저,20230506,수,0038391,카우보이칼,0031990,지봉스타,,,API8_2
0055282,세븐포스,20240214,수,0046317,레이스데이,0039839,땡큐마더,,,API8_2
0060717,세상너머로,20230328,암,6149803,ROCK YOUR WORLD,6114336,EXCUSE MY FRENCH,,,API8_2
0056071,세상만사,20240515,암,0052826,쿠르부아지에,0029467,스트리트골드,,,API8_2
0053761,세이버스,20230410,수,0032990,한센,0028759,천행질주,,,API8_2
0056385,세이브퀸,20240429,암,0041628,세이브더월드,0022298,새로운리더,,,API8_2
0055907,세인트러너,20220305,수,6115828,BUCCHERO,6112445,SHE'S KISSABLE,,,API8_2
0043845,세인트루카,20190320,수,0040086,위드디스팅션,0022170,터치어펀,,,API8_2
0051558,세인트위너,20220427,수,6968995,ADIOS CHARLIE,0050569,쉬즈더잭팟,,,API8_2
0061539,세종비상,20240513,수,6127227,LEXITONIAN,6140284,BOURBONSTREETLADY,,,API8_2
0055604,세종선더볼트,20240220,수,0038245,미스치비어슬리,0033017,월드클래스Ⅱ,,,API8_2
0057761,세종크라운,20240417,수,0027443,컬러즈플라잉,0040783,디바인뮤직,,,API8_2
0060702,세종파워,20230206,수,6772779,MIDNIGHT LUTE,6129938,PERFECT MEADOW,,,API8_2
0056979,센티포스,20240314,수,0039737,어플릿익스프레스,0043497,천사박,,,API8_2
0061061,셀프임프루브먼트,20190924,거,6107555,DEEP FIELD,7171757,JERRY'S WITNESS,,,API8_2
0054320,소니케이,20230430,수,0039216,킹삭스,0041613,블루케이,,,API8_2
0054027,소울비트,20210417,거,6115982,WORLD OF TROUBLE,6111784,VIRTUOUS,,,API8_2
0047083,소프트파워,20210506,암,0034428,테스타마타,0041947,일루시브노이즈,,,API8_2
0047127,손에손잡고,20210311,암,0034735,페더럴리스트,0028105,블루드리머,,,API8_2
0050292,송당망치,20210315,거,0045014,프로스펙티브,0028339,미스퀵,,,API8_2
0053020,송당스카이,20230216,암,6969075,지몰로지스트,0027376,말리부스카이,,,API8_2
0053355,송당질주,20230301,암,0045082,오버애널라이즈,0019803,최대풍속,,,API8_2
0056250,송당퍼스트,20240424,암,0033119,선더모카신,0040709,아델스파이크,,,API8_2
0051218,송당황태자,20220307,수,0045082,오버애널라이즈,0027376,말리부스카이,,,API8_2
0044405,송암드래건,20190608,암,0040058,티즈웨이,0037303,송암론다도르,,,API8_2
0046590,송암스카이,20210410,암,0041813,미스터크로우,0034647,슈퍼라이트닝,,,API8_2
0056630,쇼킹크라운,20240522,수,7000060,나이트러스,0034584,쇼킹데이,,,API8_2
0056774,수미강자,20240422,암,0041813,미스터크로우,0027949,루비캔터,,,API8_2
0053698,수부타이,20230411,거,0038387,콩코드포인트,0034561,헤이퀸,,,API8_2
0051398,수향미인,20220415,암,0040246,지롤라모,0028968,나우코프위드디스,,,API8_2
0053499,순간의파이터,20230312,거,0026213,지금이순간,0022612,유로파이터,,,API8_2
0056415,슈어니스,20220508,수,6965458,KANTHAROS,6992438,ASSURED,,,API8_2
0045240,슈어윈,20200213,암,6771382,BERNARDINI,0044933,매그니피센트마인,,,API8_2
0053828,슈퍼데이,20230428,수,0046317,레이스데이,0034511,슈퍼갤럽,,,API8_2
0053369,슈퍼땅콩,20230402,암,0038387,콩코드포인트,0039741,레드뎀,,,API8_2
0056735,슈퍼마린,20240204,수,6784653,MIDSHIPMAN,0055195,봄바라골드,,,API8_2
0047439,슈퍼블루문,20210415,거,0036194,인디언킹,0025340,에모리퀸,,,API8_2
0055090,슈퍼선더,20211005,거,6103839,RELIABLE MAN,7124160,GLASGOW,,,API8_2
0040921,슈퍼엑톤,20170327,거,0024050,엑톤파크,0030086,슈퍼플러키,,,API8_2
0052921,슈퍼체이서,20230220,암,0050506,에어포스블루,0044992,슬리프리스,,,API8_2
0054471,슈퍼캔디,20220329,암,0041813,미스터크로우,0035175,노피곰도다샤,,,API8_2
0054521,슈퍼트램프,20230519,수,0038387,콩코드포인트,0028966,윌링미스,,,API8_2
0045783,슈퍼피니시,20200414,수,0034735,페더럴리스트,0039741,레드뎀,,,API8_2
0061573,슈프림다이아,20240222,암,6965458,KANTHAROS,6127523,MOONLIGHT LADY,,,API8_2
0054794,슈프림삭스,20220424,거,6118219,FLAMEAWAY,6970430,ROYAL MARQUE,,,API8_2
0055106,스마일링프린스,20220415,수,6965389,SMILING TIGER,6794986,PRINCESS HILLARY,,,API8_2
0050795,스마트그랜드,20220308,수,0040246,지롤라모,0037391,메니스마트,,,API8_2
0053147,스마트라이즈,20230211,수,0037439,더킹,0038630,스마트파티,,,API8_2
0051283,스마트마루,20220317,암,0044420,레볼루셔너리,0027957,용마루,,,API8_2
0050864,스마트뮤직,20220113,수,0037439,더킹,0034170,메니뮤직,,,API8_2
0052099,스마트밍크,20220209,암,0039812,모던카우보이,0041872,앤즈밍크,,,API8_2
0061609,스마트빅뱅,20240203,수,0027443,컬러즈플라잉,0038630,스마트파티,,,API8_2
0055334,스마트세상,20240220,암,0038245,미스치비어슬리,0030377,에이스더블,,,API8_2
0057314,스마트신화,20230414,거,6106664,BLOFELD,7112931,SO DEAR,,,API8_2
0056418,스마트여신,20240331,암,0036732,머스킷맨,0038929,퍼스트랭크,,,API8_2
0051537,스마트주얼리,20220416,수,0039812,모던카우보이,0034173,주얼리파크,,,API8_2
0047160,스마트캣,20210405,수,0045082,오버애널라이즈,0023919,촐룰라캣,,,API8_2
0054873,스마트터치,20230320,암,0044420,레볼루셔너리,0036338,터치마이하트,,,API8_2
0050967,스마트테이크,20220123,암,0040246,지롤라모,0035881,테이크포밀즈,,,API8_2
0053260,스마트해성,20230306,암,0040086,위드디스팅션,0036149,해성스타,,,API8_2
0055808,스마트히트,20240323,수,0036194,인디언킹,0042232,스마트핑크,,,API8_2
0056625,스위트룰루,20240314,암,0027443,컬러즈플라잉,0041117,아티스갈,,,API8_2
0051396,스위트송,20220502,암,0040246,지롤라모,0033032,패티즈스위트송,,,API8_2
0054326,스위트캐시,20230310,거,0036593,온이글즈윙즈,0031520,특급이,,,API8_2
0053235,스카일러태하,20230124,거,0038245,미스치비어슬리,0038862,대완마,,,API8_2
0061575,스케삭스,20240503,수,6975312,KARAKONTIE,7079223,SMART EMMA,,,API8_2
0055642,스타에이아이,20240316,수,0027443,컬러즈플라잉,0038397,라이트그립,,,API8_2
0046674,스타트렉,20210301,거,0034735,페더럴리스트,0029065,초원의별,,,API8_2
0053230,스타트업,20230413,수,0041800,메디치글로리,0046432,콘지,,,API8_2
0056970,스타플레이,20240412,수,0038245,미스치비어슬리,0042069,명성차지,,,API8_2
0062964,스탠리스브라더,20240301,거,6113835,STANFORD,7022973,TAKE A TIME OUT,,,API8_2
0045888,스터닝레이디,20200428,암,0032990,한센,0041938,프라그노시스,,,API8_2
0046877,스터닝머니,20210222,거,0026618,경부대로,0044986,더파워오브스포트,,,API8_2
0053524,스터닝볼트,20230329,암,0038391,카우보이칼,0040484,스터닝한센,,,API8_2
0046872,스터닝서브,20210223,수,0041566,투아너앤드서브,0031996,메니머니,,,API8_2
0053690,스터닝스킷,20230331,거,0036732,머스킷맨,0031996,메니머니,,,API8_2
0051126,스터닝스텝,20220216,암,0032258,트리플나인,0044986,더파워오브스포트,,,API8_2
0054148,스터닝스피어,20230606,암,0046317,레이스데이,0039375,대디글로리,,,API8_2
0053523,스터닝칼리버,20230317,수,0038391,카우보이칼,0035533,팔메토플래터,,,API8_2
0056103,스터닝크라운,20240409,암,0037610,가온챔프,0035474,쾌한탄생,,,API8_2
0055722,스터닝킹덤,20240302,암,0038387,콩코드포인트,0041938,프라그노시스,,,API8_2
0055445,스터닝태온,20240307,수,0039853,점보블레이드,0041170,눈꽃여왕,,,API8_2
1411749,스터닝플래터,20210422,거,0032990,한센,0035533,팔메토플래터,,,API8_2
0056102,스터닝플레이,20240417,수,0037610,가온챔프,0046498,파울플레이,,,API8_2
0053686,스터닝히어로,20230424,수,6149602,VOLATILE,0053055,프리지드시스터,,,API8_2
0059225,스테이빅,20230428,수,6969080,STAY THIRSTY,6117981,TERI'S BIG HEART,,,API8_2
0053073,스테핑스톤,20230317,수,0041813,미스터크로우,0039942,소중한소망,,,API8_2
0050908,스텝바이스텝,20220210,암,0034835,티즈원더풀,0024932,버터플라이,,,API8_2
0047273,스톰가이,20210321,수,0040086,위드디스팅션,0026294,플라워마운틴,,,API8_2
0056082,스톰라이트,20230205,암,0038227,크리솔라이트,0034091,폭풍신화,,,API8_2
0054472,스톰매치,20230318,암,0038245,미스치비어슬리,0045020,이니쉬에이트,,,API8_2
0055462,스톰보이,20240225,거,6968995,ADIOS CHARLIE,0054660,비비드스톰,,,API8_2
0050108,스톰브레이커,20210317,수,0038391,카우보이칼,0035326,은하철마,,,API8_2
0055755,스톰윈드,20240413,수,0052316,콘서트투어,0043848,라이징호크,,,API8_2
0053086,스톰체이서,20230227,암,0032258,트리플나인,0027811,금희,,,API8_2
0055905,스톰크라운,20220226,거,6965458,KANTHAROS,7003496,DISGUISING,,,API8_2
0053333,스톰크러시,20230326,암,0044993,언캡처드,0025773,스마트어드바이스,,,API8_2
0053785,스톰트루퍼,20230426,거,0038391,카우보이칼,0033019,레디포코트,,,API8_2
0062431,스톰페트럴,20240519,수,6149538,HIGHER POWER,7066498,ROUGH STUFF,,,API8_2
0051599,스트롱보스,20220307,수,0038227,크리솔라이트,0029072,바람꽃,,,API8_2
0054197,스티플,20230415,암,0044993,언캡처드,0020193,금빛승리,,,API8_2
0053349,스틸모어,20230401,암,7000060,나이트러스,0031643,해피투데이,,,API8_2
0046614,스틸플레이,20200325,수,0034428,테스타마타,0029197,대싱플래티넘,,,API8_2
0050959,스팅제트,20220218,거,0032990,한센,0034657,아름다운동행,,,API8_2
0050825,스파이스밴드,20220128,암,0032272,록밴드,0039063,스파이스록,,,API8_2
0053136,스파이시제리,20230206,암,0028545,인디밴드,0039063,스파이스록,,,API8_2
1412246,스파크선더,20210306,암,0032990,한센,0037888,레이즈미업,,,API8_2
1412301,스파클링,20210507,거,0038387,콩코드포인트,0038297,아만포어,,,API8_2
0047422,스팔타,20210423,거,0041813,미스터크로우,0036568,당대화신,,,API8_2
0053093,스퍼트빗,20210209,수,6261339,TIZNOW,6104560,SILVER LULLABY,,,API8_2
0055915,스페셜선샤인,20240326,수,0045050,섀클포드,0038418,스페셜찬스,,,API8_2
0046342,스페셜타임,20200518,암,0036358,애니기븐새터데이,0014929,스페셜파티,,,API8_2
0046648,스페셜포스,20210206,암,0044993,언캡처드,0038418,스페셜찬스,,,API8_2
0046639,스페이스루비,20210110,암,0037972,올드패션드,0030155,스페이스셔틀,,,API8_2
0050947,스플렌디드,20220215,수,0045082,오버애널라이즈,0027497,소천하,,,API8_2
0057321,스피드길,20230125,수,6784653,MIDSHIPMAN,6150080,FOREVER,,,API8_2
0051057,스피드레전드,20220327,암,0028958,어드마이어돈,0043641,판타스틱,,,API8_2
0055997,스피드비상,20240327,수,6969075,지몰로지스트,0044980,레이디도리스,,,API8_2
0046711,스피드원,20210131,수,0034428,테스타마타,0039751,라이프앳더탑,,,API8_2
0060975,스피드챔프,20240326,수,0036732,머스킷맨,0052767,노블주얼,,,API8_2
0061544,스피어스,20240519,수,6119755,AUDIBLE,6142338,ORENCIA,,,API8_2
0046781,슬램드래곤,20210226,수,0033566,파워블레이드,0040138,대즐링디스플레이,,,API8_2
0055350,슬링스마일,20240127,수,0027443,컬러즈플라잉,0043225,남산꽃,,,API8_2
0051793,슬링스타,20220413,거,0041566,투아너앤드서브,0040219,디그리,,,API8_2
0051528,승리바로우즈,20220429,수,0037674,뉴레전드,0032522,승리사랑,,,API8_2
0057241,시실리,20240524,암,0037972,올드패션드,0050914,프래니라스트댄스,,,API8_2
0051208,시크릿울프,20220421,암,0032990,한센,0034902,에스키모즈베스트,,,API8_2
0055348,시티오브드림,20240227,암,0046317,레이스데이,0042045,해피우먼,,,API8_2
0053139,신라의비술,20230320,암,0038391,카우보이칼,0041958,클래시컬휴머,,,API8_2
0053520,신라의파이터,20230314,수,6969075,지몰로지스트,0035584,신라의달밤,,,API8_2
0052503,신의이름,20210126,거,6971298,PALACE MALICE,6119732,SNACK SHACK,,,API8_2
0051812,신천하트,20220423,암,0045082,오버애널라이즈,0028740,파티레이나,,,API8_2
0051110,신한에이스,20220301,암,0039750,퍼지,0037905,에이스비전,,,API8_2
0052119,실버레인,20220311,수,0041566,투아너앤드서브,0036658,플리트코즈웨이,,,API8_2
0055352,실버릴리,20240308,암,0038387,콩코드포인트,0040214,릴리울레이,,,API8_2
0046967,실버문,20210408,암,0036732,머스킷맨,0024748,라온리치,,,API8_2
0056260,실버블레이드,20240401,수,0039853,점보블레이드,0041147,블랙실버,,,API8_2
0055266,실버웨이브,20240217,암,0041800,메디치글로리,0034744,실버울프,,,API8_2
0052078,실크스펙터,20220525,암,0045050,섀클포드,0041543,캐티베이팅,,,API8_2
0062429,싱싱내쉬,20240420,수,7004901,NASHVILLE,6121056,REMINGTON ROSE,,,API8_2
0058740,싱싱맨,20240325,수,0036732,머스킷맨,0036631,캔디아이,,,API8_2
0062430,싱싱모닝,20240207,수,6964691,MUNNINGS,7015974,MADE GREAT AGAIN,,,API8_2
0056063,싱싱서브,20240403,수,0041566,투아너앤드서브,0036708,암바리카,,,API8_2
0056060,싱싱컬러,20240331,암,0027443,컬러즈플라잉,0038503,천년바이킹,,,API8_2
0051523,싹다나은,20220322,암,0038387,콩코드포인트,0038962,사사,,,API8_2
0055656,쏘아라강자,20240226,수,0036732,머스킷맨,0034391,쏘아라여왕,,,API8_2
0051127,쏘아라스타,20220228,수,0041566,투아너앤드서브,0039979,블루엠파이어,,,API8_2
0052951,쏘아라윈드,20230224,암,0033119,선더모카신,0036664,데퓨티곤윈드,,,API8_2
0055655,쏘아라타타,20240325,암,0032990,한센,0041742,블루마스타,,,API8_2
0053733,쏘아라하하,20230427,수,0038391,카우보이칼,0044309,쏘아라호호,,,API8_2
0053022,아너,20230201,거,0039737,어플릿익스프레스,0041941,한나즈홀리데이,,,API8_2
0056346,아디삭스,20240508,암,0038387,콩코드포인트,0050530,마일드어뮤즈먼트,,,API8_2
0045921,아르고리치,20200408,수,0027443,컬러즈플라잉,0036636,어너러리갤럽,,,API8_2
0053386,아름다운빛,20230310,암,7000060,나이트러스,0039012,터프그린,,,API8_2
0055841,아리랑스타,20240320,수,0032990,한센,0039971,금월,,,API8_2
0056312,아리랑퀸,20240427,암,0033566,파워블레이드,0040150,큐트앤새시,,,API8_2
0056966,아리온퀸즈,20240320,암,7000060,나이트러스,0044376,스프링펀치,,,API8_2
0053918,아리온퀸카,20230427,암,6969075,지몰로지스트,0034635,겨울왕국,,,API8_2
0045828,아만바로우즈,20200417,암,0034428,테스타마타,0036601,플룸,,,API8_2
0057324,아머삭스,20230126,거,6127102,COUNTRY HOUSE,6142829,IMWAYTOOCOOLFORYOU,,,API8_2
0053722,아메리카골드,20210505,수,0057586,프레저베이셔니스,6124628,FIZZY PINK,,,API8_2
7149044,아메리칸스테이지,20220511,수,6772814,INTO MISCHIEF,6147487,BONITA MIA,,,API8_2
0057322,아모스골드,20230502,수,6967924,DIALED IN,6108453,FOXY SARA,,,API8_2
0057325,아모스맨,20230520,수,6115207,COLLECTED,6123291,KELL PASO,,,API8_2
0051427,아모스불패,20220310,수,0045050,섀클포드,0033287,장군의후예,,,API8_2
0053222,아모스스타,20230315,수,0045050,섀클포드,0041936,심플워즈,,,API8_2
0053269,아모스전사,20230402,수,0046317,레이스데이,0044971,퀴리아,,,API8_2
0051888,아모스천하,20220430,거,0041566,투아너앤드서브,0015515,백만부자,,,API8_2
0051859,아모스최강,20220429,거,0045050,섀클포드,0034893,실버블로섬,,,API8_2
0055876,아이고고,20240317,수,0052826,쿠르부아지에,0030842,랩소디,,,API8_2
0055941,아이언윈드,20240325,수,0032990,한센,0036667,테이터톤터,,,API8_2
0051120,아이엠고,20220325,암,0036732,머스킷맨,0026402,차이밍비카,,,API8_2
0052661,아이엠짱,20210220,수,6338945,SKY MESA,6119835,SLY BEAUTY,,,API8_2
0045406,아치로켓,20200331,암,0040056,아치아치아치,0032550,희망로켓,,,API8_2
0046048,아치클래스,20200420,암,0040056,아치아치아치,0036712,플라잉라푼젤,,,API8_2
0046717,아카펠,20210127,암,0037972,올드패션드,0034653,그랜드마케팅,,,API8_2
0051794,아쿠아라인,20220415,수,0036732,머스킷맨,0040081,아쿠아프린세스,,,API8_2
0057407,아테나포스,20240502,암,0041566,투아너앤드서브,0046504,유포어리움,,,API8_2
0056407,아트캐처,20220223,암,6149595,TOM'S D'ETAT,6112639,FIERCELY,,,API8_2
0054044,아파트,20230218,암,0032990,한센,0036725,태즈모나,,,API8_2
0056641,안데스,20240327,수,0052316,콘서트투어,0038884,조이풀룰러,,,API8_2
0051020,안양기쁨,20220401,암,0041566,투아너앤드서브,0033912,찬란한에이스,,,API8_2
0053572,안양레이저,20230318,거,0038332,커널존,0031609,호루라기,,,API8_2
0052975,안양빛의속도,20230123,수,0032994,다이나믹대시,0035369,다이나믹볼트,,,API8_2
0047535,안양쓰나미,20210315,암,0033119,선더모카신,0025203,미스윈,,,API8_2
0055785,안양에이스,20240311,암,0034428,테스타마타,0041536,집시캡컴퍼니,,,API8_2
0051395,알리페르,20220312,암,0045082,오버애널라이즈,0036310,텔미허니,,,API8_2
0051331,알파피메일,20220312,암,0041566,투아너앤드서브,0030308,다크레이디,,,API8_2
0054123,압권의반석,20210412,거,6992307,MAJESTIC CITY,6985615,ENCRYPTION CODE,,,API8_2
0057003,애드머럴케이,20240514,수,0041566,투아너앤드서브,0045090,더뉴스쿨,,,API8_2
0053282,애순이,20230315,암,0032990,한센,0036925,성불챔프,,,API8_2
0052161,애플스타일,20220210,수,0041566,투아너앤드서브,0034866,은빛환희,,,API8_2
0053239,어게인굿맨,20230331,거,0044993,언캡처드,0038298,베를린뷰티,,,API8_2
0053975,어디든지,20230402,수,0044743,사우스비치,0036344,베네피셜프렌드,,,API8_2
1411900,어메이징록,20210402,암,0028545,인디밴드,0032986,캔디스골드,,,API8_2
0056190,어번솔,20240413,수,6969075,지몰로지스트,0035595,로열파크,,,API8_2
0053724,어서말을해,20210206,수,6109240,모스피릿,7112846,ANNIE TRUST,,,API8_2
0051373,어치브사인,20220408,암,0029287,맘보트레인,0036841,어치브,,,API8_2
0051334,어퍼핸드,20220411,암,0034428,테스타마타,0044933,매그니피센트마인,,,API8_2
0050785,어플리트런,20220204,거,6149581,스펀투런,0050363,어플리트래스,,,API8_2
0055953,어플리트런던,20240324,암,0040033,런던타운,0050363,어플리트래스,,,API8_2
0052090,에너지파워,20220430,암,0033566,파워블레이드,0046497,리에너자이즈,,,API8_2
0056348,에메랄드캐슬,20240425,암,0032990,한센,0036674,로희,,,API8_2
0054545,에버글로리,20230327,암,0038387,콩코드포인트,0037196,비카스쿠프,,,API8_2
0054524,에버러블리,20230425,암,0038387,콩코드포인트,0036310,텔미허니,,,API8_2
0056193,에버위닝,20240415,암,6106383,CAIRO PRINCE,0055101,말리부서프라이즈,,,API8_2
0052980,에브리타임,20230222,수,0040246,지롤라모,0032471,포트스덕션,,,API8_2
0056345,에센스,20240515,암,0032990,한센,0050523,패이머스어트랙션,,,API8_2
0053417,에스파이어,20230310,암,0036194,인디언킹,0027067,나르자,,,API8_2
0055211,에어파워,20240214,거,0050506,에어포스블루,0038369,엘시즈송,,,API8_2
0052872,에어포스원,20230223,거,0050506,에어포스블루,0036928,엘드래곤,,,API8_2
0062609,에이블삭스,20240226,암,6130177,MITOLE,7000230,AVOREE NOEL,,,API8_2
0055753,에이블스토리,20240322,수,0041813,미스터크로우,0043155,크루스델수르,,,API8_2
0056116,에이스알파,20230228,수,0044420,레볼루셔너리,0037667,모네플라잉,,,API8_2
0054729,에이스케이,20220416,거,6114915,CUPID,6110412,PORT AUTHORITY,,,API8_2
0055716,에이케이선,20240228,암,0037972,올드패션드,0040421,가디스문,,,API8_2
0061610,에이케이준,20240229,거,6112206,FROSTED,7002783,MYTHOLOGIST,,,API8_2
0055980,에코볼트,20240327,수,0044420,레볼루셔너리,0040404,올백,,,API8_2
0055366,에코비전,20240228,암,0032990,한센,0036641,제스프릿,,,API8_2
0053231,에코스타,20230410,암,0041800,메디치글로리,0040141,플래시어필,,,API8_2
0047223,에클레어,20210425,암,0045050,섀클포드,0041959,레인스터레이디,,,API8_2
0057180,에클레어윈드,20230324,암,0040086,위드디스팅션,0035651,에클레어드림,,,API8_2
0052626,에클레어파워,20210505,거,0027443,컬러즈플라잉,0035651,에클레어드림,,,API8_2
0045498,에펠탑,20200306,거,0034835,티즈원더풀,0018192,플라이퀸,,,API8_2
1411752,엑설런트마타,20210423,암,0034428,테스타마타,0041938,프라그노시스,,,API8_2
0055439,엑설런트볼트,20240330,수,0039853,점보블레이드,0031664,영웅볼트,,,API8_2
0053685,엑설런트스톰,20230505,암,0032258,트리플나인,0033121,스테인드글라스,,,API8_2
1412210,엑설런트탄,20210522,거,0044993,언캡처드,0035474,쾌한탄생,,,API8_2
0056110,엑설런트파워,20240419,암,0033566,파워블레이드,0033092,딜라이트펄송,,,API8_2
0051486,엑설런트한센,20220319,암,0033566,파워블레이드,0040484,스터닝한센,,,API8_2
0053195,엑스칼리버,20230324,거,0025790,피스룰즈,0043559,빅토리고고,,,API8_2
0047116,엑스팩터,20210413,거,0034735,페더럴리스트,0033029,로렌브레이,,,API8_2
0056075,엔드퀄리티,20240220,암,0045050,섀클포드,0040057,하이콸러티,,,API8_2
0053094,엔딩파이어,20210212,수,6109230,CONSTITUTION,6104088,SWEET TUNE,,,API8_2
0051297,엔젤타임,20220427,암,0044420,레볼루셔너리,0041801,아델엔젤,,,API8_2
0047419,엔트로피,20210331,수,0032990,한센,0023698,레드영,,,API8_2
0054609,엘도라도강남,20220505,수,6970674,PAYNTER,6113901,NABEDHAH,,,API8_2
0052091,엘도라도놀부,20220315,수,0033566,파워블레이드,0028490,신용퀸,,,API8_2
0054608,엘도라도해남,20220417,거,6965458,KANTHAROS,6119191,WARRIOR HALL,,,API8_2
0055611,엘리트런,20240219,수,0038245,미스치비어슬리,0044922,맥스런,,,API8_2
0057204,엘리트픽션,20240318,암,0046317,레이스데이,0040140,픽셔널리티,,,API8_2
0042046,엠제이베스트,20180519,수,0038391,카우보이칼,0032396,주얼리파티,,,API8_2
0060830,엠제이클래스,20230330,암,6126916,MAXIMUM SECURITY,6128290,KILCOOLE MISS,,,API8_2
0057006,엠제이하이,20240414,수,0052316,콘서트투어,0035144,뉴하이타임,,,API8_2
0051791,엠지퍼스트,20220420,수,0034835,티즈원더풀,0026457,풀문파티,,,API8_2
0059222,엠파이어스타,20240502,수,0054840,클래식엠파이어,6114428,STORM STAR,,,API8_2
0051571,여명의순간,20220516,암,0034735,페더럴리스트,0033071,뱅크엘리,,,API8_2
0053541,연동스타,20230318,암,0036732,머스킷맨,0050644,갤럭시프린세스,,,API8_2
0057205,연바라기,20240410,암,0046483,플래시백,0035094,리치여장군,,,API8_2
0051931,연희히어로,20220508,거,0037972,올드패션드,0045006,플랜스투프로스퍼,,,API8_2
0051509,영광의스카이,20220406,수,0041813,미스터크로우,0035910,프리마퀸,,,API8_2
0055477,영광의스틸,20240309,수,0038391,카우보이칼,0042584,스틸더패션,,,API8_2
0047231,영광의월드,20210530,거,0044993,언캡처드,0024529,주말파티,,,API8_2
0055654,영웅바로우즈,20240403,수,0038387,콩코드포인트,0039362,예술의경지,,,API8_2
0054120,영원빅맨,20210512,수,6780148,COURAGEOUS CAT,6150289,LAUR NET,,,API8_2
1411932,영원자이언트,20210408,수,0040246,지롤라모,0023333,스킵러너,,,API8_2
0053091,영원한루체아,20230318,암,0038227,크리솔라이트,0038339,스테이트비지트,,,API8_2
0055736,영원한보스,20240312,수,6969075,지몰로지스트,0052593,마이빅토리아로즈,,,API8_2
0053373,영원한솔레오,20230330,암,0040086,위드디스팅션,0043298,아켈레오,,,API8_2
0053592,영원한스타,20230327,암,0037972,올드패션드,0037334,매직텐,,,API8_2
0055957,영원한제우스,20240407,수,0038391,카우보이칼,0027707,챔피언홀더,,,API8_2
0053318,영월사랑,20230226,암,6969075,지몰로지스트,0032292,선플래시,,,API8_2
0052971,영파이터,20230215,수,0032990,한센,0027574,영크라운,,,API8_2
0050780,예스엔젤,20220212,암,0041566,투아너앤드서브,0032471,포트스덕션,,,API8_2
0056975,오거스트,20240220,수,6969075,지몰로지스트,0029157,백억이,,,API8_2
0051207,오늘도스마일,20220425,암,0034735,페더럴리스트,0046433,히트스윕,,,API8_2
0061947,오드매직,20240425,수,7003396,MAGIC ON TAP,6970053,MAGGIE SIMON,,,API8_2
0054010,오라칸,20210222,수,6115219,FREE DROP BILLY,6149849,ANOTHER PLEASE,,,API8_2
0053416,오라토리움,20230412,암,0044993,언캡처드,0025339,굿모닝,,,API8_2
0055399,오로라의빛,20240305,암,0032994,다이나믹대시,0037312,조이오브캡틴,,,API8_2
0055264,오마이러브,20240222,암,0035295,나스카프린스,0052744,러브인도쿄,,,API8_2
0055269,오버앤오버,20240213,수,0026213,지금이순간,0039939,블루울프,,,API8_2
0055064,오섬모닝,20240124,수,0029817,금포스카이,0020516,쿨모닝,,,API8_2
0050724,오섬퀸,20220221,암,0037972,올드패션드,0040179,브와나베이브,,,API8_2
0053052,오퍼스원,20230307,거,0041559,빅스,0039797,스피너,,,API8_2
0051866,오피에스탑,20220506,수,0038391,카우보이칼,0018420,덕수궁,,,API8_2
0052973,온누리빛,20230221,암,0035885,다이나믹스타,0039809,뷰티풀진주,,,API8_2
0052891,온리유,20230104,암,0026213,지금이순간,0039939,블루울프,,,API8_2
0051778,와달비,20220420,거,0032994,다이나믹대시,0037061,해피엔딩토크,,,API8_2
0055925,와와삭스,20240324,암,0027443,컬러즈플라잉,0032115,굿스타트,,,API8_2
0055603,와우러너,20240309,암,6969075,지몰로지스트,0040021,록코모도,,,API8_2
0045162,와우와우,20190210,수,0038391,카우보이칼,0027049,짝꿍,,,API8_2
0053941,와일드매직,20230429,암,0032258,트리플나인,0032259,이반질린,,,API8_2
0044287,와일드삭스,20190401,수,0032990,한센,0034876,엠파이어캔디,,,API8_2
0052894,와일드스마티,20230115,암,0050008,바이언,0034578,메다글로리아,,,API8_2
0055702,와일드위스퍼,20240303,암,0050008,바이언,0038244,위스퍼위시,,,API8_2
0055463,와일드카니발,20240219,수,0050008,바이언,0050578,네이티브원,,,API8_2
0055793,와일드캐비어,20240314,암,0050008,바이언,0045000,프루던스,,,API8_2
0056343,와일드피치,20240304,수,6127227,LEXITONIAN,0055129,코스러너,,,API8_2
0056189,왁스,20240520,암,0032990,한센,0018829,플라이우먼,,,API8_2
0046670,왈츠의여왕,20210308,암,0037972,올드패션드,0038399,레드밍크스,,,API8_2
0051148,왕최고,20220228,수,0040246,지롤라모,0035697,최고야최고,,,API8_2
0054308,용비교,20230302,암,7000060,나이트러스,0038573,파크블레이드,,,API8_2
0055718,용비신성,20240305,수,0038245,미스치비어슬리,0038354,미스보스케스,,,API8_2
0053353,용비신화,20230228,거,0045050,섀클포드,0038354,미스보스케스,,,API8_2
0051853,용비킹,20220429,거,0036732,머스킷맨,0028468,파인공주,,,API8_2
0051825,용비태양,20220428,수,0046317,레이스데이,0032517,지봉사랑,,,API8_2
0054792,용비히어로,20220126,수,6103967,GOLDENCENTS,6129327,MOCHI,,,API8_2
0047283,용암세상,20210308,거,0041566,투아너앤드서브,0028416,찬란한여명,,,API8_2
0056054,용워리어,20240220,수,0038391,카우보이칼,0024922,용두성,,,API8_2
0053183,우루스사비아,20230209,거,0045082,오버애널라이즈,0039759,아테나브이,,,API8_2
0053850,우루스코르사,20230330,수,0037972,올드패션드,0030005,앰버고,,,API8_2
0055203,우리의기쁨,20240201,암,0041566,투아너앤드서브,0043673,울프아이,,,API8_2
0047557,우마포이,20210303,수,0039750,퍼지,0027544,에스에스벨,,,API8_2
0052118,우승진리,20220228,수,0045050,섀클포드,0035592,장산제패,,,API8_2
1412298,우승콩코드,20210303,거,0038387,콩코드포인트,0028966,윌링미스,,,API8_2
0054675,우승할결심,20220412,수,6108945,KHOZAN,6888734,CRY AT MY WEDDING,,,API8_2
0047452,우아센,20210430,암,0032990,한센,0030499,우아등선,,,API8_2
0057308,우와,20230419,거,6340178,CANDY RIDE,6124557,FINN'S JEWEL,,,API8_2
0057306,우와운,20230415,암,6112413,TAPWRIT,6804973,IMFOREAL,,,API8_2
0053901,우항상스타,20230429,암,0044993,언캡처드,0039349,우대륭,,,API8_2
0057592,우화력토,20240330,암,0036732,머스킷맨,0041755,화기,,,API8_2
0055483,운주당,20240215,암,0046317,레이스데이,0041193,톱오브챌린저,,,API8_2
0057409,운주원,20240410,암,6969075,지몰로지스트,0038291,알루라,,,API8_2
0053155,운주클리어,20230207,암,0039812,모던카우보이,0041193,톱오브챌린저,,,API8_2
0051549,운주타임,20220422,암,0038391,카우보이칼,0016751,임패션드댄서,,,API8_2
0054600,운주프린스,20230328,수,0034428,테스타마타,0032944,팬시폴리,,,API8_2
0052422,울트라드래곤,20210422,수,6114923,KLIMT,6854951,RUNNING CREEK,,,API8_2
0047082,울트라망치,20210409,수,0040086,위드디스팅션,0037960,엘러벨,,,API8_2
0045476,울트라삭스,20200304,암,0037972,올드패션드,0041970,그레이스필,,,API8_2
0054781,울트라선더,20220205,거,6979712,CROSS TRAFFIC,6856178,AD LITEM,,,API8_2
0061578,울트라크라운,20240214,거,6127013,COLONEL LIAM,7032553,ULTIMA COPA,,,API8_2
0060716,워트랜스미션,20230406,거,6149530,FOG OF WAR,7008379,LOVING LORRI,,,API8_2
0060718,원다이아,20230320,수,7000178,INDEPENDENCE HALL,6150607,HEADSTRONG WOMAN,,,API8_2
0056231,원더그레이스,20240422,암,6126461,GIRVIN,0054930,케이제이워리어,,,API8_2
0050757,원더풀노던,20220301,수,0037674,뉴레전드,0036316,론다도르,,,API8_2
0050760,원더풀다르샨,20220225,수,0041868,제이피즈거스토,0038308,콰드릴,,,API8_2
0047440,원더풀로드,20210412,수,0041868,제이피즈거스토,0033976,머제스틱뷰티,,,API8_2
0050747,원더풀리즌,20220311,거,0041566,투아너앤드서브,0026484,금아퀸,,,API8_2
0053272,원더풀삭스,20230303,암,0038391,카우보이칼,0035873,샤나오,,,API8_2
0050759,원더풀새치,20220211,암,0039750,퍼지,0024968,레몬펀치,,,API8_2
0045717,원더풀슬루,20200417,암,0039750,퍼지,0030663,월들리듀드,,,API8_2
0046713,원더풀시킹,20210116,암,0034428,테스타마타,0038310,쉬즈어버드걸,,,API8_2
0051529,원더풀어롱,20220424,암,0037674,뉴레전드,0046419,선가디스,,,API8_2
0054727,원더풀에이원,20220315,거,6106696,LORD NELSON,6982151,BONJOUR BELLE,,,API8_2
0050756,원더풀엔비,20220317,거,0037674,뉴레전드,0029513,큐피드걸,,,API8_2
0046936,원더풀제트,20210328,수,0039750,퍼지,0029472,록레인,,,API8_2
0051308,원더풀치프,20220407,수,0041868,제이피즈거스토,0033976,머제스틱뷰티,,,API8_2
0051309,원더풀캐시,20220401,암,0039750,퍼지,0029170,노블볼트,,,API8_2
0050882,원더풀튠업,20220128,암,0034428,테스타마타,0041537,홀리데이스타렛,,,API8_2
0051301,원더풀파피,20220420,거,0045050,섀클포드,0041869,지미슈가,,,API8_2
0046710,원더풀패스,20210120,암,0044420,레볼루셔너리,0034950,나이트퓨리,,,API8_2
0046300,원더풀폭스,20200304,암,0034835,티즈원더풀,0027718,폭스레이,,,API8_2
0056249,원더플렉스,20240427,암,7000060,나이트러스,0035792,스칼렛위치,,,API8_2
0055726,원더하트,20240407,암,0050506,에어포스블루,0029921,원더드리머,,,API8_2
0053236,원모타임,20230321,암,0025790,피스룰즈,0036080,아마조네스,,,API8_2
0056978,원투타이거,20240523,수,0041566,투아너앤드서브,0045006,플랜스투프로스퍼,,,API8_2
0052105,원펀치드래곤,20220403,수,0033566,파워블레이드,0041951,진저러시,,,API8_2
0047029,원평강자,20210405,거,0039750,퍼지,0017475,금순이,,,API8_2
0054474,원평드림,20230424,거,0038245,미스치비어슬리,0044982,시어리어슬리마인,,,API8_2
0047322,원평리스트,20210407,암,0034735,페더럴리스트,0044982,시어리어슬리마인,,,API8_2
0057062,원평스킷,20230314,암,0036732,머스킷맨,0044981,킬라리드,,,API8_2
0055888,원평스톰,20220426,수,6126502,TALE OF VERVE,6127711,READY FOR CHIANTI,,,API8_2
0055707,원평캣,20240419,수,0027443,컬러즈플라잉,0038427,컴퍼스로즈,,,API8_2
0044526,원평코드,20190429,거,0020256,메니피,0040180,케이프코드걸,,,API8_2
0061529,원평크라운,20240420,수,7053421,MIND CONTROL,6105164,STARSHIP FLARE,,,API8_2
0045302,원평타운,20200223,수,6115210,MO TOWN,0044982,시어리어슬리마인,,,API8_2
0054225,월드블레임,20210210,거,6821213,BLAME,6109811,OLEANDA AVENUE,,,API8_2
0053444,월드빅스,20230309,암,0041559,빅스,0042524,월드천사,,,API8_2
1412328,월드섀넌스,20210430,거,0032314,뉴화이트삭스,0034909,섀넌스데뷔,,,API8_2
0052887,월드아너,20230127,암,0038245,미스치비어슬리,0033017,월드클래스Ⅱ,,,API8_2
0053908,월드오브드림,20230430,수,0045082,오버애널라이즈,0024529,주말파티,,,API8_2
0045158,월드참,20190417,수,0034428,테스타마타,0026386,블랙탄,,,API8_2
0054872,월드타이거,20230313,수,0034637,라이언메탈,0029800,펠리시티,,,API8_2
0055891,월드피플,20220317,수,6106665,MIDNIGHT STORM,6148365,SALTY WAVE,,,API8_2
0054137,월스트리트,20230315,암,0045050,섀클포드,0033028,클립스어브모허,,,API8_2
0050784,웨스턴건,20220209,수,6126457,WEST COAST,0050361,코코스스위티,,,API8_2
0059221,웨스트워,20240306,암,6324784,WAR FRONT,7036116,I'M FINE,,,API8_2
0052144,위고하이,20220208,수,0036732,머스킷맨,0035076,큐피드레이디,,,API8_2
0051364,위너글로리,20220424,암,0045050,섀클포드,0040184,카우아이콜즈,,,API8_2
0053949,위너남촌,20230429,암,0045082,오버애널라이즈,0022026,질주하라,,,API8_2
0055599,위너라이징,20240311,암,0041813,미스터크로우,0029640,다이아파워,,,API8_2
0052910,위너삭스,20230213,거,0032258,트리플나인,0039749,드림딜라이트,,,API8_2
0054726,위너선,20220119,거,6149524,ECHO TOWN,6794298,ABOVE IT,,,API8_2
0056182,위너제이,20240418,수,0040086,위드디스팅션,0040088,타피즈드림,,,API8_2
0053041,위대한함성,20230214,수,0038245,미스치비어슬리,0037470,위대한비상,,,API8_2
0052485,위더스,20210412,수,0027443,컬러즈플라잉,0033111,그릴리메이,,,API8_2
0051561,위드도르티,20220311,암,0046484,도르트문트,0031992,너와기쁨을,,,API8_2
0046626,위드디스쿠로,20210116,수,0040086,위드디스팅션,0026120,아이리스,,,API8_2
0051823,위버멘쉬,20220426,암,0046317,레이스데이,0045113,럭키스카이,,,API8_2
0053711,위시마스터,20230410,수,0038387,콩코드포인트,0050522,업점프드더데블,,,API8_2
0053420,위즈드림,20230328,암,0045050,섀클포드,0036719,차이나골드,,,API8_2
0054008,위즈러너,20210407,거,6118888,VINO ROSSO,6112527,ABATIS,,,API8_2
0057329,위즈스타,20230217,암,6114897,CARAVAGGIO,6985343,MYBROKENHOME,,,API8_2
0060710,위즈윈,20230406,수,6149607,WIN WIN WIN,7017997,TIZ ENTERTAINING,,,API8_2
0054785,위즈캠페인,20220427,거,6149534,글로벌캠페인,6148708,BEMUS POINT,,,API8_2
0055597,위즈크라운,20240308,암,0045050,섀클포드,0040840,위즈모멘트,,,API8_2
0060708,위즈파이터,20230424,거,6118203,COMBATANT,6127085,MY GRAY LADY,,,API8_2
0057327,위즈퍼펙트,20230303,거,6149803,ROCK YOUR WORLD,6115764,LUCKY BUG,,,API8_2
0053705,위즈포인트,20230403,수,0045050,섀클포드,0050565,포인트투더와일드,,,API8_2
0052958,위크플레이,20230220,수,0044420,레볼루셔너리,0043426,캐치참,,,API8_2
0056405,윈캐처,20220425,거,6127209,SEEKING THE SOUL,7005112,BABY SISTER,,,API8_2
0060700,유나유나,20230217,수,6149581,스펀투런,6993844,PONYA,,,API8_2
0053206,유니버설,20230331,수,0038245,미스치비어슬리,0040089,티피맥지,,,API8_2
0053912,유니카,20230328,암,0032990,한센,0036045,반지의장미,,,API8_2
0055304,유니콘에이스,20240309,수,0046317,레이스데이,0052761,알리틀시크릿,,,API8_2
0053653,유니콘프린스,20230327,거,6969075,지몰로지스트,0036626,러브투러브,,,API8_2
0052814,유쾌한승자,20230118,암,0046317,레이스데이,0029484,걸즈라이크,,,API8_2
0046387,은빛돌풍,20200420,암,0032990,한센,0038288,키튼즈저니,,,API8_2
0056480,은빛불패,20240225,암,0038387,콩코드포인트,0042315,그레이트펀,,,API8_2
0054056,은빛유혹,20230324,암,0032990,한센,0021840,금빛유혹,,,API8_2
0054868,은파부스터,20230327,수,6969075,지몰로지스트,0032127,럭키뮤직,,,API8_2
0046839,은파사랑,20210227,수,0032990,한센,0022962,아침사랑,,,API8_2
0053484,은하블루,20230314,암,0045050,섀클포드,0035326,은하철마,,,API8_2
0052010,은하칼라스,20220418,암,0033119,선더모카신,0037640,은빛퀸,,,API8_2
0054540,이글플레이,20230420,암,0041813,미스터크로우,0027923,라이런,,,API8_2
0053501,이끌림,20230419,거,0040086,위드디스팅션,0031135,정상파티,,,API8_2
0053924,이성의간지,20230425,거,0038025,아임유어파더,0025452,퓨앤파비트윈,,,API8_2
0062427,이센셜포스,20240414,수,6149747,ESSENTIAL QUALITY,6114581,DUCRU,,,API8_2
0050952,이스트강적,20220409,수,0032990,한센,0034644,달려라강적,,,API8_2
0053072,이스트고고,20230313,수,0045050,섀클포드,0039971,금월,,,API8_2
0060719,이스트라코타,20230313,거,6130303,ENTICED,7041246,WONDERSTRUCK,,,API8_2
0059023,이스트비치,20221101,수,6126920,OMAHA BEACH,6784426,PECTORALIS MAJOR,,,API8_2
0054011,이스트웨스트,20210316,거,6126457,WEST COAST,6121796,ARCH OF TROY,,,API8_2
0062608,이스트위너,20240403,수,6126350,GAME WINNER,6124478,STAR SIGHTING,,,API8_2
0054026,이스트점프,20210426,암,6969074,CREATIVE CAUSE,6127604,TABLE JUMPER,,,API8_2
0050937,이슬처럼,20220129,암,0045050,섀클포드,0036291,준클리버,,,API8_2
0053103,이십년세월,20230319,수,0038245,미스치비어슬리,0036333,팜파스팜,,,API8_2
0056313,이안글로리,20240415,암,0033566,파워블레이드,0038302,마미위즈,,,API8_2
0055204,이안러브,20240128,암,6969075,지몰로지스트,0024094,프리트인그란,,,API8_2
0055362,이안볼트,20240227,수,0052316,콘서트투어,0033029,로렌브레이,,,API8_2
0055549,이안스타,20240320,수,0041566,투아너앤드서브,0031051,홀리워크,,,API8_2
0055202,이안패밀리,20240128,거,0038387,콩코드포인트,0034256,금소화,,,API8_2
0054301,이안퍼스트,20230506,수,0027443,컬러즈플라잉,0035522,경연한질주,,,API8_2
0053011,이안퍼펙트,20230214,거,0037972,올드패션드,0024094,프리트인그란,,,API8_2
0055359,이클립스가든,20240118,수,0041566,투아너앤드서브,0038261,그레이자벨라,,,API8_2
0055557,이클립스골든,20240215,수,6969075,지몰로지스트,0044959,컬린즈골드,,,API8_2
0051190,이클립스더퀸,20220424,암,0045050,섀클포드,0041962,호니미에르,,,API8_2
0051568,이클립스더킹,20220414,수,0045050,섀클포드,0036646,템파르니요,,,API8_2
0051387,이클립스마블,20220311,암,0045050,섀클포드,0023623,스위트섬머타임,,,API8_2
0052989,이클립스베이,20230227,수,0045050,섀클포드,0036666,실크베리,,,API8_2
0054094,이클립스보스,20230508,수,0045050,섀클포드,0046504,유포어리움,,,API8_2
0053697,이클립스서니,20230404,암,0045050,섀클포드,0030851,선업,,,API8_2
0055307,이클립스소다,20240302,암,0046317,레이스데이,0052760,새치,,,API8_2
0055862,이클립스에버,20240324,수,0041566,투아너앤드서브,0050620,니키스스마티팬츠,,,API8_2
0051223,이클립스에지,20220120,거,0045050,섀클포드,0040137,커팅에지,,,API8_2
0053793,이클립스엘리,20230430,암,0045050,섀클포드,0036612,엘리사타운,,,API8_2
0055644,이클립스이글,20240222,수,0045050,섀클포드,0044790,골든스쿠프,,,API8_2
0051112,이클립스탱고,20220320,수,0045050,섀클포드,0022890,탱고스텝,,,API8_2
0053352,이클립스하트,20230308,수,0044993,언캡처드,0040172,브룩헤이븐,,,API8_2
0057280,인디미니스터,20230419,암,0028545,인디밴드,0040082,러브미니스터,,,API8_2
0061940,인디클래식,20240427,수,0039742,테이크차지인디,6149033,SPEEDY SOUL,,,API8_2
0054543,인스파이어,20230426,수,0044993,언캡처드,0036674,로희,,,API8_2
0055270,인투더갤럭시,20240204,수,0035295,나스카프린스,0033071,뱅크엘리,,,API8_2
0056029,인페르노,20240330,수,0052316,콘서트투어,0034410,퍼스트인디언,,,API8_2
0053234,인플레이션,20230307,수,0041800,메디치글로리,0046429,클리키티클랙,,,API8_2
0047314,인피니트아너,20210318,거,0038391,카우보이칼,0044966,파라다이스나우,,,API8_2
0056256,일급비술,20230420,암,0027443,컬러즈플라잉,0034413,최고비슬,,,API8_2
0053516,일산스나이퍼,20230417,암,0038391,카우보이칼,0032490,금수봉,,,API8_2
0061383,일상이기적,20240403,거,6126922,TACITUS,7092092,QUITE A SECRET,,,API8_2
0051442,임로,20220320,수,0034735,페더럴리스트,0037780,거센마풍,,,API8_2
0056091,자유의날개,20240313,암,0039737,어플릿익스프레스,0042371,강서프린세스,,,API8_2
0051771,자이언트보스,20220415,수,0032314,뉴화이트삭스,0035406,큰마법,,,API8_2
0046657,자이언트스텝,20210120,수,6964691,MUNNINGS,0046429,클리키티클랙,,,API8_2
0046905,장비대운,20210305,암,0034835,티즈원더풀,0022301,신천여걸,,,API8_2
0053620,재즈퍼플,20230325,수,0032990,한센,0044991,플라잉하모니,,,API8_2
0060712,전광석화,20230222,암,6114924,UNIFIED,6143784,EVERYBODY LOVES ME,,,API8_2
0045626,점순이고,20200317,암,0034735,페더럴리스트,0021873,강공알파,,,API8_2
0053955,정문킹덤,20230428,수,0039216,킹삭스,0035869,즐거운함성,,,API8_2
0053937,정상에이스,20210108,수,6109238,MOHAYMEN,6113773,TOP SHEET,,,API8_2
0060344,정상히어로,20230419,수,7000184,BEAU LIAM,6108034,MOTHER OF SWORDS,,,API8_2
0055512,정성공주,20240216,암,0046317,레이스데이,0034111,당대퀸,,,API8_2
0054186,정우불패,20230412,수,0032990,한센,0039107,밸리퀸,,,API8_2
0052955,제너럴윈드,20230128,수,0021239,연승대로,0038613,제너럴로즈,,,API8_2
0046686,제라퀸,20210120,암,0033119,선더모카신,0033421,제라진,,,API8_2
0053807,제성블루,20230513,암,0037972,올드패션드,0036319,포에마,,,API8_2
0053365,제이디강자,20230322,수,0033566,파워블레이드,0041854,소울리마제스틱,,,API8_2
0054043,제이디불꽃,20230402,암,6102795,JIMMY CREED,0052717,프라이즈포트레잇,,,API8_2
0053149,제이에스러브,20230302,암,0045050,섀클포드,0036332,와일드앤프라우드,,,API8_2
0045729,제이에스로드,20200401,수,6967942,TWIRLING CANDY,0044992,슬리프리스,,,API8_2
0060829,제이에스베트,20230406,수,7000176,SILVER STATE,6116891,TWICE AROUND,,,API8_2
0057007,제이에스빅뱅,20240308,수,0045082,오버애널라이즈,0034170,메니뮤직,,,API8_2
0050876,제이원파워,20220215,수,0037439,더킹,0034427,제이원,,,API8_2
0053658,제주블루,20230330,암,0050506,에어포스블루,0035877,제주의하늘,,,API8_2
0057583,제주프린세스,20230417,암,0036732,머스킷맨,0040081,아쿠아프린세스,,,API8_2
0053856,제축산지로,20230428,거,0045050,섀클포드,0046487,엘로퀀트,,,API8_2
0045999,제타마스터,20200403,거,0034428,테스타마타,0035083,백산여왕,,,API8_2
0051829,조이천하,20220325,수,0031261,사이먼퓨어,0038615,아이비에스퀸,,,API8_2
0047071,주링스카이,20210328,암,0033566,파워블레이드,0036101,주링허우,,,API8_2
0046261,주몽천하,20200215,거,0038391,카우보이칼,0026785,킹덤레이스,,,API8_2
0051225,준마포스,20220311,암,0041566,투아너앤드서브,0038346,토츠어돕스,,,API8_2
0053381,즐거운빛,20230310,암,0038025,아임유어파더,0032652,해피한걸,,,API8_2
0051830,즐거운상상,20220424,수,0032258,트리플나인,0033022,그리자이,,,API8_2
1412299,지구라트,20210301,거,0038387,콩코드포인트,0031816,위즈스파크,,,API8_2
0045183,지모션,20200112,거,6106652,SUMMER FRONT,0044980,레이디도리스,,,API8_2
0060345,지비볼트,20230307,거,6149803,ROCK YOUR WORLD,7114140,SHINING CAUSE,,,API8_2
0055760,지비에이스,20240405,수,0041813,미스터크로우,0029076,라이징에이스,,,API8_2
0056076,지비퀸,20240511,암,0032990,한센,0035525,글로벌퀸,,,API8_2
0061458,지비플래시,20240302,거,6108940,DAREDEVIL,7022348,MINI PEARL,,,API8_2
0062432,지비하이퍼,20240511,수,6964691,MUNNINGS,6128782,TRINI BREWNETTE,,,API8_2
0054001,지산레이블,20230417,수,0041868,제이피즈거스토,0036691,테이크미어웨이투,,,API8_2
0056218,지산바라크,20240418,암,0038227,크리솔라이트,0029360,설트리조스키,,,API8_2
0053732,지산커밍순,20230409,수,0045009,자이언트런,0036427,커밍순,,,API8_2
0055912,지산퀸,20240324,암,0038227,크리솔라이트,0042924,아담스애플,,,API8_2
0050949,지산포스,20220325,수,0038227,크리솔라이트,0035190,태후의날개,,,API8_2
0053092,지산포에버,20230228,수,0038227,크리솔라이트,0022243,브라운걸,,,API8_2
0056083,지산프렌드,20220219,암,0038227,크리솔라이트,0039865,투고윈,,,API8_2
0053437,지산프리,20230309,암,0038227,크리솔라이트,0041983,케어프리,,,API8_2
0053223,지존불패,20230330,거,6998418,MUCHO MACHO MAN,0052759,오섬매그놀리아,,,API8_2
0054173,지플렉스,20230312,수,6969075,지몰로지스트,0046495,헥사메테르,,,API8_2
0060799,진격의돌핀,20231011,암,6106423,DUNDEEL,7144548,SANTA ROCKS,,,API8_2
0059220,진격의치타,20231031,거,6126575,HEROIC VALOUR,7169472,DAYITA,,,API8_2
0050695,질주의여왕,20220314,암,0034735,페더럴리스트,0029065,초원의별,,,API8_2
0053111,질풍아,20230324,수,6112413,TAPWRIT,0052712,퀵페이,,,API8_2
0053598,질풍키튼,20230427,수,0033119,선더모카신,0033120,키튼즈프라이드,,,API8_2
0060638,짜릿한행복,20230401,수,6130196,MAXIMUS MISCHIEF,7024323,SHADES OF LIGHT,,,API8_2
0051758,차밍퀸,20220419,암,0028545,인디밴드,0036620,지니,,,API8_2
0053407,찬란한함성,20230305,암,0045050,섀클포드,0024924,피렌체,,,API8_2
0051421,찬페이머스,20220331,수,0032990,한센,0025737,인터처블,,,API8_2
0054053,참빠른말,20230307,거,0032990,한센,0036710,퀘스트포석세스,,,API8_2
0046963,참좋은질주,20210310,암,0027443,컬러즈플라잉,0040021,록코모도,,,API8_2
0053291,창조의아침,20210327,거,6964691,MUNNINGS,6124860,BLUEGRASS MISS,,,API8_2
0055087,창창삭스,20211029,수,6115089,RAGEESE,7124159,TREPIDATION,,,API8_2
0040914,챌린지삭스,20170417,암,0037972,올드패션드,0033100,캐쥬얼애티튜드,,,API8_2
0056206,챔피언코드,20240420,수,0038391,카우보이칼,0052695,머제스틱게일,,,API8_2
0062073,처음본순간,20240208,수,6129608,TUNWOO,7006087,ENCHANTED ISLAND,,,API8_2
0051209,천공의섬,20220413,거,0026213,지금이순간,0038399,레드밍크스,,,API8_2
0051106,천궁스톰,20220227,거,0045050,섀클포드,0034903,벨이밴저린,,,API8_2
0055186,천둥의불꽃,20240220,수,0046317,레이스데이,0038430,블루그라스아타튜,,,API8_2
0057120,천둥의비상,20240430,수,0038387,콩코드포인트,0044987,레슬리스워리어,,,API8_2
0056845,천둥의스퍼트,20240423,수,0046317,레이스데이,0040228,라이트유어월드,,,API8_2
0054115,천둥의질주,20230406,거,0045050,섀클포드,0050526,홀리대즐,,,API8_2
0053278,천마누비,20230304,암,0033119,선더모카신,0030507,누비퀸,,,API8_2
0056140,천마의함성,20240326,수,7000060,나이트러스,0031616,빙고스타,,,API8_2
0055385,천마포스,20210911,거,6149613,ZOUSAIN,7128686,PUERTO VALLARTA,,,API8_2
0052080,천마호령,20220517,암,0045050,섀클포드,0033016,디렉션,,,API8_2
0056964,천상검룡,20240423,수,0041566,투아너앤드서브,0039108,큐비트윈,,,API8_2
0051100,천지레이디,20220322,암,0034254,천지스톰,0027811,금희,,,API8_2
0056090,천지신검,20240425,암,0037610,가온챔프,0041865,사제불이,,,API8_2
0053368,천지자칼,20230328,수,0050506,에어포스블루,0040234,소우전러브,,,API8_2
0053370,천지탱크,20230401,거,0050506,에어포스블루,0021560,쾌검,,,API8_2
0052833,청강겨울,20230205,암,0040246,지롤라모,0026909,남행열차,,,API8_2
0053739,청강봄,20230415,암,0041566,투아너앤드서브,0035474,쾌한탄생,,,API8_2
0051220,청룡기운,20220407,거,0045050,섀클포드,0041557,폰트,,,API8_2
0051896,청룡의칼,20220331,거,0038391,카우보이칼,0034782,캐리어,,,API8_2
0053240,청산돌풍,20230317,수,0045050,섀클포드,0040404,올백,,,API8_2
0051689,청산질주,20220407,수,0045082,오버애널라이즈,0040237,타하우르,,,API8_2
0058008,청야,20221007,수,6127356,LEAN MEAN MACHINE,7169370,MOONLIGHT NOVA,,,API8_2
0053687,청운비상,20230410,암,0032258,트리플나인,0040516,청운지벽,,,API8_2
0053762,청월,20230501,암,0046317,레이스데이,0044965,쉬비스위트,,,API8_2
0051627,청해스타,20220401,암,0046484,도르트문트,0036113,특별스타,,,API8_2
0051265,초월마,20220310,거,0038387,콩코드포인트,0041865,사제불이,,,API8_2
0053950,초콜릿,20230428,수,0040246,지롤라모,0040170,티즈어다이나포머,,,API8_2
0046875,최강골드,20210326,거,0045050,섀클포드,0023687,힐오브드림즈,,,API8_2
0060362,최강벨트,20230414,수,6126922,TACITUS,6119098,CARA DURA,,,API8_2
0051367,최강스피드,20220317,수,0041813,미스터크로우,0041929,파이어리스타,,,API8_2
0054015,최고게임,20210130,수,6112206,FROSTED,6128971,DR. MELFI,,,API8_2
0053312,최고골드,20230218,거,0038245,미스치비어슬리,0031119,코리아넘버원,,,API8_2
0060360,최고벨트,20230403,거,7000183,UNCLE CHUCK,6120250,MLLE. MINUIT,,,API8_2
0051530,추풍령,20220413,수,0025790,피스룰즈,0028105,블루드리머,,,API8_2
0055384,축배를들어라,20211109,거,6107560,SIDESTEP,6815552,READY FOR MORE,,,API8_2
0055897,춤추는장미,20220410,암,6109240,모스피릿,6109904,CITY RUN,,,API8_2
0053153,치프스타,20230220,암,0045050,섀클포드,0032759,한라축제,,,API8_2
0056080,카라명,20240305,암,6969075,지몰로지스트,0027850,테일스트,,,API8_2
0052135,카라케이,20220422,암,0028545,인디밴드,0018434,고치령,,,API8_2
0056780,카레이칸,20240510,수,0027443,컬러즈플라잉,0042149,루비스타,,,API8_2
0061509,카레이히어로,20240415,암,0027443,컬러즈플라잉,0027374,디히어퀸,,,API8_2
0053981,카론에지,20230502,암,0046317,레이스데이,0038694,카론블레이드,,,API8_2
0046118,카리즈마,20200217,거,0033119,선더모카신,0035794,리틀소시에,,,API8_2
0052484,카스,20210512,거,0038332,커널존,0036679,지피얀,,,API8_2
0061176,카스텔라,20230926,수,7000821,PRINCE FAWAZ,6506232,DIVINE DIVA,,,API8_2
0053241,카오스,20230224,암,0041566,투아너앤드서브,0041308,로드란,,,API8_2
0052817,카우보이삭스,20230127,암,0038391,카우보이칼,0042584,스틸더패션,,,API8_2
0056543,카우보이스타,20240520,수,0038227,크리솔라이트,0040082,러브미니스터,,,API8_2
0059321,카우보이퀸,20230313,암,0038391,카우보이칼,0028635,윈드레토,,,API8_2
0057326,카인드큐피드,20230117,암,6149544,INSTILLED REGARD,7006116,KIND HUMOR,,,API8_2
1411884,카일리,20210319,암,0041566,투아너앤드서브,0036622,어나더헤리티지,,,API8_2
0053415,카타리나라,20230412,암,0036194,인디언킹,0031031,플라이톱퀸,,,API8_2
0051630,칸맥스,20220306,거,0038391,카우보이칼,0029392,모너,,,API8_2
0057332,캐롤챗,20230214,수,0057586,프레저베이셔니스,0054964,애니앤드캐롤라인,,,API8_2
0052979,캐치레이스,20230121,암,0039737,어플릿익스프레스,0039839,땡큐마더,,,API8_2
0055474,캔들스스타,20240311,암,6149757,IDOL,0055036,캔들스틱메이커,,,API8_2
0053187,캡마왕,20230220,수,0041868,제이피즈거스토,0040702,캡틴걸,,,API8_2
0056594,캡틴군주,20220430,수,6106670,TAPITURE,7018660,GRAN NIGHTHAWK,,,API8_2
0051538,캡틴라이즈,20220426,수,0037439,더킹,0035264,럭셔리해피,,,API8_2
0061460,캡틴리엄,20240128,수,6127013,COLONEL LIAM,7000957,ECLIPTICALSPHARAOH,,,API8_2
0055345,캡틴베러티,20240323,수,0037972,올드패션드,0050482,비너스베러티,,,API8_2
0056783,캡틴퀸,20240427,암,0045049,프리덤차일드,0042536,엠제이퀸,,,API8_2
0047215,캡틴타임,20210317,암,0039812,모던카우보이,0031551,스마트타임,,,API8_2
0053496,커다란축복,20230316,암,0032224,돌아온현표,0038732,톱오브더월드,,,API8_2
0051335,커맨딩리드,20220416,암,0027443,컬러즈플라잉,0044934,페이데이키튼,,,API8_2
0055794,커버스토리,20240325,수,0026213,지금이순간,0041837,커버걸저스티스,,,API8_2
0053502,컬러즈매치,20230416,거,0027443,컬러즈플라잉,0045056,쉬톨드유,,,API8_2
0053483,컴백홀리몰리,20230311,수,0033119,선더모카신,0033421,제라진,,,API8_2
0053825,컴퍼스포스,20230504,암,0045009,자이언트런,0038427,컴퍼스로즈,,,API8_2
0051200,컴플리트디바,20220306,암,0032990,한센,0026291,클레이사격,,,API8_2
0055482,컴플리트러너,20240308,수,0037972,올드패션드,0041967,골든로즈Ⅱ,,,API8_2
0045537,컴플리트레벨,20200303,수,0039742,테이크차지인디,0030503,검화,,,API8_2
0045555,컴플리트리더,20200323,거,0034428,테스타마타,0027451,엔들리스헤로인,,,API8_2
0044137,컴플리트밸류,20190310,수,0040246,지롤라모,0032471,포트스덕션,,,API8_2
0046971,컴플리트브로,20210311,거,0025790,피스룰즈,0032471,포트스덕션,,,API8_2
0046539,컴플리트스텝,20200402,암,0040246,지롤라모,0020886,골든로즈,,,API8_2
0053911,컴플리트터보,20230423,수,6969075,지몰로지스트,0040197,예스잇즈와일드,,,API8_2
0050910,컴플리트터치,20220304,암,0045050,섀클포드,0040213,오섬시머트리,,,API8_2
0046741,컴플리트파티,20210209,암,0038391,카우보이칼,0033501,이글삭스,,,API8_2
0053284,컴플리트퓨처,20230403,거,0045050,섀클포드,0035437,빅토리브라운,,,API8_2
0056241,컴플리트플랜,20240418,수,0038387,콩코드포인트,0033485,서울퀸,,,API8_2
0054034,컴플리트하트,20210216,암,6967924,DIALED IN,7030683,TROJAN SONG GIRL,,,API8_2
0053350,케렌시아,20230405,수,0038387,콩코드포인트,0038307,슈룹,,,API8_2
0054604,케이드래곤,20220323,거,6103967,GOLDENCENTS,6111835,CLARE'S BERNARDINE,,,API8_2
0051890,케이사이먼,20220503,거,0031261,사이먼퓨어,0028954,팜프린세스,,,API8_2
0056053,케이삭스,20240420,수,0046317,레이스데이,0041854,소울리마제스틱,,,API8_2
0043403,케이엔라이트,20180401,거,0034428,테스타마타,0029063,인디언호퍼,,,API8_2
0055510,케이엔베스트,20240227,수,0046317,레이스데이,0035664,베스트캠프,,,API8_2
0057309,케이엔빅뱅,20230227,거,6965458,KANTHAROS,7014372,SNEAKY,,,API8_2
0051262,케이엔스톰,20220325,거,6149543,INSTAGRAND,0050524,스위트에스프리,,,API8_2
0053695,케이퀸,20230416,암,0045050,섀클포드,0032718,케이어센딩,,,API8_2
0052131,케이파워풀,20220410,수,0045050,섀클포드,0025983,파워풀미스지,,,API8_2
0056194,케이포스,20240416,수,0028224,케이탑,0020579,화려한비상,,,API8_2
0061612,케이피골드,20240207,암,0052826,쿠르부아지에,0038529,골드파티,,,API8_2
0056733,켈리,20240420,암,0038391,카우보이칼,0044160,레이디퍼스트,,,API8_2
0056397,코리안드림,20220113,수,6149524,ECHO TOWN,7000286,MY TEMPO,,,API8_2
0057560,코리안부스터,20240420,수,0039737,어플릿익스프레스,0040845,퍼텐셜에너지,,,API8_2
0052993,코발트블루,20230222,암,0040246,지롤라모,0034469,어메이징대지,,,API8_2
0044877,코스모런,20190528,암,0021239,연승대로,0030394,마이걸,,,API8_2
0053298,코스모롱,20230304,암,0038245,미스치비어슬리,0042331,버닝건,,,API8_2
0052994,코스모찐,20230208,암,7000060,나이트러스,0039207,큰러브,,,API8_2
0054012,콜긴,20210517,거,6112215,LAOBAN,7095003,BLUE CLARET,,,API8_2
0053263,콜미스카이,20230315,암,0038391,카우보이칼,0032502,콜미레이서,,,API8_2
0055566,콩나물,20220419,수,6130196,MAXIMUS MISCHIEF,6150522,HOLIDEJAVU,,,API8_2
0053663,콩코드블루,20230326,수,0038387,콩코드포인트,0039066,블루밴드,,,API8_2
0053888,콩코드코디,20230422,수,0038387,콩코드포인트,0033837,라스트코디,,,API8_2
0055792,콰이어트런던,20240317,수,0040033,런던타운,0039560,다정이,,,API8_2
0053489,쾌걸춘향,20230312,암,7000060,나이트러스,0034985,엑톤신화,,,API8_2
0051429,퀀텀케이,20220311,수,0032990,한센,0029619,금빛환희,,,API8_2
0051562,퀸다이아,20220428,암,0046317,레이스데이,0036642,리마커블스토리,,,API8_2
0054244,퀸매스터리,20210123,암,6114904,MASTERY,6114168,PRINCESS CHAR,,,API8_2
1412051,퀸아비게일,20210510,암,0038391,카우보이칼,0033098,하버걸,,,API8_2
0055513,퀸용마,20240211,암,0046317,레이스데이,0041656,장산도쿄,,,API8_2
0053943,퀸즈레이스,20230429,암,0046317,레이스데이,0028341,퀸즈스텝,,,API8_2
0056184,퀸즈보이,20240413,수,6969075,지몰로지스트,0041327,사려니퀸,,,API8_2
0055485,퀸즈임팩트,20240217,암,0041819,닉스고,0053935,티즈디터민드,,,API8_2
0053990,퀸즈타이거,20230502,암,0046317,레이스데이,0030244,퀸즈블레이드,,,API8_2
0053696,퀸즈플라잉,20230402,암,0038227,크리솔라이트,0031824,미래여제,,,API8_2
0055613,퀸플라자,20230320,암,0044420,레볼루셔너리,0035142,선플라자,,,API8_2
0055659,큐피드드리머,20240226,암,0046317,레이스데이,0037438,갑오드림,,,API8_2
0056121,큐피드럭키,20240428,수,0027443,컬러즈플라잉,0041712,플로리다파워,,,API8_2
0051131,큐피드잇,20220311,수,0032990,한센,0036009,큐피드닥터,,,API8_2
0056141,큐피드천궁,20240416,수,0052316,콘서트투어,0041614,엘리트레이디,,,API8_2
0053050,큐피드커맨드,20230308,수,0044931,센트럴커맨드,0033815,금강천하,,,API8_2
0050957,큐피드케이,20220222,암,0033566,파워블레이드,0036332,와일드앤프라우드,,,API8_2
0056248,크라운레거시,20240430,거,6970674,PAYNTER,0054747,돈트스톱투숍,,,API8_2
0056031,크라운레이서,20240428,암,0046317,레이스데이,0036612,엘리사타운,,,API8_2
0053404,크러시걸,20230427,암,0041800,메디치글로리,0038398,메스인어드레스,,,API8_2
0051435,크레이지망고,20220311,수,0044420,레볼루셔너리,0036445,달려라레오,,,API8_2
0056308,크레이지멍키,20240403,암,0033566,파워블레이드,0046424,파자마마마,,,API8_2
0055630,크레이지볼트,20240225,암,0036732,머스킷맨,0036629,서치어스위트걸,,,API8_2
0056670,크레이지블루,20240325,수,0041559,빅스,0032968,산타마리,,,API8_2
0058006,크레이지스타,20221003,거,6126920,OMAHA BEACH,7169374,TOOK,,,API8_2
0053514,크레이지챔프,20230322,암,0028224,케이탑,0036445,달려라레오,,,API8_2
0045259,크로마이트,20200126,거,0034735,페더럴리스트,0025713,레인어브타라,,,API8_2
0046982,크리솔니케,20210430,암,0038227,크리솔라이트,0035075,필라니케,,,API8_2
0046907,크리솔동해,20210409,수,0038227,크리솔라이트,0034942,동해텐텐텐,,,API8_2
0053996,크리솔스위트,20230315,수,0038227,크리솔라이트,0031259,스윗익스체인지,,,API8_2
0053550,크리솔스텝,20230409,수,0038227,크리솔라이트,0026109,로열스텝,,,API8_2
0051186,크리솔스톤,20220415,암,0038227,크리솔라이트,0035075,필라니케,,,API8_2
0054400,크리솔퀸,20230515,암,0038227,크리솔라이트,0038122,할리퀸,,,API8_2
0046024,크리솔크라운,20200321,거,0038227,크리솔라이트,0038122,할리퀸,,,API8_2
0051187,크리솔텐,20220322,암,0038227,크리솔라이트,0034942,동해텐텐텐,,,API8_2
0056085,크리솔투데이,20240405,암,0038227,크리솔라이트,0037517,서미트투데이,,,API8_2
0047428,크리솔포시,20210409,암,0038227,크리솔라이트,0036306,인티미시미,,,API8_2
0051337,크리솔피스,20220405,수,0038227,크리솔라이트,0037333,에블린,,,API8_2
0053578,크리솔힐즈,20230321,암,0038227,크리솔라이트,0034087,펜타힐즈,,,API8_2
0045075,클래스희망,20190320,암,0038391,카우보이칼,0036354,태피튜드,,,API8_2
0059223,클래식오텀,20240424,수,0054840,클래식엠파이어,6975118,ANTONIA AUTUMN,,,API8_2
0053177,클러치골드,20230330,암,0038245,미스치비어슬리,0044944,골든스트라이프,,,API8_2
0055466,클러치더비,20240226,수,6106383,CAIRO PRINCE,0054928,식스퀸즈,,,API8_2
0053709,클러치러브,20230508,암,0045050,섀클포드,0040144,옥스포드베이브즈,,,API8_2
0055209,클러치마일,20240202,거,6148175,PINEHURST,0054966,컨퍼메이션바이스,,,API8_2
0053493,클러치매직,20230412,수,0044993,언캡처드,0036646,템파르니요,,,API8_2
0061801,클러치워,20240407,수,7012481,ALOHA WEST,6965820,PACIFIC WHISPER,,,API8_2
0054040,클러치월드,20230521,수,0045050,섀클포드,0035911,투어로즈,,,API8_2
0062627,클러치챔프,20240419,수,7029910,JACK CHRISTOPHER,6149898,SHYSHEISNOT,,,API8_2
0056300,클러치키드,20240329,수,0045050,섀클포드,0039274,레몬키드,,,API8_2
0061571,클러치펀치,20240424,거,6112213,UPSTART,6115769,LUCKY MOVE,,,API8_2
0053875,클럽맨,20230208,수,6969075,지몰로지스트,0031483,플리트비체,,,API8_2
0052141,클럽큐,20220405,암,0044420,레볼루셔너리,0030960,마리카,,,API8_2
0051295,클레어빅뱅,20220428,암,0044420,레볼루셔너리,0029120,찬기파랑,,,API8_2
0055200,클레어축제,20240302,암,6102795,JIMMY CREED,0054821,아이데에클레어,,,API8_2
0054179,클레어프리덤,20230515,암,0045049,프리덤차일드,0035535,스마트파크,,,API8_2
0056011,클로버삭스,20240410,암,0032990,한센,0044979,세타라,,,API8_2
0052905,클로버원,20230222,수,7000060,나이트러스,0022324,레모니,,,API8_2
0060715,클로버톱,20230120,거,6114907,CONNECT,6129905,FASHION BRAND,,,API8_2
0052513,클림트월드,20210209,수,6114923,KLIMT,6105881,MILDRED,,,API8_2
0055262,키스더모닝,20240315,암,0026213,지금이순간,0029065,초원의별,,,API8_2
0045382,킹다이아,20200222,거,0040246,지롤라모,0038346,토츠어돕스,,,API8_2
0054098,킹마스터,20230301,수,0037439,더킹,0038946,영원챔프,,,API8_2
0053367,킹스파이시,20230330,수,0038391,카우보이칼,0038714,매치퀸,,,API8_2
0044487,킹아너,20190418,거,0041566,투아너앤드서브,0011363,정보왕,,,API8_2
0046511,킹칼레,20190321,거,0050008,바이언,6107800,SHUNGO,,,API8_2
0061579,타라우마라,20240413,수,6118888,VINO ROSSO,7034841,CHEATHAM HILL,,,API8_2
0053207,타이거드림,20230327,거,0038245,미스치비어슬리,0040088,타피즈드림,,,API8_2
0054880,타이거로어,20230419,암,0036732,머스킷맨,0033053,스토미튜스데이,,,API8_2
0053992,타이거리벤저,20230520,암,0033566,파워블레이드,0041954,미나키,,,API8_2
0053271,타이거망치,20230318,거,0037972,올드패션드,0038478,블랙재퍼,,,API8_2
0056334,타이거맥스,20240513,암,0033566,파워블레이드,0040138,대즐링디스플레이,,,API8_2
0053989,타이거불패,20230408,암,0033566,파워블레이드,0041951,진저러시,,,API8_2
0055653,타이거챔프,20240329,암,0038387,콩코드포인트,0036045,반지의장미,,,API8_2
0050761,타이거케이,20220127,거,0028224,케이탑,0028223,다이아찬스,,,API8_2
0056338,타이거포스,20240406,수,0033566,파워블레이드,0043498,장산골드,,,API8_2
0053870,타이트플레이,20230404,수,0045082,오버애널라이즈,0020579,화려한비상,,,API8_2
0055271,타임라이프,20240203,암,0041800,메디치글로리,0040125,사일런트포에트리,,,API8_2
0054673,탄성의반석,20220428,수,6115212,GOOD SAMARITAN,6150157,ONE SHARP LADY,,,API8_2
0046461,탐라최강자,20200421,거,0028545,인디밴드,0036394,탐라퀸,,,API8_2
0056406,탑티어,20220507,수,6149543,INSTAGRAND,6110513,EQUITABLE,,,API8_2
0053488,태광프린스,20230314,수,0040246,지롤라모,0033231,두만강,,,API8_2
0060725,태권브이,20230130,거,6115210,MO TOWN,6116812,SWEET OATS,,,API8_2
0053792,태극왕자,20230502,수,0039750,퍼지,0032602,클린업비전,,,API8_2
0051305,태기산킹,20220412,수,0034428,테스타마타,0030838,슈퍼레전드,,,API8_2
0053212,태양의전사,20230308,수,0037972,올드패션드,0029619,금빛환희,,,API8_2
0050793,태평레전드,20220214,수,6620030,AFLEET ALEX,0050381,서치포새미,,,API8_2
0056576,태평에스지,20240523,수,0044743,사우스비치,0050563,베네핏에스티,,,API8_2
0047262,태평히어로,20210220,수,0044743,사우스비치,0036344,베네피셜프렌드,,,API8_2
0062956,태핏스마이그랜파,20240229,수,7003396,MAGIC ON TAP,7116037,LIZA STAR,,,API8_2
0051653,탭딘,20220403,수,6106670,TAPITURE,0050577,온딘,,,API8_2
0046333,탱글이,20200519,수,0041566,투아너앤드서브,0025175,노던파크,,,API8_2
0050640,터보차지,20220308,암,0044993,언캡처드,0028798,선기어,,,API8_2
0051086,터치더스카이,20220303,암,0041813,미스터크로우,0033067,스카이라라,,,API8_2
0046567,턴테이블,20210322,암,0045050,섀클포드,0028798,선기어,,,API8_2
0055752,테디블레이즈,20240418,암,0032990,한센,0036468,블레이징스타,,,API8_2
0046012,테마탄생,20200306,거,0039742,테이크차지인디,0013969,미스트래블린,,,API8_2
0055993,테이크이지,20240511,암,0044993,언캡처드,0050525,돈패스저지먼트,,,API8_2
0054874,테이크참,20230315,암,0044420,레볼루셔너리,0050571,테이크어웨이,,,API8_2
0045100,텐배거,20190125,수,0038391,카우보이칼,0030384,슈거빅토리,,,API8_2
0055196,토네르도스,20240211,수,6119755,AUDIBLE,0055042,스위트앤솔티키스,,,API8_2
0056201,토네르원,20240418,수,6969075,지몰로지스트,0017475,금순이,,,API8_2
0062112,토렌스,20240217,암,7001108,EARLY VOTING,6150033,BOCA INC,,,API8_2
0046650,토호마켓,20210216,암,0044420,레볼루셔너리,0020630,물보라,,,API8_2
0045283,토호스카이,20200306,수,0041566,투아너앤드서브,0020630,물보라,,,API8_2
0055497,통쾌한승자,20240320,수,0052316,콘서트투어,0019256,산방미인,,,API8_2
0053330,투버드히트,20230320,암,7000060,나이트러스,0029486,송버드투,,,API8_2
0054867,투어킹,20230420,거,6969075,지몰로지스트,0045083,브라이디즈프롤릭,,,API8_2
0062605,투잡스,20240216,암,6975312,KARAKONTIE,6151185,PARKOUR,,,API8_2
0052841,투투매직,20230118,암,0038245,미스치비어슬리,0021457,매직치프,,,API8_2
0056342,투혼의함성,20240301,암,6101314,HIGHTAIL,0055128,패리스퀸Ⅱ,,,API8_2
0056227,툰테자,20240422,암,0041813,미스터크로우,0035437,빅토리브라운,,,API8_2
0062959,트라움레이스,20240314,수,6119780,ENGAGE,7079499,FASTERTHANFAST,,,API8_2
0055490,트라움매직,20240218,암,0027443,컬러즈플라잉,0022142,러브메도우,,,API8_2
1412323,트라움킹,20210505,수,0041566,투아너앤드서브,0035406,큰마법,,,API8_2
0054882,트리고누스,20230409,암,0032258,트리플나인,0039374,호스퀸,,,API8_2
0047064,트리스탄왕자,20210310,거,0044993,언캡처드,0022890,탱고스텝,,,API8_2
0055198,트리플에스,20220210,암,0044420,레볼루셔너리,0029832,스타드퀸,,,API8_2
0051828,트리플제니,20220420,암,0032258,트리플나인,0033484,제니천왕,,,API8_2
0062963,트웬티플랫,20240412,수,7000174,CHARLATAN,6978380,DAWN RAID,,,API8_2
0054323,특급기상,20230424,암,0021239,연승대로,0031761,해운대기상,,,API8_2
0051253,특급파티,20220410,암,0021239,연승대로,0034469,어메이징대지,,,API8_2
0054020,티나케이,20210203,암,6114923,KLIMT,6549885,JUST A BULLET,,,API8_2
0056596,티아라수아,20220505,암,6119755,AUDIBLE,6147889,APOLOGY ACCEPTED,,,API8_2
0053852,파드슈발,20230427,수,0046317,레이스데이,0036642,리마커블스토리,,,API8_2
0061937,파라오의딸,20240204,암,6114383,DREFONG,7179053,BUMPER CROP,,,API8_2
0053505,파라이바,20230406,암,0045050,섀클포드,0045060,플래시플라트,,,API8_2
0057313,파리의불꽃,20230408,수,6114915,CUPID,6119367,SNOW,,,API8_2
0056052,파사길,20240413,수,0046317,레이스데이,0050484,룰라탈룰라,,,API8_2
0060709,파사스파크,20230331,암,6116003,GIFT BOX,6130641,TRUE HISTORY,,,API8_2
0060703,파사스퍼트,20230309,수,7000180,BASIN,6151106,SEIZE THE EMPRESS,,,API8_2
0054129,파사에이스,20230406,수,0038387,콩코드포인트,0036658,플리트코즈웨이,,,API8_2
0051862,파사퀸,20220508,암,0045050,섀클포드,0040165,디리사,,,API8_2
0054048,파워군주,20210301,수,6313602,GHOSTZAPPER,6110549,ONE NIGHT,,,API8_2
0061000,파워레이서,20240430,암,0033566,파워블레이드,0034657,아름다운동행,,,API8_2
0053283,파워매직,20230224,암,0033566,파워블레이드,0044986,더파워오브스포트,,,API8_2
0051449,파워밴드,20220317,암,0033566,파워블레이드,0039066,블루밴드,,,API8_2
0053191,파워베스트,20230217,수,7000060,나이트러스,0038529,골드파티,,,API8_2
0045734,파워에치드,20200318,거,0041547,에치드,0033528,베트파티,,,API8_2
0052878,파워질주,20220226,거,0039737,어플릿익스프레스,0033447,마중물,,,API8_2
0053693,파워풀나이트,20230430,수,0037674,뉴레전드,0023319,예스트라이크,,,API8_2
0052795,파워풀돈,20230129,암,0041868,제이피즈거스토,0031834,연승불패,,,API8_2
0055120,파워풀미스터,20240202,수,0041868,제이피즈거스토,0043726,원더풀차머,,,API8_2
0055787,파워풀스탠스,20240322,암,0037674,뉴레전드,0042977,원더풀디거,,,API8_2
0053323,파워풀슬루,20230317,수,0034428,테스타마타,0041536,집시캡컴퍼니,,,API8_2
0053692,파워풀아크틱,20230430,암,0039750,퍼지,0032522,승리사랑,,,API8_2
0052794,파워풀임팩트,20230119,수,0039750,퍼지,0038311,라데아,,,API8_2
0053694,파워풀파트너,20230421,암,0037674,뉴레전드,0036315,태피스트리,,,API8_2
0053843,파워풀프라도,20230421,암,0027443,컬러즈플라잉,0044934,페이데이키튼,,,API8_2
0055780,파워풀헤일로,20240425,수,0034428,테스타마타,0030838,슈퍼레전드,,,API8_2
0046888,파이널고,20210325,거,0032990,한센,0019415,대효,,,API8_2
0045610,파이널질주,20200308,암,0041547,에치드,0034427,제이원,,,API8_2
0045339,파이널축제,20200310,수,0040246,지롤라모,0032006,월드퀵,,,API8_2
0054728,파이널케이,20220413,수,6106383,CAIRO PRINCE,6780071,CLOUDBURST,,,API8_2
0053486,파이브스타,20230316,수,0045082,오버애널라이즈,0031807,소나타존,,,API8_2
0055607,파이어타이거,20240330,수,0034709,동방대로,0036217,에버그린트리,,,API8_2
0045397,파이어파워,20200304,수,0034835,티즈원더풀,0031056,바다새,,,API8_2
0050948,파인핑크,20220213,암,0032258,트리플나인,0031500,끝판여왕,,,API8_2
0053865,파카레이서,20230425,거,0046317,레이스데이,0016751,임패션드댄서,,,API8_2
0056043,파카비컨,20240420,수,0046317,레이스데이,0040167,러브토어치,,,API8_2
0053712,파카샤인,20230412,거,0037972,올드패션드,0038282,윌투샤인,,,API8_2
0054466,팔팔날아,20230427,암,0038025,아임유어파더,0038922,역전의태양,,,API8_2
0053227,팡팡대로,20230404,거,6112206,FROSTED,0052745,루쓰리스퀄리티,,,API8_2
0051350,패션스타,20220311,암,0037972,올드패션드,0036709,인에스크로,,,API8_2
0060340,팬텀프린스,20230506,수,6106383,CAIRO PRINCE,6125741,HER BIG MOMENT,,,API8_2
0055402,퍼스트서귀,20240210,수,0032990,한센,0039160,크레이지큐,,,API8_2
0050938,퍼지스텝,20220412,암,0039750,퍼지,0026109,로열스텝,,,API8_2
0045533,퍼펙트건맨,20200319,거,0037972,올드패션드,0036616,스칼렛스타렛,,,API8_2
0053666,퍼펙트게임,20220420,거,0041566,투아너앤드서브,0033111,그릴리메이,,,API8_2
0051567,퍼펙트다나은,20220324,거,0045049,프리덤차일드,0031051,홀리워크,,,API8_2
0055989,퍼펙트텐,20240430,수,0045050,섀클포드,0030321,클린업스피드,,,API8_2
0053639,퍼플그레이스,20230324,암,0037972,올드패션드,0024556,코리아캡틴,,,API8_2
0054195,퍼플리버,20230312,수,0044993,언캡처드,0038290,리버포리스트,,,API8_2
0045289,퍼플신화,20200312,거,0032990,한센,0028107,칼라하리,,,API8_2
0054190,퍼플에테르노,20230428,암,0041566,투아너앤드서브,0040992,탈레노이,,,API8_2
0046290,퍼플윙크,20200229,거,0033119,선더모카신,0031043,여시,,,API8_2
0054462,퍼플코리아,20230520,암,0041566,투아너앤드서브,0038345,마이패션,,,API8_2
0057323,펀치케이,20230415,수,6782484,ALTERNATION,7076217,IMPASSION,,,API8_2
0053208,페가수스킹,20230303,수,0036732,머스킷맨,0030842,랩소디,,,API8_2
0057303,페다이킨,20230413,수,6119755,AUDIBLE,6114573,EGG ROLL,,,API8_2
0054017,페어스카이즈,20210425,거,6784653,MIDSHIPMAN,6115429,GLIMPSE,,,API8_2
0057625,페인터마린,20240320,수,0038387,콩코드포인트,0041864,매직페인터,,,API8_2
0055886,페퍼엑스,20220418,수,6112212,SPEIGHTSTER,7000098,MY HAPPY GIRL,,,API8_2
0053768,포마드,20230420,암,0036732,머스킷맨,0030130,위너스마린,,,API8_2
0054601,포에버길,20230316,수,0034428,테스타마타,0027712,푸른에너지,,,API8_2
0055926,포에버런,20240405,수,0027443,컬러즈플라잉,0038744,함양산삼,,,API8_2
0053683,포에버선샤인,20230504,수,0036732,머스킷맨,0032119,그랜드캠프,,,API8_2
0060998,포에버정읍,20240410,수,0045050,섀클포드,0024436,마이티포에버,,,API8_2
0062435,포에버케이,20240319,수,6118875,SOLOMINI,6125866,CITY SECTION,,,API8_2
0053259,포에버히트,20230309,암,0038245,미스치비어슬리,0050535,플래터링조이,,,API8_2
0047175,포에틱누비,20210415,암,0039750,퍼지,0030507,누비퀸,,,API8_2
0053084,포인트아이,20230315,암,0036732,머스킷맨,0046489,나우아이노우,,,API8_2
0055738,포인트윈드,20240317,수,0038387,콩코드포인트,0033527,영토대왕,,,API8_2
0061461,포텐로드스터,20240309,수,6126919,ROADSTER,6129045,DISTORTED SUNRAYS,,,API8_2
0053567,포트레이매치,20230321,수,0034709,동방대로,0029676,포트레이,,,API8_2
0050951,폭스트롯,20220303,암,0045082,오버애널라이즈,0034985,엑톤신화,,,API8_2
0055383,푸른돌풍,20240219,암,0032990,한센,0039979,블루엠파이어,,,API8_2
0061442,푸른참,20230322,암,0044420,레볼루셔너리,0030927,푸른미소,,,API8_2
0055833,풀스윙,20240313,암,0052316,콘서트투어,0028105,블루드리머,,,API8_2
0055728,풀스트라이크,20240305,암,0050506,에어포스블루,0036618,그레노블,,,API8_2
0062955,풀하디,20240401,수,6130196,MAXIMUS MISCHIEF,7040324,GOLDILUCK,,,API8_2
0054260,프라임스타,20230320,암,0038391,카우보이칼,0039973,이스트걸치,,,API8_2
0055895,프라임크라운,20220228,수,6126464,AWESOME SLEW,6131389,THE SHADY LADY,,,API8_2
0047404,프로미스,20210329,거,0033119,선더모카신,0038346,토츠어돕스,,,API8_2
0050076,프로시드,20210329,수,0045014,프로스펙티브,0036652,아너드,,,API8_2
0055430,프리더원,20221102,수,7000805,OLE KIRK,7128688,READY FOR YOU,,,API8_2
0053629,프리메로,20230325,거,0028545,인디밴드,0027229,깍쟁이,,,API8_2
0052142,프리타임,20220228,수,0036732,머스킷맨,0033106,프러클레임,,,API8_2
0050902,플라잉데이,20220321,암,0046317,레이스데이,0046488,어케이전,,,API8_2
0055468,플라잉드림,20240311,수,0046317,레이스데이,0039749,드림딜라이트,,,API8_2
0053498,플라잉마하,20230315,수,0032994,다이나믹대시,0031102,그레이트마하,,,API8_2
0052816,플라잉선더,20230129,암,0057586,프레저베이셔니스,0052747,발즈프린세스,,,API8_2
0055583,플라잉셔틀,20240308,암,0027443,컬러즈플라잉,0030155,스페이스셔틀,,,API8_2
0053811,플라잉스마트,20230415,암,0037972,올드패션드,0041968,스마트사이트,,,API8_2
0053348,플라잉아너,20230319,거,0041566,투아너앤드서브,0038042,무적의챔프,,,API8_2
0056200,플라잉우노,20240429,수,0032990,한센,0036630,위키드우노,,,API8_2
0053917,플라잉치프,20230423,거,0038245,미스치비어슬리,0032869,여러분의여왕,,,API8_2
0046664,플라잉카라반,20210123,거,0032990,한센,0027150,그랜드카라반,,,API8_2
0050896,플라잉콩코드,20220302,거,0038387,콩코드포인트,0036396,일류천,,,API8_2
0053713,플라잉크루저,20210129,거,6127203,CATALINA CRUISER,6127645,BANNER WAVING,,,API8_2
0056331,플라잉파워,20240323,수,0033566,파워블레이드,0040357,올드블레이드,,,API8_2
0062958,플라잉파이터,20240210,수,7085541,SCALDING,6149129,WEALTHY SHIPMAN,,,API8_2
0056050,플라잉파티,20240425,암,0046317,레이스데이,0036818,피케이파티,,,API8_2
0055471,플라잉패션드,20240324,수,0037972,올드패션드,0050915,코다,,,API8_2
0050844,플래시골드,20220202,수,0046483,플래시백,0033089,파이브골드링즈,,,API8_2
0062614,플래시볼트,20240122,수,6115208,CITY OF LIGHT,6113472,KISS N SCAT,,,API8_2
0052893,플래시주드,20230217,암,0046483,플래시백,0030277,헤이주드,,,API8_2
0053649,플러터,20230425,수,0037972,올드패션드,0050524,스위트에스프리,,,API8_2
0053561,플레이매치,20230414,수,6969075,지몰로지스트,0036714,레디플레이어원,,,API8_2
0051414,플레이스테이,20220417,수,0046317,레이스데이,0032878,템플테이션,,,API8_2
0056500,플로터,20240510,수,0038387,콩코드포인트,0050524,스위트에스프리,,,API8_2
0053775,피렌체골드,20230419,암,0046317,레이스데이,0032517,지봉사랑,,,API8_2
0053863,피어나리,20230501,수,0044993,언캡처드,0043187,스테디위너,,,API8_2
0051136,피엔에스건즈,20220323,암,0045082,오버애널라이즈,0028551,헬리건스,,,API8_2
0051156,피엔에스공자,20220407,수,0034666,천구,0037607,공산,,,API8_2
0047246,피엔에스날라,20210304,거,0034666,천구,0039033,로열조이,,,API8_2
0051072,피엔에스러너,20220317,거,0036412,생일기쁨,0039403,검향,,,API8_2
0053061,피엔에스로만,20230213,수,0034666,천구,0039657,로열샬롬,,,API8_2
0051642,피엔에스리프,20220504,거,0034666,천구,0039151,갈잎,,,API8_2
0053568,피엔에스마운,20230314,암,0032990,한센,0041918,마이리틀듀스쿱,,,API8_2
0053569,피엔에스모건,20230426,수,0034666,천구,0038814,불의퀸,,,API8_2
0046772,피엔에스미,20210226,암,0033566,파워블레이드,0030411,미스블루,,,API8_2
0051050,피엔에스미트,20220209,암,0034666,천구,0034085,비욘드리미트,,,API8_2
0051077,피엔에스뷰,20220308,암,0034666,천구,0037048,인디언에코,,,API8_2
0051075,피엔에스뷰티,20220311,암,0034666,천구,0035342,사커글로리,,,API8_2
0053104,피엔에스브란,20230313,수,0041813,미스터크로우,0037631,보드람,,,API8_2
0053584,피엔에스송라,20230219,수,0028958,어드마이어돈,0037303,송암론다도르,,,API8_2
0051157,피엔에스승리,20220402,거,0034666,천구,0040972,라이징빅토리,,,API8_2
0053573,피엔에스아곤,20230413,수,0025790,피스룰즈,0035685,아르고멜로디,,,API8_2
0051154,피엔에스액트,20220418,암,0036412,생일기쁨,0036881,삼애스타,,,API8_2
0047250,피엔에스오오,20210308,거,0034666,천구,0037775,올오브미,,,API8_2
0051076,피엔에스올미,20220320,수,0034666,천구,0037775,올오브미,,,API8_2
0051681,피엔에스워크,20220310,암,0045014,프로스펙티브,0031493,파워앤스피드,,,API8_2
0050970,피엔에스원,20220202,암,0037972,올드패션드,0041971,프라우드오브마이,,,API8_2
0051067,피엔에스위너,20220410,암,0045014,프로스펙티브,0028549,우승데이,,,API8_2
0053537,피엔에스이트,20230328,수,0034666,천구,0034085,비욘드리미트,,,API8_2
0053060,피엔에스헌터,20230311,수,0036412,생일기쁨,0036463,화이트원,,,API8_2
0055499,피오라노,20240215,수,0038391,카우보이칼,0038936,금아글로리,,,API8_2
0053049,피케이워리어,20230227,암,0037439,더킹,0044987,레슬리스워리어,,,API8_2
0052995,피케이윈드,20230228,암,0044420,레볼루셔너리,0031221,스트롱윈드,,,API8_2
0057330,피프티나인킹,20230314,거,6149768,KNOWN AGENDA,6816300,SWINGINFROMARAINBO,,,API8_2
0053043,피피짱,20230225,거,0045050,섀클포드,0024681,메니피매직,,,API8_2
0054620,픽처,20220318,거,6149589,THOUSAND WORDS,6114082,잉글리시초콜릿,,,API8_2
0062953,핑크보이,20240501,수,6118875,SOLOMINI,6105128,PINK LOLLIPOPS,,,API8_2
0052960,하남레이저,20230212,암,0044420,레볼루셔너리,0039757,대싱카누,,,API8_2
0054662,하남엘도라도,20220510,수,6784756,MISSION IMPAZIBLE,6111178,QUEEN PAULINE,,,API8_2
0050867,하늘감동,20220111,거,0037972,올드패션드,0023347,그레이톰보이,,,API8_2
0053447,하이데이,20230410,거,0046317,레이스데이,0036469,리워드하이,,,API8_2
0055757,하이라이트,20240328,수,0038387,콩코드포인트,0036715,스티클러,,,API8_2
0060828,하이마운틴,20230201,수,6149581,스펀투런,6114844,INDIVAR,,,API8_2
0056413,하이퍼선더,20220322,거,6149545,ISOTHERM,6119739,TRAVEL WISH,,,API8_2
0056394,하이퍼엑스,20220221,거,6109237,EXAGGERATOR,6149660,LOOK WHO'S TALKING,,,API8_2
0054875,하이퍼펙트,20230323,암,0034637,라이언메탈,0050572,테일오브퍼펙트라,,,API8_2
0047548,하이폴리,20210619,수,0037439,더킹,0032944,팬시폴리,,,API8_2
0045985,하트케이,20200501,거,0039750,퍼지,0021906,해동의별,,,API8_2
0055486,하트퀸,20240328,암,0046317,레이스데이,0050647,케이케이스벅아이,,,API8_2
0053887,하트킹,20230428,수,0032990,한센,0017057,백파,,,API8_2
0050685,학산다크호스,20220128,수,0044743,사우스비치,0036741,세인트에티엔,,,API8_2
0047264,학산대세,20210120,암,0044743,사우스비치,0032925,질풍대세,,,API8_2
0053969,학산새미,20230414,암,0044743,사우스비치,0050381,서치포새미,,,API8_2
0053971,학산소드,20230424,수,0044743,사우스비치,0050445,스피릿티드미스,,,API8_2
0056626,학산스마티,20240402,암,0044743,사우스비치,0044776,스마티드림,,,API8_2
0050792,학산스피드,20220302,수,6998418,MUCHO MACHO MAN,0050445,스피릿티드미스,,,API8_2
0053970,학산위너,20230117,암,0044743,사우스비치,0036741,세인트에티엔,,,API8_2
0056579,학산윈드,20240520,암,0044743,사우스비치,0036464,굿루루,,,API8_2
0051786,학산카이로,20220407,수,6106383,CAIRO PRINCE,0050563,베네핏에스티,,,API8_2
0050684,학산태풍,20220303,암,0044743,사우스비치,0032992,회오리바람,,,API8_2
0050687,학산프린스,20220324,수,0044743,사우스비치,0039807,문학프린세스,,,API8_2
0053967,학산헤니,20230120,수,0044743,사우스비치,0036464,굿루루,,,API8_2
0046893,한강캡틴,20210321,거,0034735,페더럴리스트,0032827,레드화이트앤블루,,,API8_2
0050663,한강판타스틱,20220219,수,0031261,사이먼퓨어,0035825,달빛질주,,,API8_2
0051116,한강퍼펙트,20220226,수,0037972,올드패션드,0038354,미스보스케스,,,API8_2
0051332,한마디말도,20220310,수,0040246,지롤라모,0035584,신라의달밤,,,API8_2
0051084,한센브레이싱,20220330,암,0032990,한센,0031273,임브레이싱크리시,,,API8_2
0055343,한스타,20240129,수,0032990,한센,0032678,라비치스,,,API8_2
0052483,한우리,20210515,수,0027443,컬러즈플라잉,0023948,러브마이와일드캣,,,API8_2
0053334,한화륭,20230317,암,0032990,한센,0041977,티즈드리미,,,API8_2
0052952,핫슈거매직,20230223,암,0021239,연승대로,0043543,핫슈거베이브,,,API8_2
0052908,핫피버,20230224,암,0037972,올드패션드,0036611,에이티파이브에스,,,API8_2
0055868,해가달려온다,20240326,수,6103967,GOLDENCENTS,0055043,컬러오브던,,,API8_2
0053205,해마루챗,20230317,암,0038245,미스치비어슬리,0024158,니캉내캉,,,API8_2
0051137,해맞이,20220305,암,0038387,콩코드포인트,0039638,스톰포스,,,API8_2
0055632,해피젬,20240404,암,6969075,지몰로지스트,0031643,해피투데이,,,API8_2
0053198,해피투게더,20230228,암,0037610,가온챔프,0042991,해피데이,,,API8_2
0056399,핵다이아,20220309,암,6114897,CARAVAGGIO,6147781,SCORPIO QUEEN,,,API8_2
0050296,행복여전사,20210422,암,0044931,센트럴커맨드,0024889,어맨더,,,API8_2
0046719,행복한승자,20210213,암,0038391,카우보이칼,0040242,처비아너,,,API8_2
0055524,행운스타,20240220,암,0032990,한센,0024553,승리의함성,,,API8_2
0057331,행운의여신,20230226,암,6106383,CAIRO PRINCE,6148381,SWIZZLE,,,API8_2
0052873,허니스카이,20230218,암,0044420,레볼루셔너리,0028365,허니캠프,,,API8_2
0038599,허쉬대보,20160322,수,0034428,테스타마타,0022400,허쉬틸드,,,API8_2
0056117,헬로힐다,20230301,암,0044420,레볼루셔너리,0039902,한양의질주,,,API8_2
0050900,혁명의질주,20220301,암,0044420,레볼루셔너리,0038114,황홀한질주,,,API8_2
0051929,혁무상,20220508,수,0046317,레이스데이,0041982,리퀴드런치,,,API8_2
0047255,혜원용마,20210508,암,0032990,한센,0032210,퀸크릭캣,,,API8_2
0054312,호라이즌스타,20230415,수,0036732,머스킷맨,0029181,해광,,,API8_2
0051463,호명퀸,20210312,암,0034835,티즈원더풀,0034396,금캐라,,,API8_2
0051147,호세,20220305,암,0038387,콩코드포인트,0033319,창세,,,API8_2
0061577,호프케이,20240424,수,6130177,MITOLE,6114511,TELL A GREAT STORY,,,API8_2
0042869,홀리데이참,20180327,거,0036358,애니기븐새터데이,0038300,메긴즈홀리데이,,,API8_2
0062960,홀리척,20240319,수,7000183,UNCLE CHUCK,7132176,SISTER AURORA,,,API8_2
0051390,홀리카이저,20220212,거,0031261,사이먼퓨어,0031642,에코블루,,,API8_2
0052950,홀리티아라,20230130,암,0036732,머스킷맨,0036979,영천더비,,,API8_2
0051875,화랑산정기,20220418,수,0032990,한센,0037888,레이즈미업,,,API8_2
0044703,화랑투데이,20190517,수,0038391,카우보이칼,0038353,아이스컬린,,,API8_2
0054311,화려한유산,20230327,암,0044993,언캡처드,0028006,야후비올라,,,API8_2
0046779,화산귀환,20210317,수,0045049,프리덤차일드,0026041,오버파워,,,API8_2
0059228,화산폭팔,20230529,수,6126468,SMOKEM,6982325,ATLANTIC TAP,,,API8_2
0056042,화이불치,20240429,암,0032258,트리플나인,0035774,빅에이스,,,API8_2
0056055,화이트릴레이,20240325,암,0045050,섀클포드,0034866,은빛환희,,,API8_2
0055285,화이트선더,20240204,암,0032990,한센,0044960,어바이드,,,API8_2
0053703,화이트스톰,20230516,암,0032990,한센,0040977,새물결의파도,,,API8_2
0053194,화이트잭팟,20230326,거,0032990,한센,0041950,스위트시즐,,,API8_2
0051122,화이트칼라,20220312,거,0037972,올드패션드,0036719,차이나골드,,,API8_2
0053790,환상의나라,20230418,암,0046317,레이스데이,0046480,미스론다,,,API8_2
0055287,환상의루나,20240215,암,0032990,한센,0026785,킹덤레이스,,,API8_2
0055635,환상의미르,20240228,암,6148175,PINEHURST,0054822,코할라코스트,,,API8_2
0060711,황금송,20230223,수,6114922,GORMLEY,6130135,KUPURI,,,API8_2
0061534,황금승,20240325,수,6106383,CAIRO PRINCE,7000123,OUR COMFORTER,,,API8_2
0052890,황금어장,20230218,수,0035295,나스카프린스,0046431,마이너츠하제니,,,API8_2
0052478,흥행돌풍,20220217,거,0038227,크리솔라이트,0031259,스윗익스체인지,,,API8_2
1412313,희망밴드,20210309,암,0032272,록밴드,0026046,카밀라,,,API8_2
0061938,히다카의태양,20240424,수,7013905,GENDARME,7074364,SUZUKA ANGEL,,,API8_2
0060707,히든다이아,20230419,암,6102795,JIMMY CREED,6147817,ARTISTIC LICENSE,,,API8_2
0052916,히어로드래건,20230220,암,0036735,디바인파크,0018828,플라이톱,,,API8_2
0057337,히어로라이언,20230401,암,6108945,KHOZAN,6113036,FLATBOW,,,API8_2
0061538,히어로미톨,20240404,수,6130177,MITOLE,6108543,BOURBON KITTY,,,API8_2
0054786,히어로삭스,20220321,거,6126916,MAXIMUM SECURITY,7041328,BROADWAY DINER,,,API8_2
0053866,히어로여왕,20230518,암,0045050,섀클포드,0045006,플랜스투프로스퍼,,,API8_2
0061175,히어로조커,20231017,수,7113300,JONKER,7169648,RANSOM ROSE,,,API8_2
0054666,히어로짱,20220421,거,6114921,AMERICAN FREEDOM,6110169,MYSTIC MIRAGE,,,API8_2
0051833,히어로초이스,20220506,거,0045049,프리덤차일드,0041895,런던이글,,,API8_2
0057339,히어로치타,20230415,거,7000175,YAUPON,6124535,RIDE TO HOUSTON,,,API8_2
0052472,히어로파이터,20210324,수,6114921,AMERICAN FREEDOM,6109746,NAUGHTY LADY,,,API8_2
0057338,히어로퓨마,20230420,거,6119336,FRANK CONVERSATION,6150521,HELEN SUNG,,,API8_2
0061459,히어로플레임,20240511,수,6118219,FLAMEAWAY,6149277,ANNIVERSARY KITTY,,,API8_2
0046954,히어아이엠,20210303,거,0041566,투아너앤드서브,0030503,검화,,,API8_2
0052417,힐링헤이븐,20200218,암,6115220,SHAMAN GHOST,6118014,FORMBY,,,API8_2
3107451,가문의여신,20230324,암,3018933,오라태양,3015580,가문의전설,,,API8_2
3107849,가속의힘,20230424,암,3015597,일대태수,3012150,세계의보물,,,API8_2
3102957,가속직진,20200318,암,3014974,터보킹,3012150,세계의보물,,,API8_2
3109224,가속황후,20240113,암,3100316,-,3011714,황해여걸,,,API8_2
3103423,가온빛,20210522,거,3009526,백두장사,3015521,선봉전설,,,API8_2
3103692,가온전설,20210425,암,3009526,백두장사,3015580,가문의전설,,,API8_2
3105270,가온천하,20220502,거,3009526,백두장사,3017751,명원미인,,,API8_2
3108210,가온퀸즈,20230523,암,3009526,백두장사,3017751,명원미인,,,API8_2
3105269,가온파워,20220411,거,3009526,백두장사,3015580,가문의전설,,,API8_2
3108042,가자고,20230515,암,3016475,빗고을,3011218,노마지지,,,API8_2
3017544,강력신화,20160416,거,3009296,푸른대왕,3012648,좋은올레,,,API8_2
3109414,강력최고,20240323,수,3019043,사무사,3017797,정우천신,,,API8_2
3109230,강마루,20240306,암,3018934,오라태풍,3014979,진리의힘,,,API8_2
3107370,강철빛,20230514,수,3015597,일대태수,3018757,특등석,,,API8_2
3107557,강풍여제,20230329,암,3014974,터보킹,3015696,하늘소녀,,,API8_2
3108459,강한나래,20230405,거,3101922,우승가득,3011391,금반지,,,API8_2
3018586,강한능력,20180323,거,3012419,종결자,3100925,-,,,API8_2
3103881,강한댄서,20210403,암,3017565,화룡특급,3100379,-,,,API8_2
3108457,강한명성,20230417,거,3101922,우승가득,3012803,달빛소녀,,,API8_2
3103685,강한파워,20210427,거,3016320,청마시대,3017990,강한대세,,,API8_2
3102421,강호세계,20200513,거,3011133,장백산,3015610,별무반,,,API8_2
3103721,거국명령,20210423,암,3014739,설중매,3011391,금반지,,,API8_2
3103437,거석황후,20210520,암,3014739,설중매,3015756,설화수,,,API8_2
3102672,거승보배,20200421,거,3100316,-,3013003,녹색여걸,,,API8_2
3104589,거승태자,20220518,거,3100327,-,3014077,선봉여신,,,API8_2
3104647,거승파워,20220413,수,3016475,빗고을,3017426,거승여걸,,,API8_2
3107507,거장,20230310,암,3015597,일대태수,3017607,당찬,,,API8_2
3107840,걸싸게,20230621,거,3013695,황산벌,3017272,미래도시,,,API8_2
3107307,검호,20230410,수,3016502,선양호,3015063,순수혈통,,,API8_2
3107883,격포,20230415,거,3018896,삼다백호,3015314,금오름,,,API8_2
3101432,결초보은,20190213,거,3100327,-,3013711,대비행,,,API8_2
3104150,경성너울,20220321,거,3014974,터보킹,3018218,서해맹산,,,API8_2
3102643,경성스톤,20200519,거,3013465,개벽신화,3014996,천하왕비,,,API8_2
3102096,경성윈드,20200509,거,3013465,개벽신화,3014551,황해신천,,,API8_2
3017622,경성제일,20160426,거,3009526,백두장사,3013541,신천비행,,,API8_2
3107348,경성파워,20230421,거,3018896,삼다백호,3015950,미리내,,,API8_2
3103619,고사포,20210504,수,3016994,태흥성,3014808,마인드,,,API8_2
3105299,고속질주,20220506,수,3017491,러너킹,3017802,정우신조,,,API8_2
3104620,고속행진,20220415,암,3018280,멋진기상,3016863,좌의정,,,API8_2
3107576,고수,20230401,거,3016502,선양호,3016635,사라특급,,,API8_2
3109352,고운하늘,20240327,암,3009526,백두장사,3011070,고도화,,,API8_2
3017571,고질라,20160301,거,3005652,제주명성,3100943,-,,,API8_2
3103528,고차원,20210103,암,3009526,백두장사,3015639,당대인류,,,API8_2
3103725,고출력,20210423,수,3009526,백두장사,3016863,좌의정,,,API8_2
3107446,곤룡포,20230316,거,3013465,개벽신화,3015306,녹색신화,,,API8_2
3104698,골든보이,20220508,수,3015597,일대태수,3013273,신의열매,,,API8_2
3018850,공간비행,20190224,거,3015307,명가황제,3015650,웅비여걸,,,API8_2
3104622,공간세계,20220526,암,3018280,멋진기상,3016926,이대도강,,,API8_2
3104737,광명마마,20220228,암,3018228,남북대로,3017538,삼다비바리,,,API8_2
3016266,광명성호,20140123,거,3012382,쾌속장타,3100925,-,,,API8_2
3107477,광명용사,20230304,거,3017491,러너킹,3009488,진실,,,API8_2
3018865,광명진언,20190204,수,3100316,-,3012509,현무여신,,,API8_2
3018593,광명황제,20180402,거,3012382,쾌속장타,3014578,광명천사,,,API8_2
3104586,광명히트,20220422,거,3017578,광해최고,3010822,광명의빛,,,API8_2
3017645,광아의죠이,20160608,거,3012382,쾌속장타,3011035,한라세상,,,API8_2
3018454,광아의챔프,20180226,거,3009526,백두장사,3100941,-,,,API8_2
3105509,광풍만리,20220601,거,3017556,황해무적,3101044,-,,,API8_2
3109375,광풍비상,20240411,거,3019043,사무사,3017057,영원한,,,API8_2
3103802,광풍천리,20210415,수,3009526,백두장사,3015987,녹색비호,,,API8_2
3019033,광해군,20190621,거,3005652,제주명성,3015641,연락선,,,API8_2
3103255,광해대부,20210822,거,3005652,제주명성,3011123,안덕명성,,,API8_2
3016229,광해신천,20140108,거,3005652,제주명성,3011123,안덕명성,,,API8_2
3018157,광해왕자,20170508,거,3005652,제주명성,3010732,천지왕,,,API8_2
3017214,광해전사,20150511,거,3012382,쾌속장타,3011904,안덕보배,,,API8_2
3019010,광해전차,20190307,수,3005652,제주명성,3011123,안덕명성,,,API8_2
3105284,광해제패,20220405,암,3018051,삼다제패,3018302,블루션샤인,,,API8_2
3107870,광해천하,20230304,수,3005652,제주명성,3010732,천지왕,,,API8_2
3016494,광해청명,20140506,거,3100061,-,3010732,천지왕,,,API8_2
3105496,괜찮아,20220310,거,3015875,꼬리별,3016506,여왕하트,,,API8_2
3016357,구억불,20140511,수,3012382,쾌속장타,3008947,황태자비,,,API8_2
3016259,군자삼락,20140322,거,3009526,백두장사,3100938,-,,,API8_2
3103717,굳셀건,20210423,거,3017934,웅진천하,3013963,황룡의꿈,,,API8_2
3104793,귤스타,20220329,거,3100032,-,3013278,불빛여신,,,API8_2
3103957,글라가게,20210318,거,3009296,푸른대왕,3014235,적토마,,,API8_2
3108110,글로벌황제,20230216,수,3017491,러너킹,3016567,불사요정,,,API8_2
3018120,금누리,20170502,거,3014739,설중매,3008242,코지바람,,,API8_2
3107589,금달란트,20230323,암,3016994,태흥성,3013636,대륙군왕,,,API8_2
3108912,금보배,20240427,암,3018669,안덕최고,3018319,웅진보배,,,API8_2
3107392,금빛광채,20230520,암,3017565,화룡특급,3013195,마을정원,,,API8_2
3107909,금빛신화,20230515,거,3017491,러너킹,3017569,한라강자,,,API8_2
3103443,금빛여제,20210220,암,3100061,-,3009534,백호화랑,,,API8_2
3107384,금빛탄생,20230314,암,3017491,러너킹,3014578,광명천사,,,API8_2
3104615,금지게,20220326,거,3013465,개벽신화,3017200,금비늘,,,API8_2
3103679,금쪽이,20210428,수,3102647,-,3100294,-,,,API8_2
3104284,금촌제일,20220323,거,3015597,일대태수,3012381,우주세상,,,API8_2
3107630,금화여신,20230428,암,3100316,-,3017725,금화,,,API8_2
3107372,기세찬,20230424,거,3017557,광명지존,3012799,강하여라,,,API8_2
3107896,기적소리,20230517,거,3102647,-,3100957,-,,,API8_2
3104794,기찬,20220130,거,3016994,태흥성,3011595,이사금,,,API8_2
3102296,기탄,20200522,거,3011321,전국비행,3013241,미래여신,,,API8_2
3109237,끝판왕,20240320,수,3009526,백두장사,3100818,-,,,API8_2
3103618,낙천군주,20210505,거,3016994,태흥성,3102651,-,,,API8_2
3101811,날려버려,20200501,거,3015451,튼튼세상,3011830,단미,,,API8_2
3105488,날려오라,20220415,암,3100127,-,3013908,별중별,,,API8_2
3107586,날려홈런,20230415,암,3018064,풍신,3013908,별중별,,,API8_2
3103871,남조로,20210404,거,3015875,꼬리별,3013278,불빛여신,,,API8_2
3109100,낭만비상,20240514,거,3100327,-,3013604,낭만소녀,,,API8_2
3109070,낭중지추,20240518,수,3015597,일대태수,3017818,흥부세상,,,API8_2
3104253,내사랑땡큐,20220414,암,3014517,너울,3018607,게나제나,,,API8_2
3107835,내온리더,20230331,거,3015597,일대태수,3015731,내온일호,,,API8_2
3107322,넘버원,20230419,수,3014974,터보킹,3013634,꽃봉오리,,,API8_2
3105239,네온빛,20220425,암,3015597,일대태수,3015731,내온일호,,,API8_2
3108143,노형로,20230315,거,3100032,-,3013278,불빛여신,,,API8_2
3104301,녹색왕자,20220419,거,3013695,황산벌,3015987,녹색비호,,,API8_2
3107551,녹원매직,20230218,거,3016320,청마시대,3013615,선양세상,,,API8_2
3104811,뉴저지,20220117,거,3009526,백두장사,3013338,회천맹주,,,API8_2
3104809,늘찬,20220502,암,3015597,일대태수,3016942,선풍도골,,,API8_2
3103742,다크루비,20210421,암,3009296,푸른대왕,3011957,백호명성,,,API8_2
3107484,다크천하,20230228,거,3016502,선양호,3011300,황용태후,,,API8_2
3104160,달빛소리,20220302,암,3009526,백두장사,3014328,달빛여신,,,API8_2
3101674,달빛순정,20200424,암,3013465,개벽신화,3015646,개성시대,,,API8_2
3102938,달빛영웅,20200306,거,3013465,개벽신화,3014328,달빛여신,,,API8_2
3107843,달빛처럼,20230501,암,3017491,러너킹,3017802,정우신조,,,API8_2
3018875,달의강자,20190418,거,3009526,백두장사,3011624,달공주,,,API8_2
3018801,달의여신,20180327,암,3009526,백두장사,3011624,달공주,,,API8_2
3107407,달의울림,20230410,암,3018280,멋진기상,3017778,달의찬가,,,API8_2
3018474,달의전사,20180421,수,3015223,제일용사,3013712,달의요정,,,API8_2
3107475,당대히트,20230405,암,3017491,러너킹,3018066,당대누리,,,API8_2
3102272,당산보스,20200228,거,3100327,-,3100809,-,,,API8_2
3104259,대군주,20220331,거,3015223,제일용사,3016909,희망의질주,,,API8_2
3107861,대기산,20230322,암,3018669,안덕최고,3010198,한라산,,,API8_2
3104785,대기성,20220213,암,3015723,만점왕,3017561,웅진성,,,API8_2
3104784,대기원,20220122,암,3015723,만점왕,3018319,웅진보배,,,API8_2
3104320,대길,20220126,암,3013465,개벽신화,3015327,한백천사,,,API8_2
3104732,대륙황후,20220405,암,3100327,-,3100925,-,,,API8_2
3103426,대방가,20210521,거,3016994,태흥성,3014966,영주신비,,,API8_2
3018038,대별왕,20170203,거,3009526,백두장사,3009375,선양요격기,,,API8_2
3104139,대보,20220410,암,3017565,화룡특급,3015393,천하여신,,,API8_2
3107543,대보름,20230211,암,3015597,일대태수,3016517,세계여전사,,,API8_2
3107298,대봉산,20230228,거,3015597,일대태수,3018793,성읍호,,,API8_2
3102589,대왕대군,20200220,거,3100327,-,3011714,황해여걸,,,API8_2
3108211,대왕비,20230526,암,3018933,오라태양,3018372,웅진의꿈,,,API8_2
3103231,대왕조,20190518,거,3009526,백두장사,3008242,코지바람,,,API8_2
3107584,대운,20230318,암,3100316,-,3016601,군림천하,,,API8_2
3017963,대장대부,20170103,거,3009526,백두장사,3100937,-,,,API8_2
3108951,대정챔프,20240208,암,3018933,오라태양,3018625,웅진챔프,,,API8_2
3107485,대지사랑,20230330,암,3017578,광해최고,3018200,황금보석,,,API8_2
3018074,대지열차,20170505,거,3100327,-,3008037,얼음꽃,,,API8_2
3109366,대지황후,20240409,암,3018896,삼다백호,3016188,호재,,,API8_2
3109332,대탄성,20240420,암,3101680,아자아자,3016601,군림천하,,,API8_2
3101834,대향연,20200425,거,3015875,꼬리별,3016253,신비로,,,API8_2
3108228,댄스몽키,20230422,수,3014998,제주협객,3100481,-,,,API8_2
3018491,더빠르게,20180309,거,3009526,백두장사,3014879,장한기상,,,API8_2
3109152,더스틴,20240312,암,3017491,러너킹,3014724,상록수,,,API8_2
3108234,덕산호령,20230403,거,3007168,명문왕자,3016390,덕산공주,,,API8_2
3018322,덤장파워,20170216,거,3011133,장백산,3100456,-,,,API8_2
3109004,도너리,20240328,수,3019043,사무사,3015956,금빛은빛,,,API8_2
3108062,도르멍오라,20230513,수,3102647,-,3100980,-,,,API8_2
3104314,도전성공,20220304,암,3015597,일대태수,3017157,달천,,,API8_2
3104688,도총부,20220410,거,3100327,-,3015677,초인,,,API8_2
3104105,독차지,20220114,암,3016320,청마시대,3009375,선양요격기,,,API8_2
3108965,돈마공주,20240606,암,3101680,아자아자,3018914,돈마여제,,,API8_2
3103495,돈마맨,20210517,수,3017320,탐라신비,3017321,돈마스타,,,API8_2
3104205,돈마비행,20220226,암,3015597,일대태수,3100485,-,,,API8_2
3104124,돈마세상,20220429,거,3016502,선양호,3012631,한백여걸,,,API8_2
3107571,돈마제트,20230227,거,3016994,태흥성,3100485,-,,,API8_2
3105271,돈마천하,20220703,거,3017320,탐라신비,3017321,돈마스타,,,API8_2
3103906,돈보따리,20210330,거,3016320,청마시대,3012965,와흘찬가,,,API8_2
3103596,돌격,20210507,수,3012419,종결자,3017264,온새미로,,,API8_2
3104703,돌격본능,20220420,거,3015307,명가황제,3018611,구미호,,,API8_2
3104782,돌격최강,20220209,거,3013465,개벽신화,3015428,일급수,,,API8_2
3103257,돌체,20210724,거,3005652,제주명성,3015641,연락선,,,API8_2
3109245,돌핀,20240428,거,3101680,아자아자,3015433,탐라대통,,,API8_2
3108219,동남풍,20230330,암,3017491,러너킹,3101889,별빛찬가,,,API8_2
3108456,동명황후,20230417,암,3101445,리스펙,3015998,동명왕,,,API8_2
3107930,동반자,20230607,암,3018280,멋진기상,3010180,변화무적,,,API8_2
3107611,동방불패,20230512,암,3016994,태흥성,3016876,상상불가,,,API8_2
3104642,동방빛,20220526,거,3010278,천년의힘,3100819,-,,,API8_2
3109456,동방히트,20240316,암,3018669,안덕최고,3018104,미듬의별,,,API8_2
3104260,동백천하,20220325,거,3015307,명가황제,3011094,백록왕비,,,API8_2
3107324,동백하늘,20230403,거,3013465,개벽신화,3011094,백록왕비,,,API8_2
3104067,동부파이터,20210329,수,3009526,백두장사,3016511,동부여걸,,,API8_2
3103781,동안질주,20210417,암,3100316,-,3016925,태양로드,,,API8_2
3108955,동추,20240413,암,3018933,오라태양,3015998,동명왕,,,API8_2
3101988,드림더킹,20200103,거,3016320,청마시대,3100937,-,,,API8_2
3103294,드림매직,20210314,거,3015875,꼬리별,3016895,한라왕후,,,API8_2
3102707,드림명성,20200311,거,3009296,푸른대왕,3011957,백호명성,,,API8_2
3103452,드림볼트,20210213,거,3009526,백두장사,3100818,-,,,API8_2
3107455,드림스타,20230321,거,3009526,백두장사,3100818,-,,,API8_2
3103929,드림히트,20210324,거,3009526,백두장사,3011777,새벽소리,,,API8_2
3109323,등고지혜,20240429,암,3018896,삼다백호,3016306,무한불성,,,API8_2
3108460,디아즈,20230330,암,3101445,리스펙,3015956,금빛은빛,,,API8_2
3104167,디아즈타임,20220121,수,3009296,푸른대왕,3018148,금빛축제,,,API8_2
3102526,똘이장군,20200516,거,3100316,-,3012631,한백여걸,,,API8_2
3018679,뚜벅이,20180310,거,3100061,-,3014648,마음이,,,API8_2
3103292,라스트타임,20210314,거,3100327,-,3017932,스카이런,,,API8_2
3107639,라온여제,20230413,암,3017491,러너킹,3017991,척사광,,,API8_2
3101444,라이덴,20190331,수,3100032,-,3011490,보금자리,,,API8_2
3103814,라인강,20210413,암,3017565,화룡특급,3015260,비룡석탑,,,API8_2
3108047,람바다,20230517,거,3015549,산도롱,3016391,천문조,,,API8_2
3107357,레드윙스,20230414,암,3018906,와일드송,3017885,강남대가,,,API8_2
3107565,레드크라운,20230101,암,3015875,꼬리별,3018107,정석대로,,,API8_2
3109060,렛츠고,20240305,암,3015597,일대태수,3012877,불면불휴,,,API8_2
3103795,로한,20210415,거,3015723,만점왕,3013337,태자비,,,API8_2
3107566,롱히트,20230228,암,3016994,태흥성,3100379,-,,,API8_2
3109069,루비황제,20240509,수,3019043,사무사,3017526,광아의루비,,,API8_2
3108443,리더형,20230404,거,3101922,우승가득,3010234,산의여신,,,API8_2
3107927,리듬블루,20230527,암,3017491,러너킹,3016650,리듬,,,API8_2
3103451,리듬황후,20210213,암,3100327,-,3012653,불멸의별,,,API8_2
3107921,리브킹,20230324,거,3009526,백두장사,3014255,멘토링,,,API8_2
3103672,리치디바인,20210429,거,3100527,-,3014077,선봉여신,,,API8_2
3103545,마고여신,20200405,암,3016475,빗고을,3100648,-,,,API8_2
3101513,마마골드,20200308,암,3015223,제일용사,3012509,현무여신,,,API8_2
3109298,마시프,20240506,거,3101680,아자아자,3018055,전국여왕,,,API8_2
3104580,마인드퀸,20220508,암,3015597,일대태수,3014808,마인드,,,API8_2
3107884,마조여신,20230223,암,3015597,일대태수,3012877,불면불휴,,,API8_2
3104696,마천루,20220506,암,3017491,러너킹,3014322,일등열차,,,API8_2
3105233,마천지,20220505,거,3100989,-,3015826,장백천지,,,API8_2
3104083,마패도끼,20220215,거,3009526,백두장사,3018104,미듬의별,,,API8_2
3104279,마패창,20220403,거,3014974,터보킹,3009600,선양황후,,,API8_2
3107577,마패호,20230211,거,3014974,터보킹,3018104,미듬의별,,,API8_2
3107903,만광,20230427,수,3100527,-,3018081,최고자랑,,,API8_2
3108666,만리질주,20240124,암,3017565,화룡특급,3017412,세그먼트,,,API8_2
3109195,만리홍,20240507,수,3018669,안덕최고,3018590,수산공주,,,API8_2
3103327,만복,20210610,거,3100316,-,3100579,-,,,API8_2
3108450,만석황후,20230426,암,3101445,리스펙,3012704,만석군주,,,API8_2
3109479,만장일치,20240423,수,3016320,청마시대,3016020,강한걸,,,API8_2
3108061,맞대결,20230520,거,3102647,-,3100314,-,,,API8_2
3108927,맞대응,20240521,수,3100327,-,3017327,중문여제,,,API8_2
3102288,매스틱,20200511,암,3016320,청마시대,3014178,저글링,,,API8_2
3109155,매의눈빛,20240524,거,3101680,아자아자,3011129,조롱벌,,,API8_2
3108141,매직미르,20230216,거,3100989,-,3016895,한라왕후,,,API8_2
3104172,멋지다,20220228,수,3016502,선양호,3016319,송악영웅,,,API8_2
3107505,멋진선택,20230408,수,3017565,화룡특급,3013503,정도,,,API8_2
3105272,메이저,20220224,암,3017565,화룡특급,3015435,자유바람,,,API8_2
3101705,멘탈,20190515,수,3012419,종결자,3011391,금반지,,,API8_2
3104757,명가소녀,20220508,암,3009526,백두장사,3017454,명가공주,,,API8_2
3018522,명가의힘,20180425,수,3009526,백두장사,3009796,명가승,,,API8_2
3103656,명가장사,20210430,거,3009526,백두장사,3017454,명가공주,,,API8_2
3102338,명문대부,20190502,거,3012419,종결자,3008948,명문귀족,,,API8_2
3107363,명성디아즈,20230512,암,3100316,-,3016368,진가발휘,,,API8_2
3104094,명성만리,20220106,거,3009526,백두장사,3007402,금나라,,,API8_2
3103385,명성스토리,20210227,암,3100327,-,3100941,-,,,API8_2
3107855,명성여신,20230411,암,3005652,제주명성,3018072,선물이,,,API8_2
3103791,명성여왕,20210416,암,3012419,종결자,3010234,산의여신,,,API8_2
3109083,명성장군,20240418,수,3100327,-,3016387,장타명성,,,API8_2
3104319,명성황제,20220114,거,3015223,제일용사,3016427,한라전설,,,API8_2
3017500,명인황제,20160308,거,3009526,백두장사,3006378,성공일호,,,API8_2
3109223,명품대로,20240401,수,3101680,아자아자,3018107,정석대로,,,API8_2
3102521,명품명장,20200527,거,3016320,청마시대,3015688,명품태후,,,API8_2
3102353,명품세계,20190528,수,3016320,청마시대,3015688,명품태후,,,API8_2
3103530,명품챔프,20210103,거,3009526,백두장사,3016044,맹모삼천,,,API8_2
3104085,명품최강,20220123,거,3009526,백두장사,3016044,맹모삼천,,,API8_2
3104135,명품최고,20220418,수,3017578,광해최고,3015057,녹색산맥,,,API8_2
3107549,명품하늘,20230215,수,3009526,백두장사,3011070,고도화,,,API8_2
3102470,명품함성,20200319,암,3100061,-,3013455,명품열차,,,API8_2
3102645,명품행진,20200609,거,3014974,터보킹,3009898,일출왕국,,,API8_2
3108146,모구리,20230315,수,3100032,-,3011777,새벽소리,,,API8_2
3104218,모나파크,20220414,수,3015875,꼬리별,3018055,전국여왕,,,API8_2
3108049,목선동,20230314,암,3016475,빗고을,3009315,명령자,,,API8_2
3102403,몬딱,20190422,수,3016320,청마시대,3008037,얼음꽃,,,API8_2
3109217,무량공처,20240313,거,3018228,남북대로,3016044,맹모삼천,,,API8_2
3107347,무림미소,20230406,암,3018228,남북대로,3017112,한라질주,,,API8_2
3104619,무림여왕,20220412,암,3100327,-,3100931,-,,,API8_2
3105495,무림왕자,20220403,거,3100327,-,3012437,여걸명장,,,API8_2
3108915,무림위너,20240404,암,3009526,백두장사,3018860,백호위너,,,API8_2
3107326,무림제일,20230301,거,3009526,백두장사,3018756,전국제일,,,API8_2
3109313,무림출격,20240409,암,3101680,아자아자,3018317,선봉출격,,,API8_2
3109340,무림타격,20240330,수,3101680,아자아자,3018666,선봉타격,,,API8_2
3109372,무림태후,20240228,암,3017491,러너킹,3011093,선봉태후,,,API8_2
3107312,무림통일,20230401,수,3100061,-,3100925,-,,,API8_2
3107604,무림평정,20230401,수,3009526,백두장사,3017504,백호평정,,,API8_2
3104281,무명전사,20220413,암,3100061,-,3017057,영원한,,,API8_2
3104072,무비공,20210408,암,3015223,제일용사,3018081,최고자랑,,,API8_2
3017143,무소불위,20150420,거,3100037,-,3013041,강한천둥,,,API8_2
3109153,무신,20240522,암,3019043,사무사,3016329,사랑가득,,,API8_2
3105248,무영천마,20220301,암,3013465,개벽신화,3018318,역대명성,,,API8_2
3103576,무장고,20210510,거,3009526,백두장사,3008037,얼음꽃,,,API8_2
3103477,무적명장,20210520,거,3017556,황해무적,3017284,엄지세상,,,API8_2
3102455,무주미소,20200702,암,3100327,-,3016227,영주산,,,API8_2
3104121,무주여신,20220408,암,3009526,백두장사,3014204,희망여걸,,,API8_2
3104741,무주영웅,20220415,암,3100127,-,3016860,진성여왕,,,API8_2
3108201,무진로,20230302,거,3017491,러너킹,3017880,신촌여행,,,API8_2
3109027,무패여장,20240527,암,3101680,아자아자,3016862,구시구중,,,API8_2
3105309,무한도전,20220228,수,3009526,백두장사,3016878,노을천사,,,API8_2
3107522,무한정벌,20230511,거,3017557,광명지존,3015774,무한행복,,,API8_2
3016573,문무태왕,20130510,거,3009526,백두장사,3008037,얼음꽃,,,API8_2
3109288,문주왕비,20230410,암,3017491,러너킹,3014196,문스톤,,,API8_2
3108241,미드필더,20230602,거,3009296,푸른대왕,3013896,성읍명성,,,API8_2
3104157,미듬행진,20220301,암,3014974,터보킹,3017824,미듬비상,,,API8_2
3103559,미래거포,20210512,거,3009526,백두장사,3013003,녹색여걸,,,API8_2
3016257,미래명장,20140228,거,3005652,제주명성,3100943,-,,,API8_2
3102255,미래세계,20200217,거,3100061,-,3014424,거문덕이,,,API8_2
3107830,미래아이,20230517,암,3018933,오라태양,3013996,미래사,,,API8_2
3109073,미래왕후,20240601,암,3018669,안덕최고,3013996,미래사,,,API8_2
3018657,미래제왕,20180401,거,3013695,황산벌,3100876,-,,,API8_2
3103689,미래추진,20210426,거,3009526,백두장사,3017406,트리플퀸,,,API8_2
3107871,미르왕자,20230326,거,3005652,제주명성,3011904,안덕보배,,,API8_2
3108946,미르황후,20240313,암,3005652,제주명성,3011904,안덕보배,,,API8_2
3018323,미소공원,20170211,거,3009526,백두장사,3010364,부귀,,,API8_2
3104186,미소진,20220430,암,3015223,제일용사,3013580,한백신화,,,API8_2
3104267,민강불패,20220421,거,3009526,백두장사,3015950,미리내,,,API8_2
3107488,민강의힘,20230408,거,3018896,삼다백호,3016891,측천무후,,,API8_2
3104576,바다왕자,20220510,수,3014974,터보킹,3016975,천금산,,,API8_2
3103609,바다황제,20210505,수,3014974,터보킹,3016975,천금산,,,API8_2
3107525,바다황후,20230508,암,3014974,터보킹,3016975,천금산,,,API8_2
3109377,바람오름,20240301,암,3015597,일대태수,3018556,신천백호,,,API8_2
3101660,바로고,20200313,암,3016320,청마시대,3014423,가리사니,,,API8_2
3107482,바리오름,20230313,암,3016502,선양호,3018112,달그림자,,,API8_2
3107608,발렌타인,20230410,암,3100316,-,3100378,-,,,API8_2
3107570,백금지사,20230308,암,3100327,-,3015327,한백천사,,,API8_2
3017859,백두고을,20160513,수,3009526,백두장사,3011218,노마지지,,,API8_2
3109010,백두노을,20240314,암,3009526,백두장사,3016878,노을천사,,,API8_2
3107491,백두명성,20230512,거,3018896,삼다백호,3017921,성산챔프,,,API8_2
3103934,백두비상,20210324,거,3015307,명가황제,3016946,트멍,,,API8_2
3103803,백두영웅,20210414,거,3100527,-,3100819,-,,,API8_2
3104640,백두전사,20220503,수,3100061,-,3017921,성산챔프,,,API8_2
3109002,백두전설,20240316,수,3009526,백두장사,3017290,삼다전설,,,API8_2
3109272,백두천지,20240412,수,3100316,-,3016319,송악영웅,,,API8_2
3104081,백두평정,20220103,거,3009526,백두장사,3012445,황해나루,,,API8_2
3107352,백두혈통,20230427,거,3011133,장백산,3100483,-,,,API8_2
3107912,백두히트,20230611,암,3009526,백두장사,3011999,한백평정,,,API8_2
3018884,백록군주,20190314,수,3009526,백두장사,3011797,백록현주,,,API8_2
3107607,백록챔프,20230323,암,3009526,백두장사,3011797,백록현주,,,API8_2
3103767,백록천주,20210419,암,3009526,백두장사,3016306,무한불성,,,API8_2
3103760,백록천하,20210419,수,3009526,백두장사,3011797,백록현주,,,API8_2
3107515,백록황후,20230430,암,3018228,남북대로,3009600,선양황후,,,API8_2
3104765,백룡여걸,20220424,암,3014739,설중매,3013176,바다풍경,,,API8_2
3103482,백룡의힘,20210519,거,3015451,튼튼세상,3011460,문화의힘,,,API8_2
3104183,백용해,20220318,수,3017565,화룡특급,3015326,하늘공주,,,API8_2
3109374,백호기,20240410,거,3017491,러너킹,3015646,개성시대,,,API8_2
3013375,백호보배,20100426,수,3005576,꿈바위,3008207,여걸작,,,API8_2
3103457,백호여걸,20210209,암,3100061,-,3018148,금빛축제,,,API8_2
3102615,백호전사,20200221,수,3009296,푸른대왕,3009534,백호화랑,,,API8_2
3107448,백화지왕,20230320,암,3009526,백두장사,3012120,하늘비상,,,API8_2
3015530,번개왕자,20130301,거,3009526,백두장사,3100803,-,,,API8_2
3102618,번개제왕,20190305,거,3100032,-,3100353,-,,,API8_2
3017660,범나비,20160501,수,3100982,-,3013455,명품열차,,,API8_2
3018408,별빛누리,20180214,수,3009526,백두장사,3014927,별빛축제,,,API8_2
3104321,별빛찬란,20220111,거,3009526,백두장사,3014927,별빛축제,,,API8_2
3107553,별빛천하,20230127,암,3018896,삼다백호,3014927,별빛축제,,,API8_2
3102939,별빛최강,20200215,거,3016320,청마시대,3014927,별빛축제,,,API8_2
3103787,보라매,20210416,거,3017556,황해무적,3011323,천지세대,,,API8_2
3107320,보화,20230418,거,3015597,일대태수,3100603,-,,,API8_2
3103349,볼트여왕,20210602,암,3016994,태흥성,3015918,비오톱,,,API8_2
3104719,봄나래,20220526,거,3016994,태흥성,3102144,-,,,API8_2
3109207,봉개강자,20240325,거,3100316,-,3013443,겸비,,,API8_2
3107899,봉래산,20230530,거,3014739,설중매,3018111,광아의여걸,,,API8_2
3108166,봉성태양,20230320,거,3013695,황산벌,3017330,봉성미래,,,API8_2
3103695,봉천수,20210425,수,3017565,화룡특급,3009220,장올목마,,,API8_2
3101898,북문대로,20200420,거,3016320,청마시대,3016368,진가발휘,,,API8_2
3107556,불꽃강자,20230306,거,3018896,삼다백호,3019000,불빛여걸,,,API8_2
3103407,불꽃신사,20210527,거,3009296,푸른대왕,3012576,바다여행,,,API8_2
3107416,불꽃천하,20230331,거,3013465,개벽신화,3018993,제주불꽃,,,API8_2
3103948,불범,20210320,수,3011133,장백산,3016279,가을향기,,,API8_2
3017944,불빛최강,20170305,거,3012382,쾌속장타,3009534,백호화랑,,,API8_2
3107863,불야성,20230418,수,3018933,오라태양,3016929,불꽃여신,,,API8_2
3107887,불패기상,20230517,암,3018280,멋진기상,3016926,이대도강,,,API8_2
3107838,붉은노을,20230412,거,3014517,너울,3013763,광화문,,,API8_2
3109416,붉은진주,20240407,암,3101680,아자아자,3015318,신흥강국,,,API8_2
3107302,브라더스,20230313,수,3013465,개벽신화,3010283,미니비행,,,API8_2
3103595,블랙강자,20210507,거,3009526,백두장사,3007313,녹색도시,,,API8_2
3109226,블랙문,20240215,암,3101680,아자아자,3011858,등선나루,,,API8_2
3107434,블랙비어드,20230120,거,3100316,-,3011858,등선나루,,,API8_2
3107295,블랙타이거,20230408,암,3017693,아라신화,3017679,경성황후,,,API8_2
3108992,블루아이,20240517,암,3101680,아자아자,3018611,구미호,,,API8_2
3107876,블루칸,20230402,거,3015597,일대태수,3018279,비룡미인,,,API8_2
3102268,비궁,20200228,암,3100061,-,3015615,스페이스,,,API8_2
3101740,비래천마,20200426,거,3100327,-,3014749,행복한,,,API8_2
3102610,비룡신공,20200310,거,3014739,설중매,3014724,상록수,,,API8_2
3105245,비룡진주,20220317,암,3015597,일대태수,3018279,비룡미인,,,API8_2
3107418,비상대로,20230507,암,3018228,남북대로,3017914,참세상,,,API8_2
3101281,비상신호,20180609,암,3100032,-,3013636,대륙군왕,,,API8_2
3109222,비상신화,20240224,암,3018934,오라태풍,3016683,황이명성,,,API8_2
3107554,비상질주,20230313,암,3018896,삼다백호,3014328,달빛여신,,,API8_2
3109220,비상천하,20240207,거,3018934,오라태풍,3013338,회천맹주,,,API8_2
3107462,비상특급,20230202,암,3018896,삼다백호,3018594,금빛소리,,,API8_2
3108142,비상호,20230306,암,3100032,-,3017498,백록여걸,,,API8_2
3018749,비천도해,20180424,거,3009526,백두장사,3014423,가리사니,,,API8_2
3107888,빈체로,20230315,거,3009526,백두장사,3018318,역대명성,,,API8_2
3107319,빛나는순간,20230419,암,3017491,러너킹,3018912,산자수명,,,API8_2
3104711,빛나라공주,20220501,암,3018228,남북대로,3016332,천년공주,,,API8_2
3018810,빛의기사,20180318,거,3012382,쾌속장타,3009196,정성,,,API8_2
3102954,빛의영웅,20200406,거,3100032,-,3010274,임금바위,,,API8_2
3108991,빛한나,20240508,암,3100032,-,3018775,황금향,,,API8_2
3107834,사계절,20230424,암,3100527,-,3017385,용담여신,,,API8_2
3109370,사군자,20240304,암,3100316,-,3015578,우당거목,,,API8_2
3107615,사라호,20230402,암,3017894,신의용병,3101293,-,,,API8_2
3104122,사랑바람,20220430,수,3017491,러너킹,3016329,사랑가득,,,API8_2
3107614,사랑이,20230420,거,3018896,삼다백호,3016329,사랑가득,,,API8_2
3018494,사상최강,20180503,거,3009526,백두장사,3100938,-,,,API8_2
3108056,산록대장,20230529,거,3011133,장백산,3100522,-,,,API8_2
3109448,산록바람,20230307,거,3015391,존재감,3018925,로켓,,,API8_2
3107622,산록여걸,20230501,암,3102647,-,3100958,-,,,API8_2
3107439,산마루,20230311,암,3017491,러너킹,3014724,상록수,,,API8_2
3107552,산울림,20230305,암,3016994,태흥성,3018568,지장샘,,,API8_2
3102307,산호섬,20190428,거,3016475,빗고을,3016253,신비로,,,API8_2
3107444,삼다누리,20230315,수,3017565,화룡특급,3016819,대업달성,,,API8_2
3017140,삼다비행,20150324,거,3101043,-,3012509,현무여신,,,API8_2
3018916,삼다열풍,20190314,거,3100032,-,3012648,좋은올레,,,API8_2
3107856,삼다일등,20230611,암,3018896,삼다백호,3014322,일등열차,,,API8_2
3017983,삼다장군,20160319,거,3011321,전국비행,3011391,금반지,,,API8_2
3104292,삼다퀸,20220219,암,3100327,-,3100818,-,,,API8_2
3104318,삼다킹,20220209,거,3009526,백두장사,3015748,해와달,,,API8_2
3014265,삼다황제,20110408,수,3010278,천년의힘,3008947,황태자비,,,API8_2
3018471,삼황오제,20180404,거,3100327,-,3015211,천주,,,API8_2
3108180,상승가도,20230514,암,3009526,백두장사,3015688,명품태후,,,API8_2
3107409,새꿈,20230402,거,3009526,백두장사,3017189,꼭지점,,,API8_2
3018797,새로운태양,20180325,거,3009526,백두장사,3014178,저글링,,,API8_2
3109227,새벽강자,20240218,거,3017491,러너킹,3017023,새벽찬가,,,API8_2
3109121,새벽노을,20240326,수,3015223,제일용사,3016892,색달공주,,,API8_2
3014773,새벽바람,20111223,거,3009526,백두장사,3100803,-,,,API8_2
3107541,새벽전설,20230102,수,3009526,백두장사,3012491,모두의꿈,,,API8_2
3104700,새벽종소리,20220502,암,3015597,일대태수,3017844,세기낭자,,,API8_2
3104093,새벽질주,20220101,수,3009526,백두장사,3100803,-,,,API8_2
3103475,새벽천하,20210129,거,3100327,-,3012491,모두의꿈,,,API8_2
3107924,색달대로,20230319,거,3017491,러너킹,3016892,색달공주,,,API8_2
3018999,색달미소,20180518,암,3100061,-,3011579,세계건각,,,API8_2
3107905,색달신화,20230429,암,3016994,태흥성,3017114,자유천사,,,API8_2
3107334,색달울림,20230423,거,3017558,상가으뜸,3017327,중문여제,,,API8_2
3102372,색달최고,20200308,거,3007357,최고훈장,3016892,색달공주,,,API8_2
3107602,색달파워,20230322,거,3017491,러너킹,3102128,-,,,API8_2
3017623,생각대로,20160420,거,3009526,백두장사,3013441,녹원의전사,,,API8_2
3105273,서귀명성,20220520,수,3009296,푸른대왕,3013896,성읍명성,,,API8_2
3102101,서부검객,20200511,거,3016320,청마시대,3011906,제주중심,,,API8_2
3103639,서부대장,20210502,거,3102647,-,3100227,-,,,API8_2
3103961,서부두,20210317,거,3009526,백두장사,3017694,장고도,,,API8_2
3104582,서부명장,20220511,거,3015307,명가황제,3011830,단미,,,API8_2
3104604,서부아이콘,20220505,암,3017578,광해최고,3011342,동구밭,,,API8_2
3102427,서부전사,20200521,거,3009296,푸른대왕,3015912,막강여전사,,,API8_2
3107875,서부제패,20230429,암,3018228,남북대로,3009360,태왕황후,,,API8_2
3018194,서부평정,20170513,거,3100508,-,3100643,-,,,API8_2
3109221,서사로,20240312,수,3101680,아자아자,3018083,광명시대,,,API8_2
3103597,서산히어로,20210507,암,3015307,명가황제,3012631,한백여걸,,,API8_2
3105302,서우태양,20220315,거,3016475,빗고을,3009315,명령자,,,API8_2
3107314,서유기,20230410,수,3013465,개벽신화,3017988,금촌여걸,,,API8_2
3103771,서풍질주,20210418,암,3017565,화룡특급,3012245,열린소망,,,API8_2
3104091,석안유심,20220201,암,3100327,-,3011858,등선나루,,,API8_2
3018460,선덕공주,20180404,암,3100032,-,3014944,선덕여왕,,,API8_2
3103372,선봉대,20210302,거,3009296,푸른대왕,3007249,연화왕비,,,API8_2
3104220,선봉여명,20220328,암,3100327,-,3011093,선봉태후,,,API8_2
3108214,선봉왕자,20230428,수,3009526,백두장사,3015521,선봉전설,,,API8_2
3102485,선봉장사,20200327,거,3009296,푸른대왕,3015521,선봉전설,,,API8_2
3101746,설향,20190418,암,3100316,-,3012878,진목,,,API8_2
3018219,성공기원,20170215,거,3009526,백두장사,3014144,황해비호,,,API8_2
3107638,성공신화,20230505,암,3018896,삼다백호,3014551,황해신천,,,API8_2
3103869,성공여신,20210405,암,3012866,계림동자,3014144,황해비호,,,API8_2
3018748,성공제일,20180221,거,3009526,백두장사,3006378,성공일호,,,API8_2
3104307,성공펀치,20220401,거,3014974,터보킹,3017360,샛별신화,,,API8_2
3103469,성산돌풍,20210201,거,3013465,개벽신화,3015428,일급수,,,API8_2
3108193,성안로드,20230503,거,3017982,아라강자,3016459,장백행진,,,API8_2
3104219,성취,20220418,거,3016502,선양호,3014883,철의여신,,,API8_2
3104277,세계왕자,20220411,거,3100327,-,3012610,장타세계,,,API8_2
3018106,세계의전설,20170417,거,3011133,장백산,3012150,세계의보물,,,API8_2
3103453,세계자랑,20210212,거,3015307,명가황제,3012610,장타세계,,,API8_2
3107850,세기강타,20230430,거,3017491,러너킹,3017455,고색창연,,,API8_2
3107902,세기선물,20230521,거,3018933,오라태양,3016862,구시구중,,,API8_2
3109055,세기자랑,20240507,암,3019043,사무사,3017455,고색창연,,,API8_2
3109026,세기폭풍,20240331,암,3015597,일대태수,3016772,금강시대,,,API8_2
3103729,세련미,20210422,암,3100316,-,3014800,그래비티,,,API8_2
3104799,세모다,20220430,거,3015723,만점왕,3018372,웅진의꿈,,,API8_2
3107454,세븐,20230321,거,3100327,-,3011036,제주장타,,,API8_2
3107390,세븐언더,20230518,수,3017565,화룡특급,3016759,천마공주,,,API8_2
3018738,세종태양,20180518,거,3100061,-,3015259,우승독주,,,API8_2
3107511,센돌이,20230418,거,3017558,상가으뜸,3017067,흑룡보배,,,API8_2
3104308,소나기,20220401,암,3017565,화룡특급,3014603,돌풍,,,API8_2
3101983,소나타,20200104,거,3015875,꼬리별,3011228,하늘빛,,,API8_2
3104287,소록번개,20220326,암,3100527,-,3016373,소록바람,,,API8_2
3107612,소록열풍,20230421,암,3018896,삼다백호,3016373,소록바람,,,API8_2
3103949,소록태풍,20210320,암,3100327,-,3016373,소록바람,,,API8_2
3108671,소문그대로,20220329,암,3017558,상가으뜸,3017968,소문대로,,,API8_2
3103588,소왕산,20210508,암,3016994,태흥성,3015460,리키파워,,,API8_2
3102580,수라왕,20200407,거,3013695,황산벌,3011177,갈색빛,,,API8_2
3104324,수리수리,20220220,암,3015307,명가황제,3014235,적토마,,,API8_2
3104565,수방사,20220514,거,3009526,백두장사,3017470,봉성여왕,,,API8_2
3104680,수비,20220506,수,3016994,태흥성,3012622,칠성대,,,API8_2
3017464,수사대,20160319,거,3009526,백두장사,3100818,-,,,API8_2
3107354,수상비,20230425,거,3017069,대력왕,3008201,용병전사,,,API8_2
3108190,수월로드,20230506,거,3017982,아라강자,3011183,당산군주,,,API8_2
3101520,수월용사,20200405,거,3100316,-,3015211,천주,,,API8_2
3107502,수자기,20230504,거,3016994,태흥성,3013072,신일류,,,API8_2
3102513,수호초,20190227,거,3100327,-,3007249,연화왕비,,,API8_2
3107514,순광비,20230328,거,3018228,남북대로,3017374,애월무적,,,API8_2
3108458,순식간,20230412,암,3101445,리스펙,3017264,온새미로,,,API8_2
3104669,슈퍼노바,20220417,거,3015597,일대태수,3101318,-,,,API8_2
3102674,슈퍼대세,20200426,거,3100032,-,3017406,트리플퀸,,,API8_2
3102209,슈퍼러너,20200518,거,3016320,청마시대,3008037,얼음꽃,,,API8_2
3109130,슈퍼스타,20240325,수,3016475,빗고을,3014288,녹의사자,,,API8_2
3107831,슛돌이,20230519,거,3016994,태흥성,3100118,-,,,API8_2
3107877,스마트,20230413,거,3016320,청마시대,3015610,별무반,,,API8_2
3104108,스타덤,20220117,암,3014974,터보킹,3017559,천추태후,,,API8_2
3109011,스톰킹덤,20240309,수,3017578,광해최고,3101577,발라카스,,,API8_2
3105484,스트롱캣,20220509,거,3016994,태흥성,3013109,수은등불,,,API8_2
3103580,스트롱포스,20210509,거,3100061,-,3016904,스트롱걸,,,API8_2
3104144,슬기돌이,20220502,거,3017509,명문전설,3013241,미래여신,,,API8_2
3104654,승리행,20220617,암,3100327,-,3014695,성공,,,API8_2
3016543,승일교,20140716,거,3101043,-,3008201,용병전사,,,API8_2
3104239,승전가,20220401,거,3009526,백두장사,3014145,대찬걸음,,,API8_2
3109054,승필승,20240403,거,3101680,아자아자,3014255,멘토링,,,API8_2
3018729,시긴트,20180521,거,3009526,백두장사,3012652,행운시간,,,API8_2
3107853,시종일관,20230514,거,3017565,화룡특급,3018706,신샛별,,,API8_2
3107333,신광야,20230312,암,3009526,백두장사,3016987,한백보배,,,API8_2
3103590,신대륙,20190503,수,3011199,철마,3013908,별중별,,,API8_2
3018143,신속한,20170527,거,3100061,-,3100905,-,,,API8_2
3103413,신수,20210525,거,3009526,백두장사,3016554,런닝,,,API8_2
3108052,신안으뜸,20230428,수,3016502,선양호,3018607,게나제나,,,API8_2
3103807,신천여제,20210413,암,3014974,터보킹,3017360,샛별신화,,,API8_2
3104163,신천황후,20220216,암,3100327,-,3018247,신천제일,,,API8_2
3105317,신통방통,20220408,거,3018288,강한파도,3016709,세계으뜸,,,API8_2
3104247,신화여신,20220310,암,3015597,일대태수,3013891,송악여신,,,API8_2
3107487,신화왕자,20230406,거,3015597,일대태수,3013891,송악여신,,,API8_2
3107867,신흥대정,20230418,거,3018933,오라태양,3017653,신흥명성,,,API8_2
3105287,신흥신화,20220226,거,3100327,-,3012653,불멸의별,,,API8_2
3109164,실로암,20240521,거,3018373,아브람,3014178,저글링,,,API8_2
3104206,쌍용백호,20220314,수,3016502,선양호,3009534,백호화랑,,,API8_2
3017642,쌍용신화,20160216,거,3012382,쾌속장타,3008207,여걸작,,,API8_2
3107447,쌍용퀸,20230228,암,3018896,삼다백호,3009534,백호화랑,,,API8_2
3110031,쏘아라하트,20240404,수,3018896,삼다백호,3018036,해찬나래,,,API8_2
3104203,아고라,20220326,거,3017491,러너킹,3011035,한라세상,,,API8_2
3104692,아그배,20220503,거,3015597,일대태수,3015820,청춘매력,,,API8_2
3104283,아라리오,20220407,암,3100327,-,3014290,두가시,,,API8_2
3108113,아라별,20230221,암,3100032,-,3012653,불멸의별,,,API8_2
3107864,아라전설,20230516,수,3018933,오라태양,3017540,아라,,,API8_2
3104261,아라천마,20220413,거,3015597,일대태수,3014282,새로운돌풍,,,API8_2
3104317,아름나,20220228,암,3100327,-,3016374,삼다평정,,,API8_2
3104129,아름답다,20220410,암,3015223,제일용사,3010374,일자천금,,,API8_2
3103899,아리향,20210331,암,3015723,만점왕,3011035,한라세상,,,API8_2
3103887,아신,20210402,수,3015723,만점왕,3017540,아라,,,API8_2
3109094,아츄,20240509,암,3019043,사무사,3017540,아라,,,API8_2
3103615,아카사니,20210505,암,3009526,백두장사,3014423,가리사니,,,API8_2
3104290,아크,20220228,수,3017491,러너킹,3014879,장한기상,,,API8_2
3107497,야말,20230503,암,3016502,선양호,3101768,-,,,API8_2
3101849,양대전설,20200411,거,3100316,-,3100422,-,,,API8_2
3104115,양대진품,20220422,암,3018280,멋진기상,3100422,-,,,API8_2
3107436,어마장장,20230310,수,3017491,러너킹,3017976,두리누리,,,API8_2
3104134,어부바,20220322,암,3014974,터보킹,3016946,트멍,,,API8_2
3101734,어스칼,20200321,거,3016320,청마시대,3015650,웅비여걸,,,API8_2
3017473,어정적기,20160331,거,3011321,전국비행,3011797,백록현주,,,API8_2
3104132,어정청,20220305,암,3015307,명가황제,3015578,우당거목,,,API8_2
3104594,엉또왕자,20220424,수,3007357,최고훈장,3012793,불빛세상,,,API8_2
3107316,에스프리,20230420,거,3016320,청마시대,3018789,녹색여왕,,,API8_2
3107506,엔딩요정,20230407,암,3014517,너울,3016954,황해여신,,,API8_2
3107885,엘레강스,20230603,암,3015597,일대태수,3013712,달의요정,,,API8_2
3103637,엘리트강자,20210502,암,3016994,태흥성,3013503,정도,,,API8_2
3107866,여걸챔프,20230222,암,3018669,안덕최고,3018625,웅진챔프,,,API8_2
3108461,여일지승,20230505,암,3016113,서우봉,3016828,작은새,,,API8_2
3105298,여포장사,20220519,거,3015597,일대태수,3011460,문화의힘,,,API8_2
3019040,역발산,20190507,수,3016475,빗고을,3014288,녹의사자,,,API8_2
3103842,연대기,20210409,암,3016994,태흥성,3013551,대천문,,,API8_2
3109219,연삼로,20240225,거,3018934,오라태풍,3017953,새벽시대,,,API8_2
3102630,연소,20200510,거,3009296,푸른대왕,3016554,런닝,,,API8_2
3102472,연화왕자,20200227,거,3100061,-,3007249,연화왕비,,,API8_2
3107460,영도번개,20230329,거,3018896,삼다백호,3100048,-,,,API8_2
3018073,영상대부,20170518,거,3012382,쾌속장타,3100883,-,,,API8_2
3107913,영웅대정,20230413,거,3018933,오라태양,3015698,영웅소리,,,API8_2
3101784,영웅변신,20200420,거,3009296,푸른대왕,3013337,태자비,,,API8_2
3103607,영웅본색,20210506,거,3100061,-,3016678,일장춘몽,,,API8_2
3103305,영웅퀸,20210312,암,3009526,백두장사,3017805,강한대로,,,API8_2
3105238,영웅킹,20220328,거,3009526,백두장사,3017805,강한대로,,,API8_2
3103322,영원최고,20210306,거,3015307,명가황제,3009569,늘빛푸른,,,API8_2
3105242,영지신,20220330,암,3013465,개벽신화,3012250,당산봉,,,API8_2
3109196,예쁘다,20240218,암,3100327,-,3016909,희망의질주,,,API8_2
3107371,오도롱,20230316,암,3017074,힐링타운,3016946,트멍,,,API8_2
3104791,오등동,20220205,수,3014974,터보킹,3018083,광명시대,,,API8_2
3018909,오라드림,20190301,거,3100032,-,3100818,-,,,API8_2
3102262,오라정월,20200125,거,3100032,-,3010198,한라산,,,API8_2
3018933,오라태양,20190301,수,3009526,백두장사,3015724,한백황후,,,API8_2
3107631,오룡거,20230426,거,3015597,일대태수,3100007,-,,,API8_2
3107457,오백공주,20230324,암,3017491,러너킹,3018623,제주물결,,,API8_2
3107391,오백선녀,20230518,암,3015597,일대태수,3102144,-,,,API8_2
3107423,온누리,20220408,암,3100061,-,3013363,백호태후,,,API8_2
3107832,온언더,20230427,거,3015597,일대태수,3015260,비룡석탑,,,API8_2
3104141,올인원,20210330,암,3015391,존재감,3100481,-,,,API8_2
3104611,와흘호,20220520,수,3015597,일대태수,3017206,제일일호,,,API8_2
3018812,완벽세대,20180422,암,3100327,-,3013455,명품열차,,,API8_2
3103879,용감무쌍,20210403,수,3009526,백두장사,3009372,은하평정,,,API8_2
3108661,용강,20230210,거,3009296,푸른대왕,3018083,광명시대,,,API8_2
3108125,용강아리아,20230209,암,3009526,백두장사,3014979,진리의힘,,,API8_2
3104610,용달이,20220408,수,3016502,선양호,3016749,당대황후,,,API8_2
3104674,용담챔프,20220415,거,3009296,푸른대왕,3017385,용담여신,,,API8_2
3103864,용담천하,20210405,거,3100061,-,3017385,용담여신,,,API8_2
3109214,용두산,20240315,암,3018002,진선진미,3017920,황후시대,,,API8_2
3107397,용등마,20230520,수,3017565,화룡특급,3018348,소문만래,,,API8_2
3108102,용머루,20230202,거,3014974,터보킹,3014937,선구자,,,API8_2
3109283,용의승천,20240319,암,3019043,사무사,3018674,용병여신,,,API8_2
3018940,용천호우,20190519,거,3016475,빗고을,3100810,-,,,API8_2
3103398,용트림,20210223,거,3009526,백두장사,3100883,-,,,API8_2
3108469,용호지자,20230304,수,3100316,-,3015362,흑단비,,,API8_2
3109120,우공이산,20240602,수,3017565,화룡특급,3018418,신의명성,,,API8_2
3103388,우당대목,20210226,거,3016475,빗고을,3015578,우당거목,,,API8_2
3107299,우대산,20230305,거,3009296,푸른대왕,3018781,성읍대가,,,API8_2
3104713,우승기운,20220601,수,3100327,-,3016783,흥미진진,,,API8_2
3107523,우승맞이,20230511,암,3016994,태흥성,3102152,-,,,API8_2
3104592,우아우아,20220331,암,3016475,빗고을,3016634,교우이신,,,API8_2
3104254,우화,20220419,암,3015597,일대태수,3009541,역대명장,,,API8_2
3109403,운명,20240105,암,3017491,러너킹,3018820,오라해피,,,API8_2
3103963,운주자랑,20210317,거,3016320,청마시대,3012121,선양왕비,,,API8_2
3105515,울란바토르,20220302,거,3017565,화룡특급,3100688,-,,,API8_2
3103557,웅비성,20210512,거,3015307,명가황제,3012697,간드락,,,API8_2
3103937,웅비최강,20210322,거,3013465,개벽신화,3015650,웅비여걸,,,API8_2
3109518,웅지바람,20220605,암,3015391,존재감,3016579,미래창출,,,API8_2
3018067,웅진대성,20170329,거,3005652,제주명성,3100943,-,,,API8_2
3109076,웅진루키,20240224,수,3018669,안덕최고,3019028,오라루키,,,API8_2
3108952,웅진리한,20240226,수,3018933,오라태양,3018572,웅진리더,,,API8_2
3109099,웅진미소,20240329,수,3016475,빗고을,3018345,미소전략,,,API8_2
3104800,웅진불사,20220228,수,3015875,꼬리별,3016929,불꽃여신,,,API8_2
3017563,웅진신화,20160420,거,3014739,설중매,3013388,어승매,,,API8_2
3104801,웅진아성,20220220,수,3015723,만점왕,3017540,아라,,,API8_2
3104805,웅진영웅,20220419,거,3100032,-,3015698,영웅소리,,,API8_2
3104803,웅진한라,20220214,거,3100032,-,3010198,한라산,,,API8_2
3014189,원당봉,20110416,거,3009296,푸른대왕,3100937,-,,,API8_2
3104683,원당불패,20220221,수,3014974,터보킹,3015724,한백황후,,,API8_2
3107845,원더보스,20230531,암,3013465,개벽신화,3008947,황태자비,,,API8_2
3104564,원더풀대양,20220611,거,3017491,러너킹,3011999,한백평정,,,API8_2
3015726,원동파워,20130425,거,3009526,백두장사,3100930,-,,,API8_2
3016744,원동히트,20140327,거,3007168,명문왕자,3011999,한백평정,,,API8_2
3104656,원중원,20220403,거,3009526,백두장사,3014255,멘토링,,,API8_2
3107932,원평가속도,20220407,거,3018064,풍신,3014588,불사신,,,API8_2
3104295,원평여걸,20220206,암,3015307,명가황제,3015916,광명의여신,,,API8_2
3107892,월광,20230521,암,3018906,와일드송,3014942,해파랑,,,API8_2
3107580,월광검,20230401,암,3016994,태흥성,3013021,잎새,,,API8_2
3104766,월평천하,20220519,거,3009526,백두장사,3100941,-,,,API8_2
3109231,위너포스,20240212,거,3017491,러너킹,3016895,한라왕후,,,API8_2
3109119,위대한야망,20240528,수,3009526,백두장사,3017980,제천대성,,,API8_2
3107304,위하여,20230411,수,3018896,삼다백호,3015233,불사조,,,API8_2
3105327,윈드파이터,20220624,거,3009526,백두장사,3018908,젊은미소,,,API8_2
3107591,윙크,20230430,암,3016994,태흥성,3102657,-,,,API8_2
3103920,유달리,20210325,거,3016994,태흥성,3100007,-,,,API8_2
3107303,유린청,20230310,암,3015597,일대태수,3018146,장전열매,,,API8_2
3018862,유명세,20190325,거,3015307,명가황제,3100883,-,,,API8_2
3102316,유비군자,20190523,거,3016475,빗고을,3100524,-,,,API8_2
3107336,유수여신,20230418,암,3015307,명가황제,3013416,유수명물,,,API8_2
3017017,유수히어로,20150503,거,3012382,쾌속장타,3013339,한백명성,,,API8_2
3107582,육탄시대,20230330,거,3009526,백두장사,3012648,좋은올레,,,API8_2
3109420,육탄왕,20240329,거,3014974,터보킹,3012648,좋은올레,,,API8_2
3018186,육탄왕자,20170324,거,3009526,백두장사,3012648,좋은올레,,,API8_2
3104170,육탄질주,20220307,거,3014974,터보킹,3012648,좋은올레,,,API8_2
3104635,윤슬,20220530,암,3014974,터보킹,3012668,천문산,,,API8_2
3015728,으뜸공신,20130312,거,3005652,제주명성,3100943,-,,,API8_2
3104697,으뜸여신,20220504,암,3100327,-,3015211,천주,,,API8_2
3018668,으뜸영웅,20180504,거,3005652,제주명성,3100943,-,,,API8_2
3104603,으뜸천하,20220512,거,3011133,장백산,3016391,천문조,,,API8_2
3105503,은빛강자,20220503,수,3012866,계림동자,3015900,은빛요정,,,API8_2
3107858,은빛여우,20230517,암,3011133,장백산,3100108,-,,,API8_2
3104176,은패명주,20220319,암,3015597,일대태수,3014983,청마독주,,,API8_2
3109154,은하별,20240221,수,3015597,일대태수,3018568,지장샘,,,API8_2
3108943,은하성,20240227,암,3018933,오라태양,3017561,웅진성,,,API8_2
3103835,은하왕자,20210410,거,3017509,명문전설,3013315,은하여왕,,,API8_2
3104143,은하전설,20220425,암,3017509,명문전설,3013315,은하여왕,,,API8_2
3107904,이글스,20230328,암,3100316,-,3016904,스트롱걸,,,API8_2
3107842,이글킹,20230401,거,3017491,러너킹,3017797,정우천신,,,API8_2
3018069,이룰성,20170426,거,3011321,전국비행,3013337,태자비,,,API8_2
3102254,인자무적,20200217,거,3100327,-,3017023,새벽찬가,,,API8_2
3018052,일급비상,20170504,거,3009526,백두장사,3012120,하늘비상,,,API8_2
3102011,일단고,20200501,거,3014974,터보킹,3017008,여제,,,API8_2
3016908,일대강자,20150301,거,3012419,종결자,3009534,백호화랑,,,API8_2
3105283,일대명성,20220521,수,3015597,일대태수,3017284,엄지세상,,,API8_2
3105279,일대왕자,20220129,거,3013465,개벽신화,3017701,일대신화,,,API8_2
3015919,일류어천,20130503,거,3009526,백두장사,3011777,새벽소리,,,API8_2
3104182,일류왕,20220301,거,3016320,청마시대,3010449,일류군왕,,,API8_2
3102568,일류천하,20190426,거,3016475,빗고을,3100648,-,,,API8_2
3018658,일사만리,20180513,거,3015307,명가황제,3012486,한백여장,,,API8_2
3017791,일사십리,20160524,거,3007168,명문왕자,3012486,한백여장,,,API8_2
3108885,일위도강,20220428,거,3015307,명가황제,3016822,제왕오름,,,API8_2
3105244,일진,20220503,거,3018228,남북대로,3100355,-,,,API8_2
3107839,일출봉,20230405,거,3009296,푸른대왕,3012012,여제,,,API8_2
3103770,일품가속,20210418,수,3016502,선양호,3013363,백호태후,,,API8_2
3104649,일품걸,20220520,암,3016994,태흥성,3015581,앙상블,,,API8_2
3103874,일품성,20210404,거,3016994,태흥성,3013109,수은등불,,,API8_2
3104127,일품스톰,20220423,거,3016994,태흥성,3015225,서부대로,,,API8_2
3109274,일품히트,20230325,암,3013465,개벽신화,3015428,일급수,,,API8_2
3107585,자강,20230418,암,3015597,일대태수,3011323,천지세대,,,API8_2
3101569,자유날개,20200330,거,3005652,제주명성,3010732,천지왕,,,API8_2
3103947,자유시대,20210320,거,3015723,만점왕,3014577,포부,,,API8_2
3108104,자유여신,20220516,암,3100061,-,3018746,일대전함,,,API8_2
3105286,자유연대,20220507,암,3017565,화룡특급,3017114,자유천사,,,API8_2
3103951,자유열매,20210320,거,3005652,제주명성,3010732,천지왕,,,API8_2
3107588,자크르,20230420,거,3017509,명문전설,3016338,용연향,,,API8_2
3104249,잘나가,20220410,거,3018061,특급용병,3016759,천마공주,,,API8_2
3104278,장만월,20220410,암,3011133,장백산,3010274,임금바위,,,API8_2
3104300,장인의빛,20220420,암,3015875,꼬리별,3017725,금화,,,API8_2
3107874,장전고수,20230411,거,3018228,남북대로,3012652,행운시간,,,API8_2
3103962,장전공주,20210317,암,3100327,-,3009360,태왕황후,,,API8_2
3109388,장전미래,20240420,암,3018228,남북대로,3011820,초록하늘,,,API8_2
3104309,장타공주,20220405,암,3100316,-,3016387,장타명성,,,API8_2
3103401,장타군주,20210222,수,3009526,백두장사,3011036,제주장타,,,API8_2
3107886,장타로,20230426,암,3018896,삼다백호,3016125,강포,,,API8_2
3107836,장타백호,20230421,암,3018896,삼다백호,3016387,장타명성,,,API8_2
3104211,장타신화,20220227,암,3009526,백두장사,3018306,돌풍신화,,,API8_2
3104299,장타일류,20220327,거,3011133,장백산,3014844,통치자,,,API8_2
3102943,장타최강,20200225,거,3100061,-,3011036,제주장타,,,API8_2
3107483,장타퀸,20230315,암,3016502,선양호,3014844,통치자,,,API8_2
3104302,장타호령,20220416,수,3017565,화룡특급,3013503,정도,,,API8_2
3105022,재게재게,20220504,수,3100219,-,3100228,-,,,API8_2
3107373,적통자,20230515,거,3015307,명가황제,3015727,한줄기,,,API8_2
3107521,전국로,20230510,암,3017491,러너킹,3018055,전국여왕,,,API8_2
3104675,전국챔프,20220422,거,3100327,-,3017452,전국시대,,,API8_2
3109427,전농로,20240320,암,3009526,백두장사,3011797,백록현주,,,API8_2
3102840,전농미르,20190304,거,3100327,-,3011036,제주장타,,,API8_2
3109235,전농볼트,20240406,거,3101680,아자아자,3015748,해와달,,,API8_2
3103384,전농최고,20210227,거,3009526,백두장사,3014844,통치자,,,API8_2
3101904,전농혁신,20190428,거,3100032,-,3014844,통치자,,,API8_2
3107430,전농황제,20230214,거,3009526,백두장사,3015748,해와달,,,API8_2
3107919,전설대로,20230314,암,3009526,백두장사,3017805,강한대로,,,API8_2
3108144,전설마루,20230306,거,3100989,-,3017953,새벽시대,,,API8_2
3018893,전설마을,20190501,거,3015223,제일용사,3008201,용병전사,,,API8_2
3018571,전설무적,20180517,수,3009526,백두장사,3011904,안덕보배,,,API8_2
3104747,전설바람,20220515,수,3015597,일대태수,3018348,소문만래,,,API8_2
3103728,전설신검,20210422,암,3015549,산도롱,3018053,청귤,,,API8_2
3101558,전설파도,20200323,수,3016475,빗고을,3100280,-,,,API8_2
3109163,전승맨,20240403,거,3101680,아자아자,3100579,-,,,API8_2
3104068,전승소녀,20210305,암,3009526,백두장사,3017020,동화로,,,API8_2
3107369,전승스타,20230425,암,3015597,일대태수,3100524,-,,,API8_2
3107394,전승퀸,20230425,암,3015597,일대태수,3014023,공중정원,,,API8_2
3107530,전천후,20230316,수,3015597,일대태수,3013951,을지무적,,,API8_2
3018048,절대권력,20170321,거,3009526,백두장사,3013441,녹원의전사,,,API8_2
3017096,절대적,20150331,거,3009526,백두장사,3100818,-,,,API8_2
3109257,정면대결,20240502,거,3011133,장백산,3018008,정면승부,,,API8_2
3017780,정우일품,20160225,거,3007168,명문왕자,3011036,제주장타,,,API8_2
3105329,정우질주,20220219,거,3014974,터보킹,3017797,정우천신,,,API8_2
3108451,제성로,20230602,암,3017069,대력왕,3012076,빛나,,,API8_2
3109183,제성백호,20240520,수,3017565,화룡특급,3015460,리키파워,,,API8_2
3108453,제성환호,20230420,암,3017069,대력왕,3014087,옥매화,,,API8_2
3107461,제우스,20230223,거,3018896,삼다백호,3015650,웅비여걸,,,API8_2
3103931,제이킹,20210324,거,3014974,터보킹,3012120,하늘비상,,,API8_2
3104097,제일강자,20220101,거,3009526,백두장사,3012491,모두의꿈,,,API8_2
3103831,제일명,20210410,암,3012419,종결자,3015210,진격거인,,,API8_2
3109358,제주미녀,20240424,암,3101445,리스펙,3015756,설화수,,,API8_2
3103420,제주보이,20210523,수,3014517,너울,3012715,광명미소,,,API8_2
3107406,제주소리,20230410,거,3018280,멋진기상,3016358,삼다열전,,,API8_2
3104591,제주전사,20220425,거,3011133,장백산,3008201,용병전사,,,API8_2
3017566,제주제왕,20160511,거,3012382,쾌속장타,3100939,-,,,API8_2
3105267,제주짱,20220309,거,3015597,일대태수,3012877,불면불휴,,,API8_2
3107846,종횡무진,20230515,거,3018228,남북대로,3017200,금비늘,,,API8_2
3108121,좋구나,20230327,거,3015597,일대태수,3100544,-,,,API8_2
3107428,주마녀,20230213,수,3009526,백두장사,3014879,장한기상,,,API8_2
3104099,중문전사,20220220,거,3014974,터보킹,3016707,마법천자,,,API8_2
3105277,지고지상,20220128,암,3100327,-,3100810,-,,,API8_2
3104630,지구,20220504,거,3012866,계림동자,3014986,찬사,,,API8_2
3104678,지구여신,20220417,암,3100327,-,3016954,황해여신,,,API8_2
3104682,지구용사,20220221,거,3100327,-,3013763,광화문,,,API8_2
3104581,지리산,20220508,암,3015597,일대태수,3015460,리키파워,,,API8_2
3104729,지배자,20220429,암,3100989,-,3017990,강한대세,,,API8_2
3107513,지원대장,20230506,거,3017491,러너킹,3013457,느낌표,,,API8_2
3101601,지존무상,20190403,수,3014974,터보킹,3014648,마음이,,,API8_2
3102123,지존보배,20190504,거,3015223,제일용사,3012486,한백여장,,,API8_2
3107536,지존여걸,20230419,암,3015549,산도롱,3015211,천주,,,API8_2
3107442,지존황제,20230317,거,3016320,청마시대,3012121,선양왕비,,,API8_2
3108177,지화자,20230408,암,3018288,강한파도,3016709,세계으뜸,,,API8_2
3107828,직진기,20230517,암,3015597,일대태수,3011200,탐라의영광,,,API8_2
3103622,진검승부,20210504,거,3014739,설중매,3015998,동명왕,,,API8_2
3104814,진격,20220421,암,3015597,일대태수,3011323,천지세대,,,API8_2
3104562,진덕여왕,20220524,암,3100061,-,3015688,명품태후,,,API8_2
3104684,진면목,20220502,거,3016994,태흥성,3017358,용설란,,,API8_2
3107524,진짜로,20230520,암,3016994,태흥성,3018201,올레특급,,,API8_2
3103315,진한파도,20210308,거,3009526,백두장사,3013599,새일꾼,,,API8_2
3103748,질풍태양,20210420,수,3014739,설중매,3015063,순수혈통,,,API8_2
3107897,차크라,20230517,수,3011133,장백산,3100451,-,,,API8_2
3105234,찬누리,20220430,거,3005652,제주명성,3011183,당산군주,,,API8_2
3102279,찬스강,20200301,거,3015223,제일용사,3014255,멘토링,,,API8_2
3018889,찬스왕,20190202,거,3015223,제일용사,3007402,금나라,,,API8_2
3107621,찬슬,20230501,거,3102647,-,3100618,-,,,API8_2
3102106,참나리,20200417,거,3015875,꼬리별,3011624,달공주,,,API8_2
3103743,참돌이,20210420,거,3015307,명가황제,3008201,용병전사,,,API8_2
3107339,창조자,20230409,수,3015597,일대태수,3017207,제일공주,,,API8_2
3107563,처용전사,20230205,암,3100316,-,3015325,본연,,,API8_2
3104643,천년강자,20220517,수,3018228,남북대로,3011048,천년비행,,,API8_2
3104789,천년수,20220505,거,3015597,일대태수,3016401,백년지기,,,API8_2
3018716,천년약속,20170528,거,3100327,-,3011161,멋진우리,,,API8_2
3104672,천년여왕,20220503,암,3100327,-,3100378,-,,,API8_2
3105502,천년의꿈,20220501,거,3016320,청마시대,3011161,멋진우리,,,API8_2
3107907,천도수,20230627,암,3014974,터보킹,3012668,천문산,,,API8_2
3107414,천둥나래,20230330,암,3009526,백두장사,3018769,역대제일,,,API8_2
3104161,천둥소리,20220201,수,3017491,러너킹,3018594,금빛소리,,,API8_2
3107359,천리질주,20230504,암,3016320,청마시대,3012965,와흘찬가,,,API8_2
3107345,천마보배,20230424,암,3018280,멋진기상,3017605,보석코지,,,API8_2
3107318,천마스텝,20230417,거,3015597,일대태수,3016500,굿스텝,,,API8_2
3107356,천마스톰,20230502,거,3100527,-,3017432,탐라제일,,,API8_2
3107599,천마신화,20230419,암,3017491,러너킹,3014427,눈빛발사,,,API8_2
3103900,천마용사,20210331,수,3016994,태흥성,3014983,청마독주,,,API8_2
3107632,천마일호,20230428,거,3015597,일대태수,3017503,한경보배,,,API8_2
3107575,천마특급,20230402,암,3017565,화룡특급,3013711,대비행,,,API8_2
3107433,천명자,20230213,수,3018906,와일드송,3018434,삼광,,,API8_2
3102292,천문신동,20200502,거,3010278,천년의힘,3016391,천문조,,,API8_2
3102752,천비왕자,20200616,거,3014974,터보킹,3007402,금나라,,,API8_2
3103693,천산,20210425,거,3014974,터보킹,3012668,천문산,,,API8_2
3107573,천상비,20230219,암,3015597,일대태수,3017157,달천,,,API8_2
3104812,천상비룡,20220302,거,3100032,-,3011777,새벽소리,,,API8_2
3108236,천상비마,20230502,암,3012419,종결자,3012715,광명미소,,,API8_2
3109215,천상연화,20240227,암,3018934,오라태풍,3011777,새벽소리,,,API8_2
3104790,천상의별,20220324,거,3015875,꼬리별,3017953,새벽시대,,,API8_2
3108145,천상태양,20230126,거,3100032,-,3013338,회천맹주,,,API8_2
3109232,천상패왕,20240308,거,3018934,오라태풍,3013278,불빛여신,,,API8_2
3103901,천억봉,20210331,수,3007357,최고훈장,3012793,불빛세상,,,API8_2
3107410,천왕봉,20230526,거,3015597,일대태수,3015460,리키파워,,,API8_2
3108041,천외천,20230405,암,3014517,너울,3014288,녹의사자,,,API8_2
3017483,천일수,20160413,거,3009526,백두장사,3012668,천문산,,,API8_2
3018559,천지대부,20180420,거,3009526,백두장사,3008948,명문귀족,,,API8_2
3018117,천지대장,20170516,거,3100316,-,3013176,바다풍경,,,API8_2
3105275,천지여왕,20220304,암,3005652,제주명성,3010732,천지왕,,,API8_2
3108677,천지영웅,20240124,거,3018896,삼다백호,3015724,한백황후,,,API8_2
3104599,천지장군,20220512,거,3100327,-,3017066,선광공주,,,API8_2
3102094,천지태왕,20200416,거,3011321,전국비행,3008201,용병전사,,,API8_2
3107609,천지태풍,20230515,거,3015875,꼬리별,3101156,-,,,API8_2
3104084,천추만대,20220204,암,3014974,터보킹,3016286,한라정복,,,API8_2
3107546,천추왕후,20230204,암,3014974,터보킹,3017559,천추태후,,,API8_2
3107417,천태산,20230510,거,3018228,남북대로,3011048,천년비행,,,API8_2
3102482,천하군자,20200512,거,3016320,청마시대,3100938,-,,,API8_2
3102688,천하독존,20200715,거,3016475,빗고을,3100810,-,,,API8_2
3107533,천하무적,20230403,거,3009526,백두장사,3100938,-,,,API8_2
3102958,천하비상,20200405,거,3014974,터보킹,3012120,하늘비상,,,API8_2
3107469,천하여걸,20230310,암,3018906,와일드송,3018827,하얀미소,,,API8_2
3107590,천하일품,20230425,거,3018896,삼다백호,3015578,우당거목,,,API8_2
3107512,천하제일,20230413,거,3018906,와일드송,3017435,특급스타,,,API8_2
3103356,천하제패,20210529,거,3009526,백두장사,3100938,-,,,API8_2
3105264,천하짱,20220308,수,3015597,일대태수,3013951,을지무적,,,API8_2
3109110,천하통일,20240302,거,3019043,사무사,3013560,황제의딸,,,API8_2
3107597,천하평정,20230413,수,3018906,와일드송,3009372,은하평정,,,API8_2
3103645,천황후,20210501,암,3009296,푸른대왕,3016391,천문조,,,API8_2
3103943,철선녀,20210321,암,3100989,-,3014879,장한기상,,,API8_2
3014895,철옹성,20120330,거,3012419,종결자,3100818,-,,,API8_2
3101652,청룡도,20190415,거,3016475,빗고을,3014290,두가시,,,API8_2
3107353,청룡바람,20230324,거,3017491,러너킹,3014944,선덕여왕,,,API8_2
3109147,청룡별,20240422,암,3019043,사무사,3014944,선덕여왕,,,API8_2
3103690,청룡불빛,20210426,거,3009526,백두장사,3014944,선덕여왕,,,API8_2
3018901,청룡시대,20190418,거,3012866,계림동자,3014944,선덕여왕,,,API8_2
3104223,청룡에이스,20220417,암,3009526,백두장사,3014944,선덕여왕,,,API8_2
3101890,청룡여제,20200501,암,3015223,제일용사,3016327,제일여왕,,,API8_2
3103727,청룡왕자,20210422,거,3009526,백두장사,3016327,제일여왕,,,API8_2
3109157,청룡질주,20240421,거,3019043,사무사,3016327,제일여왕,,,API8_2
3104709,청룡챔프,20220519,암,3009526,백두장사,3016327,제일여왕,,,API8_2
3101509,청룡퀸,20200414,암,3015223,제일용사,3014944,선덕여왕,,,API8_2
3103621,청마특급,20210504,거,3016502,선양호,3011906,제주중심,,,API8_2
3103484,청신호,20210519,암,3100989,-,3014178,저글링,,,API8_2
3104298,청암수,20220330,거,3100327,-,3015727,한줄기,,,API8_2
3108168,청운질주,20230522,암,3015723,만점왕,3015573,좌타거포,,,API8_2
3109212,청정소리,20240117,암,3017491,러너킹,3016436,미래여전사,,,API8_2
3017625,청정시대,20160408,거,3014739,설중매,3014724,상록수,,,API8_2
3107910,청풍위너,20230612,거,3018927,천년도시,3016605,흥국강병,,,API8_2
3107826,청풍제주,20230510,거,3018927,천년도시,3016854,천마지존,,,API8_2
3109450,청풍하늘,20240304,암,3014974,터보킹,3015696,하늘소녀,,,API8_2
3104601,청호전설,20220506,수,3016502,선양호,3013003,녹색여걸,,,API8_2
3109182,청호질주,20240330,수,3101680,아자아자,3018735,한백여걸,,,API8_2
3107847,첼레스타,20230518,암,3018228,남북대로,3009796,명가승,,,API8_2
3018614,초강수,20180302,거,3100061,-,3100818,-,,,API8_2
3102945,초고수,20200301,수,3014974,터보킹,3016975,천금산,,,API8_2
3107568,초월비,20230123,거,3014974,터보킹,3016286,한라정복,,,API8_2
3109228,초패왕,20240404,거,3016502,선양호,3018303,통치력,,,API8_2
3109081,총사령관,20240528,수,3100061,-,3100778,-,,,API8_2
3108969,최강선진,20240204,거,3100316,-,3012653,불멸의별,,,API8_2
3102212,최강여제,20200519,암,3100316,-,3100378,-,,,API8_2
3103578,최강지존,20210510,암,3016502,선양호,3016284,당대일마,,,API8_2
3102641,최강터보,20200606,거,3014974,터보킹,3014566,최강전,,,API8_2
3101437,최고권력,20190329,거,3009526,백두장사,3012445,황해나루,,,API8_2
3109265,최고여신,20240512,암,3019043,사무사,3017802,정우신조,,,API8_2
3107595,최고의별,20230429,거,3100316,-,3011830,단미,,,API8_2
3108254,최고의순간,20230515,수,3018064,풍신,3017870,미듬보배,,,API8_2
3108216,최고정점,20230320,거,3013465,개벽신화,3017647,승부처,,,API8_2
3109412,최대치,20240331,암,3101680,아자아자,3015306,녹색신화,,,API8_2
3107537,추격자,20230427,거,3016502,선양호,3016565,에오스,,,API8_2
3107456,출정식,20230306,암,3016502,선양호,3007222,왕실공주,,,API8_2
3017957,충무공,20170314,거,3012382,쾌속장타,3014292,한락궁이,,,API8_2
3107342,칠성특급,20230310,암,3017565,화룡특급,3100282,-,,,API8_2
3107413,칭기스,20230513,거,3017491,러너킹,3016554,런닝,,,API8_2
3101605,카라향,20190411,거,3014974,터보킹,3011432,제주왕자,,,API8_2
3107825,카우초,20230505,거,3017693,아라신화,3015256,보석,,,API8_2
3108669,캐논걸,20230406,암,3100061,-,3014614,새소망,,,API8_2
3107640,캐논여걸,20230430,암,3015597,일대태수,3016701,천연일화,,,API8_2
3104706,캐논왕자,20220415,거,3016994,태흥성,3016653,존경,,,API8_2
3103312,캐논황후,20210309,암,3100989,-,3100925,-,,,API8_2
3108188,캐치온,20230427,암,3017982,아라강자,3015826,장백천지,,,API8_2
3104237,캡틴공주,20220402,암,3017491,러너킹,3014738,명성공주,,,API8_2
3104585,캡틴맨,20220515,거,3016994,태흥성,3100080,-,,,API8_2
3104315,캡틴미소,20220301,수,3016320,청마시대,3015949,한라여왕,,,API8_2
3101706,캡틴전설,20190915,수,3014974,터보킹,3016776,한라퀸,,,API8_2
3109089,케이신화,20240313,거,3018288,강한파도,3018843,신화여걸,,,API8_2
3109096,케이으뜸,20240530,암,3018288,강한파도,3016709,세계으뜸,,,API8_2
3107851,쾌걸,20230401,암,3018906,와일드송,3013560,황제의딸,,,API8_2
3109442,쾌지나칭칭,20240211,거,3017491,러너킹,3014144,황해비호,,,API8_2
3107503,퀸메이드,20230225,암,3018896,삼다백호,3018148,금빛축제,,,API8_2
3107367,킹메이커,20230513,암,3015597,일대태수,3014808,마인드,,,API8_2
3101725,킹코브라,20190213,수,3014974,터보킹,3015326,하늘공주,,,API8_2
3104659,킹콩스텝,20220418,거,3100327,-,3015233,불사조,,,API8_2
3109458,타노스,20240112,거,3009526,백두장사,3018247,신천제일,,,API8_2
3107923,타이산,20230520,암,3015597,일대태수,3100287,-,,,API8_2
3107869,타잔,20230509,거,3015597,일대태수,3018302,블루션샤인,,,API8_2
3109009,탐라강자,20240409,암,3101680,아자아자,3018912,산자수명,,,API8_2
3107385,탐라돌풍,20230421,암,3014517,너울,3018278,탐라고을,,,API8_2
3103575,탐라비상,20210510,암,3014974,터보킹,3011944,백두찬가,,,API8_2
3018576,탐라신화,20180510,거,3014974,터보킹,3009898,일출왕국,,,API8_2
3103297,탐라의빛,20210314,암,3100032,-,3017569,한라강자,,,API8_2
3018629,탐라인기,20180412,암,3100316,-,3011944,백두찬가,,,API8_2
3018734,탐라제국,20180417,거,3100327,-,3006556,청정호수,,,API8_2
3017652,탐라후예,20160330,거,3009296,푸른대왕,3011944,백두찬가,,,API8_2
3109441,탐험대,20240318,암,3101680,아자아자,3014145,대찬걸음,,,API8_2
3104804,태극성,20220508,암,3015723,만점왕,3013337,태자비,,,API8_2
3107567,태백의진,20230210,암,3015875,꼬리별,3018574,태백산,,,API8_2
3018936,태산수,20190609,거,3100327,-,3016282,대산수,,,API8_2
3107335,태양신천,20230420,수,3017491,러너킹,3017360,샛별신화,,,API8_2
3103643,태왁,20210501,암,3013465,개벽신화,3015820,청춘매력,,,API8_2
3109086,태왕,20240405,암,3018934,오라태풍,3013337,태자비,,,API8_2
3016841,태왕건,20150226,거,3009526,백두장사,3011714,황해여걸,,,API8_2
3016416,태왕별,20140310,거,3100061,-,3100818,-,,,API8_2
3107862,태자주니어,20230428,수,3018933,오라태양,3013337,태자비,,,API8_2
3107470,태흥비,20230328,암,3016994,태흥성,3016176,불멸의대가,,,API8_2
3014980,태흥산성,20120314,거,3010278,천년의힘,3008948,명문귀족,,,API8_2
3104752,태흥신공,20220517,거,3016994,태흥성,3100293,-,,,API8_2
3107569,태흥제일,20230303,거,3016994,태흥성,3017920,황후시대,,,API8_2
3107471,텐언더,20230402,수,3100327,-,3016319,송악영웅,,,API8_2
3107617,텐윈,20230401,암,3017565,화룡특급,3102224,-,,,API8_2
3107459,통치퀸,20230320,암,3009526,백두장사,3018303,통치력,,,API8_2
3107908,투혼여제,20230517,암,3015597,일대태수,3017818,흥부세상,,,API8_2
3108441,특천,20230325,거,3018373,아브람,3017478,대왕찬가,,,API8_2
3104156,파벽비거,20220302,거,3018228,남북대로,3015650,웅비여걸,,,API8_2
3107868,파워스타,20230320,암,3007112,산방굴사,3016878,노을천사,,,API8_2
3104632,파워액션,20220323,암,3015597,일대태수,3015912,막강여전사,,,API8_2
3107315,팔도자랑,20230407,거,3100316,-,3014290,두가시,,,API8_2
3019051,팔팔호,20190420,거,3016475,빗고을,3009315,명령자,,,API8_2
3108684,패스트,20230515,거,3009526,백두장사,3017459,풍요의여신,,,API8_2
3104761,팰리스,20220520,거,3017693,아라신화,3015256,보석,,,API8_2
3104248,페이양,20220315,암,3016994,태흥성,3100287,-,,,API8_2
3107629,평화군,20230405,암,3009526,백두장사,3017684,평화대로,,,API8_2
3108959,포윈,20240215,거,3018064,풍신,3013340,달천공주,,,API8_2
3107933,폭풍군단,20230521,거,3015597,일대태수,3016634,교우이신,,,API8_2
3104271,폭풍비,20220417,거,3009526,백두장사,3015081,불멸의여신,,,API8_2
3103709,폭풍일호,20210424,수,3009526,백두장사,3015081,불멸의여신,,,API8_2
3102842,푸른날,20190303,암,3015223,제일용사,3009569,늘빛푸른,,,API8_2
3017000,푸른물결,20150408,거,3009526,백두장사,3013441,녹원의전사,,,API8_2
3102851,푸른신호등,20190308,암,3100327,-,3009360,태왕황후,,,API8_2
3103409,풀체인지,20210526,암,3017693,아라신화,3017142,구오지존,,,API8_2
3105330,프레스토,20220615,암,3017491,러너킹,3017759,제주의꿈,,,API8_2
3103964,피지컬,20210317,수,3009526,백두장사,3017933,힐링파트,,,API8_2
3107550,하늘의문,20230222,거,3100327,-,3017932,스카이런,,,API8_2
3104646,하여가,20220505,수,3014974,터보킹,3012697,간드락,,,API8_2
3109179,한결,20240420,수,3101680,아자아자,3012381,우주세상,,,API8_2
3104184,한도초과,20220322,암,3100527,-,3011624,달공주,,,API8_2
3107382,한라공주,20230217,암,3009526,백두장사,3012509,현무여신,,,API8_2
3107854,한라군자,20230601,수,3017557,광명지존,3016663,대륙소녀,,,API8_2
3108243,한라궁전,20230401,거,3009296,푸른대왕,3014975,환상열차,,,API8_2
3107852,한라드림,20230608,거,3014974,터보킹,3013450,난드르,,,API8_2
3104645,한라보배,20220609,거,3100032,-,3013450,난드르,,,API8_2
3019081,한라왕자,20190517,거,3014974,터보킹,3013450,난드르,,,API8_2
3103938,한라원탑,20210322,거,3014974,터보킹,3100648,-,,,API8_2
3103390,한라장사,20210225,거,3009526,백두장사,3016286,한라정복,,,API8_2
3103652,한라제패,20210430,거,3100327,-,3016860,진성여왕,,,API8_2
3018470,한백돌파,20170530,거,3100989,-,3100891,-,,,API8_2
3014191,한백용장,20110418,거,3009526,백두장사,3100930,-,,,API8_2
3101848,한백제왕,20200504,거,3015223,제일용사,3011999,한백평정,,,API8_2
3107412,한백제일,20230419,암,3017491,러너킹,3012486,한백여장,,,API8_2
3018377,한백챔프,20170515,거,3012382,쾌속장타,3012486,한백여장,,,API8_2
3103626,한백최강,20210504,거,3015723,만점왕,3011999,한백평정,,,API8_2
3109068,한별시대,20240513,암,3019043,사무사,3018119,한별나라,,,API8_2
3104749,한빛제일,20220508,거,3011133,장백산,3012609,한빛세계,,,API8_2
3107341,한판승,20230425,암,3015597,일대태수,3017358,용설란,,,API8_2
3015524,함지박,20130206,거,3008912,참살이,3100941,-,,,API8_2
3101693,항해,20190512,거,3012866,계림동자,3016319,송악영웅,,,API8_2
3109424,해강,20240406,거,3019043,사무사,3017694,장고도,,,API8_2
3105511,해뜨고,20220423,거,3005652,제주명성,3015998,동명왕,,,API8_2
3109234,해무질주,20240205,암,3018934,오라태풍,3018484,오라여걸,,,API8_2
3102027,해상,20200502,거,3014974,터보킹,3012697,간드락,,,API8_2
3103382,해신,20210228,거,3100327,-,3016319,송악영웅,,,API8_2
3104166,해은,20220314,거,3016994,태흥성,3013711,대비행,,,API8_2
3108248,해피초원,20230507,암,3100989,-,3017701,일대신화,,,API8_2
3108253,행복나루,20230406,수,3009526,백두장사,3016607,여왕시대,,,API8_2
3108232,행복덩어리,20230416,수,3013695,황산벌,3017968,소문대로,,,API8_2
3107587,행복여신,20230420,암,3017565,화룡특급,3016363,위미걸,,,API8_2
3108207,행복한미소,20230503,암,3013695,황산벌,3012937,서광여신,,,API8_2
3104140,행운열차,20220424,암,3015597,일대태수,3011200,탐라의영광,,,API8_2
3104743,행운의빛,20220512,암,3009526,백두장사,3016566,행운목,,,API8_2
3108674,헤이호,20230504,거,3018896,삼다백호,3016952,역대상,,,API8_2
3103953,홍의여걸,20210319,암,3015307,명가황제,3013215,특성,,,API8_2
3107594,화이트타이거,20230410,거,3017565,화룡특급,3013188,흐뭇한,,,API8_2
3104215,화중지왕,20220306,암,3014974,터보킹,3012120,하늘비상,,,API8_2
3103519,환상지오,20210121,거,3011142,태산준봉,3009587,번영로,,,API8_2
3105497,환희,20220409,암,3015307,명가황제,3016952,역대상,,,API8_2
3104756,황금누리,20220508,암,3017565,화룡특급,3014966,영주신비,,,API8_2
3104177,황금대박,20220227,암,3013465,개벽신화,3017932,스카이런,,,API8_2
3102587,황금대장,20200304,거,3016320,청마시대,3015724,한백황후,,,API8_2
3104750,황금들녘,20220519,거,3015597,일대태수,3013649,민족통일,,,API8_2
3104660,황금라인,20220701,암,3009526,백두장사,3014942,해파랑,,,API8_2
3107360,황금새,20230411,암,3016994,태흥성,3019085,파워시대,,,API8_2
3102105,황금시대,20200521,거,3014974,터보킹,3016282,대산수,,,API8_2
3107476,황금피리,20230401,암,3018896,삼다백호,3018218,서해맹산,,,API8_2
3103323,황룡강,20210305,암,3100327,-,3015748,해와달,,,API8_2
3107427,황리단,20230207,암,3016320,청마시대,3011925,무한여신,,,API8_2
3014909,황용신화,20120320,거,3008912,참살이,3007249,연화왕비,,,API8_2
3107435,황제대로,20230210,거,3016994,태흥성,3015008,왕도,,,API8_2
3104152,황제천하,20220207,거,3017565,화룡특급,3015008,왕도,,,API8_2
3109085,황태자,20240111,수,3018669,안덕최고,3018910,웅진황후,,,API8_2
3104305,황해,20220320,거,3017491,러너킹,3014144,황해비호,,,API8_2
3103902,황해군,20210331,수,3100327,-,3011714,황해여걸,,,API8_2
3107606,황해랑,20230509,암,3017491,러너킹,3016429,구구절절,,,API8_2
3107542,황해바람,20230105,거,3018228,남북대로,3011714,황해여걸,,,API8_2
3103654,황해비천,20210430,거,3013465,개벽신화,3014551,황해신천,,,API8_2
3107540,황해여제,20230103,암,3009526,백두장사,3012445,황해나루,,,API8_2
3018715,황해장군,20180415,거,3007168,명문왕자,3012506,황해열매,,,API8_2
3018885,황해장사,20180424,거,3100327,-,3013072,신일류,,,API8_2
3109225,황해질주,20240101,암,3018228,남북대로,3012445,황해나루,,,API8_2
3104234,흑룡스타,20220418,암,3017491,러너킹,3009569,늘빛푸른,,,API8_2
3103290,흑룡시대,20210315,거,3013465,개벽신화,3016495,흑룡가문,,,API8_2
3109459,흑룡의별,20240312,수,3017558,상가으뜸,3016495,흑룡가문,,,API8_2
3107592,흑룡질주,20230410,거,3017558,상가으뜸,3009569,늘빛푸른,,,API8_2
3104285,흑룡챔프,20220416,암,3017558,상가으뜸,3017067,흑룡보배,,,API8_2
3107581,흑룡황후,20230322,암,3017558,상가으뜸,3016495,흑룡가문,,,API8_2
3016953,흑호화랑,20150426,거,3011321,전국비행,3008947,황태자비,,,API8_2
3017958,흥국강타,20170303,거,3015307,명가황제,3100810,-,,,API8_2
3109091,흥무대왕,20240517,수,3018669,안덕최고,3015698,영웅소리,,,API8_2
3103288,흥부시대,20210610,거,3015549,산도롱,3013943,흥부의꿈,,,API8_2
3105243,희망찬,20220502,암,3005652,제주명성,3016459,장백행진,,,API8_2
3018956,히든카드,20190521,거,3015307,명가황제,3016020,강한걸,,,API8_2
3107323,히트왕자,20230212,거,3100061,-,3016166,히트,,,API8_2
3108046,힐링누리,20230415,암,3016475,빗고을,3017933,힐링파트,,,API8_2
3104724,힐링대륙,20220430,수,3017565,화룡특급,3014023,공중정원,,,API8_2
3016927,힘찬세상,20150401,거,3007357,최고훈장,3011585,선양찬가,,,API8_2
0045628,가속제일,20200326,수,0036358,애니기븐새터데이,0035366,가속트리플,,,API8_2
0053814,가온보스,20210208,거,6118888,VINO ROSSO,6129349,SERIOUS I CANDY,,,API8_2
0056051,가온제압,20240427,암,0033566,파워블레이드,0044978,세이굿나이트앨리,,,API8_2
0054922,가온퍼펙트,20230409,수,0036732,머스킷맨,0036828,미스퍼펙트,,,API8_2
0050798,감동의돌파,20220331,암,0032990,한센,0023349,최선돌파,,,API8_2
0054131,감동의박수,20230313,수,0038387,콩코드포인트,0041555,레디투파티,,,API8_2
0054285,강녕,20230407,수,0045014,프로스펙티브,0035960,비바빅토리,,,API8_2
0051980,강서자이언트,20200227,암,6969089,UNION RAGS,6982404,LEXINGTON PEARL,,,API8_2
0053261,강서트렌드,20230305,수,0045050,섀클포드,0029421,풀드여,,,API8_2
0053858,강심장,20230421,거,6969075,지몰로지스트,0041971,프라우드오브마이,,,API8_2
0053926,강철역마,20230425,거,0032314,뉴화이트삭스,0028001,라이크더윈드,,,API8_2
0051647,갤럽퀸,20220424,암,0038387,콩코드포인트,0036641,제스프릿,,,API8_2
0060856,게인더서밋,20231024,수,6149613,ZOUSAIN,7169374,TOOK,,,API8_2
0057801,게임메이커,20240424,수,0036732,머스킷맨,0045138,레인보우켑트,,,API8_2
0060356,경복스트레가,20230313,수,6126916,MAXIMUM SECURITY,7081445,ALBEA STAR,,,API8_2
0052932,경복아라미스,20230208,암,0037972,올드패션드,0038335,메니블레이드,,,API8_2
0053478,경복아토스,20230403,수,7000184,BEAU LIAM,0052758,비엔나멜로디,,,API8_2
0053448,경복포르토스,20230411,거,0033566,파워블레이드,0045016,페퍼딘걸,,,API8_2
0055814,고고챔프,20240430,수,6126350,GAME WINNER,0055030,새시세니커,,,API8_2
0055533,고속퀸,20240215,암,0039935,말리부불패,0023457,스탠즈위더피스트,,,API8_2
0053878,고스트문,20220503,암,0032258,트리플나인,0023355,나이트무브스,,,API8_2
0055184,고스트한센,20240110,암,0032990,한센,0036214,스윕이지,,,API8_2
0056074,고스트헌터,20240419,수,0050506,에어포스블루,0044533,마이럴러바이,,,API8_2
0055493,고잉투윈,20240310,수,0050506,에어포스블루,0031500,끝판여왕,,,API8_2
0054089,고트맨,20230426,거,0038387,콩코드포인트,0032129,샤프게일,,,API8_2
0056661,골드러시,20240525,수,0044993,언캡처드,0038496,천년의희망,,,API8_2
0053491,골드로저,20230309,암,0038245,미스치비어슬리,0031853,모닝퀸,,,API8_2
0055800,골드무브,20240423,수,0039737,어플릿익스프레스,0052711,미스틱무브즈,,,API8_2
0054162,골드아치,20230320,암,0036358,애니기븐새터데이,0042416,러브아치,,,API8_2
0053082,골드포켓,20230127,암,0028545,인디밴드,0032986,캔디스골드,,,API8_2
0040903,골든,20170415,수,0036358,애니기븐새터데이,0023889,골든미라지,,,API8_2
0056195,골든밸류,20240415,암,0028224,케이탑,0025983,파워풀미스지,,,API8_2
0051895,골든스폿,20220310,암,0040246,지롤라모,0040121,코럴케이브,,,API8_2
0056365,골든아이,20240429,수,0045050,섀클포드,0023199,동방로즈,,,API8_2
0047156,골든에어,20210409,수,0040086,위드디스팅션,0026254,컨셉리처블,,,API8_2
0052947,골든엠파이어,20230225,암,0044993,언캡처드,0040218,딜라잇펄엠파이어,,,API8_2
0055363,골든코드,20240220,암,0038387,콩코드포인트,0027811,금희,,,API8_2
0055995,골든클로버,20240425,수,0041480,롤러블레이드,0031792,샤인클로버,,,API8_2
0053799,골든티아라,20230425,암,0046317,레이스데이,0035774,빅에이스,,,API8_2
0043750,골든포인트,20190225,거,0041566,투아너앤드서브,0030197,하스타티,,,API8_2
0054671,광복의반석,20220202,거,6115339,MENDELSSOHN,6128400,STREET OF GOLD,,,API8_2
0052942,광선대로,20230227,암,0032258,트리플나인,0019551,이머징선,,,API8_2
0047495,광속마,20210428,거,0038391,카우보이칼,0025773,스마트어드바이스,,,API8_2
0051701,구글카,20220411,거,0032990,한센,0041979,나스티캣,,,API8_2
0045317,구디,20200211,거,0041566,투아너앤드서브,0040143,그레이스라이크레,,,API8_2
0047412,국대스타,20210516,수,0038391,카우보이칼,0034884,돈나구스카,,,API8_2
0047013,국대히어로,20210325,수,0032990,한센,0036722,스윙어웨이,,,API8_2
0047492,굿대디,20210425,거,0040246,지롤라모,0023427,고스틀리갤,,,API8_2
0056568,그대만의블루,20220123,거,6149544,INSTILLED REGARD,6982081,SAFE CROSSING,,,API8_2
0051673,그랑크뤼,20220402,거,0041566,투아너앤드서브,0023919,촐룰라캣,,,API8_2
0053471,그랑트리,20230317,암,0044993,언캡처드,0038503,천년바이킹,,,API8_2
0046355,그랜드드림,20200515,거,0032990,한센,0041539,스테파니갓이븐,,,API8_2
0053497,그랜드라인,20230414,수,0032224,돌아온현표,0038393,퍼스트비트레이얼,,,API8_2
0050817,그랜드모어,20220320,거,0045050,섀클포드,0026886,그랜드특급,,,API8_2
0044647,그랜드선,20190529,수,6306749,DISTORTED HUMOR,0041972,필름참,,,API8_2
0047289,그랜드체이서,20210311,암,0031261,사이먼퓨어,0031853,모닝퀸,,,API8_2
0054586,그랜드히어로,20230325,수,0038227,크리솔라이트,0041972,필름참,,,API8_2
0046827,그레이보스,20210219,수,0032990,한센,0030937,호재너즈송,,,API8_2
0055899,그레이윈드,20240318,암,0046317,레이스데이,0042726,테이크하트,,,API8_2
0062945,그레이트머닝,20240307,수,6964691,MUNNINGS,6128744,JENNIFER'S DREAM,,,API8_2
0047334,그레이트보이,20210423,거,0032990,한센,0027815,스피디퍼스트,,,API8_2
0051300,그레이트스타,20220428,암,6126916,MAXIMUM SECURITY,0050656,델리컷레이디,,,API8_2
0062948,그레이트영,20240209,거,6968995,ADIOS CHARLIE,6130874,COUNTRY QUEEN,,,API8_2
0051504,그레이트챔프,20220323,거,0032219,챔프라인,0037732,천년의바다,,,API8_2
0051824,그레이트톱,20220425,거,0036732,머스킷맨,0031311,어트리비다,,,API8_2
0053274,그레이트파워,20230308,암,6969075,지몰로지스트,0029640,다이아파워,,,API8_2
0053961,그린스톰,20230428,암,0032990,한센,0037749,오션피닉스,,,API8_2
0053700,그린파피아노,20230515,암,0045050,섀클포드,0036823,정꽃,,,API8_2
0053830,그린화이트,20230416,암,0027312,라이언산타,0031493,파워앤스피드,,,API8_2
0053040,글레디모어,20230131,암,0028545,인디밴드,0046499,인델리벌메모리즈,,,API8_2
0047301,글로리강서,20210327,수,0036732,머스킷맨,0040175,파이드어테어,,,API8_2
0056020,글로리모닝,20240331,수,0038391,카우보이칼,0045184,희망의아침,,,API8_2
0053791,글로리스데이,20230408,암,0032224,돌아온현표,0026629,선로들리,,,API8_2
0060847,글로벌고트,20230130,수,6965458,KANTHAROS,6128754,MARIE CURIE,,,API8_2
0056130,글로벌루나,20240420,암,0038245,미스치비어슬리,0032827,레드화이트앤블루,,,API8_2
0055331,글로벌비바,20240210,암,0045082,오버애널라이즈,0035825,달빛질주,,,API8_2
0056633,글로벌서귀,20240523,수,6969075,지몰로지스트,0042179,큐피드여장부,,,API8_2
0056129,글로벌오로라,20240417,암,0052826,쿠르부아지에,0040197,예스잇즈와일드,,,API8_2
0051672,글로벌원더,20220405,수,0038332,커널존,0032006,월드퀵,,,API8_2
0052930,글로벌원픽,20230220,암,0038245,미스치비어슬리,0031706,대왕대비,,,API8_2
0056128,글로벌탑티어,20240420,암,0038245,미스치비어슬리,0023399,로즈라인,,,API8_2
0046913,글로벌태양,20210222,암,0041812,제이에스초이스,0028441,볼륨업,,,API8_2
0056364,글로벌톱티어,20240319,수,0028545,인디밴드,0027156,로열임브레이스,,,API8_2
0050990,글로벌포스,20220220,암,0036732,머스킷맨,0038418,스페셜찬스,,,API8_2
0053895,글로벌프린스,20230422,수,0045050,섀클포드,0041865,사제불이,,,API8_2
0051815,글로벌하이,20220427,수,0037972,올드패션드,0046491,쿠키이,,,API8_2
0051123,글로벌함안,20220322,거,0038387,콩코드포인트,0022759,새로운가문,,,API8_2
0056056,글로벌히로인,20220328,암,0034428,테스타마타,0033685,중앙여제,,,API8_2
0045340,글로벌히트,20200226,수,0041566,투아너앤드서브,0031278,태미즈빅트리스,,,API8_2
0057542,금강캐처,20240216,암,0052826,쿠르부아지에,0033815,금강천하,,,API8_2
0054307,금빛,20230520,암,6103967,GOLDENCENTS,0053047,더나인오,,,API8_2
0054582,금빛스프링,20230330,암,0032258,트리플나인,0035921,금빛공주,,,API8_2
0052139,금빛투데이,20220225,암,0032258,트리플나인,0035921,금빛공주,,,API8_2
0053035,금성,20230227,거,0036732,머스킷맨,0041960,언브라이드소냐,,,API8_2
0055534,금성질주,20240309,수,0039935,말리부불패,0041931,투투리즈,,,API8_2
0055502,금아거티,20220404,수,6338945,SKY MESA,6345427,SALUTE,,,API8_2
0046952,금아디스팅션,20210402,거,6115206,RANSOM THE MOON,0046476,라이트디시전,,,API8_2
0052903,금아어뎁트,20230205,수,6149515,COMPLEXITY,0052748,글로벌하티,,,API8_2
0056573,금아에미넌트,20220307,거,6965389,SMILING TIGER,7081222,RECOILING,,,API8_2
0043698,금아인피니티,20190207,거,0020256,메니피,0031278,태미즈빅트리스,,,API8_2
0051719,금아팬서,20220407,거,0038387,콩코드포인트,0046498,파울플레이,,,API8_2
0047478,금아프리시드,20210430,암,0044993,언캡처드,0030663,월들리듀드,,,API8_2
0055216,꽃대궐,20240228,암,0039935,말리부불패,0024453,댄징샐리,,,API8_2
0050851,끝판여걸,20220119,암,0021079,블루핀,0035983,끝판에어로,,,API8_2
0051196,나라라루아,20220314,수,0036732,머스킷맨,0046495,헥사메테르,,,API8_2
0056446,나린아토,20240430,암,0052316,콘서트투어,0033810,댄싱스타,,,API8_2
0061403,나에게오라,20240423,수,6148175,PINEHURST,6148726,BURNING SECRET,,,API8_2
0050861,나이스걸,20220215,암,0039737,어플릿익스프레스,0037474,핫걸,,,API8_2
0053408,나이스명가,20230316,암,7000060,나이트러스,0033736,명가캠프,,,API8_2
0051402,나이스버디,20220403,암,6993812,CENTRAL BANKER,0050343,히어컴스조디,,,API8_2
0054228,나이스빅가이,20210422,수,0046317,레이스데이,6110300,DESTINY'S REWARD,,,API8_2
0057080,나이스파워,20230311,암,0033566,파워블레이드,0030513,우승이지,,,API8_2
0056464,나인나우,20240513,암,0032258,트리플나인,0044966,파라다이스나우,,,API8_2
0051366,나인티플러스,20220504,거,6149543,INSTAGRAND,0050914,프래니라스트댄스,,,API8_2
0053180,나인틴나인원,20230307,암,7000184,BEAU LIAM,0052749,콰이어트석세스,,,API8_2
0052067,낙동명작,20220322,암,0038387,콩코드포인트,0036289,캔데슨트,,,API8_2
0054865,낙안추억,20230314,암,0041566,투아너앤드서브,0035796,뉴파트너,,,API8_2
0042818,남도일등,20180503,암,0038245,미스치비어슬리,0026294,플라워마운틴,,,API8_2
0051666,남해매직,20220420,수,0034192,제타바이트,0032372,인비엑티브,,,API8_2
1411887,내편,20210426,거,0045082,오버애널라이즈,0040233,크리에이트,,,API8_2
0052856,넌퍼레일,20230210,수,0045050,섀클포드,0037649,메이저엔젤,,,API8_2
0055532,넘버원플레이,20240320,수,0039935,말리부불패,0036672,주스바,,,API8_2
0046831,네버기브업,20210310,수,0025790,피스룰즈,0028518,애즈유원트,,,API8_2
0057621,네버서렌더,20240506,수,7000060,나이트러스,0027815,스피디퍼스트,,,API8_2
0047410,네버스톱희망,20210402,거,0039750,퍼지,0026797,으뜸칸,,,API8_2
0046696,네옴시티,20210204,암,0038245,미스치비어슬리,0040194,퍼시스,,,API8_2
0045807,노던비드,20200325,거,0039750,퍼지,0021832,새로운불패,,,API8_2
0053401,노던퀸,20230305,암,0028545,인디밴드,0021832,새로운불패,,,API8_2
0055139,노바나인,20240123,수,0032258,트리플나인,0036780,블루플래그,,,API8_2
0053731,노블윈드,20230403,거,0036732,머스킷맨,0027304,뉴윈디,,,API8_2
0050974,노스몰레이디,20220217,암,0037972,올드패션드,0036420,노스몰코리아,,,API8_2
0046623,논스톱듀티,20210102,암,0040086,위드디스팅션,0044765,코코즈레디포듀티,,,API8_2
0047173,뉴리더,20210429,암,0039750,퍼지,0045054,블루그래스페스티,,,API8_2
0056730,뉴욕스카이,20240331,수,0036732,머스킷맨,0037886,서울의별,,,API8_2
0052917,뉴월드티아라,20230203,암,0044993,언캡처드,0030449,신세계신화,,,API8_2
0054245,닉스고원,20230212,암,0041819,닉스고,0054248,스레드더니들,,,API8_2
0055595,닉스원,20240221,수,0041819,닉스고,0054248,스레드더니들,,,API8_2
0056068,님의소리,20240405,암,0032990,한센,0024475,님의찬가,,,API8_2
0055826,다날다,20240403,암,0046317,레이스데이,0050655,폴라리제이션,,,API8_2
0054163,다이나믹레몬,20230518,거,0032994,다이나믹대시,0038722,아임유어레몬,,,API8_2
1412295,다이아메이트,20210406,암,0045082,오버애널라이즈,0028581,코러스원,,,API8_2
0052096,다이아엑스,20220313,거,0033566,파워블레이드,0022594,머니트리,,,API8_2
0053907,다이아킹덤,20230515,수,6969075,지몰로지스트,0023921,다이아몬드브리나,,,API8_2
0056844,다크위너,20240419,암,0045681,영웅루이스,0033909,오뚝오뚝이,,,API8_2
0057500,닥터디렉션,20240307,수,0039737,어플릿익스프레스,0033016,디렉션,,,API8_2
0056760,닥터럼프,20240505,수,0044993,언캡처드,0043187,스테디위너,,,API8_2
0051577,닥터루이스,20220329,수,0037972,올드패션드,0032869,여러분의여왕,,,API8_2
0061396,닥터매직,20240329,수,0027443,컬러즈플라잉,0038006,스마트댄서,,,API8_2
0052501,닥터매터스,20220427,암,0036732,머스킷맨,0022127,머시매터스,,,API8_2
0055903,닥터무적,20240318,수,6998418,MUCHO MACHO MAN,0054925,핑크데이지,,,API8_2
0053833,닥터비숍,20230412,수,0044993,언캡처드,0036673,리틀미스플러리,,,API8_2
0051765,닥터솔라,20220428,거,0032990,한센,0031056,바다새,,,API8_2
0056660,닥터스틸리코,20240406,수,0044993,언캡처드,0033573,유비쿼터스,,,API8_2
0053264,닥터스팅,20230306,암,0037972,올드패션드,0044972,캐시미어우즈,,,API8_2
0056676,닥터스파이시,20240212,암,6130177,MITOLE,0055132,인컨템프트,,,API8_2
0051352,닥터시티,20220504,수,0037972,올드패션드,0044970,시티래스,,,API8_2
0055473,닥터애틀랜틱,20240315,암,0046317,레이스데이,0052746,포트라리자,,,API8_2
0053841,닥터에이스,20230412,수,0032990,한센,0041924,하이와이어액트,,,API8_2
0056540,닥터에이트,20240514,수,0032990,한센,0045020,이니쉬에이트,,,API8_2
0053800,닥터챔프,20230426,수,0046317,레이스데이,0039907,행복을찾아,,,API8_2
0053130,닥터캐리,20230210,거,6114915,CUPID,0052694,몰래트럴뷰티,,,API8_2
0051612,닥터캐슬,20220330,수,0038387,콩코드포인트,0029748,행운성,,,API8_2
0047464,닥터캡틴,20210414,수,0044993,언캡처드,0036702,미즈풀프루프,,,API8_2
0056634,닥터케세라,20240128,수,0038387,콩코드포인트,0042451,닥터파피아누,,,API8_2
0053504,닥터크리스,20230408,수,0044993,언캡처드,0045057,포더윈,,,API8_2
0056012,닥터파워,20240404,수,6969075,지몰로지스트,0038678,마이티파워,,,API8_2
0053542,닥터펀치,20230321,암,0027443,컬러즈플라잉,0035124,우주스타,,,API8_2
0055719,닥터포스,20240304,수,0044420,레볼루셔너리,0039638,스톰포스,,,API8_2
0055500,닥터프린스,20240225,수,7000060,나이트러스,0036298,바이스댄서,,,API8_2
0051357,닥터해피,20220424,암,0037972,올드패션드,0039907,행복을찾아,,,API8_2
0053765,닥터헌터,20230505,수,0046317,레이스데이,0033390,니케다이아,,,API8_2
0050744,달빛위에,20220322,거,0033119,선더모카신,0023352,달빛미소,,,API8_2
0051999,당대스타,20220418,수,0032224,돌아온현표,0027163,금빛물결,,,API8_2
0056674,대길대장,20240224,수,6126459,SHARP AZTECA,0055140,뷰티풀이스케이프,,,API8_2
0054096,대길의꿈,20230317,암,0040086,위드디스팅션,0041194,예싸퀸,,,API8_2
0055733,대길환호,20240304,수,0041559,빅스,0038218,담양환호,,,API8_2
0051822,대길히어로,20220423,수,0046317,레이스데이,0040497,조지퀸,,,API8_2
0053009,대로의빛,20230203,암,0026618,경부대로,0032651,라이언갤러퍼,,,API8_2
0053357,대성골드,20230228,수,0044993,언캡처드,0033573,유비쿼터스,,,API8_2
0046902,대성돌풍,20210303,암,0036358,애니기븐새터데이,0026081,돌풍질주,,,API8_2
0056073,대성스카이,20240420,수,0038391,카우보이칼,0039034,동서하늘,,,API8_2
0053930,대성질주,20230424,거,0040086,위드디스팅션,0026081,돌풍질주,,,API8_2
0056382,대영웅,20240430,수,0041566,투아너앤드서브,0037267,설광화,,,API8_2
0053030,대지임팩트,20230127,암,0037972,올드패션드,0033386,프렌치걸,,,API8_2
0044887,대지초이스,20190408,수,0021239,연승대로,0028056,랜드엔젤,,,API8_2
0061910,대풍별,20240320,수,6971452,BEST WARRIOR,7179058,PRIDE MYSELF,,,API8_2
0062946,대한킹,20240405,수,7012481,ALOHA WEST,7123564,GRAVATA,,,API8_2
0046218,대호나라,20200601,암,0031261,사이먼퓨어,0020778,아라미르,,,API8_2
0042912,대호마,20180416,수,6974970,LIAISON,0040143,그레이스라이크레,,,API8_2
1412318,더노미네이트,20210526,암,0033566,파워블레이드,0033909,오뚝오뚝이,,,API8_2
0057061,더라스트위너,20240416,수,0027443,컬러즈플라잉,0036176,비장의무기,,,API8_2
0051820,더스틴마린,20220425,수,0037972,올드패션드,0041538,시어리어슬리,,,API8_2
0050728,더윈드,20220313,거,0039750,퍼지,0041923,하모니윈드,,,API8_2
0052915,더포인트,20230206,거,0038387,콩코드포인트,0033015,더캣,,,API8_2
0053781,데메테르,20230405,암,6993812,CENTRAL BANKER,0052594,로열알파,,,API8_2
0055561,데어투드림,20240301,수,0033566,파워블레이드,0040918,아델퓨펄,,,API8_2
0052842,데이모스,20230120,거,0036732,머스킷맨,0036703,투리브포,,,API8_2
0060355,데이지티아라,20230417,암,6115207,COLLECTED,6848572,SWAMPOODLE,,,API8_2
0053220,델타포스,20230225,수,6149539,HONEST MISCHIEF,0052691,델타딜라이트,,,API8_2
0053374,도끼타이거,20230330,암,0027443,컬러즈플라잉,0038397,라이트그립,,,API8_2
0054473,돈내코,20230417,암,0038245,미스치비어슬리,0045019,백스트리트리사,,,API8_2
0052964,돌격스페셜,20230227,암,0038387,콩코드포인트,0041981,로스바이세,,,API8_2
0047409,돌아온삼손,20210327,거,0039750,퍼지,0025489,엑톤레거시,,,API8_2
0054149,돌풍의중심,20230425,수,0032990,한센,0039384,러브레이스,,,API8_2
0051201,돌핀킥,20220414,암,0029817,금포스카이,0038410,릴리벨비,,,API8_2
0053706,동남걸,20230417,암,0045050,섀클포드,0050568,이그조틱골드,,,API8_2
0052062,동남돌풍,20220516,수,0036735,디바인파크,0046503,재쯔,,,API8_2
0053019,동남석세스,20230228,암,0038387,콩코드포인트,0041554,피스풀타운,,,API8_2
0055866,동방질주,20240325,수,0034709,동방대로,0044130,천년미소,,,API8_2
0043841,동부스타,20190324,수,6106651,LEA,0041984,발랄라,,,API8_2
0056575,두둥,20220405,수,6115207,COLLECTED,6126188,BLASTED BOSS,,,API8_2
0054204,두바이드림,20230401,수,0032224,돌아온현표,0038911,파워어메이징,,,API8_2
0056584,두바이럭키,20240404,암,0045014,프로스펙티브,0037879,럭키코리아,,,API8_2
0056841,두바이루이스,20240509,수,0045681,영웅루이스,0026046,카밀라,,,API8_2
0055288,두바이선더,20240127,암,0046317,레이스데이,0042810,더블블랙,,,API8_2
0052939,두바이선물,20230216,암,6106670,TAPITURE,0052750,판타스틱걸투,,,API8_2
0054385,두바이스타,20230417,수,0041566,투아너앤드서브,0020842,엔젤스타,,,API8_2
0055538,두바이신화,20240214,암,0039935,말리부불패,0045034,프라임타임,,,API8_2
0056843,두바이영웅,20240426,수,0045681,영웅루이스,0020842,엔젤스타,,,API8_2
0054583,두바이캔디,20230309,암,0032258,트리플나인,0043067,노르웨이서드,,,API8_2
0055840,두바이타임,20240415,암,0038387,콩코드포인트,0036396,일류천,,,API8_2
0055526,두바이하트,20240213,암,6969075,지몰로지스트,0029926,심신지려,,,API8_2
0051189,드래곤닌자,20220504,거,0032990,한센,0043296,티즈판타스틱,,,API8_2
0054606,드래곤데빌,20220512,수,6313612,KITTEN'S JOY,6877095,GLITTERING TAX,,,API8_2
0054603,드래곤리벤저,20220430,수,6109242,NYQUIST,6150116,저스트비카인드,,,API8_2
0052101,드르쿰다,20220426,거,0038391,카우보이칼,0036363,프리릴리스,,,API8_2
0046985,드림마,20210317,암,0045048,보이즈앳토스코노,0040143,그레이스라이크레,,,API8_2
0053331,드림블루,20230319,암,6969075,지몰로지스트,0040761,파이널드림,,,API8_2
0050821,디러블리킹,20220127,수,0038387,콩코드포인트,0028948,디러블리캣,,,API8_2
0046518,디먼스파이,20190518,거,6114907,CONNECT,6147742,MISS GOLD BUCKLE,,,API8_2
0055965,디멘션,20230326,거,0027443,컬러즈플라잉,0028091,미라클원더,,,API8_2
0047145,디바인킹덤,20210404,수,0036735,디바인파크,0039578,메니타운십,,,API8_2
0047382,디스웨이,20210202,암,6112208,OUTWORK,0046496,레이디콸러티,,,API8_2
0055537,디스트럭션,20240214,수,0039935,말리부불패,0033102,디너앳나나스,,,API8_2
0053688,디스파이트윈,20210131,수,6964691,MUNNINGS,6113447,ATHEHSA,,,API8_2
0046126,딴봉퀸,20200412,암,0040246,지롤라모,0028197,배다리퀸,,,API8_2
0053665,라니,20230510,암,0033566,파워블레이드,0036843,하이냐,,,API8_2
0055460,라벤더크라운,20240215,암,6149540,HONOR A. P.,0054926,라벤더크리시,,,API8_2
0052252,라스트드래곤,20210305,거,0038391,카우보이칼,0024604,금상어,,,API8_2
0055805,라스트러너,20240403,암,0039737,어플릿익스프레스,0052712,퀵페이,,,API8_2
0053531,라스트부활,20230402,거,0041813,미스터크로우,0043221,토종여왕,,,API8_2
0051163,라온네이티브,20220305,거,0036732,머스킷맨,0030096,라온나리,,,API8_2
0051520,라온더마스커,20220404,거,0036732,머스킷맨,0035252,그레이삭스,,,API8_2
0047356,라온바이브맨,20210325,거,0036732,머스킷맨,0034911,개나리,,,API8_2
0055395,라우더,20240314,수,0039737,어플릿익스프레스,0041622,콰이어트아델,,,API8_2
0053512,라이트닝포스,20230315,수,0050506,에어포스블루,0038360,펀지오네어,,,API8_2
0051498,라이트챔프,20220322,암,0032219,챔프라인,0041975,레이즈드라이트,,,API8_2
0057640,라이프네트,20240301,수,6127228,WAR OF WILL,6105989,PLEDGE PIN,,,API8_2
0060945,라이프저니,20240213,암,0046317,레이스데이,0029675,오버스피드,,,API8_2
0051344,라임트리,20220401,암,0038391,카우보이칼,0036612,엘리사타운,,,API8_2
0052918,램프요정지니,20230225,암,0044993,언캡처드,0031238,프리넙셜,,,API8_2
0057141,랩소디길,20240413,수,0039737,어플릿익스프레스,0040386,탁트인,,,API8_2
0053766,러너스하이,20230328,수,0036732,머스킷맨,0033020,소머치펀,,,API8_2
0054205,러브킹이지,20210228,수,6114915,CUPID,6328489,AVARICITY,,,API8_2
0053729,러블리런,20230520,암,0032314,뉴화이트삭스,0046550,새내포레스트,,,API8_2
0053840,러시와일드,20230412,암,0050008,바이언,0031588,어거스트러쉬,,,API8_2
0053816,럭셔리초이스,20230415,수,6969075,지몰로지스트,0038270,페티코트데이,,,API8_2
0052985,럭키짱,20230208,수,0040246,지롤라모,0031107,레일건,,,API8_2
0055951,런던신사,20240327,수,0040033,런던타운,0050577,온딘,,,API8_2
0056008,런던하버,20240407,수,0040033,런던타운,0045001,스몰무브즈,,,API8_2
0056202,런포미,20240429,수,0032990,한센,0041524,키투더럭키,,,API8_2
0055187,레거시마린,20240225,수,0046317,레이스데이,0046318,라이브옥스레거시,,,API8_2
0056354,레드데블스,20240508,수,0039750,퍼지,0044347,에이스파트라,,,API8_2
0054004,레드킹,20230518,수,0039737,어플릿익스프레스,0040461,불꽃러너,,,API8_2
0060860,레몬킹이지,20230515,거,7003000,TATHQEEF,6111569,LEMON SAKHEE,,,API8_2
0050928,레몬트리,20220329,거,0032990,한센,0045013,시에라포리스트,,,API8_2
0051354,레이스걸,20220409,암,0046317,레이스데이,0044974,커니니스텔,,,API8_2
0055923,레이스나인,20240506,암,0044993,언캡처드,0020193,금빛승리,,,API8_2
0051547,레이스마린,20220430,거,0046317,레이스데이,0032690,뉴욕블루,,,API8_2
0051877,레이스맨,20220421,거,0041566,투아너앤드서브,0033454,대한천왕,,,API8_2
0051867,레인퀸,20220505,암,0046317,레이스데이,0033048,로빈즈레인,,,API8_2
0053767,레저넌스마린,20230425,암,0046317,레이스데이,0045003,레드리본,,,API8_2
0053701,레전드히트,20230409,수,0036732,머스킷맨,0023207,리걸레이디,,,API8_2
0053328,레지나빈치트,20230329,암,0027443,컬러즈플라잉,0034410,퍼스트인디언,,,API8_2
0056569,로널드덕,20220215,거,6149272,ROGUEISH,6147650,DOLL FACE,,,API8_2
0046728,로드스타,20210123,암,0034735,페더럴리스트,0040132,스트로베리베이비,,,API8_2
0054045,로드투넘버원,20230510,암,0044993,언캡처드,0022115,강철나비,,,API8_2
0045600,로드투매직,20200304,수,0038332,커널존,0024632,매직파티,,,API8_2
0050286,로드투미러클,20210320,암,0041566,투아너앤드서브,0040139,딕시마린,,,API8_2
0061397,로드투빅보이,20230403,거,0039737,어플릿익스프레스,0024632,매직파티,,,API8_2
0061398,로드투스텔스,20240330,암,0039737,어플릿익스프레스,0034501,굿투유,,,API8_2
0051795,로드투에이스,20220414,거,0036732,머스킷맨,0025476,우승거탑,,,API8_2
0057584,로드투클레오,20230410,암,0036732,머스킷맨,0034911,개나리,,,API8_2
0051461,로드투파이터,20220314,거,0033566,파워블레이드,0027189,상승거탑,,,API8_2
0053201,로드파이터,20230330,거,0040086,위드디스팅션,0038394,어맨다녹스,,,API8_2
0050250,로맨스블루,20210322,암,0044993,언캡처드,0019642,항구로맨스,,,API8_2
0055640,로맨틱티아라,20240307,암,6969075,지몰로지스트,0036101,주링허우,,,API8_2
0060787,로스트킹덤,20230418,수,0039737,어플릿익스프레스,0026773,하얀누리,,,API8_2
0054284,로열크리스털,20230418,암,0045050,섀클포드,0027350,로열신,,,API8_2
0056547,로열프라이드,20240303,수,0032990,한센,0043332,로열카우,,,API8_2
0051737,로즈버드,20220414,암,0041566,투아너앤드서브,0041949,서전트오르크,,,API8_2
0054084,로지스트퀸,20230520,암,6969075,지몰로지스트,0026306,포리스트퀸,,,API8_2
0056209,록뮤직,20240417,수,0032990,한센,0044958,퍼링투뮤직,,,API8_2
0046145,록앤드롤,20200424,거,0032272,록밴드,0036709,인에스크로,,,API8_2
0050735,록캔디,20220207,암,0032272,록밴드,0041652,초코캔디,,,API8_2
0060839,루나크라운,20231012,암,6114899,CHURCHILL,7171353,ROLE MODEL,,,API8_2
0055646,루비공주,20240222,암,0032990,한센,0039576,한얼불패,,,API8_2
0052443,루피너스,20220319,암,0038391,카우보이칼,0040761,파이널드림,,,API8_2
0051839,룩스굿,20220428,암,0041628,세이브더월드,0034457,진명스나이퍼,,,API8_2
0056088,르메이외르,20240402,암,0041566,투아너앤드서브,0024326,아케자,,,API8_2
0052172,리먼트,20220411,거,0038332,커널존,0038911,파워어메이징,,,API8_2
0054208,리버런,20230424,거,0036366,부활의반석,0034070,캐피리버,,,API8_2
0053546,리스펙팅걸,20230319,암,7000060,나이트러스,0024326,아케자,,,API8_2
0051447,리얼리스펙트,20220322,암,0045050,섀클포드,0040204,라스트일루전,,,API8_2
0053986,리치스카이,20230527,거,0038245,미스치비어슬리,0020778,아라미르,,,API8_2
0053982,리치원,20230515,수,0038387,콩코드포인트,0043502,아라로즈,,,API8_2
0051325,리치트리,20220314,수,0032990,한센,0028341,퀸즈스텝,,,API8_2
0053648,리플즈마린,20230417,암,0050506,에어포스블루,0036176,비장의무기,,,API8_2
0046172,마가리타,20200507,암,0032990,한센,0041982,리퀴드런치,,,API8_2
0053202,마리오킹,20230320,거,0044993,언캡처드,0045058,제시카이즈백어겐,,,API8_2
0055945,마스터오비완,20240328,수,0032994,다이나믹대시,0041602,다이나믹무브,,,API8_2
0054171,마음먹은대로,20230428,암,0038245,미스치비어슬리,0037462,치프리더,,,API8_2
0050931,마이드림데이,20220408,수,0041628,세이브더월드,0036427,커밍순,,,API8_2
0055382,마이럭키데이,20240205,수,0032990,한센,0039282,나키타,,,API8_2
0061611,마이템퍼,20240322,수,6126468,SMOKEM,6108347,WICKED TEMPER,,,API8_2
0050984,마통령,20220328,수,0038387,콩코드포인트,0041977,티즈드리미,,,API8_2
0053039,마하대시,20230210,암,0032994,다이나믹대시,0039222,마하퀸,,,API8_2
0043191,마하타이탄,20180212,수,0032990,한센,0036654,센드앤엔젤,,,API8_2
0052055,만사무사,20220221,수,0036732,머스킷맨,0024681,메니피매직,,,API8_2
0053156,만세호,20230406,거,0027312,라이언산타,0043302,제이알스타,,,API8_2
0055600,말리카,20240306,암,0038245,미스치비어슬리,0020485,큰고리,,,API8_2
0054187,매스터리맨,20210202,거,6114904,MASTERY,6978709,HAPPY NOW,,,API8_2
0054138,매우,20230501,암,0025790,피스룰즈,0024174,최초로,,,API8_2
0053623,매직미러,20230427,거,0044931,센트럴커맨드,0033897,삼바페스티벌,,,API8_2
0054967,매직블루,20230406,암,0045082,오버애널라이즈,0038710,파이트매직,,,API8_2
0051700,매직쇼,20220428,암,0034735,페더럴리스트,0036863,클래식매치,,,API8_2
0053535,매직오브아트,20230320,암,0041559,빅스,0026448,파이널걸,,,API8_2
0053184,매직오브퀸,20230219,암,0039737,어플릿익스프레스,0035880,스톤블레이드,,,API8_2
0055960,매직와일드,20240323,암,0050008,바이언,0052670,마켓매직,,,API8_2
0052812,매직트리,20230119,암,0046317,레이스데이,0046439,노네임스트릿,,,API8_2
0047407,매직해머,20210320,거,0032990,한센,0034070,캐피리버,,,API8_2
0055593,매치리스,20240218,암,6969075,지몰로지스트,0044212,스타캐치,,,API8_2
1412238,맥스더드래건,20210519,암,0036732,머스킷맨,0020882,원더풀투나잇,,,API8_2
0047058,맥스더캣,20210207,거,0041566,투아너앤드서브,0034895,홀리데이탭,,,API8_2
0055323,맥스레벨,20240225,수,0052826,쿠르부아지에,0031706,대왕대비,,,API8_2
0045386,맨오브더킹,20200217,거,0040056,아치아치아치,0025784,코인도르,,,API8_2
0052321,맹용,20220316,거,0044993,언캡처드,0038210,오섬돌,,,API8_2
0052555,머스킷걸,20220404,암,0036732,머스킷맨,0038496,천년의희망,,,API8_2
0055976,머스킷스톰,20240330,수,0036732,머스킷맨,0034631,슈프림매직,,,API8_2
0056264,멋진파트너,20240423,수,0032258,트리플나인,0034413,최고비슬,,,API8_2
0050799,메가머신,20220310,거,0041566,투아너앤드서브,0036333,팜파스팜,,,API8_2
0054097,메가플레이,20220222,수,0039812,모던카우보이,0035794,리틀소시에,,,API8_2
0046464,메이드희망,20200320,거,0028545,인디밴드,0031645,희망퀸,,,API8_2
0055943,메이비퀸,20240327,암,0032994,다이나믹대시,0038428,스위트어게인,,,API8_2
0050670,메이크잇베터,20220309,수,0044931,센트럴커맨드,0033815,금강천하,,,API8_2
0057405,메인타이거,20240412,암,0052826,쿠르부아지에,0025711,메인어브젝티브,,,API8_2
0056245,메타러브,20240520,암,0044993,언캡처드,0024556,코리아캡틴,,,API8_2
0054180,메타월드,20230520,거,0031028,언비터블,0023913,메가폰Ⅱ,,,API8_2
1412245,메타프린세스,20210508,암,0032990,한센,0020015,프린세스섬,,,API8_2
0054762,명품플레이,20220413,암,0043421,일루시브블러프,0032262,쾌한명품,,,API8_2
0050869,모닝듀,20220123,거,0027312,라이언산타,0020516,쿨모닝,,,API8_2
0055434,모닝아리아,20240209,암,0050506,에어포스블루,0040178,올어바웃마이걸즈,,,API8_2
0056301,모던보이,20240330,수,0032990,한센,0039012,터프그린,,,API8_2
0055708,모든것,20240409,수,0027443,컬러즈플라잉,0033897,삼바페스티벌,,,API8_2
0053366,모멘텀,20230303,암,7000060,나이트러스,0035881,테이크포밀즈,,,API8_2
0051764,모스트원티드,20220420,수,0038025,아임유어파더,0038722,아임유어레몬,,,API8_2
0055796,모어댄아이캔,20240407,암,0026213,지금이순간,0052745,루쓰리스퀄리티,,,API8_2
0052500,모어앤드모어,20220306,암,0036732,머스킷맨,0033053,스토미튜스데이,,,API8_2
0053210,모어퀴클리,20230310,암,6969075,지몰로지스트,0038286,인트라넷,,,API8_2
0050002,모토모토,20210330,거,0033566,파워블레이드,0040147,아임프롬딕시,,,API8_2
0046079,무등산,20190311,거,6996390,HE'S HAD ENOUGH,6851656,JACQUELINE GAIL,,,API8_2
0054672,무쌍의반석,20220215,거,6106383,CAIRO PRINCE,7046476,CAUSE LIBBY KNOWS,,,API8_2
0052822,무적이,20230117,수,6101314,HIGHTAIL,0052713,페이엣퀸,,,API8_2
0052954,무한나르샤,20230205,수,0021239,연승대로,0039449,데스플라잉,,,API8_2
0054105,무한대빛,20230517,수,0040246,지롤라모,0041543,캐티베이팅,,,API8_2
0050893,미라주,20220209,암,0046484,도르트문트,0031043,여시,,,API8_2
0056114,미라클브레인,20240410,수,7000060,나이트러스,0033028,클립스어브모허,,,API8_2
0056583,미라클페이스,20240416,암,0045014,프로스펙티브,0026797,으뜸칸,,,API8_2
0047101,미러클마린,20210316,거,0025790,피스룰즈,0022026,질주하라,,,API8_2
0056672,미르머니,20240425,암,0038025,아임유어파더,0031038,헤바,,,API8_2
0053145,미스스나이퍼,20230214,암,0041559,빅스,0034427,제이원,,,API8_2
0053508,미스코코,20230315,암,0038387,콩코드포인트,0026291,클레이사격,,,API8_2
0058202,미스터나인,20230216,거,6971452,BEST WARRIOR,7169416,ARCHANGE AILES,,,API8_2
0062463,미스터비욘드,20240224,거,6149757,IDOL,6114503,SHOWTIME SIS,,,API8_2
0055633,미스터선샤인,20240223,수,6969075,지몰로지스트,0031642,에코블루,,,API8_2
0051773,미스터키맨,20210421,수,0036732,머스킷맨,0034539,대압승,,,API8_2
0060845,미스터프라임,20230316,수,6149543,INSTAGRAND,6141519,DOUBLE HAPPINESS,,,API8_2
0053836,미스터플래시,20230519,수,0046483,플래시백,0050361,코코스스위티,,,API8_2
0053004,미스틱진,20230214,수,0045049,프리덤차일드,0044967,레이디코벤트리,,,API8_2
0055212,미스팰컨,20240201,암,0037972,올드패션드,0040927,킹덤블레이드,,,API8_2
0051894,미주리챔프,20220505,암,0032990,한센,0036654,센드앤엔젤,,,API8_2
0056565,미팅세인트,20220216,암,6106696,LORD NELSON,6128826,INVESTED PROSPECT,,,API8_2
0056059,밀리언트리,20240331,수,0027443,컬러즈플라잉,0039374,호스퀸,,,API8_2
0044888,밀크데이,20190220,수,0036358,애니기븐새터데이,0029781,밀크몬스터,,,API8_2
1411886,바라던바다,20210329,암,0038332,커널존,0028612,무한신뢰,,,API8_2
0057382,바람대로,20230406,거,6148440,COPPER BULLET,6107212,MAJESTIC MARIA,,,API8_2
0054381,바람속,20210321,암,0033566,파워블레이드,0038401,벨라레지나,,,API8_2
0051840,바벨모모,20220427,수,0038025,아임유어파더,0034825,예그리나,,,API8_2
0051736,바벨컴온,20220405,암,0038025,아임유어파더,0039222,마하퀸,,,API8_2
0050898,바벨트로페오,20220301,거,0038387,콩코드포인트,0038260,퍼펙트파인드,,,API8_2
0052112,바빌론폭스,20220311,거,0032258,트리플나인,0046496,레이디콸러티,,,API8_2
0053883,바이럴히트,20230419,암,0038245,미스치비어슬리,0031278,태미즈빅트리스,,,API8_2
0052497,바이스로열,20210308,거,6114915,CUPID,7112847,DAME WICKED,,,API8_2
0056086,발롱도르,20240405,수,0038227,크리솔라이트,0024640,샌드월드,,,API8_2
0054174,밤토리밤밤,20230510,수,0046317,레이스데이,0040031,부활의숨결,,,API8_2
0051682,배다리보석,20220317,암,0027443,컬러즈플라잉,0034511,슈퍼갤럽,,,API8_2
0055185,배럴,20240225,수,0046317,레이스데이,0031295,더로열,,,API8_2
0047203,배틀크라이,20210216,거,0033119,선더모카신,0036928,엘드래곤,,,API8_2
0054168,백투더드림,20230309,암,6969075,지몰로지스트,0037951,보배드림,,,API8_2
0055629,백화산,20240310,수,0039935,말리부불패,0043221,토종여왕,,,API8_2
0051230,밴지,20220228,거,0036732,머스킷맨,0032259,이반질린,,,API8_2
0053329,밸류플레이,20230308,수,0045050,섀클포드,0040189,스푹트,,,API8_2
0055813,뱅가드,20240319,수,0041566,투아너앤드서브,0042177,우승환희,,,API8_2
0061755,뱅가드케이,20240310,암,0040086,위드디스팅션,0040704,조이풀케이,,,API8_2
1411343,뱅뱅뱅,20210312,암,0034835,티즈원더풀,0034538,레이디프레스카,,,API8_2
0045784,버디버디,20200416,수,0038387,콩코드포인트,0024174,최초로,,,API8_2
0045388,버럭,20200310,거,0020256,메니피,0026797,으뜸칸,,,API8_2
0056965,버킷리스트,20240421,수,0040077,스마트프린스,0038710,파이트매직,,,API8_2
0053925,버터크래시,20230429,암,0038245,미스치비어슬리,0024932,버터플라이,,,API8_2
0051312,벌교마법사,20220331,수,0044420,레볼루셔너리,0030384,슈거빅토리,,,API8_2
0051292,벌교마술사,20220330,수,0044420,레볼루셔너리,0029197,대싱플래티넘,,,API8_2
0051317,벌교빌런,20220205,암,0044420,레볼루셔너리,0045044,에브리모멘트,,,API8_2
0047401,벌교사랑,20210325,거,0038332,커널존,0016365,노블파티,,,API8_2
0051264,벌교왕초,20220315,수,6970674,PAYNTER,0050535,플래터링조이,,,API8_2
0045262,벌교의꿈,20200218,거,0038391,카우보이칼,0033092,딜라이트펄송,,,API8_2
0052075,벌교의봄,20220331,거,6971298,PALACE MALICE,0050528,원미시시피,,,API8_2
0051939,벌교의힘,20220406,수,0032990,한센,0033021,빈티지터프,,,API8_2
0052413,벌마브라운,20220228,수,0036732,머스킷맨,0022861,크라운플래그,,,API8_2
0052414,벌마위너,20220520,수,0036732,머스킷맨,0036679,지피얀,,,API8_2
0053279,벌마의강자,20230305,수,0038387,콩코드포인트,0040224,스트리트어페어,,,API8_2
0053734,벌마의거인,20230409,수,0038387,콩코드포인트,0015985,로코모션,,,API8_2
0054322,벌마의랜드,20230329,수,0021239,연승대로,0028056,랜드엔젤,,,API8_2
0046998,벌마의몬스터,20210413,수,0038387,콩코드포인트,0026075,불릿,,,API8_2
0047497,벌마의에이스,20210324,수,0032990,한센,0029748,행운성,,,API8_2
0051454,벌마의엔젤,20220325,수,0032990,한센,0028056,랜드엔젤,,,API8_2
0053668,벌마의영웅,20210115,수,6114923,KLIMT,7000963,IRON MARGARET,,,API8_2
0051457,벌마킹,20220130,수,0037972,올드패션드,0037957,프린세스세실리아,,,API8_2
0054193,벙커버스터,20230326,수,0038387,콩코드포인트,0032413,장풍파랑,,,API8_2
0060857,베가스전투,20230510,수,6127227,LEXITONIAN,6814421,WILDNEXCITABLE,,,API8_2
0045472,베르다,20200211,암,0038391,카우보이칼,0029417,셀시,,,API8_2
0046850,베스트보이,20210205,거,0033566,파워블레이드,0035664,베스트캠프,,,API8_2
0055548,베스트부광,20240218,암,6969075,지몰로지스트,0036596,베스트예지,,,API8_2
0053485,베스트타이거,20230320,거,0041566,투아너앤드서브,0030673,늘푸른타이거,,,API8_2
0055709,베이스타,20240408,암,0036693,토우트,0034457,진명스나이퍼,,,API8_2
0056269,벨라돈나,20240425,암,0044993,언캡처드,0041920,아메리칸오디세이,,,API8_2
0045757,벨로시랩터,20200404,암,0038391,카우보이칼,0023702,은빛투혼,,,API8_2
0053266,벨로시퀸,20230405,암,0038391,카우보이칼,0038947,금스타,,,API8_2
0057363,보디앤드소울,20240328,암,0052316,콘서트투어,0028549,우승데이,,,API8_2
0053571,보령더퀸,20230405,암,0032990,한센,0029921,원더드리머,,,API8_2
0052133,보령라이트퀸,20220324,암,0032272,록밴드,0026503,야호프레즈,,,API8_2
0054088,보령울트라맨,20230517,수,0033566,파워블레이드,0042449,울트라시대,,,API8_2
0053037,보령원로드,20230227,암,0036732,머스킷맨,0040176,로맨티카미아,,,API8_2
0055979,보령의별,20240404,암,0032990,한센,0042490,샴페인걸,,,API8_2
0053154,보령의신용,20230328,암,0046317,레이스데이,0028490,신용퀸,,,API8_2
0054111,보령의쾌속,20230521,암,0044993,언캡처드,0038353,아이스컬린,,,API8_2
0054463,보령의태양,20230430,암,0040246,지롤라모,0038344,뮤지컬참,,,API8_2
0055921,보령의화신,20240321,암,0045050,섀클포드,0036568,당대화신,,,API8_2
0056272,보령의힘,20240427,암,0037972,올드패션드,0035070,백두미르,,,API8_2
0053425,보텍스,20230416,수,0039737,어플릿익스프레스,0038987,초동스트리트,,,API8_2
0046624,본다이아,20210128,암,0040086,위드디스팅션,0040089,티피맥지,,,API8_2
0050920,부경트리플,20220331,수,0032990,한센,0042383,포리스트인디,,,API8_2
0056368,부활의서막,20240430,수,0052316,콘서트투어,0041945,필리매디슨,,,API8_2
0053379,불빛강자,20230407,수,6969075,지몰로지스트,0040241,시크리티브레이디,,,API8_2
0053431,불빛역마,20230306,암,7000060,나이트러스,0027850,테일스트,,,API8_2
0051516,불의신전,20220414,수,0026618,경부대로,0035356,시티위너,,,API8_2
0051508,불의평화,20220503,수,0044931,센트럴커맨드,0039100,피스오브룰즈,,,API8_2
0055392,불패질주,20240331,수,0052826,쿠르부아지에,0038987,초동스트리트,,,API8_2
0055328,뷰티풀라인,20240131,암,0032990,한센,0024771,캐러라인,,,API8_2
0055470,브라보영,20240220,수,0046317,레이스데이,0025018,블랙토네이도,,,API8_2
0056974,브라보퀸,20240418,암,7000060,나이트러스,0026041,오버파워,,,API8_2
0052036,브라운루키,20220317,암,0038391,카우보이칼,0033829,스페셜루키,,,API8_2
0053135,브라운초코,20230211,수,0028545,인디밴드,0041652,초코캔디,,,API8_2
1412179,브라운팰컨,20210316,암,0039750,퍼지,0041975,레이즈드라이트,,,API8_2
0050909,브라이트마린,20220220,암,0033119,선더모카신,0036176,비장의무기,,,API8_2
0056263,브레스리스,20240329,수,0040086,위드디스팅션,0042750,피렌체캐슬,,,API8_2
0047446,브루크킹맨,20210420,수,0026618,경부대로,0029486,송버드투,,,API8_2
0056702,브리도그린,20240419,수,0032990,한센,0046493,스톰커밍,,,API8_2
0052961,브리도삼손,20230125,거,0044420,레볼루셔너리,0032847,빛의여왕,,,API8_2
0053042,브리도솔,20230128,수,0032990,한센,0030645,스피드헤로인,,,API8_2
0052092,브리도아레나,20220314,암,0046317,레이스데이,0038342,패션트렌드,,,API8_2
0055027,브리도추추,20230314,거,6149594,TIZ THE LAW,6124571,STRUM,,,API8_2
0056631,브이라인,20240202,수,6969075,지몰로지스트,0039759,아테나브이,,,API8_2
1412320,블랙볼트,20200401,수,0033119,선더모카신,0025072,볼드가드니스,,,API8_2
0047522,블랙스프링,20210323,수,0032990,한센,0041972,필름참,,,API8_2
0046918,블랙웨이브,20210203,암,0034735,페더럴리스트,0036635,그랜드비전,,,API8_2
0055865,블랙위너,20240415,암,0052316,콘서트투어,0039283,블랙파티,,,API8_2
0050078,블랙질주,20210327,암,0033566,파워블레이드,0022594,머니트리,,,API8_2
0056046,블랙퀸즈,20240402,암,0037972,올드패션드,0038478,블랙재퍼,,,API8_2
0052145,블랙트리,20220324,암,0033119,선더모카신,0039578,메니타운십,,,API8_2
0055337,블레싱걸,20240129,암,0039737,어플릿익스프레스,0035880,스톤블레이드,,,API8_2
0057841,블레싱보이,20240422,수,6106670,TAPITURE,0057649,티즈월들리,,,API8_2
0057440,블레이드마린,20240115,수,0033566,파워블레이드,0031053,부경게이트,,,API8_2
0056361,블루마린,20240428,암,0050506,에어포스블루,0040853,퀸브론스키,,,API8_2
0056467,블루스톤,20240507,수,0050506,에어포스블루,0040746,록하드스톤,,,API8_2
0053115,블루오키드,20230326,암,0050506,에어포스블루,0038366,티즈벗어드림,,,API8_2
0055478,블루튤립,20240330,암,0050506,에어포스블루,0029439,레드튤립,,,API8_2
0053854,블루트리,20230502,암,0046317,레이스데이,0032690,뉴욕블루,,,API8_2
1412074,블루포인트,20210517,수,0037972,올드패션드,0034888,블루제라늄,,,API8_2
0054039,블루헌터,20230512,암,0050506,에어포스블루,0033810,댄싱스타,,,API8_2
0050941,비뢰서브,20220406,수,0041566,투아너앤드서브,0020046,비뢰소나타,,,API8_2
0055381,비밀이야,20240205,수,0045049,프리덤차일드,0046421,새시아그네스,,,API8_2
0054216,비월,20210227,수,6967924,DIALED IN,0057647,키카,,,API8_2
0060859,비월의꿈,20230417,수,6115216,BOLT D'ORO,6103006,ARGENTA,,,API8_2
0044686,비제이치프,20190411,거,0036729,밥앤드존,0023007,레드루비,,,API8_2
0056684,비케이리치,20240528,수,7000060,나이트러스,0050521,디컨니스,,,API8_2
0057404,비케이빅에어,20240418,수,0039737,어플릿익스프레스,0038295,패전트리,,,API8_2
0057140,비케이슈터,20240320,암,0032990,한센,0037857,머니대륙,,,API8_2
0053861,비케이스피릿,20230305,암,0037972,올드패션드,0037957,프린세스세실리아,,,API8_2
0056782,비케이액슬,20240331,수,0037972,올드패션드,0038554,비케이갬블,,,API8_2
0055645,비케이타이칸,20240221,암,0032990,한센,0022127,머시매터스,,,API8_2
0052974,비트보이,20230128,수,0038025,아임유어파더,0037312,조이오브캡틴,,,API8_2
0055874,비트원,20240319,암,0052826,쿠르부아지에,0040135,어윙크앤어스마일,,,API8_2
0050987,빅뮤지컬스타,20220210,거,0038387,콩코드포인트,0044990,뮤지컬무드,,,API8_2
0052165,빅스마일,20220410,암,0033119,선더모카신,0037267,설광화,,,API8_2
0053868,빅스타,20230420,암,0037972,올드패션드,0033046,미스킥,,,API8_2
0054760,빅토리스토리,20220508,거,0045049,프리덤차일드,0035522,경연한질주,,,API8_2
0053372,빅토리아축제,20230328,암,6993812,CENTRAL BANKER,0052593,마이빅토리아로즈,,,API8_2
0055817,빅토리존,20240307,암,0038245,미스치비어슬리,0052716,데인저존,,,API8_2
0056823,빅토리챔프,20240515,수,0037972,올드패션드,0039051,흥오름,,,API8_2
0055180,빅토리콜,20240225,암,6126461,GIRVIN,0055029,헬로로지,,,API8_2
0055469,빅토리타임,20240310,수,0046317,레이스데이,0038352,블리스터링스트라,,,API8_2
0055908,빅토리페어리,20240416,암,0037972,올드패션드,0024343,임페리얼스타,,,API8_2
0050247,빛나는길,20210225,거,0034428,테스타마타,0038275,모테가,,,API8_2
0054170,빠릿빠릿,20230324,암,0039737,어플릿익스프레스,0035427,개천의용,,,API8_2
0047201,사막의꽃,20210316,암,0033119,선더모카신,0038366,티즈벗어드림,,,API8_2
0052884,사일런트헌터,20230223,암,0041800,메디치글로리,0040125,사일런트포에트리,,,API8_2
1412315,상임볼트,20210412,수,0032990,한센,0025552,백만볼트,,,API8_2
0046906,상임스타,20210323,암,0031261,사이먼퓨어,0036149,해성스타,,,API8_2
0047187,상하이선더,20210417,수,0033119,선더모카신,0039072,상하이조던,,,API8_2
0055924,새내다올,20240320,암,0032990,한센,0024514,다이나스퍼트,,,API8_2
0051488,새내헌터,20220316,수,0041566,투아너앤드서브,0044989,에반젤리칼,,,API8_2
0052996,새내힐,20230228,암,0038387,콩코드포인트,0036302,트루스앤아너,,,API8_2
0060858,새시대원,20230429,수,6115213,GUNNEVERA,7001729,WILD EMBRACE,,,API8_2
0053704,샤이니코리아,20230411,거,0032990,한센,0040456,샤이니파이어,,,API8_2
0053100,샤이닝원,20230122,수,0038245,미스치비어슬리,0040489,해피요정,,,API8_2
0053426,샤이닝월드,20230416,암,0039737,어플릿익스프레스,0043782,골든월드,,,API8_2
0053585,샤이닝클러치,20230418,수,0045082,오버애널라이즈,0026665,샤이닝퓨처,,,API8_2
0053634,샴페인위너,20230330,암,6969075,지몰로지스트,0040238,샴페인무드,,,API8_2
0050996,섀클로드,20220220,수,0045050,섀클포드,0038171,로드언드프레이즈,,,API8_2
0051054,섀클선,20220312,거,0045050,섀클포드,0034559,선크래스트,,,API8_2
0053280,섀클타운,20230309,암,0045050,섀클포드,0044989,에반젤리칼,,,API8_2
0053873,서귀그레이트,20230329,암,6993812,CENTRAL BANKER,0052492,갈라드리엘즈라잇,,,API8_2
0051497,서귀레이디,20220428,암,0045050,섀클포드,0019701,배블레이디,,,API8_2
0055812,서귀볼트,20240425,수,6969075,지몰로지스트,0033837,라스트코디,,,API8_2
0055594,서귀브라보,20240321,수,6969075,지몰로지스트,0036306,인티미시미,,,API8_2
0054116,서귀블레이드,20230523,거,0045050,섀클포드,0024441,강한여신,,,API8_2
0046663,서귀오름,20210116,거,0039812,모던카우보이,0027712,푸른에너지,,,API8_2
0050736,서귀오성탑,20220322,암,0032990,한센,0034916,사이치,,,API8_2
0051648,서귀초원,20220413,암,0033566,파워블레이드,0013590,싱그러운,,,API8_2
0053892,서귀크라운,20230428,거,0044993,언캡처드,0023355,나이트무브스,,,API8_2
0053388,서귀크레스트,20230330,암,0041628,세이브더월드,0027707,챔피언홀더,,,API8_2
0053144,서귀클래스,20230318,암,0032990,한센,0036419,슈퍼스타존,,,API8_2
0053864,서귀트러스트,20230410,수,0045050,섀클포드,0032945,후즈퍼펙트,,,API8_2
0052113,서귀트리플,20220308,거,0032258,트리플나인,0032122,대보름달,,,API8_2
0047367,서귀퍼펙트,20210510,수,0034835,티즈원더풀,0032945,후즈퍼펙트,,,API8_2
0053152,서귀포리스트,20230225,암,0033566,파워블레이드,0036905,셔플러너,,,API8_2
0055952,서니와일드,20240325,수,0050008,바이언,0050366,퍼니서니,,,API8_2
0054563,서린빌리프,20230420,암,0032258,트리플나인,0046486,미스벨오즈테일,,,API8_2
0052235,서부갬블,20220325,거,0031261,사이먼퓨어,0036633,갬블링걸,,,API8_2
0052436,서부댄싱,20220505,거,0026618,경부대로,0032012,재퍼댄싱,,,API8_2
0053399,서부리나,20230301,거,0040246,지롤라모,0043045,사브리나,,,API8_2
0054059,서부메달,20230510,거,7000060,나이트러스,0028192,레이디메달,,,API8_2
0047391,서부비전,20210225,거,0032990,한센,0037905,에이스비전,,,API8_2
0045439,서부빅스텝,20200305,거,0032990,한센,0036694,드빌,,,API8_2
0052232,서부이글,20220405,거,0026618,경부대로,0038331,홀리데이트위스트,,,API8_2
0047393,서부캡틴,20210225,거,0039750,퍼지,0024775,신한우먼,,,API8_2
0053586,서부홀리데이,20210410,암,0026618,경부대로,0038331,홀리데이트위스트,,,API8_2
0050674,서울드래곤,20220222,수,0031261,사이먼퓨어,0038413,스핀,,,API8_2
0052418,석세스골드,20220228,암,0036732,머스킷맨,0034396,금캐라,,,API8_2
0053769,석세스데이,20230412,수,0046317,레이스데이,0035252,그레이삭스,,,API8_2
0056940,석세스런,20230506,수,0036732,머스킷맨,0034892,매그니피션이미지,,,API8_2
0050245,석세스백파,20210329,수,0039750,퍼지,0017057,백파,,,API8_2
0051717,석세스카우,20220409,거,0038391,카우보이칼,0021074,메이저걸,,,API8_2
0054313,석세스퀸,20230412,암,0036732,머스킷맨,0020886,골든로즈,,,API8_2
0051221,석세스평화,20220407,거,0032990,한센,0029809,평화포럼,,,API8_2
0055210,선더불릿,20240208,수,0050506,에어포스블루,0036827,경주의두레박,,,API8_2
0062683,선더원,20240403,수,6127013,COLONEL LIAM,6138563,BELLIMBUSTO,,,API8_2
0055181,선더웨이브,20240223,수,0028279,브리그,0037027,니케스트리트,,,API8_2
0055977,선더크러시,20240410,수,0027443,컬러즈플라잉,0032517,지봉사랑,,,API8_2
0046984,선더패션,20210427,거,0033119,선더모카신,0038123,패션데오르,,,API8_2
0053251,선데이퀸,20230325,암,7000177,MODERNIST,0052773,비헤비얼파이낸스,,,API8_2
0054221,선라이즈,20230322,암,6969075,지몰로지스트,0034559,선크래스트,,,API8_2
0051426,선라이트,20220311,암,0038025,아임유어파더,0026630,광야일출,,,API8_2
0052571,섬싱엘스,20220325,수,0039750,퍼지,0028518,애즈유원트,,,API8_2
0055634,성실가자,20240225,암,6969075,지몰로지스트,0032616,프로포즈,,,API8_2
0053500,성실드림,20230407,수,0037610,가온챔프,0040225,팬덜스,,,API8_2
0056700,성실세상,20240502,수,0041566,투아너앤드서브,0040231,스프렌도타운,,,API8_2
0052068,성실시대,20220419,암,0038387,콩코드포인트,0036737,루비즈에스커페이,,,API8_2
0051911,성실월드,20220530,암,0038387,콩코드포인트,0036662,캐리비안레인,,,API8_2
0053148,성실제일,20230331,암,0033566,파워블레이드,0041779,고고비,,,API8_2
0056505,성실좋아좋아,20240520,수,0038387,콩코드포인트,0018828,플라이톱,,,API8_2
0057820,성실질주,20240226,수,0052316,콘서트투어,0041539,스테파니갓이븐,,,API8_2
0056982,성장,20240411,수,0045050,섀클포드,0038210,오섬돌,,,API8_2
0051897,세광라이트,20220309,수,0045050,섀클포드,0034213,반지의여전사,,,API8_2
0047183,세광최강,20210420,암,0032990,한센,0030274,퍼스트워리어,,,API8_2
0056045,세라프,20240409,암,6149770,MYSTIC GUIDE,0055040,클로징딜즈,,,API8_2
0056628,세종미러클,20240519,수,0038245,미스치비어슬리,0032129,샤프게일,,,API8_2
0060357,센세이셔널윈,20230324,수,7000176,SILVER STATE,6323871,CAMPIONESSA,,,API8_2
0056570,셀라이크,20220306,거,6149607,WIN WIN WIN,6143187,MYCRAZYXGIRLFRIEND,,,API8_2
0050702,소드마스터,20220218,수,0034735,페더럴리스트,0046434,트릭오브더테일,,,API8_2
0051328,소드윙,20220313,거,0039737,어플릿익스프레스,0035880,스톤블레이드,,,API8_2
0042439,소리태풍,20180317,거,0032990,한센,0029467,스트리트골드,,,API8_2
0053886,소망의길,20230418,수,0044993,언캡처드,0040343,천년의길,,,API8_2
0051581,소우굿,20220102,수,0026618,경부대로,0036763,스타캣,,,API8_2
0052845,소우패스트,20230130,암,0045014,프로스펙티브,0040719,한센플래쉬,,,API8_2
0053741,소파워풀,20230518,암,6969075,지몰로지스트,0034166,더월드,,,API8_2
0055909,솔내음강,20240320,암,0033566,파워블레이드,0038349,메이저즈걸Ⅱ,,,API8_2
0053954,송골매,20230427,수,0034192,제타바이트,0020927,드림윙즈,,,API8_2
0055134,송정투데이,20230224,암,0041566,투아너앤드서브,0046421,새시아그네스,,,API8_2
0052851,슈퍼에어로,20230131,수,0038245,미스치비어슬리,0035983,끝판에어로,,,API8_2
0060999,슈퍼위크,20240318,암,0033566,파워블레이드,0028635,윈드레토,,,API8_2
0053232,슈퍼크라운,20230324,암,0026213,지금이순간,0046434,트릭오브더테일,,,API8_2
0056561,슈펙스니케,20240408,수,0041566,투아너앤드서브,0038279,시크릿킨,,,API8_2
0057002,슈펙스로열,20240427,수,6969075,지몰로지스트,0041919,프랜저블,,,API8_2
0055830,슈펙스매직,20240404,수,0036732,머스킷맨,0035206,아이스마린,,,API8_2
0061401,슈펙스월드,20240204,수,6126458,ARMY MULE,6111499,STARSHIP AWESOME,,,API8_2
0061255,슛포더선,20231121,거,6115075,TARZINO,7174155,ASHIMA,,,API8_2
0058201,스마트러너,20230417,수,6521487,ROSES IN MAY,7169412,BLUE PRELUDE,,,API8_2
0056265,스마트샤말,20220324,수,6104217,SMART FALCON,7138206,M O PLATINA,,,API8_2
0053429,스마트유림,20230308,거,6969075,지몰로지스트,0038006,스마트댄서,,,API8_2
0050960,스원퀸,20220306,암,0045050,섀클포드,0038264,스원스테이트먼트,,,API8_2
0053636,스위트맨,20230327,수,0036732,머스킷맨,0035830,스위트록,,,API8_2
0061895,스위트불독,20240201,수,7179049,BULLDOG BOSS,7179051,NO FATE,,,API8_2
0056765,스위트파워,20230324,수,0033566,파워블레이드,0041540,스위트테레사,,,API8_2
0053624,스카이넥스,20230323,수,0041566,투아너앤드서브,0029673,새나,,,API8_2
0056261,스카이볼트,20240323,수,0045082,오버애널라이즈,0029061,대산여제,,,API8_2
0061001,스카이원,20240325,암,0027443,컬러즈플라잉,0050581,아라나,,,API8_2
0060824,스카이윈윈,20230126,거,6149607,WIN WIN WIN,6149794,MELROSE BAY,,,API8_2
0046790,스카이질주,20210220,수,0034428,테스타마타,0024326,아케자,,,API8_2
0053421,스카이화이트,20230331,암,0032990,한센,0037855,댄싱블레이드,,,API8_2
0053190,스카일러지유,20230308,수,6149534,글로벌캠페인,0053058,디어리스트원,,,API8_2
1412347,스타대로,20210410,수,0026618,경부대로,0031121,스타볼트,,,API8_2
0044491,스타마타,20190426,수,0034428,테스타마타,0031121,스타볼트,,,API8_2
0061158,스타메이커,20240305,암,0031261,사이먼퓨어,0035983,끝판에어로,,,API8_2
0056239,스타보이,20240420,수,0038391,카우보이칼,0031990,지봉스타,,,API8_2
0046458,스타파크,20200411,거,0020379,인그란디어,0020842,엔젤스타,,,API8_2
0051346,스타포스,20220407,암,0038391,카우보이칼,0040145,탭메이트,,,API8_2
0045831,스타퓨리,20200329,거,0027443,컬러즈플라잉,0038397,라이트그립,,,API8_2
0051564,스테이쿨,20220306,암,0034735,페더럴리스트,0029675,오버스피드,,,API8_2
0047194,스텔스모드,20210421,거,0033119,선더모카신,0041956,라이드더월드,,,API8_2
0052937,스텔스킹맨,20230222,수,0040086,위드디스팅션,0032616,프로포즈,,,API8_2
0054194,스텝포워드,20230415,거,0040246,지롤라모,0034296,채스터티,,,API8_2
0045858,스토미데이,20200301,수,0036358,애니기븐새터데이,0033012,스토미로직,,,API8_2
0051686,스토밍,20220310,수,0032990,한센,0029325,라피네,,,API8_2
0054192,스톰위너,20230427,암,0032314,뉴화이트삭스,0037114,탱고앤탱고,,,API8_2
0055964,스톰캐처,20240329,암,0036732,머스킷맨,0046476,라이트디시전,,,API8_2
0051510,스톰파이터,20220416,수,0031261,사이먼퓨어,0040031,부활의숨결,,,API8_2
0055648,스톰프린스,20240225,거,0038387,콩코드포인트,0033015,더캣,,,API8_2
0053075,스트로베리퀸,20230315,암,0045050,섀클포드,0040132,스트로베리베이비,,,API8_2
0055612,스트로베리킹,20240331,수,0041813,미스터크로우,0040132,스트로베리베이비,,,API8_2
0054360,스트롱위너,20230502,수,0038391,카우보이칼,0036220,하얀민들레,,,API8_2
0055863,스트롱타이거,20240316,수,0041566,투아너앤드서브,0044964,웨이팅포아스파크,,,API8_2
0053314,스파이어,20230418,수,0041566,투아너앤드서브,0040120,엘리즈더보스,,,API8_2
0055877,스페셜록,20240322,수,6969075,지몰로지스트,0041140,스페셜럭키,,,API8_2
0047220,스페셜엔진,20210418,암,0032990,한센,0037249,스페셜스톤,,,API8_2
0044316,스페셜윈드,20190426,거,0033115,유로실버,0023247,스페셜볼포니,,,API8_2
0056781,스페셜퍼스트,20240331,수,0038387,콩코드포인트,0033829,스페셜루키,,,API8_2
0053952,스페이스골드,20230410,거,0050506,에어포스블루,0028441,볼륨업,,,API8_2
0051721,스피드굿,20220429,수,0044993,언캡처드,0030394,마이걸,,,API8_2
0053116,스피드범프,20230318,암,0050506,에어포스블루,0023352,달빛미소,,,API8_2
0055589,스피드에지,20240216,수,0046317,레이스데이,0033879,핑크블레이드,,,API8_2
0055531,스피드엔젤,20240320,암,0039935,말리부불패,0040291,골드캔디,,,API8_2
0045557,스피드영,20200405,수,0020256,메니피,0036315,태피스트리,,,API8_2
0051108,스피드톱,20220411,수,0032990,한센,0038275,모테가,,,API8_2
0047151,승리깃발,20210409,암,0034735,페더럴리스트,0035865,블루댄서,,,API8_2
0050929,승리예약,20220327,암,0038227,크리솔라이트,0036306,인티미시미,,,API8_2
0057541,시너지,20240326,암,0027312,라이언산타,0028518,애즈유원트,,,API8_2
0051348,시애틀드림,20220420,암,0038391,카우보이칼,0029417,셀시,,,API8_2
0053549,시에라골드,20230323,거,0038227,크리솔라이트,0045013,시에라포리스트,,,API8_2
0055476,시크릿포그,20240311,암,0046317,레이스데이,0041797,바램,,,API8_2
0053517,신스타원,20230315,거,0044931,센트럴커맨드,0024889,어맨더,,,API8_2
0056680,신천돌로리스,20240224,수,0038387,콩코드포인트,0050527,바스부사,,,API8_2
0056222,신천스나이퍼,20240422,수,0045050,섀클포드,0041364,투투그레이트,,,API8_2
0051943,신천프리덤,20220425,암,0045050,섀클포드,0031270,폭풍속으로,,,API8_2
0054796,신촌독수리,20220424,거,6130183,YOSHIDA,6148709,BEST INTENTIONS,,,API8_2
0053787,신흥강타자,20230407,거,0038391,카우보이칼,0021074,메이저걸,,,API8_2
0055983,실버메이외르,20240415,암,7000060,나이트러스,0033371,몬스터퀸,,,API8_2
0056501,실버모테가,20240512,암,0038387,콩코드포인트,0038275,모테가,,,API8_2
0052065,실버스톤,20220224,암,0036735,디바인파크,0029600,화이트이글,,,API8_2
0061650,싱크러시,20240418,암,0041813,미스터크로우,0041693,캐논슈터,,,API8_2
0055652,싱크하드,20240315,수,0045050,섀클포드,0030901,멀티럭,,,API8_2
0053909,아너드칸,20210201,수,0039742,테이크차지인디,6104778,QUICK LIL LADY,,,API8_2
0051872,아너로직,20220429,암,0041566,투아너앤드서브,0033012,스토미로직,,,API8_2
0062944,아너스페셜,20240317,수,6149753,GREATEST HONOUR,7004915,SPECIAL ASSISTANT,,,API8_2
0052900,아라미드,20230114,암,0038391,카우보이칼,0037877,스타삭스,,,API8_2
0060823,아라치아라초,20230228,수,6147900,AUTHENTIC,6107196,SENORITA CORREDORA,,,API8_2
0056207,아르크희망,20240331,암,0040086,위드디스팅션,0025929,롱런드림,,,API8_2
0050924,아리드래곤,20220322,암,0036732,머스킷맨,0046476,라이트디시전,,,API8_2
0051705,아리온의검,20220411,수,6115216,BOLT D'ORO,0050527,바스부사,,,API8_2
0051702,아리온의빛,20220423,거,0038387,콩코드포인트,0036659,아이즈온에디,,,API8_2
0046690,아리온킹,20210204,거,0038391,카우보이칼,0037748,미라클한센,,,API8_2
0051048,아리온킹카,20220316,거,0037972,올드패션드,0031236,히어컴즈서머,,,API8_2
0051703,아리온태양,20220411,거,6119755,AUDIBLE,0050526,홀리대즐,,,API8_2
0045399,아무르,20200211,암,0040056,아치아치아치,0024453,댄징샐리,,,API8_2
0053356,아유레디,20230302,암,0032224,돌아온현표,0043332,로열카우,,,API8_2
0062123,아이돌스타,20240314,거,6149757,IDOL,6105259,AQUALANE SHORES,,,API8_2
0053032,아이스바벨,20230208,거,0046317,레이스데이,0035206,아이스마린,,,API8_2
0053788,아이엠퀸,20230424,암,0038025,아임유어파더,0037267,설광화,,,API8_2
0051615,아이케임,20220419,수,0044420,레볼루셔너리,0031862,삼정파이터,,,API8_2
0052875,아임더원,20230126,암,0032224,돌아온현표,0028339,미스퀵,,,API8_2
0047295,아잔타,20210324,암,0036732,머스킷맨,0031901,에이스마린,,,API8_2
0060852,아처하트,20230318,거,6109247,런해피,6989497,WISH WISH WISH,,,API8_2
0057260,아쿠아블루,20240424,암,0050506,에어포스블루,0040081,아쿠아프린세스,,,API8_2
0053178,아트트리,20230307,수,0038245,미스치비어슬리,0046478,쿨리,,,API8_2
0051759,압도적넘버원,20220430,거,0036732,머스킷맨,0036862,금아고스트,,,API8_2
0052906,앙코르,20230209,수,0050506,에어포스블루,0040613,스트롱퀸,,,API8_2
0044639,애니싱스,20190227,암,0036358,애니기븐새터데이,0036288,프리덤싱즈,,,API8_2
0052966,애니윈,20230228,거,0033566,파워블레이드,0035592,장산제패,,,API8_2
0053728,애프터올위너,20230406,수,0038025,아임유어파더,0042372,그레이엔젤,,,API8_2
0055545,액시스스톰,20240301,거,0032990,한센,0039803,트랜스퍼메이션,,,API8_2
0056675,액시스퍼스트,20240212,수,0045050,섀클포드,0041979,나스티캣,,,API8_2
0047171,액티브스타,20210414,암,0045082,오버애널라이즈,0015767,밀리언달러,,,API8_2
0051632,앤버니,20220518,암,0032990,한센,0038365,파이어러츠갈,,,API8_2
0047545,앨리스마린,20210311,암,0041566,투아너앤드서브,0038184,샌디에고마린,,,API8_2
0054172,어메이징원,20230309,수,0041566,투아너앤드서브,0034057,스틸더쇼와이,,,API8_2
0056571,어메이징월드,20220419,수,6118888,VINO ROSSO,6117562,DI MARIA,,,API8_2
0056663,어메이징칸,20220410,수,6102795,JIMMY CREED,7027818,AXE CAPITAL,,,API8_2
0053631,어플리트캡틴,20230326,암,0039737,어플릿익스프레스,0036709,인에스크로,,,API8_2
0054733,어화둥둥,20220317,거,6114924,UNIFIED,6147834,LILLY'S DREAM,,,API8_2
0051541,억새,20220328,암,0037439,더킹,0041852,마이시스터니나,,,API8_2
0053820,언캡쳐드러너,20230414,거,0044993,언캡처드,0023333,스킵러너,,,API8_2
0062075,엉클파크,20240524,수,7000183,UNCLE CHUCK,6130619,ALLYOUNEEDISLOVIN,,,API8_2
0055426,에너지오브선,20240207,거,0025790,피스룰즈,0033423,세라몬드,,,API8_2
0051197,에런다이트,20220417,수,0034835,티즈원더풀,0034296,채스터티,,,API8_2
0056800,에어나이스,20240215,암,7000060,나이트러스,0035964,소중한인연,,,API8_2
0051115,에어시티,20220218,거,0021239,연승대로,0039449,데스플라잉,,,API8_2
0055737,에이스러브,20240407,암,6969075,지몰로지스트,0040234,소우전러브,,,API8_2
0056673,에이스바람,20240320,수,0050506,에어포스블루,0044479,사전통보,,,API8_2
0052014,에이스선,20220520,거,0045050,섀클포드,0035991,비카뮤직,,,API8_2
0055735,에이스크로우,20240405,암,0041813,미스터크로우,0032490,금수봉,,,API8_2
0056668,에이스타이거,20240227,수,0038387,콩코드포인트,0040127,마코마,,,API8_2
0054764,에이스하이,20220301,암,0044420,레볼루셔너리,0037667,모네플라잉,,,API8_2
0050700,에코챔프,20220124,암,0032219,챔프라인,0040296,에코화이트,,,API8_2
0057483,에파사,20230413,수,6149543,INSTAGRAND,6115988,BELLA BAMBINA,,,API8_2
0062965,엘스타윈,20240429,수,6114377,UNCLE VINNY,6798606,BIN QUIET,,,API8_2
0056064,엘에이드림,20240403,암,7000060,나이트러스,0034906,엘에이걸,,,API8_2
0056566,엘카사도르,20220417,거,6106670,TAPITURE,6122560,LA CASADORA,,,API8_2
0056183,엘파트론,20240217,수,0045082,오버애널라이즈,0040194,퍼시스,,,API8_2
0051733,여수룩앳스타,20220420,암,0040086,위드디스팅션,0027539,골든데일,,,API8_2
0050992,여수슈퍼스타,20220212,암,0036732,머스킷맨,0026120,아이리스,,,API8_2
0056419,여수킹파이터,20240430,수,0046317,레이스데이,0023333,스킵러너,,,API8_2
0056442,여수톱스타,20240430,암,0052826,쿠르부아지에,0045053,리브에브리데이,,,API8_2
0055878,여수톱파이터,20240415,수,0038391,카우보이칼,0034511,슈퍼갤럽,,,API8_2
0052997,여운,20230119,암,0036732,머스킷맨,0037824,엑톤스피드,,,API8_2
0057421,역시역시,20240330,암,0034637,라이언메탈,0044229,은혜서브,,,API8_2
1412356,연예인,20210423,거,0038387,콩코드포인트,0035427,개천의용,,,API8_2
0050835,영광의그린,20220130,거,0043421,일루시브블러프,0038793,영광의키스,,,API8_2
0053525,영광의루키,20230328,암,0038387,콩코드포인트,0036396,일류천,,,API8_2
0056976,영광의크라운,20240118,암,6969075,지몰로지스트,0038793,영광의키스,,,API8_2
0047095,영광의클래스,20210317,수,0039812,모던카우보이,0034849,미스개츠비Ⅱ,,,API8_2
0046787,영광의퍼스트,20210224,수,0045048,보이즈앳토스코노,0038793,영광의키스,,,API8_2
0046789,영광의프린스,20210210,거,0038387,콩코드포인트,0038196,영광승리,,,API8_2
0057401,영광의호프,20240417,거,0034428,테스타마타,0027712,푸른에너지,,,API8_2
0056763,영브릴리언트,20240315,암,0038025,아임유어파더,0046437,드라마틱걸,,,API8_2
0051409,영스카이워커,20220324,수,0038025,아임유어파더,0046437,드라마틱걸,,,API8_2
0053529,영영브라보,20230315,거,0039935,말리부불패,0041931,투투리즈,,,API8_2
0044631,영웅로드,20190509,거,0037972,올드패션드,0034111,당대퀸,,,API8_2
0047505,오늘이순간,20210515,거,0033566,파워블레이드,0033973,옥녀봉,,,API8_2
0044387,오르다,20190302,거,0032990,한센,0034725,메이드위너,,,API8_2
0051329,오버레인보우,20220415,거,0045082,오버애널라이즈,0035366,가속트리플,,,API8_2
0060838,오버로드킹,20231009,거,6127349,TRAPEZE ARTIST,7169816,MISS BILLIONAIRE,,,API8_2
0055803,오버올,20240407,수,0028279,브리그,0038410,릴리벨비,,,API8_2
0056039,오션제니스,20240428,암,0032258,트리플나인,0036800,천하일색,,,API8_2
0053336,오아시스기적,20230319,수,6112206,FROSTED,0052755,웁시데이지,,,API8_2
0051069,오아시스레드,20220224,수,0041566,투아너앤드서브,0029926,심신지려,,,API8_2
0055515,오아시스로즈,20240227,수,0038387,콩코드포인트,0038613,제너럴로즈,,,API8_2
0053851,오아시스루비,20230429,암,0046317,레이스데이,0032396,주얼리파티,,,API8_2
0055344,오아시스섀클,20240224,수,0045050,섀클포드,0038506,원더풀이지,,,API8_2
0055283,오아시스셀럽,20240305,암,0038391,카우보이칼,0036979,영천더비,,,API8_2
0055278,오아시스송,20240128,수,0032990,한센,0030937,호재너즈송,,,API8_2
0053662,오아시스스타,20230330,거,0038387,콩코드포인트,0030925,고속성장,,,API8_2
0053960,오아시스아델,20230510,수,0045050,섀클포드,0045046,헤일리즈롤리팝,,,API8_2
0055354,오아시스엔젤,20240303,수,0036732,머스킷맨,0037649,메이저엔젤,,,API8_2
0054051,오아시스영,20230512,수,0036732,머스킷맨,0036630,위키드우노,,,API8_2
0055631,오아시스영천,20240307,수,0041566,투아너앤드서브,0042792,영천어벤저,,,API8_2
0055488,오아시스왕자,20240313,수,6108937,TONALIST,0054902,그랜드페인터,,,API8_2
0055843,오아시스위너,20220509,수,6115339,MENDELSSOHN,6971348,OFF THE STREET,,,API8_2
0051975,오아시스위키,20220517,거,0036732,머스킷맨,0036630,위키드우노,,,API8_2
0053506,오아시스챔프,20230320,수,0038387,콩코드포인트,0027482,프레리타운십,,,API8_2
0055651,오아시스초원,20240315,거,0038387,콩코드포인트,0027002,싱그러운초원,,,API8_2
0056785,오아시스퀸,20240123,암,0027443,컬러즈플라잉,0019808,가야공주,,,API8_2
0053006,오아시스킹덤,20230228,수,0044993,언캡처드,0040162,블랙레이스,,,API8_2
0055365,오아시스타임,20240229,수,0038387,콩코드포인트,0038579,싱그러운타임,,,API8_2
0055901,오아시스한센,20240422,수,0032990,한센,0021560,쾌검,,,API8_2
0054052,오아시스해피,20230517,수,0046317,레이스데이,0030615,가문여장군,,,API8_2
0054102,오아시스환희,20230328,수,0038387,콩코드포인트,0030708,투어캠프,,,API8_2
0055125,오아시스희망,20240110,수,0037674,뉴레전드,0038310,쉬즈어버드걸,,,API8_2
0053363,오케이베이비,20230325,수,0037972,올드패션드,0050482,비너스베러티,,,API8_2
0047272,오크리지,20210301,수,0034428,테스타마타,0036780,블루플래그,,,API8_2
0047366,오픈스카이,20210525,거,0038391,카우보이칼,0041964,타파티아,,,API8_2
0051234,온누리보스,20220329,수,0035285,파이널보스,0037874,그랜드환호,,,API8_2
0053588,온누리파티,20230324,암,7000060,나이트러스,0035031,오호대장군,,,API8_2
0055869,온리포미,20240317,암,0039216,킹삭스,0042415,아쿠아펀치,,,API8_2
0056203,온톱,20240417,암,0041813,미스터크로우,0041471,아너퀸,,,API8_2
0053007,올더베스트,20230222,암,6115215,OSCAR PERFORMANCE,0052753,밸류드스트라이크,,,API8_2
0060855,올데이롱,20231024,암,6130182,MAGNA GRECIA,7169838,OBERNE ROSE,,,API8_2
0051228,올라운드원,20220303,거,0031261,사이먼퓨어,0031853,모닝퀸,,,API8_2
0055994,올오케이,20240326,수,0032990,한센,0026291,클레이사격,,,API8_2
0061896,올클리어,20240330,수,6104211,ESPOIR CITY,7179054,PERFUME BOMB,,,API8_2
0055342,와일드도로,20240203,암,0050008,바이언,0034578,메다글로리아,,,API8_2
0053839,와일드리얼,20230413,수,0050008,바이언,0050365,아이러니오브리얼,,,API8_2
0056007,와일드메이,20240418,암,0050008,바이언,0037560,파크미니스터,,,API8_2
0053385,와일드신기,20230315,거,0038025,아임유어파더,0025754,윌링,,,API8_2
0053391,와일드점프,20230421,암,0050008,바이언,0044996,블랙벳시,,,API8_2
0058483,와일드챔프,20240330,수,0032258,트리플나인,0043169,와일드아델,,,API8_2
0055340,와일드파워,20240206,암,0050008,바이언,0044999,펄파워,,,API8_2
0053395,와일드파크,20230318,수,0050008,바이언,0037560,파크미니스터,,,API8_2
0053285,용비샤크,20230304,거,0044993,언캡처드,0040121,코럴케이브,,,API8_2
0055721,용비선,20240304,수,0037972,올드패션드,0036869,블랙실드,,,API8_2
0053772,용비스카이,20230427,거,0037972,올드패션드,0045113,럭키스카이,,,API8_2
0055720,용비엑스,20240305,수,0052826,쿠르부아지에,0042350,비케이파워,,,API8_2
0056237,용비오추,20240421,수,0038387,콩코드포인트,0030925,고속성장,,,API8_2
0054464,용비짱,20230423,거,6969075,지몰로지스트,0043511,영화의반석,,,API8_2
0056196,용비천마,20240415,수,0032990,한센,0040343,천년의길,,,API8_2
0050988,용비패왕,20220201,거,0038387,콩코드포인트,0032616,프로포즈,,,API8_2
0055816,우한륭,20240311,암,0044420,레볼루셔너리,0041367,우아륭,,,API8_2
0053275,운이좋아,20230329,거,7000060,나이트러스,0025082,스피노,,,API8_2
0050831,운주가이,20220303,수,0045049,프리덤차일드,0034561,헤이퀸,,,API8_2
0055828,운주러너,20240418,수,0037972,올드패션드,0033501,이글삭스,,,API8_2
0047067,운주레전드,20210226,암,6115219,FREE DROP BILLY,0046475,알프레다,,,API8_2
0053056,운주매직,20230305,수,0045049,프리덤차일드,0045005,지아,,,API8_2
1412358,운주위너,20210417,거,6109255,KEEN ICE,0046504,유포어리움,,,API8_2
0046685,운주챌린지,20210124,암,0044420,레볼루셔너리,0036176,비장의무기,,,API8_2
0053377,운주퍼펙트,20230410,수,0027443,컬러즈플라잉,0044994,머니마이허니,,,API8_2
0053710,울트라비전,20230408,암,0038387,콩코드포인트,0036736,레드벅,,,API8_2
0047487,워너비위드유,20210510,암,0038025,아임유어파더,0038400,데인저러스고스트,,,API8_2
0060529,원고,20230518,수,6965458,KANTHAROS,6118558,RAPIDS,,,API8_2
0054743,원대한꿈,20220209,거,6112413,TAPWRIT,6110551,PARTY SMART,,,API8_2
0050754,원더풀그룸,20220325,수,0034428,테스타마타,0038310,쉬즈어버드걸,,,API8_2
0054196,원더풀라라,20230515,암,0045050,섀클포드,0050567,러블리라라,,,API8_2
0050883,원더풀라크,20220124,암,0032990,한센,0034950,나이트퓨리,,,API8_2
0051664,원더풀머드,20220502,암,0034428,테스타마타,0023406,케이랜즈로즈,,,API8_2
0051576,원더풀밴드,20220329,거,0028545,인디밴드,0038363,후사이치스원더풀,,,API8_2
0053326,원더풀뷰,20230307,수,0041868,제이피즈거스토,0033114,스크루이,,,API8_2
0045968,원더풀비더,20200429,수,0039750,퍼지,0038312,매지컬프로미스,,,API8_2
0051306,원더풀스마트,20220409,암,0034428,테스타마타,0023319,예스트라이크,,,API8_2
0047474,원더풀윈드,20210511,암,0039750,퍼지,0038311,라데아,,,API8_2
0051310,원더풀존스,20220330,수,0037674,뉴레전드,0031251,켄덤,,,API8_2
0046715,원더풀케이랜,20210131,암,0033566,파워블레이드,0032522,승리사랑,,,API8_2
0052132,원더풀테민크,20220227,암,0045050,섀클포드,0046500,바이바이버피,,,API8_2
0047477,원더풀팀,20210512,암,0034428,테스타마타,0027451,엔들리스헤로인,,,API8_2
0051302,원더풀파,20220420,암,0034428,테스타마타,0036598,배그대드커페이,,,API8_2
0053885,원더풀패션,20230427,거,0028545,인디밴드,0038363,후사이치스원더풀,,,API8_2
0051304,원더풀펄핏,20220416,수,0039750,퍼지,0026766,천은,,,API8_2
0046712,원더풀포춘,20210131,암,0041868,제이피즈거스토,0036316,론다도르,,,API8_2
0052015,원더풀프리치,20220523,암,0045050,섀클포드,0041964,타파티아,,,API8_2
0060821,원라스트마가리타,20230410,수,6126916,MAXIMUM SECURITY,6111364,MARGARITA SALT,,,API8_2
0054440,원웨이,20210327,암,0034428,테스타마타,0033685,중앙여제,,,API8_2
1411933,원웨이로드,20210430,거,0044993,언캡처드,0040241,시크리티브레이디,,,API8_2
0053805,원플러스원,20230421,거,0037972,올드패션드,0050916,쿠쿠키니아,,,API8_2
0054101,월드고트,20230421,거,6109255,KEEN ICE,0052825,알스마티팬츠,,,API8_2
0053583,월드댄서캣,20230330,암,0036732,머스킷맨,0025783,서프라이징댄서,,,API8_2
0055725,월드라이언맨,20240310,수,0027312,라이언산타,0043142,원더풀머스킷,,,API8_2
0047287,월드루비,20210425,암,0045050,섀클포드,0035291,월드피스,,,API8_2
0051604,월드리스트캣,20220406,암,0034735,페더럴리스트,0028970,라레인델라보어즈,,,API8_2
0053581,월드볼드맨,20230418,수,6969075,지몰로지스트,0035729,볼드룰즈,,,API8_2
0051928,월드블루핀캣,20220512,암,0021079,블루핀,0020345,러빙엔젤,,,API8_2
0053003,월드빅스캣,20230214,암,0041559,빅스,0026633,그레이트엔젤,,,API8_2
0051597,월드선더캣,20220220,암,0033119,선더모카신,0026633,그레이트엔젤,,,API8_2
0047533,월드위너스맨,20210425,거,0036732,머스킷맨,0032176,핫커멘드,,,API8_2
0053582,월드이글캣,20230320,암,0045050,섀클포드,0030202,황금빛지중해,,,API8_2
0055704,월드크라운캣,20240411,암,0036732,머스킷맨,0035729,볼드룰즈,,,API8_2
0051248,월드태양,20220223,암,0041566,투아너앤드서브,0017658,동방최고,,,API8_2
0051060,월드톱티어,20220323,암,0034735,페더럴리스트,0022026,질주하라,,,API8_2
0055691,월드투아너맨,20240201,수,0041566,투아너앤드서브,0030197,하스타티,,,API8_2
0054866,월드트리,20230220,거,0041566,투아너앤드서브,0041945,필리매디슨,,,API8_2
0051596,월드트리플캣,20220328,암,0032258,트리플나인,0035729,볼드룰즈,,,API8_2
0052992,월드파이터맨,20230206,수,7000060,나이트러스,0030197,하스타티,,,API8_2
0055424,월드플라잉,20240225,암,0021239,연승대로,0039449,데스플라잉,,,API8_2
0051726,월드하니,20220411,암,0038227,크리솔라이트,0035784,배다리하니,,,API8_2
0047238,웨이브업,20210430,수,0034735,페더럴리스트,0018679,랭귀사,,,API8_2
0051827,위너스루키,20220415,암,0036732,머스킷맨,0030130,위너스마린,,,API8_2
0055802,위너윈,20240415,암,0039737,어플릿익스프레스,0035563,퀸스퀸,,,API8_2
0052927,위너컵,20230208,암,0038245,미스치비어슬리,0040243,컵오럭,,,API8_2
0051365,위너클리어,20220327,수,6114923,KLIMT,0050911,클리어크리던스,,,API8_2
0055341,위닝와일드,20240205,암,0050008,바이언,0052671,위닝이미지,,,API8_2
0051363,위닝트리,20220403,거,0037972,올드패션드,0040167,러브토어치,,,API8_2
0060846,위닝포스,20230226,거,6126464,AWESOME SLEW,6115528,LADY CARLOTTA,,,API8_2
0044578,위대한선택,20190425,거,0020256,메니피,0040230,미첼즈로즈,,,API8_2
0052896,위대한하트,20230218,암,0036732,머스킷맨,0032113,럭키하트,,,API8_2
0046930,위라이크머니,20210301,암,0026618,경부대로,0041534,라이트마이월드,,,API8_2
0052136,위스트롱,20220328,암,0032272,록밴드,0037895,오스힐,,,API8_2
0061506,위즈덤픽,20240422,수,7000182,GALILEAN,6868770,GOLDEN MISS,,,API8_2
0054220,윈나우,20230530,거,0035285,파이널보스,0018573,부산의별,,,API8_2
0052114,윈드로즈,20220221,암,0045050,섀클포드,0033079,로즈어네이티브,,,API8_2
0051422,윈드미르,20220228,거,0032258,트리플나인,0035070,백두미르,,,API8_2
0050972,윈드불릿,20220222,거,0037972,올드패션드,0038335,메니블레이드,,,API8_2
0054167,윈드소드,20230329,수,0039737,어플릿익스프레스,0038295,패전트리,,,API8_2
0055394,윈드송,20240323,암,0028279,브리그,0029452,너티브리지트,,,API8_2
0043670,윈드위너,20190125,거,0034735,페더럴리스트,0028635,윈드레토,,,API8_2
0051688,윈드타임,20220415,암,0040246,지롤라모,0033837,라스트코디,,,API8_2
0046821,윈윈,20210322,수,0038391,카우보이칼,0036612,엘리사타운,,,API8_2
0050699,유니언챔프,20220202,암,0032219,챔프라인,0036362,유니언채터,,,API8_2
0055275,유니언콜,20240122,수,0036732,머스킷맨,0038662,유니언퀸,,,API8_2
0057142,유니언플래시,20240414,수,0046483,플래시백,0036362,유니언채터,,,API8_2
0056038,유림대로행,20240512,수,0046317,레이스데이,0050916,쿠쿠키니아,,,API8_2
0050930,유림세상,20220308,수,0045050,섀클포드,0040020,쿠바의열정,,,API8_2
0051800,유림스카이,20220410,거,0045082,오버애널라이즈,0032827,레드화이트앤블루,,,API8_2
0053635,유림스페셜,20230323,암,0041566,투아너앤드서브,0024138,스페셜레드,,,API8_2
0056069,유림신궁,20240406,수,0032990,한센,0026254,컨셉리처블,,,API8_2
0052944,유림에이스,20230224,암,0045050,섀클포드,0032317,로열제이,,,API8_2
0053430,유림찬가,20230307,암,6969075,지몰로지스트,0024475,님의찬가,,,API8_2
0054331,은빛,20230423,암,0032990,한센,0034466,으뜸클래식,,,API8_2
0044191,은성영웅,20190318,수,0038332,커널존,0026629,선로들리,,,API8_2
0057305,은하수,20230120,거,6149602,VOLATILE,7044971,AMERICA'S SURPRISE,,,API8_2
0054325,이글마인,20230328,암,0036593,온이글즈윙즈,0032518,골드마인,,,API8_2
0056049,이븐스타,20240505,암,0046317,레이스데이,0041971,프라우드오브마이,,,API8_2
0056113,이십년동행,20240502,암,0041566,투아너앤드서브,0032775,셀럽,,,API8_2
0054140,이십년지기,20230523,수,0044993,언캡처드,0032775,셀럽,,,API8_2
0053832,이지스천마,20230415,거,0032990,한센,0039049,닥터선더,,,API8_2
0054112,이지스크라운,20230518,거,0045050,섀클포드,0031298,더블브릴리언트,,,API8_2
0055870,이클립스비전,20240329,수,0045050,섀클포드,0040979,새만금의비전,,,API8_2
0056767,이클립스호프,20240521,수,0041566,투아너앤드서브,0037888,레이즈미업,,,API8_2
0062949,익스플로러,20240508,수,6109228,LIAM'S MAP,7009108,ADVOCATING,,,API8_2
0050729,인디고스트,20220303,암,0028545,인디밴드,0037952,끝판고스트,,,API8_2
0055560,인디언캐처,20240325,암,0046317,레이스데이,0032261,인디언파크,,,API8_2
0055605,인디에어,20240216,수,0028545,인디밴드,0043342,비제이미스,,,API8_2
0054202,인디타이거,20230412,수,0044993,언캡처드,0031093,인디언블루,,,API8_2
0055680,인빈서블,20240227,수,0041566,투아너앤드서브,0032210,퀸크릭캣,,,API8_2
0053630,인피니트위너,20230421,암,0044931,센트럴커맨드,0028549,우승데이,,,API8_2
0047362,일념신화,20210301,수,0045050,섀클포드,0034091,폭풍신화,,,API8_2
0053025,잇츠릿,20230213,수,0038387,콩코드포인트,0042319,굳센대로,,,API8_2
0054798,장고맨,20230325,수,0041868,제이피즈거스토,0041861,오렌지스텝,,,API8_2
0056273,장고킹,20240328,수,0041868,제이피즈거스토,0041861,오렌지스텝,,,API8_2
0062943,저스티스윈,20240519,수,7029910,JACK CHRISTOPHER,6128675,LASEEN,,,API8_2
0054581,전성시대,20230602,암,0026213,지금이순간,0045022,워리어옵라이트,,,API8_2
0046327,절대보스,20200305,거,0034428,테스타마타,0036509,해야,,,API8_2
0056120,정문골드원,20240409,수,0038391,카우보이칼,0028581,코러스원,,,API8_2
0056223,정문빅스타,20240420,수,0041559,빅스,0026448,파이널걸,,,API8_2
0057762,정문스킵,20230301,거,0027443,컬러즈플라잉,0033096,골든걸슈,,,API8_2
0046088,정문코빗,20200320,거,0041566,투아너앤드서브,0035588,엑톤불패,,,API8_2
0053219,정문큰대박,20230218,거,7000060,나이트러스,0035896,승리스타,,,API8_2
0053651,정문파피아노,20230327,거,0032990,한센,0039437,광목천왕,,,API8_2
0050971,정문펠릭스,20220120,수,0038391,카우보이칼,0044978,세이굿나이트앨리,,,API8_2
0055061,제로포인트,20240107,수,0039737,어플릿익스프레스,0040196,토킨바우트,,,API8_2
0056041,제성마스터,20240429,암,0032258,트리플나인,0033603,모닝제주,,,API8_2
0051796,제이드팰리스,20220421,수,0041566,투아너앤드서브,0033824,좋아라,,,API8_2
0051495,제주스톤,20220324,수,0033119,선더모카신,0037249,스페셜스톤,,,API8_2
0054306,젠젠,20230413,수,0033119,선더모카신,0036730,잰타스틱,,,API8_2
0054181,조이오브퀸,20230403,암,0044993,언캡처드,0050574,원디렉션송,,,API8_2
0055339,조지프린스,20240216,수,0038387,콩코드포인트,0040497,조지퀸,,,API8_2
0050661,즐거운동행,20220314,암,0026213,지금이순간,0036080,아마조네스,,,API8_2
0045245,즐거운여정,20200129,암,0027443,컬러즈플라잉,0040130,새즈미즈엘리자베,,,API8_2
0053628,지롤시대,20230327,암,0040246,지롤라모,0042590,마하시대,,,API8_2
0050734,지타,20220203,암,0033119,선더모카신,0026666,명댄서,,,API8_2
0055400,진격의빛,20240215,암,0031028,언비터블,0032651,라이언갤러퍼,,,API8_2
1412327,진주빛,20210201,암,0032314,뉴화이트삭스,0037312,조이오브캡틴,,,API8_2
0050814,짝사랑,20220403,암,0034835,티즈원더풀,0038358,코르시에라,,,API8_2
0055590,차돌멩이,20240416,암,0039935,말리부불패,0025720,위스콘신걸,,,API8_2
0060851,차밍보스,20230406,수,6119780,ENGAGE,6114794,WILD RIVER CAT,,,API8_2
0060849,차밍스텔라,20230324,수,6149543,INSTAGRAND,7085045,STARSHIP MISSION,,,API8_2
0047466,차밍에이스,20210424,수,0038391,카우보이칼,0029148,해피댄서,,,API8_2
0054166,창공의날개,20230420,수,0036194,인디언킹,0039123,해피하와이,,,API8_2
0056662,채스칸,20220326,수,6109240,모스피릿,7009165,TEMPER MINT GAL,,,API8_2
0051942,챔프걸,20220517,암,0032219,챔프라인,0038425,노르칼,,,API8_2
0044851,챔프고,20190312,거,0024050,엑톤파크,0036362,유니언채터,,,API8_2
0050659,챔프소니,20220124,거,0036732,머스킷맨,0034010,블랙사파이어,,,API8_2
0053556,챔프의사랑,20230327,암,0032219,챔프라인,0036217,에버그린트리,,,API8_2
0051443,챔프의시대,20220323,암,0032219,챔프라인,0036938,영희시대,,,API8_2
0053402,챔프의영광,20230305,거,0032219,챔프라인,0036938,영희시대,,,API8_2
0053237,챔프의전설,20230221,수,0032219,챔프라인,0036362,유니언채터,,,API8_2
0053938,챔프의향기,20230426,암,0032219,챔프라인,0041975,레이즈드라이트,,,API8_2
0053554,챔프의희망,20230407,수,0032219,챔프라인,0038496,천년의희망,,,API8_2
0051712,챔프킹,20220522,거,0039737,어플릿익스프레스,0045055,오너싱,,,API8_2
0057383,천관의반석,20230308,거,6967942,TWIRLING CANDY,6151634,EPISCOPAL,,,API8_2
0051243,천년도르,20220327,암,0046484,도르트문트,0037347,천년동안도,,,API8_2
0055986,천년여제,20240328,암,0034428,테스타마타,0032054,그레이스,,,API8_2
0052953,천다이아,20230222,암,0021239,연승대로,0033423,세라몬드,,,API8_2
0043288,천마파워,20180418,암,0038391,카우보이칼,0031267,쉬저스트마이트,,,API8_2
0057840,천명의질주,20240410,수,0052826,쿠르부아지에,0037957,프린세스세실리아,,,API8_2
0053929,청춘은자유,20230422,수,0040246,지롤라모,0025801,케익브레드,,,API8_2
0060528,초가속,20230401,수,0041819,닉스고,6779860,RENDITION,,,API8_2
0054113,초일류,20230417,수,0040246,지롤라모,0027374,디히어퀸,,,API8_2
0051053,최강루이스,20220225,거,0032990,한센,0040136,브람스톱셸프,,,API8_2
0042163,최강쏜살,20180410,수,0026618,경부대로,0029325,라피네,,,API8_2
0051288,최강트리플,20220311,수,0032990,한센,0029382,어레스티드레이디,,,API8_2
0052902,최강해피,20230123,수,0038391,카우보이칼,0041965,랭귀지오브러브,,,API8_2
0052475,최고의꿈,20210501,수,6115828,BUCCHERO,6130398,BLUTADDA,,,API8_2
0060841,치프블레임,20230130,거,6821213,BLAME,7089593,SYMPTOM,,,API8_2
0054736,카디널포스,20220428,수,6149581,스펀투런,6128624,키튼스카디널,,,API8_2
0055215,카스타디바,20240309,암,0045050,섀클포드,0029166,감동의바다,,,API8_2
0045471,카우라인,20200307,거,0038391,카우보이칼,0035774,빅에이스,,,API8_2
0053028,카우보이룩,20230216,거,0038391,카우보이칼,0040177,사우스바운드,,,API8_2
0055369,카운터펀치,20240131,암,0038391,카우보이칼,0039875,포텐셜,,,API8_2
0060822,카운트리스윈,20230425,거,7003000,TATHQEEF,7093133,ALLSYSTEMSAREAGO,,,API8_2
0056728,카이로스퀸,20240530,암,6969075,지몰로지스트,0038353,아이스컬린,,,API8_2
0053846,카탈리나마린,20210422,거,6127203,CATALINA CRUISER,0050560,폴리원플렉스,,,API8_2
0054734,캄패스트,20220416,암,0050008,바이언,6130610,BIG TIME GIRL,,,API8_2
0052791,캐럿킹,20230105,수,0039737,어플릿익스프레스,0038408,프린세스린,,,API8_2
0050295,캐스트퀸,20210415,암,0045014,프로스펙티브,0038447,스마일걸,,,API8_2
0054677,캔다라,20230402,암,6114907,CONNECT,0054646,야라,,,API8_2
0061402,캔디투발롯,20240509,암,6967942,TWIRLING CANDY,6111436,SECRET BALLOT,,,API8_2
0047339,캡틴다이아,20210411,수,0029817,금포스카이,0033036,미스다이앤,,,API8_2
0051836,캡틴드래곤,20220427,거,0027443,컬러즈플라잉,0029982,리얼파이트,,,API8_2
1412049,캡틴에브리싱,20210514,수,0038391,카우보이칼,0023702,은빛투혼,,,API8_2
0053985,캡틴워리어,20230510,수,0039737,어플릿익스프레스,0033401,와이키키,,,API8_2
0045420,커널플라잉,20200314,거,0038332,커널존,0026083,북대풍,,,API8_2
0053813,커넥트마린,20210309,거,6114907,CONNECT,6148388,TIZ PARADISE,,,API8_2
0046933,컬럼비아챔프,20210306,암,0034428,테스타마타,0031358,골드라인,,,API8_2
0050826,케러비언베이,20220118,거,0028545,인디밴드,0036241,파이어포인트,,,API8_2
0053134,케러비언스톰,20230308,암,0028545,인디밴드,0036241,파이어포인트,,,API8_2
0051617,케이로열,20220328,거,0026618,경부대로,0033086,리쯔걸,,,API8_2
0042360,케이케이원,20180301,수,0026618,경부대로,0031263,스페시픽히트,,,API8_2
0053987,코어타이거,20230409,수,0046317,레이스데이,0036804,코어블레이드,,,API8_2
0047177,코이누르,20210418,암,0036732,머스킷맨,0025833,엑스파일,,,API8_2
0055747,콘서트업,20240315,수,0052316,콘서트투어,0039230,퀸업,,,API8_2
0051626,퀸더골드,20220330,암,0032990,한센,0024989,인터걸스,,,API8_2
0056359,퀸라일라,20240331,암,0028545,인디밴드,0021832,새로운불패,,,API8_2
0051874,퀸레이스,20220426,암,0046317,레이스데이,0044979,세타라,,,API8_2
0047405,퀸로렌스,20210323,암,0045050,섀클포드,0038270,페티코트데이,,,API8_2
0053053,퀸메이커,20230201,암,0038387,콩코드포인트,0031212,퍼펙트스킵,,,API8_2
0051722,퀸스파이시,20220530,암,0033119,선더모카신,0020778,아라미르,,,API8_2
0047091,퀸앤드서브,20210309,암,0041566,투아너앤드서브,0026306,포리스트퀸,,,API8_2
0054544,퀸야라,20210327,암,6114904,MASTERY,0054646,야라,,,API8_2
0050169,퀸오브드래곤,20210428,암,0033566,파워블레이드,0022451,라이파이,,,API8_2
0053434,퀸윈드,20230311,암,0033119,선더모카신,0031456,보자르,,,API8_2
0052104,퀸즈드래곤,20220522,암,0033566,파워블레이드,0031292,시티버드,,,API8_2
0056679,퀸즈엘레강스,20240325,암,0036732,머스킷맨,0036635,그랜드비전,,,API8_2
0055321,퀸클리버,20240211,암,0036732,머스킷맨,0041067,마이퀸,,,API8_2
0051989,퀸티케,20220518,암,0032990,한센,0034876,엠파이어캔디,,,API8_2
0053826,퀸퍼펙트,20230505,암,0044931,센트럴커맨드,0043296,티즈판타스틱,,,API8_2
0056754,큐피드골드,20240314,암,0034637,라이언메탈,0036338,터치마이하트,,,API8_2
0062947,크레이머칸,20240416,수,6965458,KANTHAROS,7122724,OUT OF HOCK,,,API8_2
0046767,크리솔시에라,20210314,거,0038227,크리솔라이트,0045013,시에라포리스트,,,API8_2
0054209,크리스털물결,20230418,암,0044993,언캡처드,0027163,금빛물결,,,API8_2
0053848,클러치러너,20230413,거,0032990,한센,0044958,퍼링투뮤직,,,API8_2
0055602,클러치로드,20240220,수,0045050,섀클포드,0038171,로드언드프레이즈,,,API8_2
0056971,클러치스마일,20240320,수,0046317,레이스데이,0038447,스마일걸,,,API8_2
0057334,클러치위너,20230327,수,6127228,WAR OF WILL,6780133,ZEHOORR,,,API8_2
0055984,클러치윙,20240327,수,0041566,투아너앤드서브,0035190,태후의날개,,,API8_2
0055789,클러치타임,20240316,수,6149515,COMPLEXITY,0055100,아실라,,,API8_2
0055714,클러치포터,20240408,수,0041813,미스터크로우,0036646,템파르니요,,,API8_2
0053534,클리어리위너,20230324,암,0032990,한센,0031041,폭풍히어로,,,API8_2
0055959,클리어퀸,20240417,암,7000060,나이트러스,0038854,클리어검,,,API8_2
0054612,클린원,20220415,수,6771382,BERNARDINI,6120597,노폴트,,,API8_2
0054827,키스더레인,20230409,거,0028545,인디밴드,0028518,애즈유원트,,,API8_2
0053141,킹블랙,20230316,거,0033566,파워블레이드,0038939,이글아이,,,API8_2
0053779,킹스킹,20230502,수,0039737,어플릿익스프레스,0035563,퀸스퀸,,,API8_2
0045630,킹애니데이,20200310,수,0036358,애니기븐새터데이,0026306,포리스트퀸,,,API8_2
0056585,타깃,20240216,수,0032224,돌아온현표,0037009,교학상장,,,API8_2
0056572,타마쿠즈킹,20220203,수,6994066,TAMARKUZ,6993720,HOI AN,,,API8_2
0053988,타이거몬스터,20230418,수,0033566,파워블레이드,0032822,장산칼리,,,API8_2
0055127,타이거블루,20230415,거,0036732,머스킷맨,0024604,금상어,,,API8_2
0053916,타이거어퍼컷,20230428,거,0045050,섀클포드,0029982,리얼파이트,,,API8_2
0057380,타이칸선더,20230410,거,7000178,INDEPENDENCE HALL,6110672,TRULY BOUND,,,API8_2
0055240,타임투런,20240120,수,0045009,자이언트런,0035296,리사,,,API8_2
0051082,탄탄대로,20220331,거,0041813,미스터크로우,0031427,스페셜로드힐,,,API8_2
0054283,탐라브라보,20230222,거,0044993,언캡처드,0036394,탐라퀸,,,API8_2
0050884,탐라슈퍼,20220131,거,0034428,테스타마타,0038312,매지컬프로미스,,,API8_2
0051088,탐라퍼스트,20220221,수,0044993,언캡처드,0038338,톱터치,,,API8_2
0053176,탐라프린세스,20230330,암,0039737,어플릿익스프레스,0046476,라이트디시전,,,API8_2
0053806,태산신화,20230501,거,0037972,올드패션드,0044975,아리치아,,,API8_2
0056302,태양리치,20240402,암,0032314,뉴화이트삭스,0041670,패션플레이어,,,API8_2
0045836,태양으뜸,20200328,암,0039742,테이크차지인디,0034511,슈퍼갤럽,,,API8_2
0054240,태양의열정,20230503,암,6969075,지몰로지스트,0040219,디그리,,,API8_2
0045823,태왕신기,20200324,수,0021239,연승대로,0038256,바르셀로나베이비,,,API8_2
0056627,태평킹,20240420,수,0044743,사우스비치,0050539,티즈퀸,,,API8_2
0053973,태평플렉스,20230517,암,0044743,사우스비치,0050560,폴리원플렉스,,,API8_2
0050666,탱큐포더타임,20220310,암,0045009,자이언트런,0046424,파자마마마,,,API8_2
0052837,테미스,20230212,암,0038245,미스치비어슬리,0030377,에이스더블,,,API8_2
0060885,테이크인디,20230514,거,0039742,테이크차지인디,6106061,러닝데비시,,,API8_2
0053014,텔플레이,20230105,수,0044420,레볼루셔너리,0032137,일망무제,,,API8_2
0061860,토함산닌자,20240425,수,6143433,MISCHEVIOUS ALEX,7179059,MORITO ALLURE HIME,,,API8_2
0053962,토함산드래곤,20230331,수,7000060,나이트러스,0036701,미스원더리,,,API8_2
0062076,토함산보스,20240426,수,6967924,DIALED IN,7021983,CIELO GRIS,,,API8_2
0058203,토함산소닉,20230401,수,6143433,MISCHEVIOUS ALEX,7169417,SAMMARU JOY,,,API8_2
0058485,토함산스타,20240322,수,0036732,머스킷맨,0029072,바람꽃,,,API8_2
0061932,토함산아너,20240308,수,6149539,HONEST MISCHIEF,6130594,MS TRISH S.,,,API8_2
0057206,토함산엔젤,20240424,암,0046317,레이스데이,0050520,얼터너티브에너지,,,API8_2
0055191,토함산타임,20240224,수,0032258,트리플나인,0034887,어메이징서프라이,,,API8_2
0051489,토함산태양,20220315,암,0041566,투아너앤드서브,0032953,불굴의투사,,,API8_2
0054212,톱랭커,20230414,수,0032224,돌아온현표,0035952,이그나이트,,,API8_2
0055872,톱윈드,20240301,수,0052826,쿠르부아지에,0032788,톱애드머럴,,,API8_2
0056205,투윈,20240417,암,0046317,레이스데이,0038413,스핀,,,API8_2
0056028,투투스페이스,20240402,수,6969075,지몰로지스트,0038300,메긴즈홀리데이,,,API8_2
0045997,투투플라잉,20200310,암,6112212,SPEIGHTSTER,0044991,플라잉하모니,,,API8_2
0046806,투혼파이터,20210228,암,0045048,보이즈앳토스코노,0036631,캔디아이,,,API8_2
0057766,트리플강자,20240419,수,0032258,트리플나인,0038947,금스타,,,API8_2
0046852,트리플드림,20210303,암,0045050,섀클포드,0032328,당대천하,,,API8_2
0041633,트리플스톰,20170324,수,0034735,페더럴리스트,0018498,제시즈래스,,,API8_2
0057060,트리플와이,20240205,수,0032258,트리플나인,0034091,폭풍신화,,,API8_2
0051582,트리플제이,20220208,거,0026618,경부대로,0031053,부경게이트,,,API8_2
0053495,트릭샷,20230312,수,0032990,한센,0033909,오뚝오뚝이,,,API8_2
0053441,트윈레인보우,20230322,암,6969075,지몰로지스트,0044976,미미스블링,,,API8_2
0055711,특별한,20240305,수,0038245,미스치비어슬리,0040761,파이널드림,,,API8_2
0055370,티핑포인트,20240131,암,6969075,지몰로지스트,0035356,시티위너,,,API8_2
0051035,팀서프라이즈,20220224,암,0046317,레이스데이,0023903,파워팩,,,API8_2
0051205,팁탑,20220430,수,0039737,어플릿익스프레스,0035563,퀸스퀸,,,API8_2
0054674,파격의반석,20220501,거,0043643,론세일러,6114523,ASTARTE,,,API8_2
0056197,파워드림,20240419,수,6969075,지몰로지스트,0043990,아나스타시아,,,API8_2
0045608,파워사운드,20200304,거,0040246,지롤라모,0029587,미래스타,,,API8_2
0053511,파워인디,20230321,암,0028545,인디밴드,0028493,파워캠프,,,API8_2
0052925,파워타이거,20230117,거,0033566,파워블레이드,0029442,메즈머리징레이디,,,API8_2
0053906,파워트리,20230419,거,6969075,지몰로지스트,0050532,문보우,,,API8_2
0055329,파워풀노던,20240208,수,0037674,뉴레전드,0038311,라데아,,,API8_2
0053327,파워풀데블,20230317,암,0044420,레볼루셔너리,0034950,나이트퓨리,,,API8_2
0053132,파워풀런,20230307,암,0041628,세이브더월드,0034783,블루캐슬,,,API8_2
0055782,파워풀로드,20240414,수,0041868,제이피즈거스토,0033976,머제스틱뷰티,,,API8_2
0053313,파워풀루비,20230308,암,0045050,섀클포드,0029513,큐피드걸,,,API8_2
0053325,파워풀메니피,20230320,수,0037674,뉴레전드,0027451,엔들리스헤로인,,,API8_2
0053844,파워풀배틀,20230505,거,0034428,테스타마타,0044933,매그니피센트마인,,,API8_2
0055330,파워풀브리지,20240303,암,0034428,테스타마타,0038308,콰드릴,,,API8_2
0055784,파워풀블루문,20240314,암,0039750,퍼지,0040778,원더풀피스,,,API8_2
0053487,파워풀선더,20230314,수,6969075,지몰로지스트,0044964,웨이팅포아스파크,,,API8_2
0055324,파워풀시킹,20240216,암,0041868,제이피즈거스토,0042096,선셋멜로디,,,API8_2
0062684,파워풀아너,20240317,수,6149753,GREATEST HONOUR,7139594,ENTRUSTED,,,API8_2
0055124,파워풀워리어,20240127,수,0041868,제이피즈거스토,0027425,빅파워,,,API8_2
0054982,파워풀위너,20230219,수,0039737,어플릿익스프레스,0029675,오버스피드,,,API8_2
0055121,파워풀인디,20240204,수,0039750,퍼지,0024968,레몬펀치,,,API8_2
0055126,파워풀캣,20240125,수,0041868,제이피즈거스토,0031358,골드라인,,,API8_2
0055197,파워풀케이랜,20240203,암,0028545,인디밴드,0023406,케이랜즈로즈,,,API8_2
0053322,파워풀톰,20230407,암,0037674,뉴레전드,0038312,매지컬프로미스,,,API8_2
0056304,파워풀트루,20240525,암,0045050,섀클포드,0039008,원더풀트루스,,,API8_2
0056305,파워풀패싱,20240511,암,0039750,퍼지,0038597,원더풀마리아,,,API8_2
0055783,파워풀할란,20240330,거,0039750,퍼지,0042234,원더풀로맨스,,,API8_2
0053320,파워풀히트,20230411,암,0037674,뉴레전드,0038597,원더풀마리아,,,API8_2
0055581,파워플라잉,20240307,암,0027443,컬러즈플라잉,0038141,플라잉챔프,,,API8_2
0053625,파워히트,20230325,수,0041566,투아너앤드서브,0040890,에이스의기쁨,,,API8_2
0051058,파이널어택,20220228,암,0034835,티즈원더풀,0031375,드림갤러퍼,,,API8_2
0055963,파인애비뉴,20240324,거,0041813,미스터크로우,0021864,애비,,,API8_2
0051138,파차마마,20220327,암,0025790,피스룰즈,0016674,일소천군,,,API8_2
0053403,파초의꿈,20230427,암,0041800,메디치글로리,0046433,히트스윕,,,API8_2
0052876,판타스틱그린,20220401,암,0039737,어플릿익스프레스,0039818,미그레이팅우르술,,,API8_2
0057020,판타스틱러시,20240207,암,0038387,콩코드포인트,0045165,원러시,,,API8_2
0055338,판타스틱로열,20240309,수,0032990,한센,0039578,메니타운십,,,API8_2
0052877,판타스틱밸류,20220328,암,0039737,어플릿익스프레스,0029444,유니언벨,,,API8_2
0057800,판타스틱보스,20230425,거,0038391,카우보이칼,0045138,레인보우켑트,,,API8_2
0054050,판타스틱볼트,20230319,암,0038391,카우보이칼,0035912,서울볼트,,,API8_2
0051669,판타스틱블루,20220326,거,0040246,지롤라모,0045080,포지티보,,,API8_2
0057000,판타스틱비치,20230118,암,0039737,어플릿익스프레스,0038675,영광의시대,,,API8_2
0053186,판타스틱산타,20230213,거,0027312,라이언산타,0035829,판타스틱조이,,,API8_2
0055614,판타스틱선더,20240404,암,0036693,토우트,0030851,선업,,,API8_2
0056973,판타스틱스톰,20240423,암,6969075,지몰로지스트,0044208,판타스틱매직,,,API8_2
0053771,판타스틱시티,20230403,수,0036732,머스킷맨,0031314,백두캣,,,API8_2
0052886,판타스틱원,20230125,암,7000060,나이트러스,0037009,교학상장,,,API8_2
0054800,판타스틱이글,20230207,수,0040246,지롤라모,0038196,영광승리,,,API8_2
0058821,판타스틱치타,20240120,수,0036732,머스킷맨,0042592,사만다치타,,,API8_2
0057001,판타스틱캡틴,20230220,거,0039737,어플릿익스프레스,0038793,영광의키스,,,API8_2
0056032,판타스틱퀸즈,20240428,암,0037972,올드패션드,0036319,포에마,,,API8_2
0045308,판타스틱킹덤,20200228,수,0038387,콩코드포인트,0029444,유니언벨,,,API8_2
0054062,판타스틱패션,20230509,수,0037972,올드패션드,0031311,어트리비다,,,API8_2
0054460,판타스틱포스,20230213,수,0041566,투아너앤드서브,0031547,대호여장군,,,API8_2
0057782,판타스틱해피,20240510,암,0027443,컬러즈플라잉,0035449,해피레이디,,,API8_2
0057561,판타스틱허니,20230221,암,0038245,미스치비어슬리,0045080,포지티보,,,API8_2
0055617,판타스틱호프,20240303,수,0038387,콩코드포인트,0031212,퍼펙트스킵,,,API8_2
0055900,패스트로드,20240507,수,7000060,나이트러스,0037366,명품보배,,,API8_2
0053031,패스트윈드,20230227,수,7000060,나이트러스,0026886,그랜드특급,,,API8_2
0044016,팬텀에이스,20190419,수,0040058,티즈웨이,0030807,골든래스,,,API8_2
0051774,팬텀킹,20220418,거,0031028,언비터블,0025452,퓨앤파비트윈,,,API8_2
0053394,퍼니와일드,20230331,수,0050008,바이언,0050366,퍼니서니,,,API8_2
0057624,퍼스트팰컨,20240416,암,0052316,콘서트투어,0036714,레디플레이어원,,,API8_2
0055727,퍼펙트노던,20240315,암,0050506,에어포스블루,0025175,노던파크,,,API8_2
0061897,퍼펙트라인,20240225,수,6790009,SUZUKA CAUSEWAY,7179056,FRIEND ZONE,,,API8_2
0052171,퍼펙트레전드,20220305,수,0036732,머스킷맨,0034627,지상제일해피,,,API8_2
0053533,퍼펙트베리,20230425,수,0041813,미스터크로우,0036663,컨트리웨이,,,API8_2
0057005,퍼펙트서귀,20240518,수,0052316,콘서트투어,0036828,미스퍼펙트,,,API8_2
0055919,퍼펙트아이,20240420,암,0038227,크리솔라이트,0046489,나우아이노우,,,API8_2
0047445,퍼펙트액션,20210420,암,0041566,투아너앤드서브,0031706,대왕대비,,,API8_2
0053527,퍼펙트포인트,20230402,수,0038387,콩코드포인트,0038260,퍼펙트파인드,,,API8_2
0051743,퍼펙트한,20220509,수,0032990,한센,0045000,프루던스,,,API8_2
0057333,퍼플퀸,20240308,암,0045014,프로스펙티브,0043067,노르웨이서드,,,API8_2
0054081,펀처,20210307,거,6106696,LORD NELSON,6102701,MIMI'S SUGAR,,,API8_2
0056079,펑키타운,20240415,암,6969075,지몰로지스트,0040762,크라운펑키,,,API8_2
0056314,페가수스여왕,20240427,암,0032990,한센,0032869,여러분의여왕,,,API8_2
0055834,페가수스황제,20240310,수,0038245,미스치비어슬리,0046495,헥사메테르,,,API8_2
0055062,페이엣킹,20240110,수,0039737,어플릿익스프레스,0052713,페이엣퀸,,,API8_2
0051713,페이트,20220507,수,0039737,어플릿익스프레스,0044955,퀸오브킹스,,,API8_2
0050977,평대바람,20220216,암,0038391,카우보이칼,0031107,레일건,,,API8_2
0056002,포그레이서,20240415,암,0039737,어플릿익스프레스,0040180,케이프코드걸,,,API8_2
0055810,포그마스터,20240330,수,0032990,한센,0045021,미스티미셸,,,API8_2
0055389,포더빅토리,20240309,수,0032990,한센,0036855,판타스틱스타,,,API8_2
0052874,포더타이틀,20230204,수,0032224,돌아온현표,0020528,탐라히어로,,,API8_2
0051753,포스비위드유,20220421,수,0038025,아임유어파더,0038386,화이트헤븐,,,API8_2
0046863,포스트맨,20210221,수,0033119,선더모카신,0029848,러블리스타,,,API8_2
0053371,포에버로드,20230415,암,6993812,CENTRAL BANKER,0052592,택트풀수잔,,,API8_2
0057641,포인트에이,20240123,거,7004901,NASHVILLE,7022315,SISSONE,,,API8_2
0055219,포춘볼트,20240205,수,0045050,섀클포드,0040151,포추니틀리,,,API8_2
0047369,포켓밀리언,20210410,암,0044993,언캡처드,0031014,천억이,,,API8_2
0061462,포텐쏜살,20240219,거,6968995,ADIOS CHARLIE,7043496,BACKSTAGE,,,API8_2
0054219,포트모어,20230221,거,6969075,지몰로지스트,0024425,수호천사,,,API8_2
0053286,푸른신기,20230323,수,0044993,언캡처드,0043048,푸른장미,,,API8_2
0051940,퓨어마린,20220301,암,0031261,사이먼퓨어,0041861,오렌지스텝,,,API8_2
0054679,프라임록,20220223,거,6106665,MIDNIGHT STORM,6477925,DAISYAGO,,,API8_2
0054678,프라임시크릿,20220316,거,6112213,UPSTART,6813201,LUCKY STRIKER,,,API8_2
0055587,프라임제니,20240305,암,0036732,머스킷맨,0043163,빅허그,,,API8_2
0060772,프레스퀸,20240505,암,0046317,레이스데이,0050656,델리컷레이디,,,API8_2
0055660,플라이스카이,20240226,수,0037972,올드패션드,0034893,실버블로섬,,,API8_2
0050973,플라이투더문,20220218,암,0037972,올드패션드,0034111,당대퀸,,,API8_2
0056567,플라잉글로벌,20220421,거,6149534,글로벌캠페인,6140193,HARDCORE CAT,,,API8_2
0047077,플라잉더럭키,20210410,수,0045048,보이즈앳토스코노,0035522,경연한질주,,,API8_2
0044496,플라잉더챔프,20190526,수,0038391,카우보이칼,0040146,더빅앤배디스트버,,,API8_2
0050975,플라잉더칸,20220327,수,0046317,레이스데이,0044984,시스터칸,,,API8_2
0047062,플라잉더포드,20210310,수,0045050,섀클포드,0035592,장산제패,,,API8_2
0051821,플라잉레이스,20220521,거,0046317,레이스데이,0033871,지봉블루,,,API8_2
0051345,플라잉메니스,20220403,암,0038391,카우보이칼,0041969,머큐리얼메니스,,,API8_2
0055686,플라잉바우,20240228,수,0045050,섀클포드,0041159,마이멤버,,,API8_2
0053545,플라잉스카이,20230503,수,0038227,크리솔라이트,0038790,천상오름,,,API8_2
0051045,플라잉챔피언,20220216,거,0037972,올드패션드,0040146,더빅앤배디스트버,,,API8_2
0054820,플라잉카툰,20230427,암,0036732,머스킷맨,0044984,시스터칸,,,API8_2
0046854,플라잉칸,20210312,거,0037972,올드패션드,0044984,시스터칸,,,API8_2
0055844,플라잉크라운,20220211,거,6127203,CATALINA CRUISER,6150691,STASHA MINASHA,,,API8_2
0050842,플래시런,20220216,암,0046483,플래시백,0031588,어거스트러쉬,,,API8_2
0045154,플래시참,20190224,거,0037972,올드패션드,0036695,플래쉬디만티너,,,API8_2
0051744,플래시코코,20220501,암,0046483,플래시백,0044998,코코넛슈림프,,,API8_2
0053396,플래시투미,20230301,암,0046483,플래시백,0038585,리슨투미,,,API8_2
0051246,플래시파크,20220317,수,0046483,플래시백,0037560,파크미니스터,,,API8_2
0055183,플레임,20240210,수,0029817,금포스카이,0037474,핫걸,,,API8_2
0053204,플렉스위너,20230301,거,0040086,위드디스팅션,0040986,퀸의부활,,,API8_2
0052899,플렉스칸,20230207,수,0046317,레이스데이,0028677,스마트퀸,,,API8_2
0050907,플렉스탑,20220228,암,0032990,한센,0034454,슈퍼플랙스,,,API8_2
0055425,플렉스특급,20240324,수,0021239,연승대로,0031520,특급이,,,API8_2
0050750,플루토,20220319,거,0028279,브리그,0038987,초동스트리트,,,API8_2
1411561,피노파워,20210223,거,0034735,페더럴리스트,0037952,끝판고스트,,,API8_2
0052969,피디스페셜,20230218,암,0045050,섀클포드,0039441,알리바바퀸,,,API8_2
0056686,피디알파,20240528,암,0052316,콘서트투어,0039796,미미즈키턴,,,API8_2
0053490,피스룰업,20230316,수,0025790,피스룰즈,0039230,퀸업,,,API8_2
0053860,피스톨컷,20230427,암,0025790,피스룰즈,0040137,커팅에지,,,API8_2
0055505,피용,20240224,암,0027312,라이언산타,0043798,트리플런,,,API8_2
0046168,핀홀아이,20200419,수,0021239,연승대로,0026716,펠로스글로리,,,API8_2
0060848,필승여제,20230415,암,6149803,ROCK YOUR WORLD,6125676,PINK NIGHTIE,,,API8_2
0053876,필승위너,20230529,암,0038387,콩코드포인트,0041943,페블힐,,,API8_2
0055731,하남명장,20240312,수,0050506,에어포스블루,0035784,배다리하니,,,API8_2
0052076,하늘골드,20220403,거,0034735,페더럴리스트,0037311,애플골드,,,API8_2
0047129,하늘만점,20210325,수,0033119,선더모카신,0029990,동방의새아침,,,API8_2
0055206,하늘명장,20240130,수,0052316,콘서트투어,0028223,다이아찬스,,,API8_2
0051817,하늘보스,20220420,수,0046317,레이스데이,0042315,그레이트펀,,,API8_2
0046391,하늘불패,20200416,수,0038332,커널존,0038401,벨라레지나,,,API8_2
0047359,하늘신화,20210403,수,0033119,선더모카신,0035723,선스마트,,,API8_2
0055831,하늘여신,20240313,암,0036732,머스킷맨,0041960,언브라이드소냐,,,API8_2
0055839,하늘장사,20240410,수,0038387,콩코드포인트,0031633,듀앨폭풍,,,API8_2
0053736,하늘최강,20230430,수,0026618,경부대로,0028954,팜프린세스,,,API8_2
0046763,하늘평정,20210209,암,0039750,퍼지,0032616,프로포즈,,,API8_2
0051028,하늘폭풍,20220131,거,0038391,카우보이칼,0033501,이글삭스,,,API8_2
0050742,하이골드바,20220207,거,0038227,크리솔라이트,0037202,금아선더,,,API8_2
0051500,하이레벨,20220320,암,0031261,사이먼퓨어,0039898,제트스카이,,,API8_2
0055528,하이리턴,20240303,암,0041566,투아너앤드서브,0041005,하이원더풀,,,API8_2
0053252,하이뷰티,20230220,암,0044993,언캡처드,0038180,하이섹시,,,API8_2
0047053,하이브에어,20210409,암,0044993,언캡처드,0018452,에어워크,,,API8_2
0055791,하이캔디,20240318,암,6149805,HIGHLY MOTIVATED,0054905,라스트리조트,,,API8_2
0051602,하이텐션,20220501,암,0038227,크리솔라이트,0020854,버니스,,,API8_2
0053036,한강브라보,20230218,거,0036732,머스킷맨,0033485,서울퀸,,,API8_2
1412236,한강클래스,20210424,수,0036732,머스킷맨,0033454,대한천왕,,,API8_2
0047191,한남퀸,20210421,암,0038391,카우보이칼,0014669,만왕,,,API8_2
0053897,한남파워,20230328,암,0033566,파워블레이드,0033047,서브잇콜드,,,API8_2
0055922,해담이,20240320,암,0041813,미스터크로우,0035896,승리스타,,,API8_2
0055320,해랑루비,20240223,수,0036732,머스킷맨,0027924,허리케인점프,,,API8_2
0051512,해운대파워,20220501,거,0033566,파워블레이드,0041544,캐칭업,,,API8_2
0053763,해월,20230420,암,0050506,에어포스블루,0044966,파라다이스나우,,,API8_2
0053393,해피로열,20230307,암,6109247,런해피,0052743,탈베야,,,API8_2
0055272,해피위드유,20240202,암,6783840,POINT OF ENTRY,0054934,서리얼리스트,,,API8_2
0057281,해피터치,20230323,암,0032258,트리플나인,0031919,울트라매직,,,API8_2
0040653,해피피버,20170227,거,0031261,사이먼퓨어,0036677,피버샴,,,API8_2
0054332,햇볕,20230324,암,0032990,한센,0038210,오섬돌,,,API8_2
0053829,행복트리,20230426,거,0037972,올드패션드,0030084,행복천사,,,API8_2
0057408,헤이대경,20240315,암,6969075,지몰로지스트,0037951,보배드림,,,API8_2
0053445,헤이브라더,20230308,수,0032224,돌아온현표,0026797,으뜸칸,,,API8_2
0054188,헤이브로,20230410,수,0038245,미스치비어슬리,0040209,아엠나우,,,API8_2
0052898,헤이콰드라스,20230213,암,6112208,OUTWORK,0052772,켈리마리,,,API8_2
0053777,헬로우굿,20230511,수,0046317,레이스데이,0038419,헬로우럭키,,,API8_2
0053294,헬리오스,20230225,암,0037972,올드패션드,0050536,백우드베이,,,API8_2
0055182,홀리그레일,20240214,거,0039737,어플릿익스프레스,0041941,한나즈홀리데이,,,API8_2
0053117,홀리니케,20230307,거,0029817,금포스카이,0037027,니케스트리트,,,API8_2
0051550,홀리데이퀸,20220321,암,0040246,지롤라모,0038300,메긴즈홀리데이,,,API8_2
0050871,홀리런,20220226,수,0039737,어플릿익스프레스,0041941,한나즈홀리데이,,,API8_2
0052836,화려한순간,20230201,거,0038245,미스치비어슬리,0036648,올콰이어트,,,API8_2
0055650,화이트레인,20240226,수,0040033,런던타운,0037732,천년의바다,,,API8_2
0054106,화이트스타,20230531,암,7000060,나이트러스,0036462,와우캣,,,API8_2
0047051,화이트오일,20210209,거,0038332,커널존,0015985,로코모션,,,API8_2
0056339,화이트캐슬,20240429,암,0038391,카우보이칼,0039496,만델리나,,,API8_2
0057403,화이트킹,20240405,수,0039737,어플릿익스프레스,0029600,화이트이글,,,API8_2
0053364,화이트플레어,20230326,거,0033566,파워블레이드,0038678,마이티파워,,,API8_2
0057420,환희의길,20240410,수,0038245,미스치비어슬리,0036438,디펜딩챔프,,,API8_2
0054110,황제,20210509,수,6798538,STAR GUITAR,7047176,COMPOSED,,,API8_2
0055220,회색질주,20240204,암,0044743,사우스비치,0033067,스카이라라,,,API8_2
0047536,후이즈넥스트,20210516,수,0038025,아임유어파더,0045081,라알푸자라,,,API8_2
1412043,희망가람,20210417,수,0037972,올드패션드,0040166,호프포,,,API8_2
0055985,희망가을,20240327,수,0037972,올드패션드,0038298,베를린뷰티,,,API8_2
0055739,희망겨울,20240318,수,0032990,한센,0042324,베스트함성,,,API8_2
0051645,희망군주,20220404,거,0033119,선더모카신,0029990,동방의새아침,,,API8_2
0053475,희망단비,20230309,암,0032990,한센,0040226,라인잇업,,,API8_2
0051428,희망라니,20220310,암,0032990,한센,0039576,한얼불패,,,API8_2
0054114,희망로기,20230418,암,0044993,언캡처드,0037021,아멘다,,,API8_2
0056980,희망봄,20240318,수,0041566,투아너앤드서브,0041981,로스바이세,,,API8_2
0053660,희망스피드,20230330,거,6969075,지몰로지스트,0038686,상하이민트,,,API8_2
0057040,희망여름,20240305,수,0037972,올드패션드,0032317,로열제이,,,API8_2
0056081,희망크라운,20240410,암,7000060,나이트러스,0025197,희망북소리,,,API8_2
0051728,희망타요,20220410,거,0032990,한센,0036673,리틀미스플러리,,,API8_2
0053555,히어더윈,20230328,수,0034709,동방대로,0025154,히어더레이디,,,API8_2
0046384,히어로제이,20200419,수,0033119,선더모카신,0030645,스피드헤로인,,,API8_2
0055333,히어로히트,20240203,암,6126458,ARMY MULE,0055098,해들리스히어로,,,API8_2
0054361,히어위고,20230502,암,0038245,미스치비어슬리,0044265,황후마마,,,API8_2
0055706,히트더러닝,20240315,수,0040086,위드디스팅션,0029421,풀드여,,,API8_2
