age,ageCond,buG1fAccTime,buG1fOrd,buG2fAccTime,buG2fOrd,buG3fAccTime,buG3fOrd,buG4fAccTime,buG4fOrd,buG6fAccTime,buG6fOrd,buG8fAccTime,buG8fOrd,buS1fAccTime,buS1fOrd,buS1fTime,bu_10_8fTime,bu_1fGTime,bu_2fGTime,bu_3fGTime,bu_4_2fTime,bu_6_4fTime,bu_8_6fTime,budam,buga1,buga2,buga3,chaksun1,chaksun2,chaksun3,chaksun4,chaksun5,chulNo,diffUnit,hrName,hrNameEn,hrNo,ilsu,jeG1fTime,jeG3fTime,jeS1fTime,je_1cTime,je_2cTime,je_3cTime,je_4cTime,jkName,jkNameEn,jkNo,meet,name,ord,owName,owNameEn,owNo,plcOdds,prizeCond,rank,rating,rcDate,rcDay,rcDist,rcName,rcNo,rcTime,seG1fAccTime,seG3fAccTime,seS1fAccTime,se_1cAccTime,se_2cAccTime,se_3cAccTime,se_4cAccTime,sex,sexCond,sjG1fOrd,sjG3fOrd,sjS1fOrd,sj_1cOrd,sj_2cOrd,sj_3cOrd,sj_4cOrd,trName,trNameEn,trNo,track,weather,wgBudam,wgHr,winOdds
2,2세,0,0,0,0,0,0,0,0,0,0,0,0,0,0,0,0,0,0,0,0,0,0,별정A,0,0,0,24750000,9900000,6300000,2250000,1800000,1,-,퍼플퀸,PURPLE QUEEN,0057333,65,0,0,0,0,0,0,0,서강주,Seo Gang Ju,080605,부산경남,한국,0,퍼플라인,Purple Line,121053,0,R0~0,국6등급,0,20260828,금요일,1000,일반,1,0,0,0,0,0,0,0,0,암,암,0,0,0,0,0,0,0,권승주,Kwon Sung Ju,070086, (0%),-,52.5,0(),0
2,2세,0,0,0,0,0,0,0,0,0,0,0,0,0,0,0,0,0,0,0,0,0,0,별정A,0,0,0,24750000,9900000,6300000,2250000,1800000,2,-,미스팰컨,MISS FALCON,0055212,65,0,0,0,0,0,0,0,최은경,Choi Eun Gyeong,080566,부산경남,한국,0,럭키,Lucky,124010,0,R0~0,국6등급,0,20260828,금요일,1000,일반,1,0,0,0,0,0,0,0,0,암,암,0,0,0,0,0,0,0,구민성,Gu Min Sung,070173, (0%),-,52.5,0(),0
2,2세,0,0,0,0,0,0,0,0,0,0,0,0,0,0,0,0,0,0,0,0,0,0,별정A,0,0,0,24750000,9900000,6300000,2250000,1800000,3,-,그레이윈드,GREY WIND,0055899,65,0,0,0,0,0,0,0,다실바,Francisco Da Silva,080568,부산경남,한국,0,하늬바람,Ha Nui Ba Ram,117054,0,R0~0,국6등급,0,20260828,금요일,1000,일반,1,0,0,0,0,0,0,0,0,암,암,0,0,0,0,0,0,0,구영준,Koo Young Jun,070176, (0%),-,52.5,0(),0
2,2세,0,0,0,0,0,0,0,0,0,0,0,0,0,0,0,0,0,0,0,0,0,0,별정A,0,0,0,24750000,9900000,6300000,2250000,1800000,4,-,천년여제,CHEONNYEON YEOJE,0055986,65,0,0,0,0,0,0,0,전진구,Jeon Jin Gu,080580,부산경남,한국,0,송승규,Song Seung Gyu,112274,0,R0~0,국6등급,0,20260828,금요일,1000,일반,1,0,0,0,0,0,0,0,0,암,암,0,0,0,0,0,0,0,유현명,You Hyun Myung,070291, (0%),-,52.5,0(),0
2,2세,0,0,0,0,0,0,0,0,0,0,0,0,0,0,0,0,0,0,0,0,0,0,별정A,0,0,0,24750000,9900000,6300000,2250000,1800000,5,-,레이스나인,RACE NINE,0055923,65,0,0,0,0,0,0,0,서승운,Seo Seung Un,080484,부산경남,한국,0,조영철,Cho Young Chul,115007,0,R0~0,국6등급,0,20260828,금요일,1000,일반,1,0,0,0,0,0,0,0,0,암,암,0,0,0,0,0,0,0,라이스,Bart Rice,070186, (0%),-,52.5,0(),0
2,2세,0,0,0,0,0,0,0,0,0,0,0,0,0,0,0,0,0,0,0,0,0,0,별정A,0,0,0,24750000,9900000,6300000,2250000,1800000,6,-,비트원,BEAT WON,0055874,65,0,0,0,0,0,0,0,송경윤,Song Kyeong Yun,080421,부산경남,한국,0,양진영,Yang jin young,123017,0,R0~0,국6등급,0,20260828,금요일,1000,일반,1,0,0,0,0,0,0,0,0,암,암,0,0,0,0,0,0,0,강은석,Kang Eun Seok,070223, (0%),-,52.5,0(),0
2,2세,0,0,0,0,0,0,0,0,0,0,0,0,0,0,0,0,0,0,0,0,0,0,별정A,0,0,0,24750000,9900000,6300000,2250000,1800000,7,-,에어나이스,AIR NICE,0056800,65,0,0,0,0,0,0,0,신형철,Shin Hyoung Chul,080122,부산경남,한국,0,김근영,Kim Geun Young,106272,0,R0~0,국6등급,0,20260828,금요일,1000,일반,1,0,0,0,0,0,0,0,0,암,암,0,0,0,0,0,0,0,조용배,Cho Yong Bae,070137, (0%),-,52.5,0(),0
2,2세,0,0,0,0,0,0,0,0,0,0,0,0,0,0,0,0,0,0,0,0,0,0,별정A,0,0,0,24750000,9900000,6300000,2250000,1800000,8,-,오아시스셀럽,OASIS CELEB,0055283,65,0,0,0,0,0,0,0,정도윤,Jung Do Yun,080565,부산경남,한국,0,이종훈,Lee Jong Hun,105127,0,R0~0,국6등급,0,20260828,금요일,1000,일반,1,0,0,0,0,0,0,0,0,암,암,0,0,0,0,0,0,0,백광열,Baik Kwang Yeol,070130, (0%),-,52.5,0(),0
3,연령오픈,0,0,0,0,0,0,0,0,0,0,0,0,0,0,0,0,0,0,0,0,0,0,별정A,0,0,0,16500000,6600000,4200000,1500000,1200000,1,-,신흥강타자,SINHEUNG GANGTAJA,0053787,65,0,0,0,0,0,0,0,신형철,Shin Hyoung Chul,080122,부산경남,한국,0,차청일,Cha Cheong Il,201751,0,R0~0,국6등급,0,20260828,금요일,1600,일반,2,0,0,0,0,0,0,0,0,거,성별오픈,0,0,0,0,0,0,0,조용배,Cho Yong Bae,070137, (0%),-,56,0(),0
2,연령오픈,0,0,0,0,0,0,0,0,0,0,0,0,0,0,0,0,0,0,0,0,0,0,별정A,0,0,0,16500000,6600000,4200000,1500000,1200000,2,-,영광의크라운,YEONGGWANGUICROWN,0056976,65,0,0,0,0,0,0,0,박재이,Park Jae I,080546,부산경남,한국,0,변창덕,Byun Chang Duck,110048,0,R0~0,국6등급,0,20260828,금요일,1600,일반,2,0,0,0,0,0,0,0,0,암,성별오픈,0,0,0,0,0,0,0,강은석,Kang Eun Seok,070223, (0%),-,52.5,0(),0
3,연령오픈,0,0,0,0,0,0,0,0,0,0,0,0,0,0,0,0,0,0,0,0,0,0,별정A,0,0,0,16500000,6600000,4200000,1500000,1200000,3,-,원플러스원,ONE PLUS ONE,0053805,65,0,0,0,0,0,0,0,송경윤,Song Kyeong Yun,080421,부산경남,한국,0,박웅진,Park Ung Jin,103007,0,R0~0,국6등급,0,20260828,금요일,1600,일반,2,0,0,0,0,0,0,0,0,거,성별오픈,0,0,0,0,0,0,0,양영남,YANG YOUNG NAM,070263, (0%),-,56,0(),0
2,연령오픈,0,0,0,0,0,0,0,0,0,0,0,0,0,0,0,0,0,0,0,0,0,0,별정A,0,0,0,16500000,6600000,4200000,1500000,1200000,4,-,용비천마,YONGBI CHEONMA,0056196,65,0,0,0,0,0,0,0,서승운,Seo Seung Un,080484,부산경남,한국,0,정성진,Jung Sung Jin,122013,0,R0~0,국6등급,0,20260828,금요일,1600,일반,2,0,0,0,0,0,0,0,0,수,성별오픈,0,0,0,0,0,0,0,김도현,Kim Do Hyun,070250, (0%),-,54.5,0(),0
3,연령오픈,0,0,0,0,0,0,0,0,0,0,0,0,0,0,0,0,0,0,0,0,0,0,별정A,0,0,0,16500000,6600000,4200000,1500000,1200000,5,-,지롤시대,GIROL SIDAE,0053628,65,0,0,0,0,0,0,0,유광희,Lyu Gwang Hee,080483,부산경남,한국,0,장철환,Jang Cheol Hwan,010644,0,R0~0,국6등급,0,20260828,금요일,1600,일반,2,0,0,0,0,0,0,0,0,암,성별오픈,0,0,0,0,0,0,0,민장기,Min Jang Gi,070136, (0%),-,54,0(),0
3,연령오픈,0,0,0,0,0,0,0,0,0,0,0,0,0,0,0,0,0,0,0,0,0,0,별정A,0,0,0,16500000,6600000,4200000,1500000,1200000,6,-,타이거어퍼컷,TIGER UPPERCUT,0053916,65,0,0,0,0,0,0,0,정도윤,Jung Do Yun,080565,부산경남,한국,0,김형란,Kim Hyeong Ran,112270,0,R0~0,국6등급,0,20260828,금요일,1600,일반,2,0,0,0,0,0,0,0,0,거,성별오픈,0,0,0,0,0,0,0,유현명,You Hyun Myung,070291, (0%),-,56,0(),0
4,연령오픈,0,0,0,0,0,0,0,0,0,0,0,0,0,0,0,0,0,0,0,0,0,0,별정A,0,0,0,16500000,6600000,4200000,1500000,1200000,7,-,위스트롱,WE STRONG,0052136,65,0,0,0,0,0,0,0,전진구,Jeon Jin Gu,080580,부산경남,한국,0,퍼플라인,Purple Line,121053,0,R0~0,국6등급,0,20260828,금요일,1600,일반,2,0,0,0,0,0,0,0,0,암,성별오픈,0,0,0,0,0,0,0,조용배,Cho Yong Bae,070137, (0%),-,54,0(),0
3,연령오픈,0,0,0,0,0,0,0,0,0,0,0,0,0,0,0,0,0,0,0,0,0,0,별정A,0,0,0,16500000,6600000,4200000,1500000,1200000,8,-,포에버로드,FOREVER ROAD,0053371,65,0,0,0,0,0,0,0,이홍락,Lee Hong Rag,080610,부산경남,한국,0,하나레저,Hana Leisure,121058,0,R0~0,국6등급,0,20260828,금요일,1600,일반,2,0,0,0,0,0,0,0,0,암,성별오픈,0,0,0,0,0,0,0,강형곤,Kang Hyoung Gon,070134, (0%),-,52,0(),0
2,연령오픈,0,0,0,0,0,0,0,0,0,0,0,0,0,0,0,0,0,0,0,0,0,0,별정A,0,0,0,16500000,6600000,4200000,1500000,1200000,9,-,닥터에이트,DOCTOR ATE,0056540,65,0,0,0,0,0,0,0,이동하,Lee Dong Ha,080562,부산경남,한국,0,권혁희,Kwon Hyeok Hui,117002,0,R0~0,국6등급,0,20260828,금요일,1600,일반,2,0,0,0,0,0,0,0,0,수,성별오픈,0,0,0,0,0,0,0,백광열,Baik Kwang Yeol,070130, (0%),-,54.5,0(),0
3,연령오픈,0,0,0,0,0,0,0,0,0,0,0,0,0,0,0,0,0,0,0,0,0,0,별정A,0,0,0,16500000,6600000,4200000,1500000,1200000,10,-,레드킹,RED KING,0054004,65,0,0,0,0,0,0,0,손경민,Son Gyeong Min,080620,부산경남,한국,0,정우종합건설(주),Jeongwoo Engineering & Construction,123003,0,R0~0,국6등급,0,20260828,금요일,1600,일반,2,0,0,0,0,0,0,0,0,수,성별오픈,0,0,0,0,0,0,0,권승주,Kwon Sung Ju,070086, (0%),-,53,0(),0
3,연령오픈,0,0,0,0,0,0,0,0,0,0,0,0,0,0,0,0,0,0,0,0,0,0,별정A,0,0,0,16500000,6600000,4200000,1500000,1200000,11,-,챔프의향기,CHAMPUI HYANGGI,0053938,65,0,0,0,0,0,0,0,최은경,Choi Eun Gyeong,080566,부산경남,한국,0,류주영,Ryu Ju Yeong,112004,0,R0~0,국6등급,0,20260828,금요일,1600,일반,2,0,0,0,0,0,0,0,0,암,성별오픈,0,0,0,0,0,0,0,임금만,Lim Keum Man,070128, (0%),-,54,0(),0
3,연령오픈,0,0,0,0,0,0,0,0,0,0,0,0,0,0,0,0,0,0,0,0,0,0,핸디캡,0,0,0,24750000,9900000,6300000,2250000,1800000,1,-,베스트타이거,BEST TIGER,0053485,65,0,0,0,0,0,0,0,손경민,Son Gyeong Min,080620,부산경남,한국,0,(주)메타플렉스,METAPLEX CO.,125014,0,R1~35,국5등급,30,20260828,금요일,1400,일반,3,0,0,0,0,0,0,0,0,거,성별오픈,0,0,0,0,0,0,0,문현철,Moon Hyeon Cheol,070249, (0%),-,51.5,0(),0
3,연령오픈,0,0,0,0,0,0,0,0,0,0,0,0,0,0,0,0,0,0,0,0,0,0,핸디캡,0,0,0,24750000,9900000,6300000,2250000,1800000,2,-,보령의신용,BORYEONGUI SINYONG,0053154,65,0,0,0,0,0,0,0,정도윤,Jung Do Yun,080565,부산경남,한국,0,최원길,Choi Won Gil,104077,0,R1~35,국5등급,35,20260828,금요일,1400,일반,3,0,0,0,0,0,0,0,0,암,성별오픈,0,0,0,0,0,0,0,유현명,You Hyun Myung,070291, (0%),-,55,0(),0
3,연령오픈,0,0,0,0,0,0,0,0,0,0,0,0,0,0,0,0,0,0,0,0,0,0,핸디캡,0,0,0,24750000,9900000,6300000,2250000,1800000,3,-,플렉스칸,FLEX KHAN,0052899,65,0,0,0,0,0,0,0,최은경,Choi Eun Gyeong,080566,부산경남,한국,0,송문관,Song Mun Kwan,105022,0,R1~35,국5등급,28,20260828,금요일,1400,일반,3,0,0,0,0,0,0,0,0,수,성별오픈,0,0,0,0,0,0,0,민장기,Min Jang Gi,070136, (0%),-,53.5,0(),0
3,연령오픈,0,0,0,0,0,0,0,0,0,0,0,0,0,0,0,0,0,0,0,0,0,0,핸디캡,0,0,0,24750000,9900000,6300000,2250000,1800000,4,-,닥터에이스,DOCTOR ACE,0053841,65,0,0,0,0,0,0,0,서강주,Seo Gang Ju,080605,부산경남,한국,0,권혁희,Kwon Hyeok Hui,117002,0,R1~35,국5등급,25,20260828,금요일,1400,일반,3,0,0,0,0,0,0,0,0,수,성별오픈,0,0,0,0,0,0,0,백광열,Baik Kwang Yeol,070130, (0%),-,52.5,0(),0
4,연령오픈,0,0,0,0,0,0,0,0,0,0,0,0,0,0,0,0,0,0,0,0,0,0,핸디캡,0,0,0,24750000,9900000,6300000,2250000,1800000,5,-,남해매직,NAMHAE MAGIC,0051666,65,0,0,0,0,0,0,0,진겸,Jin Kyum,080551,부산경남,한국,0,김갑수,Kim Gab Soo,104146,0,R1~35,국5등급,29,20260828,금요일,1400,일반,3,0,0,0,0,0,0,0,0,수,성별오픈,0,0,0,0,0,0,0,임금만,Lim Keum Man,070128, (0%),-,54,0(),0
5,연령오픈,0,0,0,0,0,0,0,0,0,0,0,0,0,0,0,0,0,0,0,0,0,0,핸디캡,0,0,0,24750000,9900000,6300000,2250000,1800000,6,-,앨리스마린,ALICE MARINE,0047545,65,0,0,0,0,0,0,0,송경윤,Song Kyeong Yun,080421,부산경남,한국,0,이경희,Lee Gyeong Hui,112286,0,R1~35,국5등급,31,20260828,금요일,1400,일반,3,0,0,0,0,0,0,0,0,암,성별오픈,0,0,0,0,0,0,0,양영남,YANG YOUNG NAM,070263, (0%),-,53,0(),0
3,연령오픈,0,0,0,0,0,0,0,0,0,0,0,0,0,0,0,0,0,0,0,0,0,0,핸디캡,0,0,0,24750000,9900000,6300000,2250000,1800000,7,-,월드트리,WORLD TREE,0054866,65,0,0,0,0,0,0,0,이동하,Lee Dong Ha,080562,부산경남,한국,0,김지열,Kim Ji Yeol,113127,0,R1~35,국5등급,30,20260828,금요일,1400,일반,3,0,0,0,0,0,0,0,0,거,성별오픈,0,0,0,0,0,0,0,손병철,Son Byeongchul,070302, (0%),-,54.5,0(),0
6,연령오픈,0,0,0,0,0,0,0,0,0,0,0,0,0,0,0,0,0,0,0,0,0,0,핸디캡,0,0,0,24750000,9900000,6300000,2250000,1800000,8,-,하늘불패,HANEUL BULPAE,0046391,65,0,0,0,0,0,0,0,채상현,Chae Sang Hyun,080532,부산경남,한국,0,허도행,Heo Do Haeng,104127,0,R1~35,국5등급,35,20260828,금요일,1400,일반,3,0,0,0,0,0,0,0,0,수,성별오픈,0,0,0,0,0,0,0,박재호,Park Jae Ho,070226, (0%),-,57,0(),0
6,연령오픈,0,0,0,0,0,0,0,0,0,0,0,0,0,0,0,0,0,0,0,0,0,0,핸디캡,0,0,0,24750000,9900000,6300000,2250000,1800000,9,-,투투플라잉,TWOTWO FLYING,0045997,65,0,0,0,0,0,0,0,신형철,Shin Hyoung Chul,080122,부산경남,한국,0,차청일,Cha Cheong Il,201751,0,R1~35,국5등급,31,20260828,금요일,1400,일반,3,0,0,0,0,0,0,0,0,암,성별오픈,0,0,0,0,0,0,0,조용배,Cho Yong Bae,070137, (0%),-,53,0(),0
4,연령오픈,0,0,0,0,0,0,0,0,0,0,0,0,0,0,0,0,0,0,0,0,0,0,핸디캡,0,0,0,24750000,9900000,6300000,2250000,1800000,10,-,달빛위에,DALBITWIE,0050744,65,0,0,0,0,0,0,0,다실바,Francisco Da Silva,080568,부산경남,한국,0,페가수스,Pegasus,065127,0,R1~35,국5등급,26,20260828,금요일,1400,일반,3,0,0,0,0,0,0,0,0,거,성별오픈,0,0,0,0,0,0,0,토마스,Thomas Gillespie,070194, (0%),-,52.5,0(),0
4,연령오픈,0,0,0,0,0,0,0,0,0,0,0,0,0,0,0,0,0,0,0,0,0,0,핸디캡,0,0,0,24750000,9900000,6300000,2250000,1800000,11,-,퀸더골드,QUEEN THE GOLD,0051626,65,0,0,0,0,0,0,0,이성재,Lee Sung Jae,080431,부산경남,한국,0,조창환,Cho Chang Hwan,112288,0,R1~35,국5등급,24,20260828,금요일,1400,일반,3,0,0,0,0,0,0,0,0,암,성별오픈,0,0,0,0,0,0,0,권승주,Kwon Sung Ju,070086, (0%),-,52.5,0(),0
5,연령오픈,0,0,0,0,0,0,0,0,0,0,0,0,0,0,0,0,0,0,0,0,0,0,핸디캡,0,0,0,24750000,9900000,6300000,2250000,1800000,1,-,가온보스,GAON BOSS,0053814,65,0,0,0,0,0,0,0,다실바,Francisco Da Silva,080568,부산경남,미국,0,강호남,Kang Ho Nam,119001,0,R1~35,국5등급,30,20260828,금요일,1300,일반,4,0,0,0,0,0,0,0,0,거,성별오픈,0,0,0,0,0,0,0,민장기,Min Jang Gi,070136, (0%),-,54.5,0(),0
3,연령오픈,0,0,0,0,0,0,0,0,0,0,0,0,0,0,0,0,0,0,0,0,0,0,핸디캡,0,0,0,24750000,9900000,6300000,2250000,1800000,2,-,태평플렉스,TAEPYEONG FLEX,0053973,65,0,0,0,0,0,0,0,신윤섭,Shin Yun Seob,080606,부산경남,한국,0,에스지이건설,S G E co,121013,0,R1~35,국5등급,25,20260828,금요일,1300,일반,4,0,0,0,0,0,0,0,0,암,성별오픈,0,0,0,0,0,0,0,하무선,Ha Mu Seon,070143, (0%),-,52.5,0(),0
4,연령오픈,0,0,0,0,0,0,0,0,0,0,0,0,0,0,0,0,0,0,0,0,0,0,핸디캡,0,0,0,24750000,9900000,6300000,2250000,1800000,3,-,무쌍의반석,MUSSANGUI BANSEOK,0054672,65,0,0,0,0,0,0,0,전진구,Jeon Jin Gu,080580,부산경남,미국,0,임병효,Lim Byung Hyo,104134,0,R1~35,국5등급,34,20260828,금요일,1300,일반,4,0,0,0,0,0,0,0,0,거,성별오픈,0,0,0,0,0,0,0,양영남,YANG YOUNG NAM,070263, (0%),-,56.5,0(),0
5,연령오픈,0,0,0,0,0,0,0,0,0,0,0,0,0,0,0,0,0,0,0,0,0,0,핸디캡,0,0,0,24750000,9900000,6300000,2250000,1800000,4,-,피노파워,PINOT POWER,1411561,65,0,0,0,0,0,0,0,이성재,Lee Sung Jae,080431,부산경남,한국,0,강봉한,Kang Bong Han,113119,0,R1~35,국5등급,25,20260828,금요일,1300,일반,4,0,0,0,0,0,0,0,0,거,성별오픈,0,0,0,0,0,0,0,권승주,Kwon Sung Ju,070086, (0%),-,52.5,0(),0
3,연령오픈,0,0,0,0,0,0,0,0,0,0,0,0,0,0,0,0,0,0,0,0,0,0,핸디캡,0,0,0,24750000,9900000,6300000,2250000,1800000,5,-,최강해피,CHOEGANG HAPPY,0052902,65,0,0,0,0,0,0,0,조인권,Jo In Kwon,080438,부산경남,한국,0,전종섭,Jeon Chong Sup,105008,0,R1~35,국5등급,26,20260828,금요일,1300,일반,4,0,0,0,0,0,0,0,0,수,성별오픈,0,0,0,0,0,0,0,강형곤,Kang Hyoung Gon,070134, (0%),-,52.5,0(),0
4,연령오픈,0,0,0,0,0,0,0,0,0,0,0,0,0,0,0,0,0,0,0,0,0,0,핸디캡,0,0,0,24750000,9900000,6300000,2250000,1800000,6,-,하늘폭풍,HANEUL POKPUNG,0051028,65,0,0,0,0,0,0,0,다나카,TANAKA MASAKAZU,080516,부산경남,한국,0,허도행,Heo Do Haeng,104127,0,R1~35,국5등급,35,20260828,금요일,1300,일반,4,0,0,0,0,0,0,0,0,거,성별오픈,0,0,0,0,0,0,0,김도현,Kim Do Hyun,070250, (0%),-,57,0(),0
4,연령오픈,0,0,0,0,0,0,0,0,0,0,0,0,0,0,0,0,0,0,0,0,0,0,핸디캡,0,0,0,24750000,9900000,6300000,2250000,1800000,7,-,배다리보석,BAEDARI BOSEOK,0051682,65,0,0,0,0,0,0,0,신형철,Shin Hyoung Chul,080122,부산경남,한국,0,송한우,Song Han Woo,110050,0,R1~35,국5등급,23,20260828,금요일,1300,일반,4,0,0,0,0,0,0,0,0,암,성별오픈,0,0,0,0,0,0,0,조용배,Cho Yong Bae,070137, (0%),-,52.5,0(),0
4,연령오픈,0,0,0,0,0,0,0,0,0,0,0,0,0,0,0,0,0,0,0,0,0,0,핸디캡,0,0,0,24750000,9900000,6300000,2250000,1800000,8,-,성실시대,SEONGSIL SIDAE,0052068,65,0,0,0,0,0,0,0,김성현,Kim Seong Hyun,080612,부산경남,한국,0,이동훈,Lee Dong Hun,104112,0,R1~35,국5등급,24,20260828,금요일,1300,일반,4,0,0,0,0,0,0,0,0,암,성별오픈,0,0,0,0,0,0,0,방동석,Bang Dong Suk,070142, (0%),-,51,0(),0
5,연령오픈,0,0,0,0,0,0,0,0,0,0,0,0,0,0,0,0,0,0,0,0,0,0,핸디캡,0,0,0,24750000,9900000,6300000,2250000,1800000,9,-,뉴리더,NEW LEADER,0047173,65,0,0,0,0,0,0,0,최시대,Choi Sidae,080423,부산경남,한국,0,임석수,Lim Seok Soo,112047,0,R1~35,국5등급,24,20260828,금요일,1300,일반,4,0,0,0,0,0,0,0,0,암,성별오픈,0,0,0,0,0,0,0,손병직,Son Byoung Jig,070246, (0%),-,52.5,0(),0
4,연령오픈,0,0,0,0,0,0,0,0,0,0,0,0,0,0,0,0,0,0,0,0,0,0,핸디캡,0,0,0,24750000,9900000,6300000,2250000,1800000,10,-,빅토리스토리,VICTORY STORY,0054760,65,0,0,0,0,0,0,0,채상현,Chae Sang Hyun,080532,부산경남,한국,0,혼디,Hon Di,121054,0,R1~35,국5등급,24,20260828,금요일,1300,일반,4,0,0,0,0,0,0,0,0,거,성별오픈,0,0,0,0,0,0,0,구현완,Koo Hyunwan,070301, (0%),-,52.5,0(),0
3,연령오픈,0,0,0,0,0,0,0,0,0,0,0,0,0,0,0,0,0,0,0,0,0,0,핸디캡,0,0,0,24750000,9900000,6300000,2250000,1800000,11,-,빅스타,BIG STAR,0053868,65,0,0,0,0,0,0,0,서강주,Seo Gang Ju,080605,부산경남,한국,0,이성영,Lee Sung Young,106079,0,R1~35,국5등급,29,20260828,금요일,1300,일반,4,0,0,0,0,0,0,0,0,암,성별오픈,0,0,0,0,0,0,0,권승주,Kwon Sung Ju,070086, (0%),-,52.5,0(),0
5,연령오픈,0,0,0,0,0,0,0,0,0,0,0,0,0,0,0,0,0,0,0,0,0,0,핸디캡,0,0,0,24750000,9900000,6300000,2250000,1800000,1,-,하늘평정,HANEULPYEONGJEONG,0046763,65,0,0,0,0,0,0,0,김어수,Kim Eu Soo,080403,부산경남,한국,0,허도행,Heo Do Haeng,104127,0,R1~35,국5등급,23,20260828,금요일,1300,일반,5,0,0,0,0,0,0,0,0,암,성별오픈,0,0,0,0,0,0,0,박재호,Park Jae Ho,070226, (0%),-,52.5,0(),0
3,연령오픈,0,0,0,0,0,0,0,0,0,0,0,0,0,0,0,0,0,0,0,0,0,0,핸디캡,0,0,0,24750000,9900000,6300000,2250000,1800000,2,-,모어퀴클리,MORE QUICKLY,0053210,65,0,0,0,0,0,0,0,박재이,Park Jae I,080546,부산경남,한국,0,양일추,Yang Il Chu,215356,0,R1~35,국5등급,25,20260828,금요일,1300,일반,5,0,0,0,0,0,0,0,0,암,성별오픈,0,0,0,0,0,0,0,손병직,Son Byoung Jig,070246, (0%),-,52.5,0(),0
3,연령오픈,0,0,0,0,0,0,0,0,0,0,0,0,0,0,0,0,0,0,0,0,0,0,핸디캡,0,0,0,24750000,9900000,6300000,2250000,1800000,3,-,용비스카이,YONGBI SKY,0053772,65,0,0,0,0,0,0,0,김성현,Kim Seong Hyun,080612,부산경남,한국,0,정성진,Jung Sung Jin,122013,0,R1~35,국5등급,29,20260828,금요일,1300,일반,5,0,0,0,0,0,0,0,0,거,성별오픈,0,0,0,0,0,0,0,김도현,Kim Do Hyun,070250, (0%),-,53,0(),0
6,연령오픈,0,0,0,0,0,0,0,0,0,0,0,0,0,0,0,0,0,0,0,0,0,0,핸디캡,0,0,0,24750000,9900000,6300000,2250000,1800000,4,-,태양으뜸,TAEYANG EUTTEUM,0045836,65,0,0,0,0,0,0,0,신윤섭,Shin Yun Seob,080606,부산경남,한국,0,이동훈,Lee Dong Hun,104112,0,R1~35,국5등급,30,20260828,금요일,1300,일반,5,0,0,0,0,0,0,0,0,암,성별오픈,0,0,0,0,0,0,0,조용배,Cho Yong Bae,070137, (0%),-,52.5,0(),0
3,연령오픈,0,0,0,0,0,0,0,0,0,0,0,0,0,0,0,0,0,0,0,0,0,0,핸디캡,0,0,0,24750000,9900000,6300000,2250000,1800000,5,-,치프블레임,CHIEF BLAME,0060841,65,0,0,0,0,0,0,0,신형철,Shin Hyoung Chul,080122,부산경남,미국,0,에스지이건설,S G E co,121013,0,R1~35,국5등급,34,20260828,금요일,1300,일반,5,0,0,0,0,0,0,0,0,거,성별오픈,0,0,0,0,0,0,0,하무선,Ha Mu Seon,070143, (0%),-,56.5,0(),0
5,연령오픈,0,0,0,0,0,0,0,0,0,0,0,0,0,0,0,0,0,0,0,0,0,0,핸디캡,0,0,0,24750000,9900000,6300000,2250000,1800000,6,-,위라이크머니,WE LIKE MONEY,0046930,65,0,0,0,0,0,0,0,전진구,Jeon Jin Gu,080580,부산경남,한국,0,유상호,Yoo Sang Ho,104103,0,R1~35,국5등급,23,20260828,금요일,1300,일반,5,0,0,0,0,0,0,0,0,암,성별오픈,0,0,0,0,0,0,0,조용배,Cho Yong Bae,070137, (0%),-,52.5,0(),0
4,연령오픈,0,0,0,0,0,0,0,0,0,0,0,0,0,0,0,0,0,0,0,0,0,0,핸디캡,0,0,0,24750000,9900000,6300000,2250000,1800000,7,-,승리예약,SEUNGNI YEYAK,0050929,65,0,0,0,0,0,0,0,이홍락,Lee Hong Rag,080610,부산경남,한국,0,권주순,Kwon Joo Soon,065121,0,R1~35,국5등급,26,20260828,금요일,1300,일반,5,0,0,0,0,0,0,0,0,암,성별오픈,0,0,0,0,0,0,0,강형곤,Kang Hyoung Gon,070134, (0%),-,51,0(),0
4,연령오픈,0,0,0,0,0,0,0,0,0,0,0,0,0,0,0,0,0,0,0,0,0,0,핸디캡,0,0,0,24750000,9900000,6300000,2250000,1800000,8,-,팀서프라이즈,TEAM SURPRISE,0051035,65,0,0,0,0,0,0,0,최시대,Choi Sidae,080423,부산경남,한국,0,박동준,Park Dong Jun,105228,0,R1~35,국5등급,24,20260828,금요일,1300,일반,5,0,0,0,0,0,0,0,0,암,성별오픈,0,0,0,0,0,0,0,권승주,Kwon Sung Ju,070086, (0%),-,52.5,0(),0
4,연령오픈,0,0,0,0,0,0,0,0,0,0,0,0,0,0,0,0,0,0,0,0,0,0,핸디캡,0,0,0,24750000,9900000,6300000,2250000,1800000,9,-,아리온의빛,ARIONUI BIT,0051702,65,0,0,0,0,0,0,0,채상현,Chae Sang Hyun,080532,부산경남,한국,0,권진환,Gweon Jin Hwan,122021,0,R1~35,국5등급,34,20260828,금요일,1300,일반,5,0,0,0,0,0,0,0,0,거,성별오픈,0,0,0,0,0,0,0,하무선,Ha Mu Seon,070143, (0%),-,56.5,0(),0
4,연령오픈,0,0,0,0,0,0,0,0,0,0,0,0,0,0,0,0,0,0,0,0,0,0,핸디캡,0,0,0,24750000,9900000,6300000,2250000,1800000,10,-,홀리데이퀸,HOLIDAY QUEEN,0051550,65,0,0,0,0,0,0,0,다나카,TANAKA MASAKAZU,080516,부산경남,한국,0,이종석,Lee Jong Seok,111078,0,R1~35,국5등급,34,20260828,금요일,1300,일반,5,0,0,0,0,0,0,0,0,암,성별오픈,0,0,0,0,0,0,0,김도현,Kim Do Hyun,070250, (0%),-,54.5,0(),0
3,연령오픈,0,0,0,0,0,0,0,0,0,0,0,0,0,0,0,0,0,0,0,0,0,0,핸디캡,0,0,0,24750000,9900000,6300000,2250000,1800000,11,-,캐럿킹,CARAT KING,0052791,65,0,0,0,0,0,0,0,서강주,Seo Gang Ju,080605,부산경남,한국,0,손병철,Son Boing Choul,110058,0,R1~35,국5등급,27,20260828,금요일,1300,일반,5,0,0,0,0,0,0,0,0,수,성별오픈,0,0,0,0,0,0,0,권승주,Kwon Sung Ju,070086, (0%),-,53,0(),0
3,연령오픈,0,0,0,0,0,0,0,0,0,0,0,0,0,0,0,0,0,0,0,0,0,0,핸디캡,0,0,0,33000000,13200000,8400000,3000000,2400000,1,-,대로의빛,DAEROUI BIT,0053009,65,0,0,0,0,0,0,0,이성재,Lee Sung Jae,080431,부산경남,한국,0,이경헌,LEE KYUNG HEON,124041,0,R1~50,국4등급,42,20260828,금요일,1200,일반,6,0,0,0,0,0,0,0,0,암,성별오픈,0,0,0,0,0,0,0,권승주,Kwon Sung Ju,070086, (0%),-,52.5,0(),0
3,연령오픈,0,0,0,0,0,0,0,0,0,0,0,0,0,0,0,0,0,0,0,0,0,0,핸디캡,0,0,0,33000000,13200000,8400000,3000000,2400000,2,-,올더베스트,ALL THE BEST,0053007,65,0,0,0,0,0,0,0,이동하,Lee Dong Ha,080562,부산경남,한국,0,박웅진,Park Ung Jin,103007,0,R1~50,국4등급,45,20260828,금요일,1200,일반,6,0,0,0,0,0,0,0,0,암,성별오픈,0,0,0,0,0,0,0,백광열,Baik Kwang Yeol,070130, (0%),-,54,0(),0
5,연령오픈,0,0,0,0,0,0,0,0,0,0,0,0,0,0,0,0,0,0,0,0,0,0,핸디캡,0,0,0,33000000,13200000,8400000,3000000,2400000,3,-,진주빛,JINJU BIT,1412327,65,0,0,0,0,0,0,0,송경윤,Song Kyeong Yun,080421,부산경남,한국,0,이경헌,LEE KYUNG HEON,124041,0,R1~50,국4등급,40,20260828,금요일,1200,일반,6,0,0,0,0,0,0,0,0,암,성별오픈,0,0,0,0,0,0,0,최기홍,Choi Ki Hong,070129, (0%),-,52.5,0(),0
4,연령오픈,0,0,0,0,0,0,0,0,0,0,0,0,0,0,0,0,0,0,0,0,0,0,핸디캡,0,0,0,33000000,13200000,8400000,3000000,2400000,4,-,탐라퍼스트,TAMNA FIRST,0051088,65,0,0,0,0,0,0,0,정도윤,Jung Do Yun,080565,부산경남,한국,0,김영순,Kim Yung Soon,117003,0,R1~50,국4등급,38,20260828,금요일,1200,일반,6,0,0,0,0,0,0,0,0,수,성별오픈,0,0,0,0,0,0,0,문현철,Moon Hyeon Cheol,070249, (0%),-,52.5,0(),0
3,연령오픈,0,0,0,0,0,0,0,0,0,0,0,0,0,0,0,0,0,0,0,0,0,0,핸디캡,0,0,0,33000000,13200000,8400000,3000000,2400000,5,-,러너스하이,RUNNERS HIGH,0053766,65,0,0,0,0,0,0,0,조인권,Jo In Kwon,080438,부산경남,한국,0,박의주,Park Eui Ju,112016,0,R1~50,국4등급,45,20260828,금요일,1200,일반,6,0,0,0,0,0,0,0,0,수,성별오픈,0,0,0,0,0,0,0,방동석,Bang Dong Suk,070142, (0%),-,56,0(),0
5,연령오픈,0,0,0,0,0,0,0,0,0,0,0,0,0,0,0,0,0,0,0,0,0,0,핸디캡,0,0,0,33000000,13200000,8400000,3000000,2400000,6,-,상하이선더,SHANGHAI THUNDER,0047187,65,0,0,0,0,0,0,0,다실바,Francisco Da Silva,080568,부산경남,한국,0,김욱수,Kim Wook Soo,104096,0,R1~50,국4등급,44,20260828,금요일,1200,일반,6,0,0,0,0,0,0,0,0,수,성별오픈,0,0,0,0,0,0,0,민장기,Min Jang Gi,070136, (0%),-,55.5,0(),0
3,연령오픈,0,0,0,0,0,0,0,0,0,0,0,0,0,0,0,0,0,0,0,0,0,0,핸디캡,0,0,0,33000000,13200000,8400000,3000000,2400000,7,-,레전드히트,LEGEND HIT,0053701,65,0,0,0,0,0,0,0,최은경,Choi Eun Gyeong,080566,부산경남,한국,0,김준현,Kim Joon Hyun,106289,0,R1~50,국4등급,48,20260828,금요일,1200,일반,6,0,0,0,0,0,0,0,0,수,성별오픈,0,0,0,0,0,0,0,방동석,Bang Dong Suk,070142, (0%),-,57.5,0(),0
3,연령오픈,0,0,0,0,0,0,0,0,0,0,0,0,0,0,0,0,0,0,0,0,0,0,핸디캡,0,0,0,33000000,13200000,8400000,3000000,2400000,8,-,비케이스피릿,B K. SPIRIT,0053861,65,0,0,0,0,0,0,0,진겸,Jin Kyum,080551,부산경남,한국,0,함승원,Ham Seung Won,109142,0,R1~50,국4등급,39,20260828,금요일,1200,일반,6,0,0,0,0,0,0,0,0,암,성별오픈,0,0,0,0,0,0,0,강형곤,Kang Hyoung Gon,070134, (0%),-,52.5,0(),0
4,연령오픈,0,0,0,0,0,0,0,0,0,0,0,0,0,0,0,0,0,0,0,0,0,0,핸디캡,0,0,0,33000000,13200000,8400000,3000000,2400000,9,-,퀸스파이시,QUEEN SPICY,0051722,65,0,0,0,0,0,0,0,박재이,Park Jae I,080546,부산경남,한국,0,고재완,Ko Jae Wan,105119,0,R1~50,국4등급,45,20260828,금요일,1200,일반,6,0,0,0,0,0,0,0,0,암,성별오픈,0,0,0,0,0,0,0,강은석,Kang Eun Seok,070223, (0%),-,54,0(),0
4,연령오픈,0,0,0,0,0,0,0,0,0,0,0,0,0,0,0,0,0,0,0,0,0,0,핸디캡,0,0,0,33000000,13200000,8400000,3000000,2400000,10,-,오아시스위키,OASIS WICKY,0051975,65,0,0,0,0,0,0,0,최시대,Choi Sidae,080423,부산경남,한국,0,이장현,Lee Jang Hyun ,117004,0,R1~50,국4등급,44,20260828,금요일,1200,일반,6,0,0,0,0,0,0,0,0,거,성별오픈,0,0,0,0,0,0,0,백광열,Baik Kwang Yeol,070130, (0%),-,55.5,0(),0
7,연령오픈,0,0,0,0,0,0,0,0,0,0,0,0,0,0,0,0,0,0,0,0,0,0,핸디캡,0,0,0,33000000,13200000,8400000,3000000,2400000,11,-,밀크데이,MILK DAY,0044888,65,0,0,0,0,0,0,0,신형철,Shin Hyoung Chul,080122,부산경남,한국,0,김근영,Kim Geun Young,106272,0,R1~50,국4등급,36,20260828,금요일,1200,일반,6,0,0,0,0,0,0,0,0,수,성별오픈,0,0,0,0,0,0,0,조용배,Cho Yong Bae,070137, (0%),-,52.5,0(),0
4,연령오픈,0,0,0,0,0,0,0,0,0,0,0,0,0,0,0,0,0,0,0,0,0,0,핸디캡,0,0,0,33000000,13200000,8400000,3000000,2400000,1,-,프라임록,PRIME ROCK,0054679,65,0,0,0,0,0,0,0,김어수,Kim Eu Soo,080403,부산경남,미국,0,곽종수,Kwak Jong Soo,104123,0,R0~50,혼4등급,36,20260828,금요일,1800,일반,7,0,0,0,0,0,0,0,0,거,성별오픈,0,0,0,0,0,0,0,강은석,Kang Eun Seok,070223, (0%),-,52.5,0(),0
3,연령오픈,0,0,0,0,0,0,0,0,0,0,0,0,0,0,0,0,0,0,0,0,0,0,핸디캡,0,0,0,33000000,13200000,8400000,3000000,2400000,2,-,장고맨,JANGGO MAN,0054798,65,0,0,0,0,0,0,0,송경윤,Song Kyeong Yun,080421,부산경남,한국,0,이경희,Lee Gyeong Hui,112286,0,R0~50,혼4등급,45,20260828,금요일,1800,일반,7,0,0,0,0,0,0,0,0,수,성별오픈,0,0,0,0,0,0,0,민장기,Min Jang Gi,070136, (0%),-,55.5,0(),0
6,연령오픈,0,0,0,0,0,0,0,0,0,0,0,0,0,0,0,0,0,0,0,0,0,0,핸디캡,0,0,0,33000000,13200000,8400000,3000000,2400000,3,-,스타파크,STAR PARK,0046458,65,0,0,0,0,0,0,0,신형철,Shin Hyoung Chul,080122,부산경남,한국,0,김무현,Kim Moo Hyun,106043,0,R0~50,혼4등급,37,20260828,금요일,1800,일반,7,0,0,0,0,0,0,0,0,거,성별오픈,0,0,0,0,0,0,0,조용배,Cho Yong Bae,070137, (0%),-,52.5,0(),0
3,연령오픈,0,0,0,0,0,0,0,0,0,0,0,0,0,0,0,0,0,0,0,0,0,0,핸디캡,0,0,0,33000000,13200000,8400000,3000000,2400000,4,-,헤이브로,HEY BRO,0054188,65,0,0,0,0,0,0,0,최은경,Choi Eun Gyeong,080566,부산경남,한국,0,박병현,Park Byeong Hyeon,112290,0,R0~50,혼4등급,37,20260828,금요일,1800,일반,7,0,0,0,0,0,0,0,0,수,성별오픈,0,0,0,0,0,0,0,토마스,Thomas Gillespie,070194, (0%),-,52.5,0(),0
3,연령오픈,0,0,0,0,0,0,0,0,0,0,0,0,0,0,0,0,0,0,0,0,0,0,핸디캡,0,0,0,33000000,13200000,8400000,3000000,2400000,5,-,운주매직,UNJU MAGIC,0053056,65,0,0,0,0,0,0,0,최시대,Choi Sidae,080423,부산경남,한국,0,부수선,Boo Soo Sun,118013,0,R0~50,혼4등급,38,20260828,금요일,1800,일반,7,0,0,0,0,0,0,0,0,수,성별오픈,0,0,0,0,0,0,0,권승주,Kwon Sung Ju,070086, (0%),-,52.5,0(),0
4,연령오픈,0,0,0,0,0,0,0,0,0,0,0,0,0,0,0,0,0,0,0,0,0,0,핸디캡,0,0,0,33000000,13200000,8400000,3000000,2400000,6,-,올라운드원,ALL ROUND ONE,0051228,65,0,0,0,0,0,0,0,다나카,TANAKA MASAKAZU,080516,부산경남,한국,0,김혜진,Kim Hye Jin,118011,0,R0~50,혼4등급,41,20260828,금요일,1800,일반,7,0,0,0,0,0,0,0,0,거,성별오픈,0,0,0,0,0,0,0,안우성,An Woo Sung,070180, (0%),-,53.5,0(),0
3,연령오픈,0,0,0,0,0,0,0,0,0,0,0,0,0,0,0,0,0,0,0,0,0,0,핸디캡,0,0,0,33000000,13200000,8400000,3000000,2400000,7,-,토함산소닉,TOHAMSAN SONIC,0058203,65,0,0,0,0,0,0,0,이동하,Lee Dong Ha,080562,부산경남,일본,0,박웅진,Park Ung Jin,103007,0,R0~50,혼4등급,42,20260828,금요일,1800,일반,7,0,0,0,0,0,0,0,0,수,성별오픈,0,0,0,0,0,0,0,백광열,Baik Kwang Yeol,070130, (0%),-,54,0(),0
4,연령오픈,0,0,0,0,0,0,0,0,0,0,0,0,0,0,0,0,0,0,0,0,0,0,핸디캡,0,0,0,33000000,13200000,8400000,3000000,2400000,8,-,바벨모모,BARBELL MOMO,0051840,65,0,0,0,0,0,0,0,손경민,Son Gyeong Min,080620,부산경남,한국,0,김명환,Kim Myeong Hwan,113133,0,R0~50,혼4등급,48,20260828,금요일,1800,일반,7,0,0,0,0,0,0,0,0,수,성별오픈,0,0,0,0,0,0,0,김도현,Kim Do Hyun,070250, (0%),-,54,0(),0
3,연령오픈,0,0,0,0,0,0,0,0,0,0,0,0,0,0,0,0,0,0,0,0,0,0,핸디캡,0,0,0,33000000,13200000,8400000,3000000,2400000,9,-,매직미러,MAGIC MIRROR,0053623,65,0,0,0,0,0,0,0,정도윤,Jung Do Yun,080565,부산경남,한국,0,신윤경,Shin Yoon Gyeong,112292,0,R0~50,혼4등급,48,20260828,금요일,1800,일반,7,0,0,0,0,0,0,0,0,거,성별오픈,0,0,0,0,0,0,0,임금만,Lim Keum Man,070128, (0%),-,57,0(),0
3,연령오픈,0,0,0,0,0,0,0,0,0,0,0,0,0,0,0,0,0,0,0,0,0,0,핸디캡,0,0,0,33000000,13200000,8400000,3000000,2400000,10,-,스카일러지유,SKYLOR JIYOU,0053190,65,0,0,0,0,0,0,0,서승운,Seo Seung Un,080484,부산경남,한국,0,류민수,Ryu Min Soo,123011,0,R0~50,혼4등급,43,20260828,금요일,1800,일반,7,0,0,0,0,0,0,0,0,수,성별오픈,0,0,0,0,0,0,0,문현철,Moon Hyeon Cheol,070249, (0%),-,54.5,0(),0
7,연령오픈,0,0,0,0,0,0,0,0,0,0,0,0,0,0,0,0,0,0,0,0,0,0,핸디캡,0,0,0,33000000,13200000,8400000,3000000,2400000,11,-,무등산,MUDEUNGSAN,0046079,65,0,0,0,0,0,0,0,서강주,Seo Gang Ju,080605,부산경남,미국,0,희망홀스,Hee Mang Horse,121052,0,R0~50,혼4등급,42,20260828,금요일,1800,일반,7,0,0,0,0,0,0,0,0,거,성별오픈,0,0,0,0,0,0,0,강은석,Kang Eun Seok,070223, (0%),-,54,0(),0
6,연령오픈,0,0,0,0,0,0,0,0,0,0,0,0,0,0,0,0,0,0,0,0,0,0,핸디캡,0,0,0,41250000,16500000,10500000,3750000,3000000,1,-,아무르,AMUR,0045399,65,0,0,0,0,0,0,0,송경윤,Song Kyeong Yun,080421,부산경남,한국,0,박광순,Park Kwang Soon,104131,0,R1~65,국3등급,53,20260828,금요일,1400,일반,8,0,0,0,0,0,0,0,0,암,암,0,0,0,0,0,0,0,구현완,Koo Hyunwan,070301, (0%),-,52.5,0(),0
3,연령오픈,0,0,0,0,0,0,0,0,0,0,0,0,0,0,0,0,0,0,0,0,0,0,핸디캡,0,0,0,41250000,16500000,10500000,3750000,3000000,2,-,모멘텀,MOMENTUM,0053366,65,0,0,0,0,0,0,0,서승운,Seo Seung Un,080484,부산경남,한국,0,투애니포,Twenty Four,121063,0,R1~65,국3등급,58,20260828,금요일,1400,일반,8,0,0,0,0,0,0,0,0,암,암,0,0,0,0,0,0,0,하무선,Ha Mu Seon,070143, (0%),-,55,0(),0
4,연령오픈,0,0,0,0,0,0,0,0,0,0,0,0,0,0,0,0,0,0,0,0,0,0,핸디캡,0,0,0,41250000,16500000,10500000,3750000,3000000,3,-,유니언챔프,UNION CHAMP,0050699,65,0,0,0,0,0,0,0,정도윤,Jung Do Yun,080565,부산경남,한국,0,류주영,Ryu Ju Yeong,112004,0,R1~65,국3등급,54,20260828,금요일,1400,일반,8,0,0,0,0,0,0,0,0,암,암,0,0,0,0,0,0,0,문현철,Moon Hyeon Cheol,070249, (0%),-,53,0(),0
6,연령오픈,0,0,0,0,0,0,0,0,0,0,0,0,0,0,0,0,0,0,0,0,0,0,핸디캡,0,0,0,41250000,16500000,10500000,3750000,3000000,4,-,대호나라,DAEHO NARA,0046218,65,0,0,0,0,0,0,0,박재이,Park Jae I,080546,부산경남,한국,0,고재완,Ko Jae Wan,105119,0,R1~65,국3등급,56,20260828,금요일,1400,일반,8,0,0,0,0,0,0,0,0,암,암,0,0,0,0,0,0,0,강은석,Kang Eun Seok,070223, (0%),-,54,0(),0
5,연령오픈,0,0,0,0,0,0,0,0,0,0,0,0,0,0,0,0,0,0,0,0,0,0,핸디캡,0,0,0,41250000,16500000,10500000,3750000,3000000,5,-,금아프리시드,GEUMA PRECEDE,0047478,65,0,0,0,0,0,0,0,진겸,Jin Kyum,080551,부산경남,한국,0,금아산업(주),Kuem A Industry Co Ltd,117038,0,R1~65,국3등급,51,20260828,금요일,1400,일반,8,0,0,0,0,0,0,0,0,암,암,0,0,0,0,0,0,0,이상영,Lee Sang Young,070141, (0%),-,52.5,0(),0
4,연령오픈,0,0,0,0,0,0,0,0,0,0,0,0,0,0,0,0,0,0,0,0,0,0,핸디캡,0,0,0,41250000,16500000,10500000,3750000,3000000,6,-,월드블루핀캣,WORLD BLUE PIN CAT,0051928,65,0,0,0,0,0,0,0,조인권,Jo In Kwon,080438,부산경남,한국,0,윤지중,Yoon Ji Jung,104100,0,R1~65,국3등급,48,20260828,금요일,1400,일반,8,0,0,0,0,0,0,0,0,암,암,0,0,0,0,0,0,0,방동석,Bang Dong Suk,070142, (0%),-,52.5,0(),0
4,연령오픈,0,0,0,0,0,0,0,0,0,0,0,0,0,0,0,0,0,0,0,0,0,0,핸디캡,0,0,0,41250000,16500000,10500000,3750000,3000000,7,-,퀸티케,QUEEN TYCHE,0051989,65,0,0,0,0,0,0,0,이성재,Lee Sung Jae,080431,부산경남,한국,0,손병철,Son Boing Choul,110058,0,R1~65,국3등급,62,20260828,금요일,1400,일반,8,0,0,0,0,0,0,0,0,암,암,0,0,0,0,0,0,0,권승주,Kwon Sung Ju,070086, (0%),-,57,0(),0
3,연령오픈,0,0,0,0,0,0,0,0,0,0,0,0,0,0,0,0,0,0,0,0,0,0,핸디캡,0,0,0,41250000,16500000,10500000,3750000,3000000,8,-,클리어리위너,CLEARLY WINNER,0053534,65,0,0,0,0,0,0,0,다실바,Francisco Da Silva,080568,부산경남,한국,0,신우철,Shin Woo Cheol,110056,0,R1~65,국3등급,56,20260828,금요일,1400,일반,8,0,0,0,0,0,0,0,0,암,암,0,0,0,0,0,0,0,구영준,Koo Young Jun,070176, (0%),-,54,0(),0
5,연령오픈,0,0,0,0,0,0,0,0,0,0,0,0,0,0,0,0,0,0,0,0,0,0,핸디캡,0,0,0,41250000,16500000,10500000,3750000,3000000,9,-,컬럼비아챔프,COLUMBIA CHAMP,0046933,65,0,0,0,0,0,0,0,손경민,Son Gyeong Min,080620,부산경남,한국,0,백용덕,Baek Yong Dok,118028,0,R1~65,국3등급,51,20260828,금요일,1400,일반,8,0,0,0,0,0,0,0,0,암,암,0,0,0,0,0,0,0,권승주,Kwon Sung Ju,070086, (0%),-,51,0(),0
3,4세이하,0,0,0,0,0,0,0,0,0,0,0,0,0,0,0,0,0,0,0,0,0,0,별정A,0,0,0,7000000,3220000,2100000,980000,700000,1,-,영웅대정,YEONGUNGDAEJEONG,3107913,67,0,0,0,0,0,0,0,김한남,Kim Han Nam,003084,제주,한국,0,차동헌, ,124022,0,700만원 미만,제6등급,0,20260828,금요일,900,일반,1,0,0,0,0,0,0,0,0,거,성별오픈,0,0,0,0,0,0,0,김길홍,Kim Gil Hong,002038, (0%),-,55,0(),0
3,4세이하,0,0,0,0,0,0,0,0,0,0,0,0,0,0,0,0,0,0,0,0,0,0,별정A,0,0,0,7000000,3220000,2100000,980000,700000,2,-,서유기,SEOYUGI,3107314,67,0,0,0,0,0,0,0,정명일,Jeong Myung Il,003044,제주,한국,0,강재필,KANG JEA PIL,118025,0,700만원 미만,제6등급,0,20260828,금요일,900,일반,1,0,0,0,0,0,0,0,0,수,성별오픈,0,0,0,0,0,0,0,한상배,Han Sang Bae,002023, (0%),-,55,0(),0
4,4세이하,0,0,0,0,0,0,0,0,0,0,0,0,0,0,0,0,0,0,0,0,0,0,별정A,0,0,0,7000000,3220000,2100000,980000,700000,3,-,수리수리,SURISURI,3104324,67,0,0,0,0,0,0,0,김다영,Kim Da Young,003073,제주,한국,0,김민규,KIM MINKYU,124018,0,700만원 미만,제6등급,0,20260828,금요일,900,일반,1,0,0,0,0,0,0,0,0,암,성별오픈,0,0,0,0,0,0,0,문성호,Mun Sung Ho,002039, (0%),-,55,0(),0
3,4세이하,0,0,0,0,0,0,0,0,0,0,0,0,0,0,0,0,0,0,0,0,0,0,별정A,0,0,0,7000000,3220000,2100000,980000,700000,4,-,청운질주,CHEONGUNJILJU,3108168,67,0,0,0,0,0,0,0,김홍권,Kim Hong Kwon,003082,제주,한국,0,강학민,KANG HAK MIN,001184,0,700만원 미만,제6등급,0,20260828,금요일,900,일반,1,0,0,0,0,0,0,0,0,암,성별오픈,0,0,0,0,0,0,0,강영진,Kang Young Jin,002033, (0%),-,55,0(),0
3,4세이하,0,0,0,0,0,0,0,0,0,0,0,0,0,0,0,0,0,0,0,0,0,0,별정A,0,0,0,7000000,3220000,2100000,980000,700000,5,-,만광,MANGWANG,3107903,67,0,0,0,0,0,0,0,강수한,Kang Su Han,003077,제주,한국,0,조창규,Cho Changguy,001112,0,700만원 미만,제6등급,0,20260828,금요일,900,일반,1,0,0,0,0,0,0,0,0,수,성별오픈,0,0,0,0,0,0,0,김길홍,Kim Gil Hong,002038, (0%),-,55,0(),0
2,4세이하,0,0,0,0,0,0,0,0,0,0,0,0,0,0,0,0,0,0,0,0,0,0,별정A,0,0,0,7000000,3220000,2100000,980000,700000,6,-,명품대로,MYEONGPUMDAERO,3109223,67,0,0,0,0,0,0,0,김준호,Kim Jun Ho,003081,제주,한국,0,강기정,kang kijeong,214799,0,700만원 미만,제6등급,0,20260828,금요일,900,일반,1,0,0,0,0,0,0,0,0,수,성별오픈,0,0,0,0,0,0,0,강태종,Gang Tae Jong,002036, (0%),-,55,0(),0
2,4세이하,0,0,0,0,0,0,0,0,0,0,0,0,0,0,0,0,0,0,0,0,0,0,별정A,0,0,0,7000000,3220000,2100000,980000,700000,7,-,만리질주,MALLIJILJU,3108666,67,0,0,0,0,0,0,0,한영민,Han Young Min,003058,제주,한국,0,김기준,KIM KI JOON,206028,0,700만원 미만,제6등급,0,20260828,금요일,900,일반,1,0,0,0,0,0,0,0,0,암,성별오픈,0,0,0,0,0,0,0,김태준,Kim Tae Jun,002032, (0%),-,55,0(),0
3,4세이하,0,0,0,0,0,0,0,0,0,0,0,0,0,0,0,0,0,0,0,0,0,0,별정A,0,0,0,7000000,3220000,2100000,980000,700000,8,-,대운,DAEUN,3107584,67,0,0,0,0,0,0,0,임재광,Lim Jae Kwang,003087,제주,한국,0,현태송,HYON TAE SONG,206025,0,700만원 미만,제6등급,0,20260828,금요일,900,일반,1,0,0,0,0,0,0,0,0,암,성별오픈,0,0,0,0,0,0,0,윤덕상,Youn Duk Sang,002021, (0%),-,55,0(),0
3,4세이하,0,0,0,0,0,0,0,0,0,0,0,0,0,0,0,0,0,0,0,0,0,0,별정A,0,0,0,7000000,3220000,2100000,980000,700000,9,-,직진기,JIKJINGI,3107828,67,0,0,0,0,0,0,0,곽석,Kwak Seok,003094,제주,한국,0,홍규식,HONG GYU SIK,116020,0,700만원 미만,제6등급,0,20260828,금요일,900,일반,1,0,0,0,0,0,0,0,0,암,성별오픈,0,0,0,0,0,0,0,김대연,Kim Dae Youn,002042, (0%),-,55,0(),0
3,4세이하,0,0,0,0,0,0,0,0,0,0,0,0,0,0,0,0,0,0,0,0,0,0,별정A,0,0,0,7000000,3220000,2100000,980000,700000,10,-,색달신화,SAEKDALSINHWA,3107905,67,0,0,0,0,0,0,0,원유일,Won You Il,003075,제주,한국,0,강승호,Kang Seung Ho,116007,0,700만원 미만,제6등급,0,20260828,금요일,900,일반,1,0,0,0,0,0,0,0,0,암,성별오픈,0,0,0,0,0,0,0,윤호상,Yoon Ho Sang,002041, (0%),-,55,0(),0
3,4세이하,0,0,0,0,0,0,0,0,0,0,0,0,0,0,0,0,0,0,0,0,0,0,별정A,0,0,0,7000000,3220000,2100000,980000,700000,1,-,백두명성,BAEKDUMYEONGSEONG,3107491,67,0,0,0,0,0,0,0,이동준,Lee Dong Jun,003086,제주,한국,0,강영수,KANG YEONG SOO,001074,0,700만원 미만,제6등급,0,20260828,금요일,900,일반,2,0,0,0,0,0,0,0,0,거,성별오픈,0,0,0,0,0,0,0,문성호,Mun Sung Ho,002039, (0%),-,55,0(),0
3,4세이하,0,0,0,0,0,0,0,0,0,0,0,0,0,0,0,0,0,0,0,0,0,0,별정A,0,0,0,7000000,3220000,2100000,980000,700000,2,-,빈체로,VINCERO,3107888,67,0,0,0,0,0,0,0,박성광,Park Sung Kwang,003089,제주,한국,0,안평림,AN PYUNG RIM,121038,0,700만원 미만,제6등급,0,20260828,금요일,900,일반,2,0,0,0,0,0,0,0,0,거,성별오픈,0,0,0,0,0,0,0,이태용,Lee Tae Yong,002034, (0%),-,55,0(),0
3,4세이하,0,0,0,0,0,0,0,0,0,0,0,0,0,0,0,0,0,0,0,0,0,0,별정A,0,0,0,7000000,3220000,2100000,980000,700000,3,-,적통자,JEOKTONGJA,3107373,67,0,0,0,0,0,0,0,김한남,Kim Han Nam,003084,제주,한국,0,강춘시,KANG CHOON SI,001010,0,700만원 미만,제6등급,0,20260828,금요일,900,일반,2,0,0,0,0,0,0,0,0,거,성별오픈,0,0,0,0,0,0,0,윤호상,Yoon Ho Sang,002041, (0%),-,55,0(),0
3,4세이하,0,0,0,0,0,0,0,0,0,0,0,0,0,0,0,0,0,0,0,0,0,0,별정A,0,0,0,7000000,3220000,2100000,980000,700000,4,-,비상특급,BISANGTEUKGEUP,3107462,67,0,0,0,0,0,0,0,이성민,Lee Sung Min,003092,제주,한국,0,백마,BACKMA,124034,0,700만원 미만,제6등급,0,20260828,금요일,900,일반,2,0,0,0,0,0,0,0,0,암,성별오픈,0,0,0,0,0,0,0,고영덕,Ko Young Deok,002026, (0%),-,55,0(),0
3,4세이하,0,0,0,0,0,0,0,0,0,0,0,0,0,0,0,0,0,0,0,0,0,0,별정A,0,0,0,7000000,3220000,2100000,980000,700000,5,-,에스프리,ESPRI,3107316,67,0,0,0,0,0,0,0,전현준,Jun Hyun Joon,003070,제주,한국,0,양우선,YANG WOO SUN,121041,0,700만원 미만,제6등급,0,20260828,금요일,900,일반,2,0,0,0,0,0,0,0,0,거,성별오픈,0,0,0,0,0,0,0,이준호,Lee Joon Ho,002029, (0%),-,55,0(),0
4,4세이하,0,0,0,0,0,0,0,0,0,0,0,0,0,0,0,0,0,0,0,0,0,0,별정A,0,0,0,7000000,3220000,2100000,980000,700000,6,-,괜찮아,GWAENCHANA,3105496,67,0,0,0,0,0,0,0,강수한,Kang Su Han,003077,제주,한국,0,김경민,Kim Kyung Min,001173,0,700만원 미만,제6등급,0,20260828,금요일,900,일반,2,0,0,0,0,0,0,0,0,거,성별오픈,0,0,0,0,0,0,0,강태종,Gang Tae Jong,002036, (0%),-,55,0(),0
2,4세이하,0,0,0,0,0,0,0,0,0,0,0,0,0,0,0,0,0,0,0,0,0,0,별정A,0,0,0,7000000,3220000,2100000,980000,700000,7,-,청호질주,CHEONGHOJILJU,3109182,67,0,0,0,0,0,0,0,임재광,Lim Jae Kwang,003087,제주,한국,0,이정언,LEE JUNG UN,124026,0,700만원 미만,제6등급,0,20260828,금요일,900,일반,2,0,0,0,0,0,0,0,0,수,성별오픈,0,0,0,0,0,0,0,한상배,Han Sang Bae,002023, (0%),-,55,0(),0
3,4세이하,0,0,0,0,0,0,0,0,0,0,0,0,0,0,0,0,0,0,0,0,0,0,별정A,0,0,0,7000000,3220000,2100000,980000,700000,8,-,출정식,CHULJEONGSIK,3107456,67,0,0,0,0,0,0,0,장우성,Jang Woo Sung,003055,제주,한국,0,강춘시,KANG CHOON SI,001010,0,700만원 미만,제6등급,0,20260828,금요일,900,일반,2,0,0,0,0,0,0,0,0,암,성별오픈,0,0,0,0,0,0,0,윤덕상,Youn Duk Sang,002021, (0%),-,55,0(),0
3,4세이하,0,0,0,0,0,0,0,0,0,0,0,0,0,0,0,0,0,0,0,0,0,0,별정A,0,0,0,7000000,3220000,2100000,980000,700000,9,-,금빛신화,GEUMBITSINHWA,3107909,67,0,0,0,0,0,0,0,원유일,Won You Il,003075,제주,한국,0,신영미,SHIN YOUNG MI,117045,0,700만원 미만,제6등급,0,20260828,금요일,900,일반,2,0,0,0,0,0,0,0,0,거,성별오픈,0,0,0,0,0,0,0,강영진,Kang Young Jin,002033, (0%),-,55,0(),0
4,4세이하,0,0,0,0,0,0,0,0,0,0,0,0,0,0,0,0,0,0,0,0,0,0,별정A,0,0,0,7000000,3220000,2100000,980000,700000,10,-,일위도강,IRWIDOGANG,3108885,67,0,0,0,0,0,0,0,김다영,Kim Da Young,003073,제주,한국,0,김민규,KIM MINKYU,124018,0,700만원 미만,제6등급,0,20260828,금요일,900,일반,2,0,0,0,0,0,0,0,0,거,성별오픈,0,0,0,0,0,0,0,문성호,Mun Sung Ho,002039, (0%),-,55,0(),0
4,2세이상,0,0,0,0,0,0,0,0,0,0,0,0,0,0,0,0,0,0,0,0,0,0,핸디캡,0,0,0,10500000,4830000,3150000,1470000,1050000,1,-,신통방통,SINTONGBANGTONG,3105317,67,0,0,0,0,0,0,0,원유일,Won You Il,003075,제주,한국,0,김한진,KIM HAN JIN,001093,0,R1~20,제5등급,2,20260828,금요일,1000,일반,3,0,0,0,0,0,0,0,0,거,성별오픈,0,0,0,0,0,0,0,김태준,Kim Tae Jun,002032, (0%),-,53.5,0(),0
4,2세이상,0,0,0,0,0,0,0,0,0,0,0,0,0,0,0,0,0,0,0,0,0,0,핸디캡,0,0,0,10500000,4830000,3150000,1470000,1050000,2,-,무주영웅,MUJUYEONGUNG,3104741,67,0,0,0,0,0,0,0,문현진,Mun Hyeon Jin,003080,제주,한국,0,윤재곤,YOON JAE GON,206032,0,R1~20,제5등급,6,20260828,금요일,1000,일반,3,0,0,0,0,0,0,0,0,암,성별오픈,0,0,0,0,0,0,0,고영덕,Ko Young Deok,002026, (0%),-,55.5,0(),0
4,2세이상,0,0,0,0,0,0,0,0,0,0,0,0,0,0,0,0,0,0,0,0,0,0,핸디캡,0,0,0,10500000,4830000,3150000,1470000,1050000,3,-,우아우아,UAUA,3104592,67,0,0,0,0,0,0,0,한영민,Han Young Min,003058,제주,한국,0,김형훈,KIM HYEONG HUN,116014,0,R1~20,제5등급,4,20260828,금요일,1000,일반,3,0,0,0,0,0,0,0,0,암,성별오픈,0,0,0,0,0,0,0,최기호,Choi Gi Ho,002030, (0%),-,54.5,0(),0
3,2세이상,0,0,0,0,0,0,0,0,0,0,0,0,0,0,0,0,0,0,0,0,0,0,핸디캡,0,0,0,10500000,4830000,3150000,1470000,1050000,4,-,청룡바람,CHEONGRYONGBARAM,3107353,67,0,0,0,0,0,0,0,김홍권,Kim Hong Kwon,003082,제주,한국,0,청룡,Chung Yong,117051,0,R1~20,제5등급,10,20260828,금요일,1000,일반,3,0,0,0,0,0,0,0,0,거,성별오픈,0,0,0,0,0,0,0,강영진,Kang Young Jin,002033, (0%),-,57.5,0(),0
4,2세이상,0,0,0,0,0,0,0,0,0,0,0,0,0,0,0,0,0,0,0,0,0,0,핸디캡,0,0,0,10500000,4830000,3150000,1470000,1050000,5,-,세계왕자,SEGYEWANGJA,3104277,67,0,0,0,0,0,0,0,곽석,Kwak Seok,003094,제주,한국,0,고임계,Ko Yim Gye,001185,0,R1~20,제5등급,8,20260828,금요일,1000,일반,3,0,0,0,0,0,0,0,0,거,성별오픈,0,0,0,0,0,0,0,강대은,Kang Dae Eun,002027, (0%),-,56.5,0(),0
3,2세이상,0,0,0,0,0,0,0,0,0,0,0,0,0,0,0,0,0,0,0,0,0,0,핸디캡,0,0,0,10500000,4830000,3150000,1470000,1050000,6,-,마조여신,MAJOYEOSIN,3107884,67,0,0,0,0,0,0,0,김준호,Kim Jun Ho,003081,제주,한국,0,안평림,AN PYUNG RIM,121038,0,R1~20,제5등급,1,20260828,금요일,1000,일반,3,0,0,0,0,0,0,0,0,암,성별오픈,0,0,0,0,0,0,0,강태종,Gang Tae Jong,002036, (0%),-,53,0(),0
5,2세이상,0,0,0,0,0,0,0,0,0,0,0,0,0,0,0,0,0,0,0,0,0,0,핸디캡,0,0,0,10500000,4830000,3150000,1470000,1050000,7,-,자유열매,JAYUYEOLMAE,3103951,67,0,0,0,0,0,0,0,박성광,Park Sung Kwang,003089,제주,한국,0,이영대,LEE YOUNG DAE,206023,0,R1~20,제5등급,1,20260828,금요일,1000,일반,3,0,0,0,0,0,0,0,0,거,성별오픈,0,0,0,0,0,0,0,이태용,Lee Tae Yong,002034, (0%),-,53,0(),0
4,2세이상,0,0,0,0,0,0,0,0,0,0,0,0,0,0,0,0,0,0,0,0,0,0,핸디캡,0,0,0,10500000,4830000,3150000,1470000,1050000,8,-,돈마천하,DONMACHEONHA,3105271,67,0,0,0,0,0,0,0,강수한,Kang Su Han,003077,제주,한국,0,돈마,DON MA,116033,0,R1~20,제5등급,1,20260828,금요일,1000,일반,3,0,0,0,0,0,0,0,0,거,성별오픈,0,0,0,0,0,0,0,김길홍,Kim Gil Hong,002038, (0%),-,53,0(),0
3,2세이상,0,0,0,0,0,0,0,0,0,0,0,0,0,0,0,0,0,0,0,0,0,0,핸디캡,0,0,0,10500000,4830000,3150000,1470000,1050000,9,-,투혼여제,TUHONYEOJE,3107908,67,0,0,0,0,0,0,0,전현준,Jun Hyun Joon,003070,제주,한국,0,신영미,SHIN YOUNG MI,117045,0,R1~20,제5등급,9,20260828,금요일,1000,일반,3,0,0,0,0,0,0,0,0,암,성별오픈,0,0,0,0,0,0,0,김대연,Kim Dae Youn,002042, (0%),-,57,0(),0
5,2세이상,0,0,0,0,0,0,0,0,0,0,0,0,0,0,0,0,0,0,0,0,0,0,핸디캡,0,0,0,10500000,4830000,3150000,1470000,1050000,10,-,신천여제,SINCHEONYEOJE,3103807,67,0,0,0,0,0,0,0,이성민,Lee Sung Min,003092,제주,한국,0,강인선,KANG IN SUN,001049,0,R1~20,제5등급,11,20260828,금요일,1000,일반,3,0,0,0,0,0,0,0,0,암,성별오픈,0,0,0,0,0,0,0,신경호,Shin Kyung Ho,002018, (0%),-,58,0(),0
4,2세이상,0,0,0,0,0,0,0,0,0,0,0,0,0,0,0,0,0,0,0,0,0,0,핸디캡,0,0,0,10500000,4830000,3150000,1470000,1050000,1,-,아름나,AREUMNA,3104317,67,0,0,0,0,0,0,0,이성민,Lee Sung Min,003092,제주,한국,0,문애순,Mun Ae Sun,117042,0,R1~20,제5등급,4,20260828,금요일,1000,일반,4,0,0,0,0,0,0,0,0,암,성별오픈,0,0,0,0,0,0,0,윤호상,Yoon Ho Sang,002041, (0%),-,52.5,0(),0
5,2세이상,0,0,0,0,0,0,0,0,0,0,0,0,0,0,0,0,0,0,0,0,0,0,핸디캡,0,0,0,10500000,4830000,3150000,1470000,1050000,2,-,자유시대,JAYUSIDAE,3103947,67,0,0,0,0,0,0,0,임재광,Lim Jae Kwang,003087,제주,한국,0,부건영,Bu Gun Young,116021,0,R1~20,제5등급,9,20260828,금요일,1000,일반,4,0,0,0,0,0,0,0,0,거,성별오픈,0,0,0,0,0,0,0,심도연,Sim Do Youn,002031, (0%),-,55,0(),0
6,2세이상,0,0,0,0,0,0,0,0,0,0,0,0,0,0,0,0,0,0,0,0,0,0,핸디캡,0,0,0,10500000,4830000,3150000,1470000,1050000,3,-,명품함성,MYEONGPUMHAMSEONG,3102470,67,0,0,0,0,0,0,0,안득수,An Deuk Soo,003053,제주,한국,0,박병철,PARK BYEONG CHEOL,116019,0,R1~20,제5등급,14,20260828,금요일,1000,일반,4,0,0,0,0,0,0,0,0,암,성별오픈,0,0,0,0,0,0,0,강대은,Kang Dae Eun,002027, (0%),-,57.5,0(),0
4,2세이상,0,0,0,0,0,0,0,0,0,0,0,0,0,0,0,0,0,0,0,0,0,0,핸디캡,0,0,0,10500000,4830000,3150000,1470000,1050000,4,-,스트롱캣,STRONGCAT,3105484,67,0,0,0,0,0,0,0,박성광,Park Sung Kwang,003089,제주,한국,0,부건영,Bu Gun Young,116021,0,R1~20,제5등급,3,20260828,금요일,1000,일반,4,0,0,0,0,0,0,0,0,거,성별오픈,0,0,0,0,0,0,0,이태용,Lee Tae Yong,002034, (0%),-,52,0(),0
3,2세이상,0,0,0,0,0,0,0,0,0,0,0,0,0,0,0,0,0,0,0,0,0,0,핸디캡,0,0,0,10500000,4830000,3150000,1470000,1050000,5,-,천상태양,CHEONSANGTAEYANG,3108145,67,0,0,0,0,0,0,0,문현진,Mun Hyeon Jin,003080,제주,한국,0,최남단,CHOE NAM DAN,116031,0,R1~20,제5등급,9,20260828,금요일,1000,일반,4,0,0,0,0,0,0,0,0,거,성별오픈,0,0,0,0,0,0,0,고영덕,Ko Young Deok,002026, (0%),-,55,0(),0
7,2세이상,0,0,0,0,0,0,0,0,0,0,0,0,0,0,0,0,0,0,0,0,0,0,핸디캡,0,0,0,10500000,4830000,3150000,1470000,1050000,6,-,광해군,GWANGHAEGUN,3019033,67,0,0,0,0,0,0,0,양민재,Yang Min Jae,003096,제주,한국,0,현상진,HYUN SANG JIN,121029,0,R1~20,제5등급,15,20260828,금요일,1000,일반,4,0,0,0,0,0,0,0,0,거,성별오픈,0,0,0,0,0,0,0,변용호,Byoun Yong Ho,002013, (0%),-,58,0(),0
3,2세이상,0,0,0,0,0,0,0,0,0,0,0,0,0,0,0,0,0,0,0,0,0,0,핸디캡,0,0,0,10500000,4830000,3150000,1470000,1050000,7,-,블랙타이거,BLACKTIGER,3107295,67,0,0,0,0,0,0,0,김홍권,Kim Hong Kwon,003082,제주,한국,0,변완수,Byun Wan Soo,111225,0,R1~20,제5등급,12,20260828,금요일,1000,일반,4,0,0,0,0,0,0,0,0,암,성별오픈,0,0,0,0,0,0,0,강영진,Kang Young Jin,002033, (0%),-,56.5,0(),0
6,2세이상,0,0,0,0,0,0,0,0,0,0,0,0,0,0,0,0,0,0,0,0,0,0,핸디캡,0,0,0,10500000,4830000,3150000,1470000,1050000,8,-,비룡신공,BIRYONGSINGONS,3102610,67,0,0,0,0,0,0,0,한영민,Han Young Min,003058,제주,한국,0,김무현,Kim Moo Hyun,001105,0,R1~20,제5등급,1,20260828,금요일,1000,일반,4,0,0,0,0,0,0,0,0,거,성별오픈,0,0,0,0,0,0,0,김태준,Kim Tae Jun,002032, (0%),-,51,0(),0
3,2세이상,0,0,0,0,0,0,0,0,0,0,0,0,0,0,0,0,0,0,0,0,0,0,핸디캡,0,0,0,10500000,4830000,3150000,1470000,1050000,9,-,파워스타,POWERSTAR,3107868,67,0,0,0,0,0,0,0,강수한,Kang Su Han,003077,제주,한국,0,이영대,LEE YOUNG DAE,206023,0,R1~20,제5등급,11,20260828,금요일,1000,일반,4,0,0,0,0,0,0,0,0,암,성별오픈,0,0,0,0,0,0,0,최기호,Choi Gi Ho,002030, (0%),-,56,0(),0
3,2세이상,0,0,0,0,0,0,0,0,0,0,0,0,0,0,0,0,0,0,0,0,0,0,핸디캡,0,0,0,10500000,4830000,3150000,1470000,1050000,10,-,폭풍군단,POKPUNGGUNDAN,3107933,67,0,0,0,0,0,0,0,곽석,Kwak Seok,003094,제주,한국,0,이창근,LEE CHANG GEUN,124027,0,R1~20,제5등급,18,20260828,금요일,1000,일반,4,0,0,0,0,0,0,0,0,거,성별오픈,0,0,0,0,0,0,0,김대연,Kim Dae Youn,002042, (0%),-,59.5,0(),0
3,2세이상,0,0,0,0,0,0,0,0,0,0,0,0,0,0,0,0,0,0,0,0,0,0,핸디캡,0,0,0,10500000,4830000,3150000,1470000,1050000,1,-,해피초원,HAPPYCHOWEON,3108248,67,0,0,0,0,0,0,0,강수한,Kang Su Han,003077,제주,한국,0,송자민,SONG JA MIN,001121,0,R1~20,제5등급,3,20260828,금요일,1110,일반,5,0,0,0,0,0,0,0,0,암,성별오픈,0,0,0,0,0,0,0,이태용,Lee Tae Yong,002034, (0%),-,52,0(),0
4,2세이상,0,0,0,0,0,0,0,0,0,0,0,0,0,0,0,0,0,0,0,0,0,0,핸디캡,0,0,0,10500000,4830000,3150000,1470000,1050000,2,-,대륙황후,DAERYUKWANGHU,3104732,67,0,0,0,0,0,0,0,문현진,Mun Hyeon Jin,003080,제주,한국,0,신상섭,Shin Sang Sub,206027,0,R1~20,제5등급,19,20260828,금요일,1110,일반,5,0,0,0,0,0,0,0,0,암,성별오픈,0,0,0,0,0,0,0,신경호,Shin Kyung Ho,002018, (0%),-,60,0(),0
4,2세이상,0,0,0,0,0,0,0,0,0,0,0,0,0,0,0,0,0,0,0,0,0,0,핸디캡,0,0,0,10500000,4830000,3150000,1470000,1050000,3,-,비룡진주,BIRYONGJINJU,3105245,67,0,0,0,0,0,0,0,원유일,Won You Il,003075,제주,한국,0,문애순,Mun Ae Sun,117042,0,R1~20,제5등급,1,20260828,금요일,1110,일반,5,0,0,0,0,0,0,0,0,암,성별오픈,0,0,0,0,0,0,0,윤호상,Yoon Ho Sang,002041, (0%),-,51,0(),0
3,2세이상,0,0,0,0,0,0,0,0,0,0,0,0,0,0,0,0,0,0,0,0,0,0,핸디캡,0,0,0,10500000,4830000,3150000,1470000,1050000,4,-,태자주니어,TAEJAJUNIOR,3107862,67,0,0,0,0,0,0,0,김준호,Kim Jun Ho,003081,제주,한국,0,서정숙,SUH JUNGSOOK,124023,0,R1~20,제5등급,13,20260828,금요일,1110,일반,5,0,0,0,0,0,0,0,0,수,성별오픈,0,0,0,0,0,0,0,강태종,Gang Tae Jong,002036, (0%),-,57,0(),0
5,2세이상,0,0,0,0,0,0,0,0,0,0,0,0,0,0,0,0,0,0,0,0,0,0,핸디캡,0,0,0,10500000,4830000,3150000,1470000,1050000,5,-,한라제패,HALLAJEPAE,3103652,67,0,0,0,0,0,0,0,김홍권,Kim Hong Kwon,003082,제주,한국,0,변공민,Byun Gong Min,001128,0,R1~20,제5등급,11,20260828,금요일,1110,일반,5,0,0,0,0,0,0,0,0,거,성별오픈,0,0,0,0,0,0,0,이준호,Lee Joon Ho,002029, (0%),-,56,0(),0
4,2세이상,0,0,0,0,0,0,0,0,0,0,0,0,0,0,0,0,0,0,0,0,0,0,핸디캡,0,0,0,10500000,4830000,3150000,1470000,1050000,6,-,세모다,SEMODA,3104799,67,0,0,0,0,0,0,0,한영민,Han Young Min,003058,제주,한국,0,송자민,SONG JA MIN,001121,0,R1~20,제5등급,11,20260828,금요일,1110,일반,5,0,0,0,0,0,0,0,0,거,성별오픈,0,0,0,0,0,0,0,한상배,Han Sang Bae,002023, (0%),-,56,0(),0
3,2세이상,0,0,0,0,0,0,0,0,0,0,0,0,0,0,0,0,0,0,0,0,0,0,핸디캡,0,0,0,10500000,4830000,3150000,1470000,1050000,7,-,불꽃강자,BULKKOTGANGJA,3107556,67,0,0,0,0,0,0,0,임재광,Lim Jae Kwang,003087,제주,한국,0,강영수,KANG YEONG SOO,001074,0,R1~20,제5등급,8,20260828,금요일,1110,일반,5,0,0,0,0,0,0,0,0,거,성별오픈,0,0,0,0,0,0,0,심도연,Sim Do Youn,002031, (0%),-,54.5,0(),0
4,2세이상,0,0,0,0,0,0,0,0,0,0,0,0,0,0,0,0,0,0,0,0,0,0,핸디캡,0,0,0,10500000,4830000,3150000,1470000,1050000,8,-,으뜸여신,EUTTEUMYEOSIN,3104697,67,0,0,0,0,0,0,0,안득수,An Deuk Soo,003053,제주,한국,0,김민규,KIM MINKYU,124018,0,R1~20,제5등급,15,20260828,금요일,1110,일반,5,0,0,0,0,0,0,0,0,암,성별오픈,0,0,0,0,0,0,0,강대은,Kang Dae Eun,002027, (0%),-,58,0(),0
5,2세이상,0,0,0,0,0,0,0,0,0,0,0,0,0,0,0,0,0,0,0,0,0,0,핸디캡,0,0,0,10500000,4830000,3150000,1470000,1050000,9,-,한백최강,HANBAEKCHOEGANG,3103626,67,0,0,0,0,0,0,0,곽석,Kwak Seok,003094,제주,한국,0,김영구,Kim Young Goo,206015,0,R1~20,제5등급,7,20260828,금요일,1110,일반,5,0,0,0,0,0,0,0,0,거,성별오픈,0,0,0,0,0,0,0,김대연,Kim Dae Youn,002042, (0%),-,54,0(),0
6,2세이상,0,0,0,0,0,0,0,0,0,0,0,0,0,0,0,0,0,0,0,0,0,0,핸디캡,0,0,0,10500000,4830000,3150000,1470000,1050000,10,-,대향연,DAEHYANGYEON,3101834,67,0,0,0,0,0,0,0,전현준,Jun Hyun Joon,003070,제주,한국,0,오치영,OH CHI YOUNG,217123,0,R1~20,제5등급,15,20260828,금요일,1110,일반,5,0,0,0,0,0,0,0,0,거,성별오픈,0,0,0,0,0,0,0,이준호,Lee Joon Ho,002029, (0%),-,58,0(),0
6,2세이상,0,0,0,0,0,0,0,0,0,0,0,0,0,0,0,0,0,0,0,0,0,0,핸디캡,0,0,0,13000000,5980000,3900000,1820000,1300000,1,-,천비왕자,CHEONBIWANGJA,3102752,67,0,0,0,0,0,0,0,김다영,Kim Da Young,003073,제주,한국,0,김민규,KIM MINKYU,124018,0,R21~40,제4등급,35,20260828,금요일,1110,일반,6,0,0,0,0,0,0,0,0,거,성별오픈,0,0,0,0,0,0,0,문성호,Mun Sung Ho,002039, (0%),-,57.5,0(),0
4,2세이상,0,0,0,0,0,0,0,0,0,0,0,0,0,0,0,0,0,0,0,0,0,0,핸디캡,0,0,0,13000000,5980000,3900000,1820000,1300000,2,-,달빛소리,DALBITSORI,3104160,67,0,0,0,0,0,0,0,임재광,Lim Jae Kwang,003087,제주,한국,0,오경보,OH KYUNG BO,106221,0,R21~40,제4등급,38,20260828,금요일,1110,일반,6,0,0,0,0,0,0,0,0,암,성별오픈,0,0,0,0,0,0,0,심도연,Sim Do Youn,002031, (0%),-,59,0(),0
4,2세이상,0,0,0,0,0,0,0,0,0,0,0,0,0,0,0,0,0,0,0,0,0,0,핸디캡,0,0,0,13000000,5980000,3900000,1820000,1300000,3,-,무림왕자,MURIMWANGJA,3105495,67,0,0,0,0,0,0,0,문현진,Mun Hyeon Jin,003080,제주,한국,0,신상섭,Shin Sang Sub,206027,0,R21~40,제4등급,28,20260828,금요일,1110,일반,6,0,0,0,0,0,0,0,0,거,성별오픈,0,0,0,0,0,0,0,신경호,Shin Kyung Ho,002018, (0%),-,54,0(),0
7,2세이상,0,0,0,0,0,0,0,0,0,0,0,0,0,0,0,0,0,0,0,0,0,0,핸디캡,0,0,0,13000000,5980000,3900000,1820000,1300000,4,-,백록군주,BAENGNOKGUNJU,3018884,67,0,0,0,0,0,0,0,박성광,Park Sung Kwang,003089,제주,한국,0,쌍용통운,"SSANGYONG EXPRESS CO., LTD",117050,0,R21~40,제4등급,37,20260828,금요일,1110,일반,6,0,0,0,0,0,0,0,0,수,성별오픈,0,0,0,0,0,0,0,이태용,Lee Tae Yong,002034, (0%),-,58.5,0(),0
4,2세이상,0,0,0,0,0,0,0,0,0,0,0,0,0,0,0,0,0,0,0,0,0,0,핸디캡,0,0,0,13000000,5980000,3900000,1820000,1300000,5,-,날려오라,NALLYEOORA,3105488,67,0,0,0,0,0,0,0,곽석,Kwak Seok,003094,제주,한국,0,김경림,KIM KYEONG LIM,001125,0,R21~40,제4등급,34,20260828,금요일,1110,일반,6,0,0,0,0,0,0,0,0,암,성별오픈,0,0,0,0,0,0,0,김대연,Kim Dae Youn,002042, (0%),-,57,0(),0
5,2세이상,0,0,0,0,0,0,0,0,0,0,0,0,0,0,0,0,0,0,0,0,0,0,핸디캡,0,0,0,13000000,5980000,3900000,1820000,1300000,6,-,전승소녀,JEONSEUNGSONYEO,3104068,67,0,0,0,0,0,0,0,김준호,Kim Jun Ho,003081,제주,한국,0,현동부,Hyun Dong Bu,116027,0,R21~40,제4등급,35,20260828,금요일,1110,일반,6,0,0,0,0,0,0,0,0,암,성별오픈,0,0,0,0,0,0,0,강태종,Gang Tae Jong,002036, (0%),-,57.5,0(),0
8,2세이상,0,0,0,0,0,0,0,0,0,0,0,0,0,0,0,0,0,0,0,0,0,0,핸디캡,0,0,0,13000000,5980000,3900000,1820000,1300000,7,-,색달미소,SAEKDALMISO,3018999,67,0,0,0,0,0,0,0,한영민,Han Young Min,003058,제주,한국,0,강승호,Kang Seung Ho,116007,0,R21~40,제4등급,28,20260828,금요일,1110,일반,6,0,0,0,0,0,0,0,0,암,성별오픈,0,0,0,0,0,0,0,김태준,Kim Tae Jun,002032, (0%),-,54,0(),0
3,2세이상,0,0,0,0,0,0,0,0,0,0,0,0,0,0,0,0,0,0,0,0,0,0,핸디캡,0,0,0,13000000,5980000,3900000,1820000,1300000,8,-,리듬블루,RHYTHMEBLUE,3107927,67,0,0,0,0,0,0,0,안득수,An Deuk Soo,003053,제주,한국,0,김호영,KIM HO YEONG,001164,0,R21~40,제4등급,29,20260828,금요일,1110,일반,6,0,0,0,0,0,0,0,0,암,성별오픈,0,0,0,0,0,0,0,강대은,Kang Dae Eun,002027, (0%),-,54.5,0(),0
4,2세이상,0,0,0,0,0,0,0,0,0,0,0,0,0,0,0,0,0,0,0,0,0,0,핸디캡,0,0,0,13000000,5980000,3900000,1820000,1300000,9,-,한빛제일,HANBITJEIL,3104749,67,0,0,0,0,0,0,0,이성민,Lee Sung Min,003092,제주,한국,0,송방원,SONG BANG WON,001138,0,R21~40,제4등급,32,20260828,금요일,1110,일반,6,0,0,0,0,0,0,0,0,거,성별오픈,0,0,0,0,0,0,0,고영덕,Ko Young Deok,002026, (0%),-,56,0(),0
6,2세이상,0,0,0,0,0,0,0,0,0,0,0,0,0,0,0,0,0,0,0,0,0,0,핸디캡,0,0,0,13000000,5980000,3900000,1820000,1300000,10,-,날려버려,NALLYEOBEORYEO,3101811,67,0,0,0,0,0,0,0,전현준,Jun Hyun Joon,003070,제주,한국,0,부건영,Bu Gun Young,116021,0,R21~40,제4등급,36,20260828,금요일,1110,일반,6,0,0,0,0,0,0,0,0,거,성별오픈,0,0,0,0,0,0,0,김태준,Kim Tae Jun,002032, (0%),-,58,0(),0
9,2세이상,0,0,0,0,0,0,0,0,0,0,0,0,0,0,0,0,0,0,0,0,0,0,핸디캡,0,0,0,13000000,5980000,3900000,1820000,1300000,1,-,대별왕,DAEBYEORWANG,3018038,67,0,0,0,0,0,0,0,곽석,Kwak Seok,003094,제주,한국,0,홍규식,HONG GYU SIK,116020,0,R21~40,제4등급,29,20260828,금요일,1200,일반,7,0,0,0,0,0,0,0,0,거,성별오픈,0,0,0,0,0,0,0,김대연,Kim Dae Youn,002042, (0%),-,54.5,0(),0
4,2세이상,0,0,0,0,0,0,0,0,0,0,0,0,0,0,0,0,0,0,0,0,0,0,핸디캡,0,0,0,13000000,5980000,3900000,1820000,1300000,2,-,일품걸,ILPUMGIRL,3104649,67,0,0,0,0,0,0,0,전현준,Jun Hyun Joon,003070,제주,한국,0,양방철,YANG BANG CHUL,001135,0,R21~40,제4등급,36,20260828,금요일,1200,일반,7,0,0,0,0,0,0,0,0,암,성별오픈,0,0,0,0,0,0,0,이준호,Lee Joon Ho,002029, (0%),-,58,0(),0
5,2세이상,0,0,0,0,0,0,0,0,0,0,0,0,0,0,0,0,0,0,0,0,0,0,핸디캡,0,0,0,13000000,5980000,3900000,1820000,1300000,3,-,환상지오,HWANSANGJIO,3103519,67,0,0,0,0,0,0,0,박성광,Park Sung Kwang,003089,제주,한국,0,부건영,Bu Gun Young,116021,0,R21~40,제4등급,29,20260828,금요일,1200,일반,7,0,0,0,0,0,0,0,0,거,성별오픈,0,0,0,0,0,0,0,이태용,Lee Tae Yong,002034, (0%),-,54.5,0(),0
4,2세이상,0,0,0,0,0,0,0,0,0,0,0,0,0,0,0,0,0,0,0,0,0,0,핸디캡,0,0,0,13000000,5980000,3900000,1820000,1300000,4,-,천상의별,CHEONSANGUIBYEOL,3104790,67,0,0,0,0,0,0,0,김준호,Kim Jun Ho,003081,제주,한국,0,강진숙,KANG JIN SUK,121032,0,R21~40,제4등급,29,20260828,금요일,1200,일반,7,0,0,0,0,0,0,0,0,거,성별오픈,0,0,0,0,0,0,0,강태종,Gang Tae Jong,002036, (0%),-,54.5,0(),0
4,2세이상,0,0,0,0,0,0,0,0,0,0,0,0,0,0,0,0,0,0,0,0,0,0,핸디캡,0,0,0,13000000,5980000,3900000,1820000,1300000,5,-,태흥신공,TAEYHEUNGSINGONG,3104752,67,0,0,0,0,0,0,0,문현진,Mun Hyeon Jin,003080,제주,한국,0,송방원,SONG BANG WON,001138,0,R21~40,제4등급,31,20260828,금요일,1200,일반,7,0,0,0,0,0,0,0,0,거,성별오픈,0,0,0,0,0,0,0,고영덕,Ko Young Deok,002026, (0%),-,55.5,0(),0
3,2세이상,0,0,0,0,0,0,0,0,0,0,0,0,0,0,0,0,0,0,0,0,0,0,핸디캡,0,0,0,13000000,5980000,3900000,1820000,1300000,6,-,신안으뜸,SINANEUTTEUM,3108052,67,0,0,0,0,0,0,0,강수한,Kang Su Han,003077,제주,한국,0,한빛,AN JEONG MO,121044,0,R21~40,제4등급,36,20260828,금요일,1200,일반,7,0,0,0,0,0,0,0,0,수,성별오픈,0,0,0,0,0,0,0,김길홍,Kim Gil Hong,002038, (0%),-,58,0(),0
7,2세이상,0,0,0,0,0,0,0,0,0,0,0,0,0,0,0,0,0,0,0,0,0,0,핸디캡,0,0,0,13000000,5980000,3900000,1820000,1300000,7,-,오라태양,ORATAEYANG,3018933,67,0,0,0,0,0,0,0,김한남,Kim Han Nam,003084,제주,한국,0,서정숙,SUH JUNGSOOK,124023,0,R21~40,제4등급,29,20260828,금요일,1200,일반,7,0,0,0,0,0,0,0,0,수,성별오픈,0,0,0,0,0,0,0,김태준,Kim Tae Jun,002032, (0%),-,54.5,0(),0
8,2세이상,0,0,0,0,0,0,0,0,0,0,0,0,0,0,0,0,0,0,0,0,0,0,핸디캡,0,0,0,13000000,5980000,3900000,1820000,1300000,8,-,성공제일,SEONGGONGJEIL,3018748,67,0,0,0,0,0,0,0,이성민,Lee Sung Min,003092,제주,한국,0,문인환,MOON IN HWAN,116003,0,R21~40,제4등급,40,20260828,금요일,1200,일반,7,0,0,0,0,0,0,0,0,거,성별오픈,0,0,0,0,0,0,0,신경호,Shin Kyung Ho,002018, (0%),-,60,0(),0
4,2세이상,0,0,0,0,0,0,0,0,0,0,0,0,0,0,0,0,0,0,0,0,0,0,핸디캡,0,0,0,13000000,5980000,3900000,1820000,1300000,9,-,가온천하,GAONCHEONHA,3105270,67,0,0,0,0,0,0,0,김홍권,Kim Hong Kwon,003082,제주,한국,0,조태만,Cho Tae Man,001194,0,R21~40,제4등급,21,20260828,금요일,1200,일반,7,0,0,0,0,0,0,0,0,거,성별오픈,0,0,0,0,0,0,0,강영진,Kang Young Jin,002033, (0%),-,51,0(),0
5,2세이상,0,0,0,0,0,0,0,0,0,0,0,0,0,0,0,0,0,0,0,0,0,0,핸디캡,0,0,0,13000000,5980000,3900000,1820000,1300000,10,-,백두영웅,BAEKDUYEONGUNG,3103803,67,0,0,0,0,0,0,0,이동준,Lee Dong Jun,003086,제주,한국,0,강영수,KANG YEONG SOO,001074,0,R21~40,제4등급,23,20260828,금요일,1200,일반,7,0,0,0,0,0,0,0,0,거,성별오픈,0,0,0,0,0,0,0,문성호,Mun Sung Ho,002039, (0%),-,51.5,0(),0
4,2세이상,0,0,0,0,0,0,0,0,0,0,0,0,0,0,0,0,0,0,0,0,0,0,핸디캡,0,0,0,15500000,7130000,4650000,2170000,1550000,1,-,백용해,BAEGYONGHAE,3104183,67,0,0,0,0,0,0,0,전현준,Jun Hyun Joon,003070,제주,한국,0,임상관,LIM SANG GWAN,001118,0,R41~60,제3등급,55,20260828,금요일,1200,일반,8,0,0,0,0,0,0,0,0,수,성별오픈,0,0,0,0,0,0,0,이준호,Lee Joon Ho,002029, (0%),-,57,0(),0
5,2세이상,0,0,0,0,0,0,0,0,0,0,0,0,0,0,0,0,0,0,0,0,0,0,핸디캡,0,0,0,15500000,7130000,4650000,2170000,1550000,2,-,소왕산,SOWANGSAN,3103588,67,0,0,0,0,0,0,0,원유일,Won You Il,003075,제주,한국,0,강재필,KANG JEA PIL,118025,0,R41~60,제3등급,47,20260828,금요일,1200,일반,8,0,0,0,0,0,0,0,0,암,성별오픈,0,0,0,0,0,0,0,윤덕상,Youn Duk Sang,002021, (0%),-,53,0(),0
4,2세이상,0,0,0,0,0,0,0,0,0,0,0,0,0,0,0,0,0,0,0,0,0,0,핸디캡,0,0,0,15500000,7130000,4650000,2170000,1550000,3,-,한라보배,HALLABOBAE,3104645,67,0,0,0,0,0,0,0,김홍권,Kim Hong Kwon,003082,제주,한국,0,강경덕,KANG KYUNG DUK,206038,0,R41~60,제3등급,50,20260828,금요일,1200,일반,8,0,0,0,0,0,0,0,0,거,성별오픈,0,0,0,0,0,0,0,강영진,Kang Young Jin,002033, (0%),-,54.5,0(),0
10,2세이상,0,0,0,0,0,0,0,0,0,0,0,0,0,0,0,0,0,0,0,0,0,0,핸디캡,0,0,0,15500000,7130000,4650000,2170000,1550000,4,-,쌍용신화,SSANGYONGSINHWA,3017642,67,0,0,0,0,0,0,0,박성광,Park Sung Kwang,003089,제주,한국,0,쌍용통운,"SSANGYONG EXPRESS CO., LTD",117050,0,R41~60,제3등급,55,20260828,금요일,1200,일반,8,0,0,0,0,0,0,0,0,거,성별오픈,0,0,0,0,0,0,0,이태용,Lee Tae Yong,002034, (0%),-,57,0(),0
5,2세이상,0,0,0,0,0,0,0,0,0,0,0,0,0,0,0,0,0,0,0,0,0,0,핸디캡,0,0,0,15500000,7130000,4650000,2170000,1550000,5,-,리듬황후,RYTHMEHWANGHU,3103451,67,0,0,0,0,0,0,0,문현진,Mun Hyeon Jin,003080,제주,한국,0,신우,SHIN HONG BIN,121045,0,R41~60,제3등급,59,20260828,금요일,1200,일반,8,0,0,0,0,0,0,0,0,암,성별오픈,0,0,0,0,0,0,0,고영덕,Ko Young Deok,002026, (0%),-,59,0(),0
8,2세이상,0,0,0,0,0,0,0,0,0,0,0,0,0,0,0,0,0,0,0,0,0,0,핸디캡,0,0,0,15500000,7130000,4650000,2170000,1550000,6,-,으뜸영웅,EUTTEUMYEONGWUNG,3018668,67,0,0,0,0,0,0,0,임재광,Lim Jae Kwang,003087,제주,한국,0,김영구,Kim Young Goo,206015,0,R41~60,제3등급,44,20260828,금요일,1200,일반,8,0,0,0,0,0,0,0,0,거,성별오픈,0,0,0,0,0,0,0,심도연,Sim Do Youn,002031, (0%),-,51.5,0(),0
4,2세이상,0,0,0,0,0,0,0,0,0,0,0,0,0,0,0,0,0,0,0,0,0,0,핸디캡,0,0,0,15500000,7130000,4650000,2170000,1550000,7,-,와흘호,WAHEULHO,3104611,67,0,0,0,0,0,0,0,김준호,Kim Jun Ho,003081,제주,한국,0,양우선,YANG WOO SUN,121041,0,R41~60,제3등급,52,20260828,금요일,1200,일반,8,0,0,0,0,0,0,0,0,수,성별오픈,0,0,0,0,0,0,0,한상배,Han Sang Bae,002023, (0%),-,55.5,0(),0
4,2세이상,0,0,0,0,0,0,0,0,0,0,0,0,0,0,0,0,0,0,0,0,0,0,핸디캡,0,0,0,15500000,7130000,4650000,2170000,1550000,8,-,제주전사,JEJUJEONSA,3104591,67,0,0,0,0,0,0,0,양민재,Yang Min Jae,003096,제주,한국,0,김정봉,KIM JUNG BONG,001073,0,R41~60,제3등급,43,20260828,금요일,1200,일반,8,0,0,0,0,0,0,0,0,거,성별오픈,0,0,0,0,0,0,0,최기호,Choi Gi Ho,002030, (0%),-,51,0(),0
4,2세이상,0,0,0,0,0,0,0,0,0,0,0,0,0,0,0,0,0,0,0,0,0,0,핸디캡,0,0,0,15500000,7130000,4650000,2170000,1550000,9,-,청룡에이스,CHEONGRYONGACE,3104223,67,0,0,0,0,0,0,0,이성민,Lee Sung Min,003092,제주,한국,0,청룡,Chung Yong,117051,0,R41~60,제3등급,46,20260828,금요일,1200,일반,8,0,0,0,0,0,0,0,0,암,성별오픈,0,0,0,0,0,0,0,강영진,Kang Young Jin,002033, (0%),-,52.5,0(),0
7,2세이상,0,0,0,0,0,0,0,0,0,0,0,0,0,0,0,0,0,0,0,0,0,0,핸디캡,0,0,0,15500000,7130000,4650000,2170000,1550000,10,-,킹코브라,KINGKOBEURA,3101725,67,0,0,0,0,0,0,0,안득수,An Deuk Soo,003053,제주,한국,0,양근재,YANG GUN JAE,106203,0,R41~60,제3등급,44,20260828,금요일,1200,일반,8,0,0,0,0,0,0,0,0,수,성별오픈,0,0,0,0,0,0,0,변용호,Byoun Yong Ho,002013, (0%),-,51.5,0(),0
2,2세,0,0,0,0,0,0,0,0,0,0,0,0,0,0,0,0,0,0,0,0,0,0,별정A,0,0,0,24750000,9900000,6300000,2250000,1800000,1,-,마천마마,MACHEON MAMA,0056001,67,0,0,0,0,0,0,0,마이아,Ruan Merari Maia,080616,서울,한국,0,마용숙,YONGSUK MA,126007,0,R0~0,국6등급,0,20260829,토요일,1000,일반,1,0,0,0,0,0,0,0,0,암,암,0,0,0,0,0,0,0,서범석,Seo Bum Seok,070096, (0%),-,52.5,0(),0
2,2세,0,0,0,0,0,0,0,0,0,0,0,0,0,0,0,0,0,0,0,0,0,0,별정A,0,0,0,24750000,9900000,6300000,2250000,1800000,2,-,에이케이선,A.K SUN,0055716,67,0,0,0,0,0,0,0,김용근,Kim Yong Geun,080405,서울,한국,0,함승원,Ham Seung Won,109142,0,R0~0,국6등급,0,20260829,토요일,1000,일반,1,0,0,0,0,0,0,0,0,암,암,0,0,0,0,0,0,0,홍윤화,Hong Yunwhoa,070306, (0%),-,52.5,0(),0
2,2세,0,0,0,0,0,0,0,0,0,0,0,0,0,0,0,0,0,0,0,0,0,0,별정A,0,0,0,24750000,9900000,6300000,2250000,1800000,3,-,마이티뮬란,MIGHTY MULAN,0055335,67,0,0,0,0,0,0,0,유승완,Yoo Seung Wan,080417,서울,한국,0,조병태,Cho Byung Tai,113005,0,R0~0,국6등급,0,20260829,토요일,1000,일반,1,0,0,0,0,0,0,0,0,암,암,0,0,0,0,0,0,0,서홍수,Seo Hong Soo,070160, (0%),-,52.5,0(),0
2,2세,0,0,0,0,0,0,0,0,0,0,0,0,0,0,0,0,0,0,0,0,0,0,별정A,0,0,0,24750000,9900000,6300000,2250000,1800000,4,-,아리온퀸즈,ARION QUEENS,0056966,67,0,0,0,0,0,0,0,우인철,Woo In Cheol,080621,서울,한국,0,권진환,Gweon Jin Hwan,122021,0,R0~0,국6등급,0,20260829,토요일,1000,일반,1,0,0,0,0,0,0,0,0,암,암,0,0,0,0,0,0,0,이관호,Lee Gwan Ho,070181, (0%),-,51.5,0(),0
2,2세,0,0,0,0,0,0,0,0,0,0,0,0,0,0,0,0,0,0,0,0,0,0,별정A,0,0,0,24750000,9900000,6300000,2250000,1800000,5,-,행운스타,HAENGUN STAR,0055524,67,0,0,0,0,0,0,0,조재로,Jo Jae Ro,080550,서울,한국,0,조경수,Cho Kyung Soo,214774,0,R0~0,국6등급,0,20260829,토요일,1000,일반,1,0,0,0,0,0,0,0,0,암,암,0,0,0,0,0,0,0,서인석,Seo In Seok,070165, (0%),-,52.5,0(),0
2,2세,0,0,0,0,0,0,0,0,0,0,0,0,0,0,0,0,0,0,0,0,0,0,별정A,0,0,0,24750000,9900000,6300000,2250000,1800000,6,-,툰테자,TUN TEJA,0056227,67,0,0,0,0,0,0,0,정정희,Jeong Jeong Hee,080530,서울,한국,0,로스린다 유누스,ROSLINDA YUNUS,125710,0,R0~0,국6등급,0,20260829,토요일,1000,일반,1,0,0,0,0,0,0,0,0,암,암,0,0,0,0,0,0,0,리카디,Luigi Riccardi,070244, (0%),-,52.5,0(),0
2,2세,0,0,0,0,0,0,0,0,0,0,0,0,0,0,0,0,0,0,0,0,0,0,별정A,0,0,0,24750000,9900000,6300000,2250000,1800000,7,-,걸작루비,GEOLJAK RUBY,0055472,67,0,0,0,0,0,0,0,이혁,Lee Hyeok,080486,서울,한국,0,박덕희,Park Deokhui,105249,0,R0~0,국6등급,0,20260829,토요일,1000,일반,1,0,0,0,0,0,0,0,0,암,암,0,0,0,0,0,0,0,정하백,Jung Haback,070293, (0%),-,52.5,0(),0
2,2세,0,0,0,0,0,0,0,0,0,0,0,0,0,0,0,0,0,0,0,0,0,0,별정A,0,0,0,24750000,9900000,6300000,2250000,1800000,8,-,파워풀스탠스,POWERFUL STANCE,0055787,67,0,0,0,0,0,0,0,루이스,Luis Felipe Quiroz Martinez,080624,서울,한국,0,지성배,Ji Seong Bae,111077,0,R0~0,국6등급,0,20260829,토요일,1000,일반,1,0,0,0,0,0,0,0,0,암,암,0,0,0,0,0,0,0,함완식,Ham Wan Sik,070248, (0%),-,52.5,0(),0
3,연령오픈,0,0,0,0,0,0,0,0,0,0,0,0,0,0,0,0,0,0,0,0,0,0,별정A,0,0,0,16500000,6600000,4200000,1500000,1200000,1,-,플라잉치프,FLYING CHIEF,0053917,67,0,0,0,0,0,0,0,김용근,Kim Yong Geun,080405,서울,한국,0,김형순,Kim Hyeong Sun,110028,0,R0~0,국6등급,0,20260829,토요일,1200,일반,2,0,0,0,0,0,0,0,0,거,성별오픈,0,0,0,0,0,0,0,이준철,Lee Joon Chel,070197, (0%),-,56,0(),0
4,연령오픈,0,0,0,0,0,0,0,0,0,0,0,0,0,0,0,0,0,0,0,0,0,0,별정A,0,0,0,16500000,6600000,4200000,1500000,1200000,2,-,피엔에스원,PNS WON,0050970,67,0,0,0,0,0,0,0,다실바,Francisco Da Silva,080568,서울,한국,0,피엔에스홈즈,Pns Home′S,118010,0,R0~0,국6등급,0,20260829,토요일,1200,일반,2,0,0,0,0,0,0,0,0,암,성별오픈,0,0,0,0,0,0,0,박윤규,Park Youn Gu,070117, (0%),-,54,0(),0
3,연령오픈,0,0,0,0,0,0,0,0,0,0,0,0,0,0,0,0,0,0,0,0,0,0,별정A,0,0,0,16500000,6600000,4200000,1500000,1200000,3,-,특급기상,TEUKGEUP GISANG,0054323,67,0,0,0,0,0,0,0,오수철,O Su Cheol,080608,서울,한국,0,김근영,Kim Geun Young,106272,0,R0~0,국6등급,0,20260829,토요일,1200,일반,2,0,0,0,0,0,0,0,0,암,성별오픈,0,0,0,0,0,0,0,이동국,Lee Dong Kook,070247, (0%),-,54,0(),0
3,연령오픈,0,0,0,0,0,0,0,0,0,0,0,0,0,0,0,0,0,0,0,0,0,0,별정A,0,0,0,16500000,6600000,4200000,1500000,1200000,4,-,라이즈파워,RISE POWER,0054178,67,0,0,0,0,0,0,0,우인철,Woo In Cheol,080621,서울,한국,0,박정재,Park Jeong Jae,010801,0,R0~0,국6등급,0,20260829,토요일,1200,일반,2,0,0,0,0,0,0,0,0,수,성별오픈,0,0,0,0,0,0,0,김동균,Kim Dong Kyun,070170, (0%),-,55,0(),0
3,연령오픈,0,0,0,0,0,0,0,0,0,0,0,0,0,0,0,0,0,0,0,0,0,0,별정A,0,0,0,16500000,6600000,4200000,1500000,1200000,5,-,아모스전사,AMOS JEONSA,0053269,67,0,0,0,0,0,0,0,정정희,Jeong Jeong Hee,080530,서울,한국,0,조아건설(주),JoA Construction,125009,0,R0~0,국6등급,0,20260829,토요일,1200,일반,2,0,0,0,0,0,0,0,0,수,성별오픈,0,0,0,0,0,0,0,홍윤화,Hong Yunwhoa,070306, (0%),-,56,0(),0
3,연령오픈,0,0,0,0,0,0,0,0,0,0,0,0,0,0,0,0,0,0,0,0,0,0,별정A,0,0,0,16500000,6600000,4200000,1500000,1200000,6,-,블루로즈,BLUE ROSE,0053509,67,0,0,0,0,0,0,0,김정준,Kim Jeong Jun,080473,서울,한국,0,범한산업,Bumhan Industries Co.,106114,0,R0~0,국6등급,0,20260829,토요일,1200,일반,2,0,0,0,0,0,0,0,0,암,성별오픈,0,0,0,0,0,0,0,이신우,Lee Shin Woo,070167, (0%),-,54,0(),0
3,연령오픈,0,0,0,0,0,0,0,0,0,0,0,0,0,0,0,0,0,0,0,0,0,0,별정A,0,0,0,16500000,6600000,4200000,1500000,1200000,7,-,스터닝히어로,STUNNING HERO,0053686,67,0,0,0,0,0,0,0,푸르칸,Furkan Yuksel,080611,서울,한국,0,박성구,Park Sung Koo,010244,0,R0~0,국6등급,0,20260829,토요일,1200,일반,2,0,0,0,0,0,0,0,0,수,성별오픈,0,0,0,0,0,0,0,김동균,Kim Dong Kyun,070170, (0%),-,56,0(),0
3,연령오픈,0,0,0,0,0,0,0,0,0,0,0,0,0,0,0,0,0,0,0,0,0,0,별정A,0,0,0,16500000,6600000,4200000,1500000,1200000,8,-,금성축제,GEUMSEONG CHUKJE,0053862,67,0,0,0,0,0,0,0,김태현,Kim Tae Hyun,080599,서울,한국,0,조창규,Cho Chang Kyu,065096,0,R0~0,국6등급,0,20260829,토요일,1200,일반,2,0,0,0,0,0,0,0,0,암,성별오픈,0,0,0,0,0,0,0,서인석,Seo In Seok,070165, (0%),-,54,0(),0
2,연령오픈,0,0,0,0,0,0,0,0,0,0,0,0,0,0,0,0,0,0,0,0,0,0,별정A,0,0,0,16500000,6600000,4200000,1500000,1200000,9,-,베스트프렌드,BEST FRIEND,0055267,67,0,0,0,0,0,0,0,이동하,Lee Dong Ha,080562,서울,한국,0,(주)나스카,Nasca,110034,0,R0~0,국6등급,0,20260829,토요일,1200,일반,2,0,0,0,0,0,0,0,0,수,성별오픈,0,0,0,0,0,0,0,문병기,Moon Byeong Ki,070225, (0%),-,54.5,0(),0
3,연령오픈,0,0,0,0,0,0,0,0,0,0,0,0,0,0,0,0,0,0,0,0,0,0,별정A,0,0,0,16500000,6600000,4200000,1500000,1200000,10,-,퀸즈레이스,QUEEN'S RACE,0053943,67,0,0,0,0,0,0,0,조상범,Jo Sang Beom,080533,서울,한국,0,박병현,Park Byeong Hyeon,112290,0,R0~0,국6등급,0,20260829,토요일,1200,일반,2,0,0,0,0,0,0,0,0,암,성별오픈,0,0,0,0,0,0,0,안병기,An Byung Ki,070146, (0%),-,54,0(),0
2,연령오픈,0,0,0,0,0,0,0,0,0,0,0,0,0,0,0,0,0,0,0,0,0,0,별정A,0,0,0,16500000,6600000,4200000,1500000,1200000,11,-,라온더칼,RAON THE KAL,0056217,67,0,0,0,0,0,0,0,장추열,Jang Chu Youl,080476,서울,한국,0,손천수,Son Chun Soo,106025,0,R0~0,국6등급,0,20260829,토요일,1200,일반,2,0,0,0,0,0,0,0,0,수,성별오픈,0,0,0,0,0,0,0,이강서,Lee Kangseo,070304, (0%),-,54.5,0(),0
4,연령오픈,0,0,0,0,0,0,0,0,0,0,0,0,0,0,0,0,0,0,0,0,0,0,별정A,0,0,0,16500000,6600000,4200000,1500000,1200000,1,-,원더풀치프,WONDERFUL CHIEF,0051308,68,0,0,0,0,0,0,0,김정준,Kim Jeong Jun,080473,서울,한국,0,(주)녹원목장,Nokwon Farm,106204,0,R0~0,국6등급,0,20260829,토요일,1300,일반,3,0,0,0,0,0,0,0,0,수,성별오픈,0,0,0,0,0,0,0,서인석,Seo In Seok,070165, (0%),-,56,0(),0
4,연령오픈,0,0,0,0,0,0,0,0,0,0,0,0,0,0,0,0,0,0,0,0,0,0,별정A,0,0,0,16500000,6600000,4200000,1500000,1200000,2,-,슈퍼캔디,SUPER CANDY,0054471,68,0,0,0,0,0,0,0,조재로,Jo Jae Ro,080550,서울,한국,0,(주)쎄쎄쎄,Cecece,124017,0,R0~0,국6등급,0,20260829,토요일,1300,일반,3,0,0,0,0,0,0,0,0,암,성별오픈,0,0,0,0,0,0,0,이동국,Lee Dong Kook,070247, (0%),-,54,0(),0
3,연령오픈,0,0,0,0,0,0,0,0,0,0,0,0,0,0,0,0,0,0,0,0,0,0,별정A,0,0,0,16500000,6600000,4200000,1500000,1200000,3,-,판타스틱브로,FANTASTIC BRO,0053438,68,0,0,0,0,0,0,0,오수철,O Su Cheol,080608,서울,한국,0,박병현,Park Byeong Hyeon,112290,0,R0~0,국6등급,0,20260829,토요일,1300,일반,3,0,0,0,0,0,0,0,0,암,성별오픈,0,0,0,0,0,0,0,안병기,An Byung Ki,070146, (0%),-,54,0(),0
4,연령오픈,0,0,0,0,0,0,0,0,0,0,0,0,0,0,0,0,0,0,0,0,0,0,별정A,0,0,0,16500000,6600000,4200000,1500000,1200000,4,-,스파이스밴드,SPICE BAND,0050825,68,0,0,0,0,0,0,0,푸르칸,Furkan Yuksel,080611,서울,한국,0,정영식,Jeong Young Sik,104154,0,R0~0,국6등급,0,20260829,토요일,1300,일반,3,0,0,0,0,0,0,0,0,암,성별오픈,0,0,0,0,0,0,0,이신우,Lee Shin Woo,070167, (0%),-,54,0(),0
4,연령오픈,0,0,0,0,0,0,0,0,0,0,0,0,0,0,0,0,0,0,0,0,0,0,별정A,0,0,0,16500000,6600000,4200000,1500000,1200000,5,-,비바참,BIBA CHARM,0051316,68,0,0,0,0,0,0,0,김태현,Kim Tae Hyun,080599,서울,한국,0,김명식,Kim Myung Sik,010226,0,R0~0,국6등급,0,20260829,토요일,1300,일반,3,0,0,0,0,0,0,0,0,암,성별오픈,0,0,0,0,0,0,0,전승규,Jeon Seung Gyu,070182, (0%),-,54,0(),0
5,연령오픈,0,0,0,0,0,0,0,0,0,0,0,0,0,0,0,0,0,0,0,0,0,0,별정A,0,0,0,16500000,6600000,4200000,1500000,1200000,6,-,피엔에스미,P N S ME,0046772,68,0,0,0,0,0,0,0,조한별,Cho Han Byeol,080515,서울,한국,0,피엔에스홈즈,Pns Home′S,118010,0,R0~0,국6등급,0,20260829,토요일,1300,일반,3,0,0,0,0,0,0,0,0,암,성별오픈,0,0,0,0,0,0,0,박윤규,Park Youn Gu,070117, (0%),-,54,0(),0
3,연령오픈,0,0,0,0,0,0,0,0,0,0,0,0,0,0,0,0,0,0,0,0,0,0,별정A,0,0,0,16500000,6600000,4200000,1500000,1200000,7,-,그랜드커리지,GRAND COURAGE,0053024,68,0,0,0,0,0,0,0,유승완,Yoo Seung Wan,080417,서울,한국,0,강종우,Kang Jong Woo,065110,0,R0~0,국6등급,0,20260829,토요일,1300,일반,3,0,0,0,0,0,0,0,0,수,성별오픈,0,0,0,0,0,0,0,배휴준,Bae Hou Jun,070144, (0%),-,56,0(),0
3,연령오픈,0,0,0,0,0,0,0,0,0,0,0,0,0,0,0,0,0,0,0,0,0,0,별정A,0,0,0,16500000,6600000,4200000,1500000,1200000,8,-,프라임스타,PRIME STAR,0054260,68,0,0,0,0,0,0,0,송재철,Song Jae Chul,080513,서울,한국,0,양순희,Yang Sun Hee,118017,0,R0~0,국6등급,0,20260829,토요일,1300,일반,3,0,0,0,0,0,0,0,0,암,성별오픈,0,0,0,0,0,0,0,임채덕,Lim Chae Deok,070198, (0%),-,54,0(),0
3,연령오픈,0,0,0,0,0,0,0,0,0,0,0,0,0,0,0,0,0,0,0,0,0,0,별정A,0,0,0,16500000,6600000,4200000,1500000,1200000,9,-,히어로드래건,HERO DRAGON,0052916,68,0,0,0,0,0,0,0,임다빈,Lim Da Bin,080602,서울,한국,0,임재형,Ym Jae hyeong,216306,0,R0~0,국6등급,0,20260829,토요일,1300,일반,3,0,0,0,0,0,0,0,0,암,성별오픈,0,0,0,0,0,0,0,백종수,Baek Jongsu,070300, (0%),-,54,0(),0
3,연령오픈,0,0,0,0,0,0,0,0,0,0,0,0,0,0,0,0,0,0,0,0,0,0,별정A,0,0,0,16500000,6600000,4200000,1500000,1200000,10,-,래피드총알,RAPID CHONGAL,0054864,68,0,0,0,0,0,0,0,김태희,Kim Tae Hui,080603,서울,한국,0,박정재,Park Jeong Jae,010801,0,R0~0,국6등급,0,20260829,토요일,1300,일반,3,0,0,0,0,0,0,0,0,암,성별오픈,0,0,0,0,0,0,0,박재우,Park Jae Woo,070164, (0%),-,54,0(),0
3,연령오픈,0,0,0,0,0,0,0,0,0,0,0,0,0,0,0,0,0,0,0,0,0,0,별정A,0,0,0,16500000,6600000,4200000,1500000,1200000,11,-,나이트캡틴,NIGHT CAPTAIN,0053927,68,0,0,0,0,0,0,0,조상범,Jo Sang Beom,080533,서울,한국,0,신명석,Shin Myeong Suk,123002,0,R0~0,국6등급,0,20260829,토요일,1300,일반,3,0,0,0,0,0,0,0,0,암,성별오픈,0,0,0,0,0,0,0,조현수,Cho Hyun Soo,070199, (0%),-,54,0(),0
4,연령오픈,0,0,0,0,0,0,0,0,0,0,0,0,0,0,0,0,0,0,0,0,0,0,핸디캡,0,0,0,24750000,9900000,6300000,2250000,1800000,1,-,문학벨,MUNHAK BELL,0051740,67,0,0,0,0,0,0,0,루이스,Luis Felipe Quiroz Martinez,080624,서울,한국,0,권경자,KWON KYUNG JA,105222,0,R1~35,국5등급,32,20260829,토요일,1700,일반,4,0,0,0,0,0,0,0,0,암,성별오픈,0,0,0,0,0,0,0,박재우,Park Jae Woo,070164, (0%),-,56.5,0(),0
3,연령오픈,0,0,0,0,0,0,0,0,0,0,0,0,0,0,0,0,0,0,0,0,0,0,핸디캡,0,0,0,24750000,9900000,6300000,2250000,1800000,2,-,세이버스,SAVERS,0053761,67,0,0,0,0,0,0,0,조재로,Jo Jae Ro,080550,서울,한국,0,김광두,Kim Gwang Du,109029,0,R1~35,국5등급,28,20260829,토요일,1700,일반,4,0,0,0,0,0,0,0,0,수,성별오픈,0,0,0,0,0,0,0,정하백,Jung Haback,070293, (0%),-,56.5,0(),0
5,연령오픈,0,0,0,0,0,0,0,0,0,0,0,0,0,0,0,0,0,0,0,0,0,0,핸디캡,0,0,0,24750000,9900000,6300000,2250000,1800000,3,-,러브스칼렛,LOVE SCARLET,0046673,67,0,0,0,0,0,0,0,푸르칸,Furkan Yuksel,080611,서울,한국,0,지앤지스타트(주),G&G START,125028,0,R1~35,국5등급,32,20260829,토요일,1700,일반,4,0,0,0,0,0,0,0,0,암,성별오픈,0,0,0,0,0,0,0,강환민,Kang Hwan Min,070175, (0%),-,56.5,0(),0
3,연령오픈,0,0,0,0,0,0,0,0,0,0,0,0,0,0,0,0,0,0,0,0,0,0,핸디캡,0,0,0,24750000,9900000,6300000,2250000,1800000,4,-,미스터크레딧,MR.CREDIT,0054881,67,0,0,0,0,0,0,0,이혁,Lee Hyeok,080486,서울,한국,0,박순옥,Park Sun Ok,118016,0,R1~35,국5등급,26,20260829,토요일,1700,일반,4,0,0,0,0,0,0,0,0,수,성별오픈,0,0,0,0,0,0,0,서범석,Seo Bum Seok,070096, (0%),-,55.5,0(),0
3,연령오픈,0,0,0,0,0,0,0,0,0,0,0,0,0,0,0,0,0,0,0,0,0,0,핸디캡,0,0,0,24750000,9900000,6300000,2250000,1800000,5,-,블랙마마,BLACK MAMA,0053708,67,0,0,0,0,0,0,0,마이아,Ruan Merari Maia,080616,서울,한국,0,파인트리,Pine Tree,123028,0,R1~35,국5등급,32,20260829,토요일,1700,일반,4,0,0,0,0,0,0,0,0,암,성별오픈,0,0,0,0,0,0,0,박재우,Park Jae Woo,070164, (0%),-,56.5,0(),0
4,연령오픈,0,0,0,0,0,0,0,0,0,0,0,0,0,0,0,0,0,0,0,0,0,0,핸디캡,0,0,0,24750000,9900000,6300000,2250000,1800000,6,-,혁명의질주,HYEOKMYEONGUIJILJU,0050900,67,0,0,0,0,0,0,0,임다빈,Lim Da Bin,080602,서울,한국,0,미리내,Mirinae,116057,0,R1~35,국5등급,27,20260829,토요일,1700,일반,4,0,0,0,0,0,0,0,0,암,성별오픈,0,0,0,0,0,0,0,배휴준,Bae Hou Jun,070144, (0%),-,54,0(),0
5,연령오픈,0,0,0,0,0,0,0,0,0,0,0,0,0,0,0,0,0,0,0,0,0,0,핸디캡,0,0,0,24750000,9900000,6300000,2250000,1800000,7,-,학산대세,HAKSAN DAESE,0047264,67,0,0,0,0,0,0,0,빅투아르,Johan Victoire,080582,서울,한국,0,황봉기,Hwang Bong Ki,119036,0,R1~35,국5등급,24,20260829,토요일,1700,일반,4,0,0,0,0,0,0,0,0,암,성별오픈,0,0,0,0,0,0,0,문세영,Moon Seyoung,070290, (0%),-,52.5,0(),0
4,연령오픈,0,0,0,0,0,0,0,0,0,0,0,0,0,0,0,0,0,0,0,0,0,0,핸디캡,0,0,0,24750000,9900000,6300000,2250000,1800000,8,-,블랙러시안,BLACK RUSSIAN,0051036,67,0,0,0,0,0,0,0,서승운,Seo Seung Un,080484,서울,한국,0,박재용,Park Jae Yong,123005,0,R1~35,국5등급,25,20260829,토요일,1700,일반,4,0,0,0,0,0,0,0,0,거,성별오픈,0,0,0,0,0,0,0,성상현,Seong Sanghyun,070289, (0%),-,55,0(),0
3,연령오픈,0,0,0,0,0,0,0,0,0,0,0,0,0,0,0,0,0,0,0,0,0,0,핸디캡,0,0,0,24750000,9900000,6300000,2250000,1800000,9,-,라온킹스맨,RAON KINGSMAN,0053645,67,0,0,0,0,0,0,0,장추열,Jang Chu Youl,080476,서울,한국,0,손천수,Son Chun Soo,106025,0,R1~35,국5등급,28,20260829,토요일,1700,일반,4,0,0,0,0,0,0,0,0,수,성별오픈,0,0,0,0,0,0,0,이강서,Lee Kangseo,070304, (0%),-,56.5,0(),0
5,연령오픈,0,0,0,0,0,0,0,0,0,0,0,0,0,0,0,0,0,0,0,0,0,0,핸디캡,0,0,0,24750000,9900000,6300000,2250000,1800000,10,-,샤크텐,SHARKTEN,0046999,67,0,0,0,0,0,0,0,조상범,Jo Sang Beom,080533,서울,한국,0,힐링팜조합,Healing Farm Union,122017,0,R1~35,국5등급,28,20260829,토요일,1700,일반,4,0,0,0,0,0,0,0,0,거,성별오픈,0,0,0,0,0,0,0,박지헌,Park Jee Heon,070264, (0%),-,56.5,0(),0
4,연령오픈,0,0,0,0,0,0,0,0,0,0,0,0,0,0,0,0,0,0,0,0,0,0,핸디캡,0,0,0,24750000,9900000,6300000,2250000,1800000,1,-,폭스트롯,FOX TROT,0050951,67,0,0,0,0,0,0,0,김정준,Kim Jeong Jun,080473,서울,한국,0,본투런,Born To Run,121018,0,R1~35,국5등급,23,20260829,토요일,1200,일반,5,0,0,0,0,0,0,0,0,암,성별오픈,0,0,0,0,0,0,0,박병일,Park Byeong Il,070163, (0%),-,52.5,0(),0
5,연령오픈,0,0,0,0,0,0,0,0,0,0,0,0,0,0,0,0,0,0,0,0,0,0,핸디캡,0,0,0,24750000,9900000,6300000,2250000,1800000,2,-,주링스카이,JURING SKY,0047071,67,0,0,0,0,0,0,0,서승운,Seo Seung Un,080484,서울,한국,0,최임규,Cho Eim Gyu,113032,0,R1~35,국5등급,33,20260829,토요일,1200,일반,5,0,0,0,0,0,0,0,0,암,성별오픈,0,0,0,0,0,0,0,김동균,Kim Dong Kyun,070170, (0%),-,55,0(),0
3,연령오픈,0,0,0,0,0,0,0,0,0,0,0,0,0,0,0,0,0,0,0,0,0,0,핸디캡,0,0,0,24750000,9900000,6300000,2250000,1800000,3,-,서울비행,SEOUL BIHAENG,0054384,67,0,0,0,0,0,0,0,코지,Kazuya Asano,080617,서울,한국,0,이동좌,Lee Dong Joa,106080,0,R1~35,국5등급,29,20260829,토요일,1200,일반,5,0,0,0,0,0,0,0,0,수,성별오픈,0,0,0,0,0,0,0,이관호,Lee Gwan Ho,070181, (0%),-,55,0(),0
3,연령오픈,0,0,0,0,0,0,0,0,0,0,0,0,0,0,0,0,0,0,0,0,0,0,핸디캡,0,0,0,24750000,9900000,6300000,2250000,1800000,4,-,라온더클라라,RAON THE CLARA,0053644,67,0,0,0,0,0,0,0,이혁,Lee Hyeok,080486,서울,한국,0,라온랜드(주),Raon Land,123026,0,R1~35,국5등급,31,20260829,토요일,1200,일반,5,0,0,0,0,0,0,0,0,암,성별오픈,0,0,0,0,0,0,0,이강서,Lee Kangseo,070304, (0%),-,54,0(),0
3,연령오픈,0,0,0,0,0,0,0,0,0,0,0,0,0,0,0,0,0,0,0,0,0,0,핸디캡,0,0,0,24750000,9900000,6300000,2250000,1800000,5,-,학산새미,HAKSAN SAMMY,0053969,67,0,0,0,0,0,0,0,이동하,Lee Dong Ha,080562,서울,한국,0,황봉기,Hwang Bong Ki,119036,0,R1~35,국5등급,29,20260829,토요일,1200,일반,5,0,0,0,0,0,0,0,0,암,성별오픈,0,0,0,0,0,0,0,박병일,Park Byeong Il,070163, (0%),-,53,0(),0
4,연령오픈,0,0,0,0,0,0,0,0,0,0,0,0,0,0,0,0,0,0,0,0,0,0,핸디캡,0,0,0,24750000,9900000,6300000,2250000,1800000,6,-,예스엔젤,YES ANGEL,0050780,67,0,0,0,0,0,0,0,김효정,Kim Hyo Jung,080578,서울,한국,0,조창규,Cho Chang Kyu,065096,0,R1~35,국5등급,23,20260829,토요일,1200,일반,5,0,0,0,0,0,0,0,0,암,성별오픈,0,0,0,0,0,0,0,박재우,Park Jae Woo,070164, (0%),-,52.5,0(),0
3,연령오픈,0,0,0,0,0,0,0,0,0,0,0,0,0,0,0,0,0,0,0,0,0,0,핸디캡,0,0,0,24750000,9900000,6300000,2250000,1800000,7,-,용비신화,YONGBI SHINHWA,0053353,67,0,0,0,0,0,0,0,김용근,Kim Yong Geun,080405,서울,한국,0,정성진,Jung Sung Jin,122013,0,R1~35,국5등급,33,20260829,토요일,1200,일반,5,0,0,0,0,0,0,0,0,거,성별오픈,0,0,0,0,0,0,0,조현수,Cho Hyun Soo,070199, (0%),-,57,0(),0
3,연령오픈,0,0,0,0,0,0,0,0,0,0,0,0,0,0,0,0,0,0,0,0,0,0,핸디캡,0,0,0,24750000,9900000,6300000,2250000,1800000,8,-,이클립스엘리,ECLIPSE ELLY,0053793,67,0,0,0,0,0,0,0,박재이,Park Jae I,080546,서울,한국,0,조한수,Cho Han Su,122023,0,R1~35,국5등급,28,20260829,토요일,1200,일반,5,0,0,0,0,0,0,0,0,암,성별오픈,0,0,0,0,0,0,0,이준철,Lee Joon Chel,070197, (0%),-,52.5,0(),0
3,연령오픈,0,0,0,0,0,0,0,0,0,0,0,0,0,0,0,0,0,0,0,0,0,0,핸디캡,0,0,0,24750000,9900000,6300000,2250000,1800000,9,-,뷰티풀리,BEAUTIFULLY,0053257,67,0,0,0,0,0,0,0,조재로,Jo Jae Ro,080550,서울,한국,0,박광순,Park Kwang Soon,104131,0,R1~35,국5등급,28,20260829,토요일,1200,일반,5,0,0,0,0,0,0,0,0,암,성별오픈,0,0,0,0,0,0,0,박천서,Park Chun Seo,070115, (0%),-,52.5,0(),0
4,연령오픈,0,0,0,0,0,0,0,0,0,0,0,0,0,0,0,0,0,0,0,0,0,0,핸디캡,0,0,0,24750000,9900000,6300000,2250000,1800000,10,-,문학파이터,MUNHAK FIGHTER,0050690,67,0,0,0,0,0,0,0,루이스,Luis Felipe Quiroz Martinez,080624,서울,한국,0,권경자,KWON KYUNG JA,105222,0,R1~35,국5등급,33,20260829,토요일,1200,일반,5,0,0,0,0,0,0,0,0,암,성별오픈,0,0,0,0,0,0,0,정호익,Jung Ho Ik,070148, (0%),-,55,0(),0
3,연령오픈,0,0,0,0,0,0,0,0,0,0,0,0,0,0,0,0,0,0,0,0,0,0,핸디캡,0,0,0,24750000,9900000,6300000,2250000,1800000,11,-,영원한스타,YEONGWONHAN STAR,0053592,67,0,0,0,0,0,0,0,송재철,Song Jae Chul,080513,서울,한국,0,조병해,Cho Byung Hae,010457,0,R1~35,국5등급,33,20260829,토요일,1200,일반,5,0,0,0,0,0,0,0,0,암,성별오픈,0,0,0,0,0,0,0,이동국,Lee Dong Kook,070247, (0%),-,55,0(),0
3,연령오픈,0,0,0,0,0,0,0,0,0,0,0,0,0,0,0,0,0,0,0,0,0,0,핸디캡,0,0,0,24750000,9900000,6300000,2250000,1800000,1,-,벌교엠퍼러,BEOLGYO EMPEROR,0054201,67,0,0,0,0,0,0,0,김철호,Kim Cheol Ho,080434,서울,한국,0,유성훈,You Sung Hoon,123007,0,R1~35,국5등급,32,20260829,토요일,1300,일반,6,0,0,0,0,0,0,0,0,수,성별오픈,0,0,0,0,0,0,0,문세영,Moon Seyoung,070290, (0%),-,55.5,0(),0
3,연령오픈,0,0,0,0,0,0,0,0,0,0,0,0,0,0,0,0,0,0,0,0,0,0,핸디캡,0,0,0,24750000,9900000,6300000,2250000,1800000,2,-,금아온포인트,GEUMA ON POINT,0053641,67,0,0,0,0,0,0,0,김정준,Kim Jeong Jun,080473,서울,한국,0,금아산업(주),Kuem A Industry Co Ltd,117038,0,R1~35,국5등급,26,20260829,토요일,1300,일반,6,0,0,0,0,0,0,0,0,거,성별오픈,0,0,0,0,0,0,0,이관호,Lee Gwan Ho,070181, (0%),-,52.5,0(),0
3,연령오픈,0,0,0,0,0,0,0,0,0,0,0,0,0,0,0,0,0,0,0,0,0,0,핸디캡,0,0,0,24750000,9900000,6300000,2250000,1800000,3,-,화이트잭팟,WHITE JACKPOT,0053194,67,0,0,0,0,0,0,0,정정희,Jeong Jeong Hee,080530,서울,한국,0,이강운,Lee Kang Woon,121047,0,R1~35,국5등급,29,20260829,토요일,1300,일반,6,0,0,0,0,0,0,0,0,거,성별오픈,0,0,0,0,0,0,0,리카디,Luigi Riccardi,070244, (0%),-,54,0(),0
4,연령오픈,0,0,0,0,0,0,0,0,0,0,0,0,0,0,0,0,0,0,0,0,0,0,핸디캡,0,0,0,24750000,9900000,6300000,2250000,1800000,4,-,와달비,WADALBI,0051778,67,0,0,0,0,0,0,0,김태희,Kim Tae Hui,080603,서울,한국,0,(주)늘푸른목장,Evergreen Farm,104176,0,R1~35,국5등급,28,20260829,토요일,1300,일반,6,0,0,0,0,0,0,0,0,거,성별오픈,0,0,0,0,0,0,0,이동국,Lee Dong Kook,070247, (0%),-,53.5,0(),0
5,연령오픈,0,0,0,0,0,0,0,0,0,0,0,0,0,0,0,0,0,0,0,0,0,0,핸디캡,0,0,0,24750000,9900000,6300000,2250000,1800000,5,-,엑스팩터,X-FACTOR,0047116,67,0,0,0,0,0,0,0,서승운,Seo Seung Un,080484,서울,한국,0,공이공팔,Gong  I Gong Pal,116054,0,R1~35,국5등급,35,20260829,토요일,1300,일반,6,0,0,0,0,0,0,0,0,거,성별오픈,0,0,0,0,0,0,0,김동균,Kim Dong Kyun,070170, (0%),-,57,0(),0
3,연령오픈,0,0,0,0,0,0,0,0,0,0,0,0,0,0,0,0,0,0,0,0,0,0,핸디캡,0,0,0,24750000,9900000,6300000,2250000,1800000,6,-,세명피크,SEMYEONG PEAK,0053872,67,0,0,0,0,0,0,0,푸르칸,Furkan Yuksel,080611,서울,한국,0,이기철,Lee Gi Cheol,111051,0,R1~35,국5등급,26,20260829,토요일,1300,일반,6,0,0,0,0,0,0,0,0,암,성별오픈,0,0,0,0,0,0,0,차우호,Cha Wooho,070305, (0%),-,52.5,0(),0
3,연령오픈,0,0,0,0,0,0,0,0,0,0,0,0,0,0,0,0,0,0,0,0,0,0,핸디캡,0,0,0,24750000,9900000,6300000,2250000,1800000,7,-,팔팔날아,PALPALNARA,0054466,67,0,0,0,0,0,0,0,다실바,Francisco Da Silva,080568,서울,한국,0,퍼플라인,Purple Line,121053,0,R1~35,국5등급,26,20260829,토요일,1300,일반,6,0,0,0,0,0,0,0,0,암,성별오픈,0,0,0,0,0,0,0,박윤규,Park Youn Gu,070117, (0%),-,52.5,0(),0
4,연령오픈,0,0,0,0,0,0,0,0,0,0,0,0,0,0,0,0,0,0,0,0,0,0,핸디캡,0,0,0,24750000,9900000,6300000,2250000,1800000,8,-,이클립스에지,ECLIPSE EDGE,0051223,67,0,0,0,0,0,0,0,김옥성,Kim Ok Sung,080100,서울,한국,0,조한수,Cho Han Su,122023,0,R1~35,국5등급,27,20260829,토요일,1300,일반,6,0,0,0,0,0,0,0,0,거,성별오픈,0,0,0,0,0,0,0,서홍수,Seo Hong Soo,070160, (0%),-,53,0(),0
6,연령오픈,0,0,0,0,0,0,0,0,0,0,0,0,0,0,0,0,0,0,0,0,0,0,핸디캡,0,0,0,24750000,9900000,6300000,2250000,1800000,9,-,그래티튜드,GRATITUDE,0046161,67,0,0,0,0,0,0,0,김효정,Kim Hyo Jung,080578,서울,한국,0,(주)일진코스메틱,Il Jin Cosmetic,030028,0,R1~35,국5등급,23,20260829,토요일,1300,일반,6,0,0,0,0,0,0,0,0,암,성별오픈,0,0,0,0,0,0,0,이신우,Lee Shin Woo,070167, (0%),-,52.5,0(),0
6,연령오픈,0,0,0,0,0,0,0,0,0,0,0,0,0,0,0,0,0,0,0,0,0,0,핸디캡,0,0,0,24750000,9900000,6300000,2250000,1800000,10,-,파이널축제,FINAL CHUKJE,0045339,67,0,0,0,0,0,0,0,조상범,Jo Sang Beom,080533,서울,한국,0,럭키,Lucky,124010,0,R1~35,국5등급,35,20260829,토요일,1300,일반,6,0,0,0,0,0,0,0,0,수,성별오픈,0,0,0,0,0,0,0,임채덕,Lim Chae Deok,070198, (0%),-,57,0(),0
4,연령오픈,0,0,0,0,0,0,0,0,0,0,0,0,0,0,0,0,0,0,0,0,0,0,핸디캡,0,0,0,24750000,9900000,6300000,2250000,1800000,11,-,그랜드쾌마,GRAND KWAEMA,0051037,67,0,0,0,0,0,0,0,임기원,Lim Gi Won,080487,서울,한국,0,박재범,Park Jae Beom,104040,0,R1~35,국5등급,27,20260829,토요일,1300,일반,6,0,0,0,0,0,0,0,0,수,성별오픈,0,0,0,0,0,0,0,송문길,Song Moon Gil,070179, (0%),-,53,0(),0
4,연령오픈,0,0,0,0,0,0,0,0,0,0,0,0,0,0,0,0,0,0,0,0,0,0,핸디캡,0,0,0,33000000,13200000,8400000,3000000,2400000,1,-,퀸다이아,QUEEN DIA,0051562,67,0,0,0,0,0,0,0,장추열,Jang Chu Youl,080476,서울,한국,0,김아라,Kim Ah Ra,121015,0,R1~50,국4등급,49,20260829,토요일,1600,일반,7,0,0,0,0,0,0,0,0,암,암,0,0,0,0,0,0,0,이관호,Lee Gwan Ho,070181, (0%),-,56.5,0(),0
4,연령오픈,0,0,0,0,0,0,0,0,0,0,0,0,0,0,0,0,0,0,0,0,0,0,핸디캡,0,0,0,33000000,13200000,8400000,3000000,2400000,2,-,세명다이아,SEMYEONG DIA,0054761,67,0,0,0,0,0,0,0,이혁,Lee Hyeok,080486,서울,한국,0,이기철,Lee Gi Cheol,111051,0,R1~50,국4등급,37,20260829,토요일,1600,일반,7,0,0,0,0,0,0,0,0,암,암,0,0,0,0,0,0,0,배휴준,Bae Hou Jun,070144, (0%),-,52.5,0(),0
3,연령오픈,0,0,0,0,0,0,0,0,0,0,0,0,0,0,0,0,0,0,0,0,0,0,핸디캡,0,0,0,33000000,13200000,8400000,3000000,2400000,3,-,와일드매직,WILD MAGIC,0053941,67,0,0,0,0,0,0,0,김효정,Kim Hyo Jung,080578,서울,한국,0,이시돌협회,Isidore Farm,103012,0,R1~50,국4등급,50,20260829,토요일,1600,일반,7,0,0,0,0,0,0,0,0,암,암,0,0,0,0,0,0,0,리카디,Luigi Riccardi,070244, (0%),-,57,0(),0
6,연령오픈,0,0,0,0,0,0,0,0,0,0,0,0,0,0,0,0,0,0,0,0,0,0,핸디캡,0,0,0,33000000,13200000,8400000,3000000,2400000,4,-,울트라삭스,ULTRA SOCKS,0045476,67,0,0,0,0,0,0,0,우인철,Woo In Cheol,080621,서울,한국,0,김창식,Kim Chang Sik,010352,0,R1~50,국4등급,39,20260829,토요일,1600,일반,7,0,0,0,0,0,0,0,0,암,암,0,0,0,0,0,0,0,강성오,Kang Sung O,070174, (0%),-,51,0(),0
3,연령오픈,0,0,0,0,0,0,0,0,0,0,0,0,0,0,0,0,0,0,0,0,0,0,핸디캡,0,0,0,33000000,13200000,8400000,3000000,2400000,5,-,마이티샤인,MIGHTY SHINE,0052990,67,0,0,0,0,0,0,0,마이아,Ruan Merari Maia,080616,서울,한국,0,조제형,Cho Jae Hyang,122031,0,R1~50,국4등급,45,20260829,토요일,1600,일반,7,0,0,0,0,0,0,0,0,암,암,0,0,0,0,0,0,0,서홍수,Seo Hong Soo,070160, (0%),-,54.5,0(),0
4,연령오픈,0,0,0,0,0,0,0,0,0,0,0,0,0,0,0,0,0,0,0,0,0,0,핸디캡,0,0,0,33000000,13200000,8400000,3000000,2400000,6,-,원더풀어롱,WONDERFUL ALONG,0051529,67,0,0,0,0,0,0,0,다실바,Francisco Da Silva,080568,서울,한국,0,(주)녹원목장,Nokwon Farm,106204,0,R1~50,국4등급,39,20260829,토요일,1600,일반,7,0,0,0,0,0,0,0,0,암,암,0,0,0,0,0,0,0,서범석,Seo Bum Seok,070096, (0%),-,52.5,0(),0
3,연령오픈,0,0,0,0,0,0,0,0,0,0,0,0,0,0,0,0,0,0,0,0,0,0,핸디캡,0,0,0,33000000,13200000,8400000,3000000,2400000,7,-,아리온퀸카,ARION QUEEN CAR,0053918,67,0,0,0,0,0,0,0,조재로,Jo Jae Ro,080550,서울,한국,0,권진환,Gweon Jin Hwan,122021,0,R1~50,국4등급,37,20260829,토요일,1600,일반,7,0,0,0,0,0,0,0,0,암,암,0,0,0,0,0,0,0,이동국,Lee Dong Kook,070247, (0%),-,52.5,0(),0
6,연령오픈,0,0,0,0,0,0,0,0,0,0,0,0,0,0,0,0,0,0,0,0,0,0,핸디캡,0,0,0,33000000,13200000,8400000,3000000,2400000,8,-,컴플리트스텝,COMPLETE STEP,0046539,67,0,0,0,0,0,0,0,임기원,Lim Gi Won,080487,서울,한국,0,장석영,Jang Suk Young,010355,0,R1~50,국4등급,49,20260829,토요일,1600,일반,7,0,0,0,0,0,0,0,0,암,암,0,0,0,0,0,0,0,이신우,Lee Shin Woo,070167, (0%),-,56.5,0(),0
5,연령오픈,0,0,0,0,0,0,0,0,0,0,0,0,0,0,0,0,0,0,0,0,0,0,핸디캡,0,0,0,33000000,13200000,8400000,3000000,2400000,9,-,티나케이,TINA K,0054020,67,0,0,0,0,0,0,0,정도윤,Jung Do Yun,080565,서울,미국,0,강경운,Kang Gyeong Un,117025,0,R1~50,국4등급,46,20260829,토요일,1600,일반,7,0,0,0,0,0,0,0,0,암,암,0,0,0,0,0,0,0,최용건,Choi Yong Geon,070200, (0%),-,55,0(),0
3,연령오픈,0,0,0,0,0,0,0,0,0,0,0,0,0,0,0,0,0,0,0,0,0,0,핸디캡,0,0,0,33000000,13200000,8400000,3000000,2400000,10,-,해피투게더,HAPPY TOGETHER,0053198,67,0,0,0,0,0,0,0,조한별,Cho Han Byeol,080515,서울,한국,0,김기종,Kim Ki Jong,106296,0,R1~50,국4등급,46,20260829,토요일,1600,일반,7,0,0,0,0,0,0,0,0,암,암,0,0,0,0,0,0,0,정하백,Jung Haback,070293, (0%),-,55,0(),0
4,연령오픈,0,0,0,0,0,0,0,0,0,0,0,0,0,0,0,0,0,0,0,0,0,0,핸디캡,0,0,0,49500000,19800000,12600000,4500000,3600000,1,-,블루넬로,BLUE NELLO,0056398,67,0,0,0,0,0,0,0,서승운,Seo Seung Un,080484,서울,미국,0,최병욱,CHOI BYEONG WOOK,117009,0,R1~80,2등급,67,20260829,토요일,1800,일반,8,0,0,0,0,0,0,0,0,수,성별오픈,0,0,0,0,0,0,0,박윤규,Park Youn Gu,070117, (0%),-,53,0(),0
5,연령오픈,0,0,0,0,0,0,0,0,0,0,0,0,0,0,0,0,0,0,0,0,0,0,핸디캡,0,0,0,49500000,19800000,12600000,4500000,3600000,2,-,슈퍼선더,SUPER THUNDER,0055090,67,0,0,0,0,0,0,0,정정희,Jeong Jeong Hee,080530,서울,뉴질랜드,0,양동희,Yang Dong Hui,117027,0,R1~80,2등급,64,20260829,토요일,1800,일반,8,0,0,0,0,0,0,0,0,거,성별오픈,0,0,0,0,0,0,0,최용건,Choi Yong Geon,070200, (0%),-,52.5,0(),0
7,연령오픈,0,0,0,0,0,0,0,0,0,0,0,0,0,0,0,0,0,0,0,0,0,0,핸디캡,0,0,0,49500000,19800000,12600000,4500000,3600000,3,-,머스탱파워,MUSTANG POWER,0044706,67,0,0,0,0,0,0,0,푸르칸,Furkan Yuksel,080611,서울,한국,0,이영성,Lee Yeong Seong,109019,0,R1~80,2등급,76,20260829,토요일,1800,일반,8,0,0,0,0,0,0,0,0,거,성별오픈,0,0,0,0,0,0,0,강환민,Kang Hwan Min,070175, (0%),-,57.5,0(),0
5,연령오픈,0,0,0,0,0,0,0,0,0,0,0,0,0,0,0,0,0,0,0,0,0,0,핸디캡,0,0,0,49500000,19800000,12600000,4500000,3600000,4,-,새파랑,SAEPARANG,0054029,67,0,0,0,0,0,0,0,장추열,Jang Chu Youl,080476,서울,미국,0,최현우,Choi Hyeon U,109004,0,R1~80,2등급,71,20260829,토요일,1800,일반,8,0,0,0,0,0,0,0,0,수,성별오픈,0,0,0,0,0,0,0,서범석,Seo Bum Seok,070096, (0%),-,55,0(),0
5,연령오픈,0,0,0,0,0,0,0,0,0,0,0,0,0,0,0,0,0,0,0,0,0,0,핸디캡,0,0,0,49500000,19800000,12600000,4500000,3600000,5,-,위즈러너,WHIZ RUNNER,0054008,67,0,0,0,0,0,0,0,송재철,Song Jae Chul,080513,서울,미국,0,최몽주,Choi Mong Ju,111028,0,R1~80,2등급,70,20260829,토요일,1800,일반,8,0,0,0,0,0,0,0,0,거,성별오픈,0,0,0,0,0,0,0,홍윤화,Hong Yunwhoa,070306, (0%),-,54.5,0(),0
3,연령오픈,0,0,0,0,0,0,0,0,0,0,0,0,0,0,0,0,0,0,0,0,0,0,핸디캡,0,0,0,49500000,19800000,12600000,4500000,3600000,6,-,지비볼트,G B VAULT,0060345,67,0,0,0,0,0,0,0,빅투아르,Johan Victoire,080582,서울,미국,0,손병석,Son Byung Seok,123009,0,R1~80,2등급,77,20260829,토요일,1800,일반,8,0,0,0,0,0,0,0,0,거,성별오픈,0,0,0,0,0,0,0,리카디,Luigi Riccardi,070244, (0%),-,58,0(),0
4,연령오픈,0,0,0,0,0,0,0,0,0,0,0,0,0,0,0,0,0,0,0,0,0,0,핸디캡,0,0,0,49500000,19800000,12600000,4500000,3600000,7,-,학산다크호스,HAKSAN DARK HORSE,0050685,67,0,0,0,0,0,0,0,이동하,Lee Dong Ha,080562,서울,한국,0,황봉기,Hwang Bong Ki,119036,0,R1~80,2등급,70,20260829,토요일,1800,일반,8,0,0,0,0,0,0,0,0,수,성별오픈,0,0,0,0,0,0,0,문세영,Moon Seyoung,070290, (0%),-,54.5,0(),0
4,연령오픈,0,0,0,0,0,0,0,0,0,0,0,0,0,0,0,0,0,0,0,0,0,0,핸디캡,0,0,0,49500000,19800000,12600000,4500000,3600000,8,-,케이드래곤,KEIDRAGON,0054604,67,0,0,0,0,0,0,0,김용근,Kim Yong Geun,080405,서울,캐나다,0,김형란,Kim Hyeong Ran,112270,0,R1~80,2등급,74,20260829,토요일,1800,일반,8,0,0,0,0,0,0,0,0,거,성별오픈,0,0,0,0,0,0,0,이준철,Lee Joon Chel,070197, (0%),-,56.5,0(),0
7,연령오픈,0,0,0,0,0,0,0,0,0,0,0,0,0,0,0,0,0,0,0,0,0,0,핸디캡,0,0,0,49500000,19800000,12600000,4500000,3600000,9,-,월드참,WORLD CHARM,0045158,67,0,0,0,0,0,0,0,조상범,Jo Sang Beom,080533,서울,한국,0,유성훈,You Sung Hoon,123007,0,R1~80,2등급,66,20260829,토요일,1800,일반,8,0,0,0,0,0,0,0,0,수,성별오픈,0,0,0,0,0,0,0,박지헌,Park Jee Heon,070264, (0%),-,52.5,0(),0
5,연령오픈,0,0,0,0,0,0,0,0,0,0,0,0,0,0,0,0,0,0,0,0,0,0,핸디캡,0,0,0,49500000,19800000,12600000,4500000,3600000,10,-,오라칸,OHRA KHAN,0054010,67,0,0,0,0,0,0,0,조한별,Cho Han Byeol,080515,서울,미국,0,유정희,Ryu Jung Hee,010517,0,R1~80,2등급,71,20260829,토요일,1800,일반,8,0,0,0,0,0,0,0,0,수,성별오픈,0,0,0,0,0,0,0,정하백,Jung Haback,070293, (0%),-,55,0(),0
4,연령오픈,0,0,0,0,0,0,0,0,0,0,0,0,0,0,0,0,0,0,0,0,0,0,핸디캡,0,0,0,49500000,19800000,12600000,4500000,3600000,11,-,드래곤킬러,DRAGON KILLER,0052103,67,0,0,0,0,0,0,0,조성환,Jo Seong Hwan,080622,서울,한국,0,김형란,Kim Hyeong Ran,112270,0,R1~80,2등급,74,20260829,토요일,1800,일반,8,0,0,0,0,0,0,0,0,수,성별오픈,0,0,0,0,0,0,0,강환민,Kang Hwan Min,070175, (0%),-,52.5,0(),0
2,연령오픈,0,0,0,0,0,0,0,0,0,0,0,0,0,0,0,0,0,0,0,0,0,0,핸디캡,0,0,0,33000000,13200000,8400000,3000000,2400000,1,-,마이티허쉬,MIGHTY HUSH,0061540,67,0,0,0,0,0,0,0,김태희,Kim Tae Hui,080603,서울,미국,0,조병태,Cho Byung Tai,113005,0,R0~50,혼4등급,38,20260829,토요일,1200,일반,9,0,0,0,0,0,0,0,0,수,성별오픈,0,0,0,0,0,0,0,서홍수,Seo Hong Soo,070160, (0%),-,51,0(),0
3,연령오픈,0,0,0,0,0,0,0,0,0,0,0,0,0,0,0,0,0,0,0,0,0,0,핸디캡,0,0,0,33000000,13200000,8400000,3000000,2400000,2,-,퍼플코리아,PURPLE KOREA,0054462,67,0,0,0,0,0,0,0,이동하,Lee Dong Ha,080562,서울,한국,0,퍼플라인,Purple Line,121053,0,R0~50,혼4등급,37,20260829,토요일,1200,일반,9,0,0,0,0,0,0,0,0,암,성별오픈,0,0,0,0,0,0,0,최용건,Choi Yong Geon,070200, (0%),-,52.5,0(),0
3,연령오픈,0,0,0,0,0,0,0,0,0,0,0,0,0,0,0,0,0,0,0,0,0,0,핸디캡,0,0,0,33000000,13200000,8400000,3000000,2400000,3,-,그레이스데이,GRACE DAY,0053802,67,0,0,0,0,0,0,0,정정희,Jeong Jeong Hee,080530,서울,한국,0,정현주,Chung Hyun Ju ,124008,0,R0~50,혼4등급,37,20260829,토요일,1200,일반,9,0,0,0,0,0,0,0,0,수,성별오픈,0,0,0,0,0,0,0,안병기,An Byung Ki,070146, (0%),-,52.5,0(),0
2,연령오픈,0,0,0,0,0,0,0,0,0,0,0,0,0,0,0,0,0,0,0,0,0,0,핸디캡,0,0,0,33000000,13200000,8400000,3000000,2400000,4,-,슈프림다이아,SUPREME DIA,0061573,67,0,0,0,0,0,0,0,다실바,Francisco Da Silva,080568,서울,미국,0,김아라,Kim Ah Ra,121015,0,R0~50,혼4등급,37,20260829,토요일,1200,일반,9,0,0,0,0,0,0,0,0,암,성별오픈,0,0,0,0,0,0,0,강성오,Kang Sung O,070174, (0%),-,52.5,0(),0
3,연령오픈,0,0,0,0,0,0,0,0,0,0,0,0,0,0,0,0,0,0,0,0,0,0,핸디캡,0,0,0,33000000,13200000,8400000,3000000,2400000,5,-,세종파워,SEJONG POWER,0060702,67,0,0,0,0,0,0,0,김용근,Kim Yong Geun,080405,서울,미국,0,정성진,Jung Sung Jin,122013,0,R0~50,혼4등급,46,20260829,토요일,1200,일반,9,0,0,0,0,0,0,0,0,수,성별오픈,0,0,0,0,0,0,0,조현수,Cho Hyun Soo,070199, (0%),-,56.5,0(),0
3,연령오픈,0,0,0,0,0,0,0,0,0,0,0,0,0,0,0,0,0,0,0,0,0,0,핸디캡,0,0,0,33000000,13200000,8400000,3000000,2400000,6,-,팬텀프린스,PHANTOM PRINCE,0060340,67,0,0,0,0,0,0,0,장추열,Jang Chu Youl,080476,서울,미국,0,강만구,Kang Man Goo,122025,0,R0~50,혼4등급,39,20260829,토요일,1200,일반,9,0,0,0,0,0,0,0,0,수,성별오픈,0,0,0,0,0,0,0,성상현,Seong Sanghyun,070289, (0%),-,53,0(),0
3,연령오픈,0,0,0,0,0,0,0,0,0,0,0,0,0,0,0,0,0,0,0,0,0,0,핸디캡,0,0,0,33000000,13200000,8400000,3000000,2400000,7,-,제이에스베트,J S VET,0060829,67,0,0,0,0,0,0,0,송재철,Song Jae Chul,080513,서울,미국,0,박정재,Park Jeong Jae,010801,0,R0~50,혼4등급,38,20260829,토요일,1200,일반,9,0,0,0,0,0,0,0,0,수,성별오픈,0,0,0,0,0,0,0,송문길,Song Moon Gil,070179, (0%),-,52.5,0(),0
3,연령오픈,0,0,0,0,0,0,0,0,0,0,0,0,0,0,0,0,0,0,0,0,0,0,핸디캡,0,0,0,33000000,13200000,8400000,3000000,2400000,8,-,위대한함성,WIDAEHAN HAMSEONG,0053041,67,0,0,0,0,0,0,0,임기원,Lim Gi Won,080487,서울,한국,0,황의영,Hwang Eui Young,010159,0,R0~50,혼4등급,44,20260829,토요일,1200,일반,9,0,0,0,0,0,0,0,0,수,성별오픈,0,0,0,0,0,0,0,이관호,Lee Gwan Ho,070181, (0%),-,55.5,0(),0
3,연령오픈,0,0,0,0,0,0,0,0,0,0,0,0,0,0,0,0,0,0,0,0,0,0,핸디캡,0,0,0,33000000,13200000,8400000,3000000,2400000,9,-,은빛유혹,EUNBIT YUHOK,0054056,67,0,0,0,0,0,0,0,김정준,Kim Jeong Jun,080473,서울,한국,0,이종욱,Lee Jong Uk,065133,0,R0~50,혼4등급,40,20260829,토요일,1200,일반,9,0,0,0,0,0,0,0,0,암,성별오픈,0,0,0,0,0,0,0,심승태,Shim Seung Tae,070166, (0%),-,52.5,0(),0
4,연령오픈,0,0,0,0,0,0,0,0,0,0,0,0,0,0,0,0,0,0,0,0,0,0,핸디캡,0,0,0,33000000,13200000,8400000,3000000,2400000,10,-,글로벌하트,GLOBAL HEART,0058005,67,0,0,0,0,0,0,0,임다빈,Lim Da Bin,080602,서울,호주,0,장재형,Jang Jae Hyeung,010611,0,R0~50,혼4등급,36,20260829,토요일,1200,일반,9,0,0,0,0,0,0,0,0,암,성별오픈,0,0,0,0,0,0,0,전승규,Jeon Seung Gyu,070182, (0%),-,52.5,0(),0
3,연령오픈,0,0,0,0,0,0,0,0,0,0,0,0,0,0,0,0,0,0,0,0,0,0,핸디캡,0,0,0,33000000,13200000,8400000,3000000,2400000,11,-,히든다이아,HIDDEN DIA,0060707,67,0,0,0,0,0,0,0,푸르칸,Furkan Yuksel,080611,서울,미국,0,김아라,Kim Ah Ra,121015,0,R0~50,혼4등급,36,20260829,토요일,1200,일반,9,0,0,0,0,0,0,0,0,암,성별오픈,0,0,0,0,0,0,0,이신우,Lee Shin Woo,070167, (0%),-,52.5,0(),0
4,연령오픈,0,0,0,0,0,0,0,0,0,0,0,0,0,0,0,0,0,0,0,0,0,0,핸디캡,0,0,0,41250000,16500000,10500000,3750000,3000000,1,-,문학축제,MUNHAK CHUKJE,0051749,67,0,0,0,0,0,0,0,코지,Kazuya Asano,080617,서울,한국,0,권경자,KWON KYUNG JA,105222,0,R1~65,국3등급,55,20260829,토요일,1400,일반,10,0,0,0,0,0,0,0,0,수,성별오픈,0,0,0,0,0,0,0,박재우,Park Jae Woo,070164, (0%),-,54,0(),0
4,연령오픈,0,0,0,0,0,0,0,0,0,0,0,0,0,0,0,0,0,0,0,0,0,0,핸디캡,0,0,0,41250000,16500000,10500000,3750000,3000000,2,-,퍼펙트다나은,PERFECT DANAEUN,0051567,67,0,0,0,0,0,0,0,마이아,Ruan Merari Maia,080616,서울,한국,0,이진경,Lee Jin Gyeong,117021,0,R1~65,국3등급,60,20260829,토요일,1400,일반,10,0,0,0,0,0,0,0,0,거,성별오픈,0,0,0,0,0,0,0,김동균,Kim Dong Kyun,070170, (0%),-,56.5,0(),0
4,연령오픈,0,0,0,0,0,0,0,0,0,0,0,0,0,0,0,0,0,0,0,0,0,0,핸디캡,0,0,0,41250000,16500000,10500000,3750000,3000000,3,-,즐거운상상,JEULGEOUN SANGSANG,0051830,67,0,0,0,0,0,0,0,정정희,Jeong Jeong Hee,080530,서울,한국,0,우태율,Woo Tae Yul,111006,0,R1~65,국3등급,59,20260829,토요일,1400,일반,10,0,0,0,0,0,0,0,0,수,성별오픈,0,0,0,0,0,0,0,최용건,Choi Yong Geon,070200, (0%),-,56,0(),0
5,연령오픈,0,0,0,0,0,0,0,0,0,0,0,0,0,0,0,0,0,0,0,0,0,0,핸디캡,0,0,0,41250000,16500000,10500000,3750000,3000000,4,-,내길의위너,NAEGILUI WINNER,0047331,67,0,0,0,0,0,0,0,최범현,Choi Bum Hyun,080361,서울,한국,0,유종국,Yoo Jong Guk,117023,0,R1~65,국3등급,54,20260829,토요일,1400,일반,10,0,0,0,0,0,0,0,0,수,성별오픈,0,0,0,0,0,0,0,차우호,Cha Wooho,070305, (0%),-,53.5,0(),0
4,연령오픈,0,0,0,0,0,0,0,0,0,0,0,0,0,0,0,0,0,0,0,0,0,0,핸디캡,0,0,0,41250000,16500000,10500000,3750000,3000000,5,-,자이언트보스,GIANT BOSS,0051771,67,0,0,0,0,0,0,0,김용근,Kim Yong Geun,080405,서울,한국,0,신명석,Shin Myeong Suk,123002,0,R1~65,국3등급,63,20260829,토요일,1400,일반,10,0,0,0,0,0,0,0,0,수,성별오픈,0,0,0,0,0,0,0,조현수,Cho Hyun Soo,070199, (0%),-,58,0(),0
4,연령오픈,0,0,0,0,0,0,0,0,0,0,0,0,0,0,0,0,0,0,0,0,0,0,핸디캡,0,0,0,41250000,16500000,10500000,3750000,3000000,6,-,라온니진스키,RAON NIZHINSKII,0051240,67,0,0,0,0,0,0,0,이동하,Lee Dong Ha,080562,서울,한국,0,라온랜드(주),Raon Land,123026,0,R1~65,국3등급,55,20260829,토요일,1400,일반,10,0,0,0,0,0,0,0,0,거,성별오픈,0,0,0,0,0,0,0,이강서,Lee Kangseo,070304, (0%),-,54,0(),0
4,연령오픈,0,0,0,0,0,0,0,0,0,0,0,0,0,0,0,0,0,0,0,0,0,0,핸디캡,0,0,0,41250000,16500000,10500000,3750000,3000000,7,-,송당황태자,SONGDANG HWANGTAEJA,0051218,67,0,0,0,0,0,0,0,임다빈,Lim Da Bin,080602,서울,한국,0,제주축산개발,Che Ju Livestock Development Co.,030013,0,R1~65,국3등급,60,20260829,토요일,1400,일반,10,0,0,0,0,0,0,0,0,수,성별오픈,0,0,0,0,0,0,0,정호익,Jung Ho Ik,070148, (0%),-,56.5,0(),0
5,연령오픈,0,0,0,0,0,0,0,0,0,0,0,0,0,0,0,0,0,0,0,0,0,0,핸디캡,0,0,0,41250000,16500000,10500000,3750000,3000000,8,-,손에손잡고,SONE SONJABGO,0047127,67,0,0,0,0,0,0,0,오수철,O Su Cheol,080608,서울,한국,0,차청일,Cha Cheong Il,201751,0,R1~65,국3등급,43,20260829,토요일,1400,일반,10,0,0,0,0,0,0,0,0,암,성별오픈,0,0,0,0,0,0,0,이동국,Lee Dong Kook,070247, (0%),-,52.5,0(),0
4,연령오픈,0,0,0,0,0,0,0,0,0,0,0,0,0,0,0,0,0,0,0,0,0,0,핸디캡,0,0,0,41250000,16500000,10500000,3750000,3000000,9,-,차밍퀸,CHARMING QUEEN,0051758,67,0,0,0,0,0,0,0,조상범,Jo Sang Beom,080533,서울,한국,0,이시돌협회,Isidore Farm,103012,0,R1~65,국3등급,52,20260829,토요일,1400,일반,10,0,0,0,0,0,0,0,0,암,성별오픈,0,0,0,0,0,0,0,리카디,Luigi Riccardi,070244, (0%),-,52.5,0(),0
3,4세이하,0,0,0,0,0,0,0,0,0,0,0,0,0,0,0,0,0,0,0,0,0,0,별정A,0,0,0,7000000,3220000,2100000,980000,700000,1,-,행복나루,HAENGBONGNARU,3108253,68,0,0,0,0,0,0,0,강수한,Kang Su Han,003077,제주,한국,0,천창수,CHEON CHANG SOO,001196,0,700만원 미만,제6등급,0,20260829,토요일,900,일반,1,0,0,0,0,0,0,0,0,수,성별오픈,0,0,0,0,0,0,0,김길홍,Kim Gil Hong,002038, (0%),-,55,0(),0
3,4세이하,0,0,0,0,0,0,0,0,0,0,0,0,0,0,0,0,0,0,0,0,0,0,별정A,0,0,0,7000000,3220000,2100000,980000,700000,2,-,리더형,LEADERHYEONG,3108443,68,0,0,0,0,0,0,0,김다영,Kim Da Young,003073,제주,한국,0,이충헌,LEE MCHUNG HEON,121040,0,700만원 미만,제6등급,0,20260829,토요일,900,일반,1,0,0,0,0,0,0,0,0,거,성별오픈,0,0,0,0,0,0,0,윤호상,Yoon Ho Sang,002041, (0%),-,55,0(),0
3,4세이하,0,0,0,0,0,0,0,0,0,0,0,0,0,0,0,0,0,0,0,0,0,0,별정A,0,0,0,7000000,3220000,2100000,980000,700000,3,-,천상비,CHEONSANGBI,3107573,68,0,0,0,0,0,0,0,원유일,Won You Il,003075,제주,한국,0,문애순,Mun Ae Sun,117042,0,700만원 미만,제6등급,0,20260829,토요일,900,일반,1,0,0,0,0,0,0,0,0,암,성별오픈,0,0,0,0,0,0,0,문성호,Mun Sung Ho,002039, (0%),-,55,0(),0
4,4세이하,0,0,0,0,0,0,0,0,0,0,0,0,0,0,0,0,0,0,0,0,0,0,별정A,0,0,0,7000000,3220000,2100000,980000,700000,4,-,청호전설,CHEONGHOJEONSEOL,3104601,68,0,0,0,0,0,0,0,곽용남,Kwak Young Nam,003061,제주,한국,0,이정언,LEE JUNG UN,124026,0,700만원 미만,제6등급,0,20260829,토요일,900,일반,1,0,0,0,0,0,0,0,0,수,성별오픈,0,0,0,0,0,0,0,윤덕상,Youn Duk Sang,002021, (0%),-,55,0(),0
4,4세이하,0,0,0,0,0,0,0,0,0,0,0,0,0,0,0,0,0,0,0,0,0,0,별정A,0,0,0,7000000,3220000,2100000,980000,700000,5,-,마패창,MAPAECHANG,3104279,68,0,0,0,0,0,0,0,김홍권,Kim Hong Kwon,003082,제주,한국,0,김흥보,Kim Heung Bo,001186,0,700만원 미만,제6등급,0,20260829,토요일,900,일반,1,0,0,0,0,0,0,0,0,거,성별오픈,0,0,0,0,0,0,0,한상배,Han Sang Bae,002023, (0%),-,55,0(),0
3,4세이하,0,0,0,0,0,0,0,0,0,0,0,0,0,0,0,0,0,0,0,0,0,0,별정A,0,0,0,7000000,3220000,2100000,980000,700000,6,-,백록황후,BAENGNOKWANGHU,3107515,68,0,0,0,0,0,0,0,김준호,Kim Jun Ho,003081,제주,한국,0,조경수,Cho Kyung Soo,116005,0,700만원 미만,제6등급,0,20260829,토요일,900,일반,1,0,0,0,0,0,0,0,0,암,성별오픈,0,0,0,0,0,0,0,강태종,Gang Tae Jong,002036, (0%),-,55,0(),0
2,4세이하,0,0,0,0,0,0,0,0,0,0,0,0,0,0,0,0,0,0,0,0,0,0,별정A,0,0,0,7000000,3220000,2100000,980000,700000,7,-,웅진미소,UNGJINMISO,3109099,68,0,0,0,0,0,0,0,김한남,Kim Han Nam,003084,제주,한국,0,웅진산업,"WOONGJIN SANUP CO.,LTD",117049,0,700만원 미만,제6등급,0,20260829,토요일,900,일반,1,0,0,0,0,0,0,0,0,수,성별오픈,0,0,0,0,0,0,0,김길홍,Kim Gil Hong,002038, (0%),-,55,0(),0
3,4세이하,0,0,0,0,0,0,0,0,0,0,0,0,0,0,0,0,0,0,0,0,0,0,별정A,0,0,0,7000000,3220000,2100000,980000,700000,8,-,타잔,TARZAN,3107869,68,0,0,0,0,0,0,0,박성광,Park Sung Kwang,003089,제주,한국,0,이지우,LEE JI WOO,112159,0,700만원 미만,제6등급,0,20260829,토요일,900,일반,1,0,0,0,0,0,0,0,0,거,성별오픈,0,0,0,0,0,0,0,이태용,Lee Tae Yong,002034, (0%),-,55,0(),0
3,4세이하,0,0,0,0,0,0,0,0,0,0,0,0,0,0,0,0,0,0,0,0,0,0,별정A,0,0,0,7000000,3220000,2100000,980000,700000,9,-,천마일호,CHEONMAILHO,3107632,68,0,0,0,0,0,0,0,박재희,Park Jae Hee,003095,제주,한국,0,진창배,JIN CHANG BAE,001056,0,700만원 미만,제6등급,0,20260829,토요일,900,일반,1,0,0,0,0,0,0,0,0,거,성별오픈,0,0,0,0,0,0,0,박병진,Park Beong Jin,002028, (0%),-,55,0(),0
4,4세이하,0,0,0,0,0,0,0,0,0,0,0,0,0,0,0,0,0,0,0,0,0,0,별정A,0,0,0,7000000,3220000,2100000,980000,700000,10,-,자유연대,JAYUYEONDAE,3105286,68,0,0,0,0,0,0,0,이성민,Lee Sung Min,003092,제주,한국,0,강승호,Kang Seung Ho,116007,0,700만원 미만,제6등급,0,20260829,토요일,900,일반,1,0,0,0,0,0,0,0,0,암,성별오픈,0,0,0,0,0,0,0,한상배,Han Sang Bae,002023, (0%),-,55,0(),0
4,2세이상,0,0,0,0,0,0,0,0,0,0,0,0,0,0,0,0,0,0,0,0,0,0,핸디캡,0,0,0,10500000,4830000,3150000,1470000,1050000,1,-,귤스타,GYULSTAR,3104793,68,0,0,0,0,0,0,0,이성민,Lee Sung Min,003092,제주,한국,0,백마,BACKMA,124034,0,R1~20,제5등급,6,20260829,토요일,900,일반,2,0,0,0,0,0,0,0,0,거,성별오픈,0,0,0,0,0,0,0,고영덕,Ko Young Deok,002026, (0%),-,55,0(),0
3,2세이상,0,0,0,0,0,0,0,0,0,0,0,0,0,0,0,0,0,0,0,0,0,0,핸디캡,0,0,0,10500000,4830000,3150000,1470000,1050000,2,-,대기산,DAEGISAN,3107861,68,0,0,0,0,0,0,0,김한남,Kim Han Nam,003084,제주,한국,0,서정숙,SUH JUNGSOOK,124023,0,R1~20,제5등급,12,20260829,토요일,900,일반,2,0,0,0,0,0,0,0,0,암,성별오픈,0,0,0,0,0,0,0,김길홍,Kim Gil Hong,002038, (0%),-,58,0(),0
6,2세이상,0,0,0,0,0,0,0,0,0,0,0,0,0,0,0,0,0,0,0,0,0,0,핸디캡,0,0,0,10500000,4830000,3150000,1470000,1050000,3,-,서부검객,SEOBUGEOMGAEK,3102101,68,0,0,0,0,0,0,0,곽석,Kwak Seok,003094,제주,한국,0,유성훈,You Sung Hoon,123007,0,R1~20,제5등급,7,20260829,토요일,900,일반,2,0,0,0,0,0,0,0,0,거,성별오픈,0,0,0,0,0,0,0,김대연,Kim Dae Youn,002042, (0%),-,55.5,0(),0
5,2세이상,0,0,0,0,0,0,0,0,0,0,0,0,0,0,0,0,0,0,0,0,0,0,핸디캡,0,0,0,10500000,4830000,3150000,1470000,1050000,4,-,거석황후,GEOSEOKHWANGHU,3103437,68,0,0,0,0,0,0,0,김다영,Kim Da Young,003073,제주,한국,0,김영일1,KIM YEONG IL,001156,0,R1~20,제5등급,3,20260829,토요일,900,일반,2,0,0,0,0,0,0,0,0,암,성별오픈,0,0,0,0,0,0,0,윤호상,Yoon Ho Sang,002041, (0%),-,53.5,0(),0
4,2세이상,0,0,0,0,0,0,0,0,0,0,0,0,0,0,0,0,0,0,0,0,0,0,핸디캡,0,0,0,10500000,4830000,3150000,1470000,1050000,5,-,슬기돌이,SEULGIDORI,3104144,68,0,0,0,0,0,0,0,전현준,Jun Hyun Joon,003070,제주,한국,0,고상운,KO SANG UN,001175,0,R1~20,제5등급,3,20260829,토요일,900,일반,2,0,0,0,0,0,0,0,0,거,성별오픈,0,0,0,0,0,0,0,최기호,Choi Gi Ho,002030, (0%),-,53.5,0(),0
3,2세이상,0,0,0,0,0,0,0,0,0,0,0,0,0,0,0,0,0,0,0,0,0,0,핸디캡,0,0,0,10500000,4830000,3150000,1470000,1050000,6,-,대왕비,DAEWANGBI,3108211,68,0,0,0,0,0,0,0,김홍권,Kim Hong Kwon,003082,제주,한국,0,제주홀스,woo sueg kang,124037,0,R1~20,제5등급,4,20260829,토요일,900,일반,2,0,0,0,0,0,0,0,0,암,성별오픈,0,0,0,0,0,0,0,강영진,Kang Young Jin,002033, (0%),-,54,0(),0
3,2세이상,0,0,0,0,0,0,0,0,0,0,0,0,0,0,0,0,0,0,0,0,0,0,핸디캡,0,0,0,10500000,4830000,3150000,1470000,1050000,7,-,평화군,PYEONGHWAGUN,3107629,68,0,0,0,0,0,0,0,김준호,Kim Jun Ho,003081,제주,한국,0,고명아,KO MYUNG A,116017,0,R1~20,제5등급,8,20260829,토요일,900,일반,2,0,0,0,0,0,0,0,0,암,성별오픈,0,0,0,0,0,0,0,강태종,Gang Tae Jong,002036, (0%),-,56,0(),0
4,2세이상,0,0,0,0,0,0,0,0,0,0,0,0,0,0,0,0,0,0,0,0,0,0,핸디캡,0,0,0,10500000,4830000,3150000,1470000,1050000,8,-,무영천마,MUYEONGCHEONMA,3105248,68,0,0,0,0,0,0,0,임재광,Lim Jae Kwang,003087,제주,한국,0,칼데라,  KIM SEON HEE,121046,0,R1~20,제5등급,6,20260829,토요일,900,일반,2,0,0,0,0,0,0,0,0,암,성별오픈,0,0,0,0,0,0,0,심도연,Sim Do Youn,002031, (0%),-,55,0(),0
4,2세이상,0,0,0,0,0,0,0,0,0,0,0,0,0,0,0,0,0,0,0,0,0,0,핸디캡,0,0,0,10500000,4830000,3150000,1470000,1050000,9,-,마인드퀸,MINDQUEEN,3104580,68,0,0,0,0,0,0,0,이동준,Lee Dong Jun,003086,제주,한국,0,김영일1,KIM YEONG IL,001156,0,R1~20,제5등급,2,20260829,토요일,900,일반,2,0,0,0,0,0,0,0,0,암,성별오픈,0,0,0,0,0,0,0,문성호,Mun Sung Ho,002039, (0%),-,53,0(),0
3,2세이상,0,0,0,0,0,0,0,0,0,0,0,0,0,0,0,0,0,0,0,0,0,0,핸디캡,0,0,0,10500000,4830000,3150000,1470000,1050000,10,-,장타퀸,JANGTAQUEEN,3107483,68,0,0,0,0,0,0,0,문현진,Mun Hyeon Jin,003080,제주,한국,0,김남헌,KIM NAMHEON,124024,0,R1~20,제5등급,12,20260829,토요일,900,일반,2,0,0,0,0,0,0,0,0,암,성별오픈,0,0,0,0,0,0,0,박병진,Park Beong Jin,002028, (0%),-,58,0(),0
5,2세이상,0,0,0,0,0,0,0,0,0,0,0,0,0,0,0,0,0,0,0,0,0,0,핸디캡,0,0,0,18500000,8510000,5550000,2590000,1850000,1,-,드림히트,DREAMHEAT,3103929,68,0,0,0,0,0,0,0,문현진,Mun Hyeon Jin,003080,제주,한국,0,김창균,KIM CHANG GYUN,124030,0,R61~80,제2등급,63,20260829,토요일,1300,일반,3,0,0,0,0,0,0,0,0,거,성별오픈,0,0,0,0,0,0,0,고영덕,Ko Young Deok,002026, (0%),-,52,0(),0
9,2세이상,0,0,0,0,0,0,0,0,0,0,0,0,0,0,0,0,0,0,0,0,0,0,핸디캡,0,0,0,18500000,8510000,5550000,2590000,1850000,2,-,흥국강타,HEUNGGUKGANGTA,3017958,68,0,0,0,0,0,0,0,박성광,Park Sung Kwang,003089,제주,한국,0,칼데라,  KIM SEON HEE,121046,0,R61~80,제2등급,70,20260829,토요일,1300,일반,3,0,0,0,0,0,0,0,0,거,성별오픈,0,0,0,0,0,0,0,이태용,Lee Tae Yong,002034, (0%),-,55.5,0(),0
7,2세이상,0,0,0,0,0,0,0,0,0,0,0,0,0,0,0,0,0,0,0,0,0,0,핸디캡,0,0,0,18500000,8510000,5550000,2590000,1850000,3,-,명문대부,MYEONGMUNDAEBU,3102338,68,0,0,0,0,0,0,0,이성민,Lee Sung Min,003092,제주,한국,0,명가,SO SEONG BO,121043,0,R61~80,제2등급,61,20260829,토요일,1300,일반,3,0,0,0,0,0,0,0,0,거,성별오픈,0,0,0,0,0,0,0,변용호,Byoun Yong Ho,002013, (0%),-,51,0(),0
8,2세이상,0,0,0,0,0,0,0,0,0,0,0,0,0,0,0,0,0,0,0,0,0,0,핸디캡,0,0,0,18500000,8510000,5550000,2590000,1850000,4,-,완벽세대,WANBYEOKSAEDAE,3018812,68,0,0,0,0,0,0,0,임재광,Lim Jae Kwang,003087,제주,한국,0,변완수,Byun Wan Soo,111225,0,R61~80,제2등급,78,20260829,토요일,1300,일반,3,0,0,0,0,0,0,0,0,암,성별오픈,0,0,0,0,0,0,0,심도연,Sim Do Youn,002031, (0%),-,59.5,0(),0
6,2세이상,0,0,0,0,0,0,0,0,0,0,0,0,0,0,0,0,0,0,0,0,0,0,핸디캡,0,0,0,18500000,8510000,5550000,2590000,1850000,5,-,한백제왕,HANBAEKJEWANG,3101848,68,0,0,0,0,0,0,0,곽석,Kwak Seok,003094,제주,한국,0,김영구,Kim Young Goo,206015,0,R61~80,제2등급,70,20260829,토요일,1300,일반,3,0,0,0,0,0,0,0,0,거,성별오픈,0,0,0,0,0,0,0,김대연,Kim Dae Youn,002042, (0%),-,55.5,0(),0
8,2세이상,0,0,0,0,0,0,0,0,0,0,0,0,0,0,0,0,0,0,0,0,0,0,핸디캡,0,0,0,18500000,8510000,5550000,2590000,1850000,6,-,달의전사,DALUIJUNSA,3018474,68,0,0,0,0,0,0,0,원유일,Won You Il,003075,제주,한국,0,강명숙,KANG MYUNG SOOK,206029,0,R61~80,제2등급,66,20260829,토요일,1300,일반,3,0,0,0,0,0,0,0,0,수,성별오픈,0,0,0,0,0,0,0,윤호상,Yoon Ho Sang,002041, (0%),-,53.5,0(),0
6,2세이상,0,0,0,0,0,0,0,0,0,0,0,0,0,0,0,0,0,0,0,0,0,0,핸디캡,0,0,0,18500000,8510000,5550000,2590000,1850000,7,-,대왕대군,DAEWANGDAEGUN,3102589,68,0,0,0,0,0,0,0,김홍권,Kim Hong Kwon,003082,제주,한국,0,고영조,KO YOUNG JO,001057,0,R61~80,제2등급,67,20260829,토요일,1300,일반,3,0,0,0,0,0,0,0,0,거,성별오픈,0,0,0,0,0,0,0,강영진,Kang Young Jin,002033, (0%),-,54,0(),0
5,2세이상,0,0,0,0,0,0,0,0,0,0,0,0,0,0,0,0,0,0,0,0,0,0,핸디캡,0,0,0,18500000,8510000,5550000,2590000,1850000,8,-,보라매,BORAME,3103787,68,0,0,0,0,0,0,0,곽용남,Kwak Young Nam,003061,제주,한국,0,강원표,KANG WONP YO,118026,0,R61~80,제2등급,62,20260829,토요일,1300,일반,3,0,0,0,0,0,0,0,0,거,성별오픈,0,0,0,0,0,0,0,윤덕상,Youn Duk Sang,002021, (0%),-,51.5,0(),0
3,2세이상,0,0,0,0,0,0,0,0,0,0,0,0,0,0,0,0,0,0,0,0,0,0,핸디캡,0,0,0,10500000,4830000,3150000,1470000,1050000,1,-,용머루,YONGMEORU,3108102,68,0,0,0,0,0,0,0,곽용남,Kwak Young Nam,003061,제주,한국,0,고형주,KO HYUNG JU,124032,0,R1~20,제5등급,3,20260829,토요일,1000,일반,4,0,0,0,0,0,0,0,0,거,성별오픈,0,0,0,0,0,0,0,윤덕상,Youn Duk Sang,002021, (0%),-,51,0(),0
2,2세이상,0,0,0,0,0,0,0,0,0,0,0,0,0,0,0,0,0,0,0,0,0,0,핸디캡,0,0,0,10500000,4830000,3150000,1470000,1050000,2,-,슈퍼스타,SYUPEOSEUTA,3109130,68,0,0,0,0,0,0,0,강수한,Kang Su Han,003077,제주,한국,0,안평림,AN PYUNG RIM,121038,0,R1~20,제5등급,10,20260829,토요일,1000,일반,4,0,0,0,0,0,0,0,0,수,성별오픈,0,0,0,0,0,0,0,김길홍,Kim Gil Hong,002038, (0%),-,54.5,0(),0
3,2세이상,0,0,0,0,0,0,0,0,0,0,0,0,0,0,0,0,0,0,0,0,0,0,핸디캡,0,0,0,10500000,4830000,3150000,1470000,1050000,3,-,전설마루,JEONSEOLMARU,3108144,68,0,0,0,0,0,0,0,이성민,Lee Sung Min,003092,제주,한국,0,김창균,KIM CHANG GYUN,124030,0,R1~20,제5등급,14,20260829,토요일,1000,일반,4,0,0,0,0,0,0,0,0,거,성별오픈,0,0,0,0,0,0,0,고영덕,Ko Young Deok,002026, (0%),-,56.5,0(),0
5,2세이상,0,0,0,0,0,0,0,0,0,0,0,0,0,0,0,0,0,0,0,0,0,0,핸디캡,0,0,0,10500000,4830000,3150000,1470000,1050000,4,-,스트롱포스,STRONGFORCE,3103580,68,0,0,0,0,0,0,0,한영민,Han Young Min,003058,제주,한국,0,조창규,Cho Changguy,001112,0,R1~20,제5등급,16,20260829,토요일,1000,일반,4,0,0,0,0,0,0,0,0,거,성별오픈,0,0,0,0,0,0,0,김태준,Kim Tae Jun,002032, (0%),-,57.5,0(),0
4,2세이상,0,0,0,0,0,0,0,0,0,0,0,0,0,0,0,0,0,0,0,0,0,0,핸디캡,0,0,0,10500000,4830000,3150000,1470000,1050000,5,-,대보,DAEBO,3104139,68,0,0,0,0,0,0,0,박재희,Park Jae Hee,003095,제주,한국,0,조종호,CHO JONG HO,001040,0,R1~20,제5등급,4,20260829,토요일,1000,일반,4,0,0,0,0,0,0,0,0,암,성별오픈,0,0,0,0,0,0,0,강대은,Kang Dae Eun,002027, (0%),-,51.5,0(),0
4,2세이상,0,0,0,0,0,0,0,0,0,0,0,0,0,0,0,0,0,0,0,0,0,0,핸디캡,0,0,0,10500000,4830000,3150000,1470000,1050000,6,-,전국챔프,JEONGUKCHAEMPEU,3104675,68,0,0,0,0,0,0,0,원유일,Won You Il,003075,제주,한국,0,양용택,YANG YONG TAEK,206030,0,R1~20,제5등급,4,20260829,토요일,1000,일반,4,0,0,0,0,0,0,0,0,거,성별오픈,0,0,0,0,0,0,0,박병진,Park Beong Jin,002028, (0%),-,51.5,0(),0
3,2세이상,0,0,0,0,0,0,0,0,0,0,0,0,0,0,0,0,0,0,0,0,0,0,핸디캡,0,0,0,10500000,4830000,3150000,1470000,1050000,7,-,레드크라운,REDCROWN,3107565,68,0,0,0,0,0,0,0,임재광,Lim Jae Kwang,003087,제주,한국,0,칼데라,  KIM SEON HEE,121046,0,R1~20,제5등급,12,20260829,토요일,1000,일반,4,0,0,0,0,0,0,0,0,암,성별오픈,0,0,0,0,0,0,0,심도연,Sim Do Youn,002031, (0%),-,55.5,0(),0
4,2세이상,0,0,0,0,0,0,0,0,0,0,0,0,0,0,0,0,0,0,0,0,0,0,핸디캡,0,0,0,10500000,4830000,3150000,1470000,1050000,8,-,여포장사,YEOPOJANGSA,3105298,68,0,0,0,0,0,0,0,전현준,Jun Hyun Joon,003070,제주,한국,0,김창식,KIM CHANG SIK,001182,0,R1~20,제5등급,12,20260829,토요일,1000,일반,4,0,0,0,0,0,0,0,0,거,성별오픈,0,0,0,0,0,0,0,최기호,Choi Gi Ho,002030, (0%),-,55.5,0(),0
3,2세이상,0,0,0,0,0,0,0,0,0,0,0,0,0,0,0,0,0,0,0,0,0,0,핸디캡,0,0,0,10500000,4830000,3150000,1470000,1050000,9,-,시종일관,SIJONGILGWAN,3107853,68,0,0,0,0,0,0,0,곽석,Kwak Seok,003094,제주,한국,0,강학민,KANG HAK MIN,001184,0,R1~20,제5등급,5,20260829,토요일,1000,일반,4,0,0,0,0,0,0,0,0,거,성별오픈,0,0,0,0,0,0,0,김대연,Kim Dae Youn,002042, (0%),-,52,0(),0
5,2세이상,0,0,0,0,0,0,0,0,0,0,0,0,0,0,0,0,0,0,0,0,0,0,핸디캡,0,0,0,10500000,4830000,3150000,1470000,1050000,10,-,서산히어로,SEOSANHERO,3103597,68,0,0,0,0,0,0,0,김홍권,Kim Hong Kwon,003082,제주,한국,0,양동우,Yang Dong Woo,001063,0,R1~20,제5등급,18,20260829,토요일,1000,일반,4,0,0,0,0,0,0,0,0,암,성별오픈,0,0,0,0,0,0,0,강영진,Kang Young Jin,002033, (0%),-,58.5,0(),0
4,2세이상,0,0,0,0,0,0,0,0,0,0,0,0,0,0,0,0,0,0,0,0,0,0,핸디캡,0,0,0,13000000,5980000,3900000,1820000,1300000,1,-,영웅킹,YEONGUNGKING,3105238,68,0,0,0,0,0,0,0,전현준,Jun Hyun Joon,003070,제주,한국,0,명가,SO SEONG BO,121043,0,R21~40,제4등급,25,20260829,토요일,1000,일반,5,0,0,0,0,0,0,0,0,거,성별오픈,0,0,0,0,0,0,0,변용호,Byoun Yong Ho,002013, (0%),-,52,0(),0
3,2세이상,0,0,0,0,0,0,0,0,0,0,0,0,0,0,0,0,0,0,0,0,0,0,핸디캡,0,0,0,13000000,5980000,3900000,1820000,1300000,2,-,사랑이,SARANGI,3107614,68,0,0,0,0,0,0,0,임재광,Lim Jae Kwang,003087,제주,한국,0,오치영,OH CHI YOUNG,217123,0,R21~40,제4등급,34,20260829,토요일,1000,일반,5,0,0,0,0,0,0,0,0,거,성별오픈,0,0,0,0,0,0,0,심도연,Sim Do Youn,002031, (0%),-,56.5,0(),0
5,2세이상,0,0,0,0,0,0,0,0,0,0,0,0,0,0,0,0,0,0,0,0,0,0,핸디캡,0,0,0,13000000,5980000,3900000,1820000,1300000,3,-,백록천주,BAENGNOKCHEONJU,3103767,68,0,0,0,0,0,0,0,박재희,Park Jae Hee,003095,제주,한국,0,고석희,KO SEOK HEE,121039,0,R21~40,제4등급,29,20260829,토요일,1000,일반,5,0,0,0,0,0,0,0,0,암,성별오픈,0,0,0,0,0,0,0,박병진,Park Beong Jin,002028, (0%),-,54,0(),0
3,2세이상,0,0,0,0,0,0,0,0,0,0,0,0,0,0,0,0,0,0,0,0,0,0,핸디캡,0,0,0,13000000,5980000,3900000,1820000,1300000,4,-,황해바람,HWANGHAEBARAM,3107542,68,0,0,0,0,0,0,0,김준호,Kim Jun Ho,003081,제주,한국,0,강기정,kang kijeong,214799,0,R21~40,제4등급,39,20260829,토요일,1000,일반,5,0,0,0,0,0,0,0,0,거,성별오픈,0,0,0,0,0,0,0,강태종,Gang Tae Jong,002036, (0%),-,59,0(),0
7,2세이상,0,0,0,0,0,0,0,0,0,0,0,0,0,0,0,0,0,0,0,0,0,0,핸디캡,0,0,0,13000000,5980000,3900000,1820000,1300000,5,-,역발산,YEOKBALSAN,3019040,68,0,0,0,0,0,0,0,박성광,Park Sung Kwang,003089,제주,한국,0,안평림,AN PYUNG RIM,121038,0,R21~40,제4등급,36,20260829,토요일,1000,일반,5,0,0,0,0,0,0,0,0,수,성별오픈,0,0,0,0,0,0,0,이태용,Lee Tae Yong,002034, (0%),-,57.5,0(),0
5,2세이상,0,0,0,0,0,0,0,0,0,0,0,0,0,0,0,0,0,0,0,0,0,0,핸디캡,0,0,0,13000000,5980000,3900000,1820000,1300000,6,-,청마특급,CHEONGMATEUKGEUP,3103621,68,0,0,0,0,0,0,0,강수한,Kang Su Han,003077,제주,한국,0,차청일,Cha Cheong Il,001134,0,R21~40,제4등급,30,20260829,토요일,1000,일반,5,0,0,0,0,0,0,0,0,거,성별오픈,0,0,0,0,0,0,0,한상배,Han Sang Bae,002023, (0%),-,54.5,0(),0
4,2세이상,0,0,0,0,0,0,0,0,0,0,0,0,0,0,0,0,0,0,0,0,0,0,핸디캡,0,0,0,13000000,5980000,3900000,1820000,1300000,7,-,장타공주,JANGTAGONGJU,3104309,68,0,0,0,0,0,0,0,곽석,Kwak Seok,003094,제주,한국,0,고임계,Ko Yim Gye,001185,0,R21~40,제4등급,34,20260829,토요일,1000,일반,5,0,0,0,0,0,0,0,0,암,성별오픈,0,0,0,0,0,0,0,강대은,Kang Dae Eun,002027, (0%),-,56.5,0(),0
3,2세이상,0,0,0,0,0,0,0,0,0,0,0,0,0,0,0,0,0,0,0,0,0,0,핸디캡,0,0,0,13000000,5980000,3900000,1820000,1300000,8,-,위하여,WIHAYEO,3107304,68,0,0,0,0,0,0,0,김다영,Kim Da Young,003073,제주,한국,0,제주홀스,woo sueg kang,124037,0,R21~40,제4등급,23,20260829,토요일,1000,일반,5,0,0,0,0,0,0,0,0,수,성별오픈,0,0,0,0,0,0,0,문성호,Mun Sung Ho,002039, (0%),-,51,0(),0
3,2세이상,0,0,0,0,0,0,0,0,0,0,0,0,0,0,0,0,0,0,0,0,0,0,핸디캡,0,0,0,13000000,5980000,3900000,1820000,1300000,9,-,민강의힘,MINGANGUIHIM,3107488,68,0,0,0,0,0,0,0,문현진,Mun Hyeon Jin,003080,제주,한국,0,강인선,KANG IN SUN,001049,0,R21~40,제4등급,23,20260829,토요일,1000,일반,5,0,0,0,0,0,0,0,0,거,성별오픈,0,0,0,0,0,0,0,신경호,Shin Kyung Ho,002018, (0%),-,51,0(),0
5,2세이상,0,0,0,0,0,0,0,0,0,0,0,0,0,0,0,0,0,0,0,0,0,0,핸디캡,0,0,0,13000000,5980000,3900000,1820000,1300000,10,-,진검승부,JINGEOMSEUNGBU,3103622,68,0,0,0,0,0,0,0,이동준,Lee Dong Jun,003086,제주,한국,0,김기준,KIM KI JOON,206028,0,R21~40,제4등급,28,20260829,토요일,1000,일반,5,0,0,0,0,0,0,0,0,거,성별오픈,0,0,0,0,0,0,0,문성호,Mun Sung Ho,002039, (0%),-,53.5,0(),0
3,2세이상,0,0,0,0,0,0,0,0,0,0,0,0,0,0,0,0,0,0,0,0,0,0,핸디캡,0,0,0,13000000,5980000,3900000,1820000,1300000,1,-,소록열풍,SOROGYEOLPUNG,3107612,68,0,0,0,0,0,0,0,한영민,Han Young Min,003058,제주,한국,0,조종호,CHO JONG HO,001040,0,R21~40,제4등급,24,20260829,토요일,1110,일반,6,0,0,0,0,0,0,0,0,암,성별오픈,0,0,0,0,0,0,0,김태준,Kim Tae Jun,002032, (0%),-,52.5,0(),0
5,2세이상,0,0,0,0,0,0,0,0,0,0,0,0,0,0,0,0,0,0,0,0,0,0,핸디캡,0,0,0,13000000,5980000,3900000,1820000,1300000,2,-,질풍태양,JILPUNGTAEYANG,3103748,68,0,0,0,0,0,0,0,안득수,An Deuk Soo,003053,제주,한국,0,김무현,Kim Moo Hyun,001105,0,R21~40,제4등급,26,20260829,토요일,1110,일반,6,0,0,0,0,0,0,0,0,수,성별오픈,0,0,0,0,0,0,0,강대은,Kang Dae Eun,002027, (0%),-,53.5,0(),0
3,2세이상,0,0,0,0,0,0,0,0,0,0,0,0,0,0,0,0,0,0,0,0,0,0,핸디캡,0,0,0,13000000,5980000,3900000,1820000,1300000,3,-,무림통일,MURIMTONGIL,3107312,68,0,0,0,0,0,0,0,문현진,Mun Hyeon Jin,003080,제주,한국,0,신상섭,Shin Sang Sub,206027,0,R21~40,제4등급,35,20260829,토요일,1110,일반,6,0,0,0,0,0,0,0,0,수,성별오픈,0,0,0,0,0,0,0,신경호,Shin Kyung Ho,002018, (0%),-,58,0(),0
4,2세이상,0,0,0,0,0,0,0,0,0,0,0,0,0,0,0,0,0,0,0,0,0,0,핸디캡,0,0,0,13000000,5980000,3900000,1820000,1300000,4,-,명품최고,MYEONGPUMCHOEGO,3104135,68,0,0,0,0,0,0,0,김준호,Kim Jun Ho,003081,제주,한국,0,강영종,Kang Young Jong,001053,0,R21~40,제4등급,27,20260829,토요일,1110,일반,6,0,0,0,0,0,0,0,0,수,성별오픈,0,0,0,0,0,0,0,강태종,Gang Tae Jong,002036, (0%),-,54,0(),0
4,2세이상,0,0,0,0,0,0,0,0,0,0,0,0,0,0,0,0,0,0,0,0,0,0,핸디캡,0,0,0,13000000,5980000,3900000,1820000,1300000,5,-,명품최강,MYEONGPUMCHOEGANG,3104085,68,0,0,0,0,0,0,0,전현준,Jun Hyun Joon,003070,제주,한국,0,강태민,KANG TAE MIN,001158,0,R21~40,제4등급,24,20260829,토요일,1110,일반,6,0,0,0,0,0,0,0,0,거,성별오픈,0,0,0,0,0,0,0,이준호,Lee Joon Ho,002029, (0%),-,52.5,0(),0
4,2세이상,0,0,0,0,0,0,0,0,0,0,0,0,0,0,0,0,0,0,0,0,0,0,핸디캡,0,0,0,13000000,5980000,3900000,1820000,1300000,6,-,지구용사,JIGUYONGSA,3104682,68,0,0,0,0,0,0,0,강수한,Kang Su Han,003077,제주,한국,0,한빛,AN JEONG MO,121044,0,R21~40,제4등급,36,20260829,토요일,1110,일반,6,0,0,0,0,0,0,0,0,거,성별오픈,0,0,0,0,0,0,0,김길홍,Kim Gil Hong,002038, (0%),-,58.5,0(),0
6,2세이상,0,0,0,0,0,0,0,0,0,0,0,0,0,0,0,0,0,0,0,0,0,0,핸디캡,0,0,0,13000000,5980000,3900000,1820000,1300000,7,-,바로고,BAROGO,3101660,68,0,0,0,0,0,0,0,원유일,Won You Il,003075,제주,한국,0,강길자,KANG GIL JA,206042,0,R21~40,제4등급,21,20260829,토요일,1110,일반,6,0,0,0,0,0,0,0,0,암,성별오픈,0,0,0,0,0,0,0,신경호,Shin Kyung Ho,002018, (0%),-,51,0(),0
4,2세이상,0,0,0,0,0,0,0,0,0,0,0,0,0,0,0,0,0,0,0,0,0,0,핸디캡,0,0,0,13000000,5980000,3900000,1820000,1300000,8,-,지고지상,JIGOJISANG,3105277,68,0,0,0,0,0,0,0,박성광,Park Sung Kwang,003089,제주,한국,0,안평림,AN PYUNG RIM,121038,0,R21~40,제4등급,29,20260829,토요일,1110,일반,6,0,0,0,0,0,0,0,0,암,성별오픈,0,0,0,0,0,0,0,이태용,Lee Tae Yong,002034, (0%),-,55,0(),0
3,2세이상,0,0,0,0,0,0,0,0,0,0,0,0,0,0,0,0,0,0,0,0,0,0,핸디캡,0,0,0,13000000,5980000,3900000,1820000,1300000,9,-,블루칸,BLUEKAN,3107876,68,0,0,0,0,0,0,0,양민재,Yang Min Jae,003096,제주,한국,0,윤은옥,YUN EUN OK,116012,0,R21~40,제4등급,23,20260829,토요일,1110,일반,6,0,0,0,0,0,0,0,0,거,성별오픈,0,0,0,0,0,0,0,변용호,Byoun Yong Ho,002013, (0%),-,52,0(),0
7,2세이상,0,0,0,0,0,0,0,0,0,0,0,0,0,0,0,0,0,0,0,0,0,0,핸디캡,0,0,0,13000000,5980000,3900000,1820000,1300000,10,-,설향,SEOLHYANG,3101746,68,0,0,0,0,0,0,0,곽용남,Kwak Young Nam,003061,제주,한국,0,김용래,Kim Yong Rae,001153,0,R21~40,제4등급,22,20260829,토요일,1110,일반,6,0,0,0,0,0,0,0,0,암,성별오픈,0,0,0,0,0,0,0,윤덕상,Youn Duk Sang,002021, (0%),-,51.5,0(),0
6,2세이상,0,0,0,0,0,0,0,0,0,0,0,0,0,0,0,0,0,0,0,0,0,0,핸디캡,0,0,0,15500000,7130000,4650000,2170000,1550000,1,-,수월용사,SUWEOLYONGSA,3101520,68,0,0,0,0,0,0,0,박성광,Park Sung Kwang,003089,제주,한국,0,고재언,KO JAE EON,121031,0,R41~60,제3등급,53,20260829,토요일,1200,일반,7,0,0,0,0,0,0,0,0,거,성별오픈,0,0,0,0,0,0,0,이태용,Lee Tae Yong,002034, (0%),-,57,0(),0
5,2세이상,0,0,0,0,0,0,0,0,0,0,0,0,0,0,0,0,0,0,0,0,0,0,핸디캡,0,0,0,15500000,7130000,4650000,2170000,1550000,2,-,로한,ROHAN,3103795,68,0,0,0,0,0,0,0,한영민,Han Young Min,003058,제주,한국,0,웅진산업,"WOONGJIN SANUP CO.,LTD",117049,0,R41~60,제3등급,56,20260829,토요일,1200,일반,7,0,0,0,0,0,0,0,0,거,성별오픈,0,0,0,0,0,0,0,김태준,Kim Tae Jun,002032, (0%),-,58.5,0(),0
3,2세이상,0,0,0,0,0,0,0,0,0,0,0,0,0,0,0,0,0,0,0,0,0,0,핸디캡,0,0,0,15500000,7130000,4650000,2170000,1550000,3,-,백록챔프,BAENGNOKCHAMP,3107607,68,0,0,0,0,0,0,0,전현준,Jun Hyun Joon,003070,제주,한국,0,돈마,DON MA,116033,0,R41~60,제3등급,49,20260829,토요일,1200,일반,7,0,0,0,0,0,0,0,0,암,성별오픈,0,0,0,0,0,0,0,박병진,Park Beong Jin,002028, (0%),-,55,0(),0
5,2세이상,0,0,0,0,0,0,0,0,0,0,0,0,0,0,0,0,0,0,0,0,0,0,핸디캡,0,0,0,15500000,7130000,4650000,2170000,1550000,4,-,청룡불빛,CHEONGNYONGBULKKOT,3103690,68,0,0,0,0,0,0,0,김준호,Kim Jun Ho,003081,제주,한국,0,청룡,Chung Yong,117051,0,R41~60,제3등급,48,20260829,토요일,1200,일반,7,0,0,0,0,0,0,0,0,거,성별오픈,0,0,0,0,0,0,0,강태종,Gang Tae Jong,002036, (0%),-,54.5,0(),0
9,2세이상,0,0,0,0,0,0,0,0,0,0,0,0,0,0,0,0,0,0,0,0,0,0,핸디캡,0,0,0,15500000,7130000,4650000,2170000,1550000,5,-,불빛최강,BULBITCHOEGANG,3017944,68,0,0,0,0,0,0,0,김홍권,Kim Hong Kwon,003082,제주,한국,0,조경수,Cho Kyung Soo,116005,0,R41~60,제3등급,48,20260829,토요일,1200,일반,7,0,0,0,0,0,0,0,0,거,성별오픈,0,0,0,0,0,0,0,강영진,Kang Young Jin,002033, (0%),-,54.5,0(),0
5,2세이상,0,0,0,0,0,0,0,0,0,0,0,0,0,0,0,0,0,0,0,0,0,0,핸디캡,0,0,0,15500000,7130000,4650000,2170000,1550000,6,-,일품가속,ILPUMGASOK,3103770,68,0,0,0,0,0,0,0,임재광,Lim Jae Kwang,003087,제주,한국,0,김경국,KIM KYEONG KOOK,117043,0,R41~60,제3등급,55,20260829,토요일,1200,일반,7,0,0,0,0,0,0,0,0,수,성별오픈,0,0,0,0,0,0,0,이준호,Lee Joon Ho,002029, (0%),-,58,0(),0
4,2세이상,0,0,0,0,0,0,0,0,0,0,0,0,0,0,0,0,0,0,0,0,0,0,핸디캡,0,0,0,15500000,7130000,4650000,2170000,1550000,7,-,뉴저지,NEWJERSEY,3104811,68,0,0,0,0,0,0,0,이성민,Lee Sung Min,003092,제주,한국,0,최남단,CHOE NAM DAN,116031,0,R41~60,제3등급,45,20260829,토요일,1200,일반,7,0,0,0,0,0,0,0,0,거,성별오픈,0,0,0,0,0,0,0,고영덕,Ko Young Deok,002026, (0%),-,53,0(),0
8,2세이상,0,0,0,0,0,0,0,0,0,0,0,0,0,0,0,0,0,0,0,0,0,0,핸디캡,0,0,0,15500000,7130000,4650000,2170000,1550000,8,-,명가의힘,MYEONGGAUIHIM,3018522,68,0,0,0,0,0,0,0,정명일,Jeong Myung Il,003044,제주,한국,0,송자민,SONG JA MIN,001121,0,R41~60,제3등급,47,20260829,토요일,1200,일반,7,0,0,0,0,0,0,0,0,수,성별오픈,0,0,0,0,0,0,0,한상배,Han Sang Bae,002023, (0%),-,54,0(),0
6,2세이상,0,0,0,0,0,0,0,0,0,0,0,0,0,0,0,0,0,0,0,0,0,0,핸디캡,0,0,0,15500000,7130000,4650000,2170000,1550000,9,-,찬스강,CHANCEGANG,3102279,68,0,0,0,0,0,0,0,문현진,Mun Hyeon Jin,003080,제주,한국,0,김태옥,KIM TAE OK,001092,0,R41~60,제3등급,41,20260829,토요일,1200,일반,7,0,0,0,0,0,0,0,0,거,성별오픈,0,0,0,0,0,0,0,이준호,Lee Joon Ho,002029, (0%),-,51,0(),0
5,2세이상,0,0,0,0,0,0,0,0,0,0,0,0,0,0,0,0,0,0,0,0,0,0,핸디캡,0,0,0,15500000,7130000,4650000,2170000,1550000,10,-,봉천수,BONGCHEONSU,3103695,68,0,0,0,0,0,0,0,강수한,Kang Su Han,003077,제주,한국,0,강춘시,KANG CHOON SI,001010,0,R41~60,제3등급,53,20260829,토요일,1200,일반,7,0,0,0,0,0,0,0,0,수,성별오픈,0,0,0,0,0,0,0,김길홍,Kim Gil Hong,002038, (0%),-,57,0(),0
7,연령오픈,0,0,0,0,0,0,0,0,0,0,0,0,0,0,0,0,0,0,0,0,0,0,핸디캡,0,0,0,33000000,13200000,8400000,3000000,2400000,1,-,디먼스파이,DEMON SPY,0046518,65,0,0,0,0,0,0,0,김동영,Kim Dong Young,080401,부산경남,미국,0,박희준,Park Hui Joon,112049,0,R0~50,혼4등급,40,20260830,일요일,1800,일반,1,0,0,0,0,0,0,0,0,거,성별오픈,0,0,0,0,0,0,0,양영남,YANG YOUNG NAM,070263, (0%),-,53,0(),0
3,연령오픈,0,0,0,0,0,0,0,0,0,0,0,0,0,0,0,0,0,0,0,0,0,0,핸디캡,0,0,0,33000000,13200000,8400000,3000000,2400000,2,-,오아시스아델,OASIS ADELE,0053960,65,0,0,0,0,0,0,0,서강주,Seo Gang Ju,080605,부산경남,한국,0,이종훈,Lee Jong Hun,105127,0,R0~50,혼4등급,38,20260830,일요일,1800,일반,1,0,0,0,0,0,0,0,0,수,성별오픈,0,0,0,0,0,0,0,백광열,Baik Kwang Yeol,070130, (0%),-,52.5,0(),0
4,연령오픈,0,0,0,0,0,0,0,0,0,0,0,0,0,0,0,0,0,0,0,0,0,0,핸디캡,0,0,0,33000000,13200000,8400000,3000000,2400000,3,-,두둥,DUDUNG,0056575,65,0,0,0,0,0,0,0,전진구,Jeon Jin Gu,080580,부산경남,미국,0,민병욱,Min Byeong Wook,110064,0,R0~50,혼4등급,49,20260830,일요일,1800,일반,1,0,0,0,0,0,0,0,0,수,성별오픈,0,0,0,0,0,0,0,김혜선,Kim Hye Sun,070292, (0%),-,57.5,0(),0
7,연령오픈,0,0,0,0,0,0,0,0,0,0,0,0,0,0,0,0,0,0,0,0,0,0,핸디캡,0,0,0,33000000,13200000,8400000,3000000,2400000,4,-,은성영웅,EUNSEONG YEONGUNG,0044191,65,0,0,0,0,0,0,0,채상현,Chae Sang Hyun,080532,부산경남,한국,0,이계옥,Lee Gye Ok,104130,0,R0~50,혼4등급,48,20260830,일요일,1800,일반,1,0,0,0,0,0,0,0,0,수,성별오픈,0,0,0,0,0,0,0,윤영훈,Youn Young Hun,070133, (0%),-,57,0(),0
3,연령오픈,0,0,0,0,0,0,0,0,0,0,0,0,0,0,0,0,0,0,0,0,0,0,핸디캡,0,0,0,33000000,13200000,8400000,3000000,2400000,5,-,글로벌프린스,GLOBAL PRINCE,0053895,65,0,0,0,0,0,0,0,진겸,Jin Kyum,080551,부산경남,한국,0,김준현,Kim Joon Hyun,106289,0,R0~50,혼4등급,42,20260830,일요일,1800,일반,1,0,0,0,0,0,0,0,0,수,성별오픈,0,0,0,0,0,0,0,이상영,Lee Sang Young,070141, (0%),-,54,0(),0
5,연령오픈,0,0,0,0,0,0,0,0,0,0,0,0,0,0,0,0,0,0,0,0,0,0,핸디캡,0,0,0,33000000,13200000,8400000,3000000,2400000,6,-,브라운팰컨,BROWN FALCON,1412179,65,0,0,0,0,0,0,0,정도윤,Jung Do Yun,080565,부산경남,한국,0,류주영,Ryu Ju Yeong,112004,0,R0~50,혼4등급,43,20260830,일요일,1800,일반,1,0,0,0,0,0,0,0,0,암,성별오픈,0,0,0,0,0,0,0,임금만,Lim Keum Man,070128, (0%),-,52.5,0(),0
4,연령오픈,0,0,0,0,0,0,0,0,0,0,0,0,0,0,0,0,0,0,0,0,0,0,핸디캡,0,0,0,33000000,13200000,8400000,3000000,2400000,7,-,레이스마린,RACE MARINE,0051547,65,0,0,0,0,0,0,0,송경윤,Song Kyeong Yun,080421,부산경남,한국,0,이경희,Lee Gyeong Hui,112286,0,R0~50,혼4등급,40,20260830,일요일,1800,일반,1,0,0,0,0,0,0,0,0,거,성별오픈,0,0,0,0,0,0,0,강은석,Kang Eun Seok,070223, (0%),-,53,0(),0
5,연령오픈,0,0,0,0,0,0,0,0,0,0,0,0,0,0,0,0,0,0,0,0,0,0,핸디캡,0,0,0,33000000,13200000,8400000,3000000,2400000,8,-,네버스톱희망,NEVERSTOP HEEMANG,0047410,65,0,0,0,0,0,0,0,다실바,Francisco Da Silva,080568,부산경남,한국,0,김무현,Kim Moo Hyun,106043,0,R0~50,혼4등급,37,20260830,일요일,1800,일반,1,0,0,0,0,0,0,0,0,거,성별오픈,0,0,0,0,0,0,0,조용배,Cho Yong Bae,070137, (0%),-,52.5,0(),0
3,연령오픈,0,0,0,0,0,0,0,0,0,0,0,0,0,0,0,0,0,0,0,0,0,0,핸디캡,0,0,0,33000000,13200000,8400000,3000000,2400000,9,-,게인더서밋,GAIN THE SUMMIT,0060856,65,0,0,0,0,0,0,0,최시대,Choi Sidae,080423,부산경남,호주,0,신우철,Shin Woo Cheol,110056,0,R0~50,혼4등급,38,20260830,일요일,1800,일반,1,0,0,0,0,0,0,0,0,수,성별오픈,0,0,0,0,0,0,0,임금만,Lim Keum Man,070128, (0%),-,52.5,0(),0
5,연령오픈,0,0,0,0,0,0,0,0,0,0,0,0,0,0,0,0,0,0,0,0,0,0,핸디캡,0,0,0,33000000,13200000,8400000,3000000,2400000,10,-,퀸야라,QUEEN YARA,0054544,65,0,0,0,0,0,0,0,조인권,Jo In Kwon,080438,부산경남,미국,0,최상일,CHOI SANG IL,105113,0,R0~50,혼4등급,39,20260830,일요일,1800,일반,1,0,0,0,0,0,0,0,0,암,성별오픈,0,0,0,0,0,0,0,최기홍,Choi Ki Hong,070129, (0%),-,52.5,0(),0
4,연령오픈,0,0,0,0,0,0,0,0,0,0,0,0,0,0,0,0,0,0,0,0,0,0,핸디캡,0,0,0,33000000,13200000,8400000,3000000,2400000,11,-,서울드래곤,SEOUL DRAGON,0050674,65,0,0,0,0,0,0,0,이성재,Lee Sung Jae,080431,부산경남,한국,0,(주)메타플렉스,METAPLEX CO.,125014,0,R0~50,혼4등급,36,20260830,일요일,1800,일반,1,0,0,0,0,0,0,0,0,수,성별오픈,0,0,0,0,0,0,0,라이스,Bart Rice,070186, (0%),-,52.5,0(),0
2,2세,0,0,0,0,0,0,0,0,0,0,0,0,0,0,0,0,0,0,0,0,0,0,별정A,0,0,0,24750000,9900000,6300000,2250000,1800000,1,-,용비엑스,YONGBI-X,0055720,66,0,0,0,0,0,0,0,손경민,Son Gyeong Min,080620,부산경남,한국,0,정성진,Jung Sung Jin,122013,0,R0~0,국6등급,0,20260830,일요일,1200,일반,2,0,0,0,0,0,0,0,0,수,성별오픈,0,0,0,0,0,0,0,강형곤,Kang Hyoung Gon,070134, (0%),-,51.5,0(),0
2,2세,0,0,0,0,0,0,0,0,0,0,0,0,0,0,0,0,0,0,0,0,0,0,별정A,0,0,0,24750000,9900000,6300000,2250000,1800000,2,-,빅토리챔프,VICTORY CHAMP,0056823,66,0,0,0,0,0,0,0,진겸,Jin Kyum,080551,부산경남,한국,0,이종훈,Lee Jong Hun,105127,0,R0~0,국6등급,0,20260830,일요일,1200,일반,2,0,0,0,0,0,0,0,0,수,성별오픈,0,0,0,0,0,0,0,민장기,Min Jang Gi,070136, (0%),-,54.5,0(),0
2,2세,0,0,0,0,0,0,0,0,0,0,0,0,0,0,0,0,0,0,0,0,0,0,별정A,0,0,0,24750000,9900000,6300000,2250000,1800000,3,-,히트더러닝,HIT THE RUNNING,0055706,66,0,0,0,0,0,0,0,최은경,Choi Eun Gyeong,080566,부산경남,한국,0,김준현,Kim Joon Hyun,106289,0,R0~0,국6등급,0,20260830,일요일,1200,일반,2,0,0,0,0,0,0,0,0,수,성별오픈,0,0,0,0,0,0,0,방동석,Bang Dong Suk,070142, (0%),-,54.5,0(),0
2,2세,0,0,0,0,0,0,0,0,0,0,0,0,0,0,0,0,0,0,0,0,0,0,별정A,0,0,0,24750000,9900000,6300000,2250000,1800000,4,-,선더크러시,THUNDER CRUSH,0055977,66,0,0,0,0,0,0,0,다나카,TANAKA MASAKAZU,080516,부산경남,한국,0,안슬민,Ahn Seul Min,125019,0,R0~0,국6등급,0,20260830,일요일,1200,일반,2,0,0,0,0,0,0,0,0,수,성별오픈,0,0,0,0,0,0,0,라이스,Bart Rice,070186, (0%),-,54.5,0(),0
2,2세,0,0,0,0,0,0,0,0,0,0,0,0,0,0,0,0,0,0,0,0,0,0,별정A,0,0,0,24750000,9900000,6300000,2250000,1800000,5,-,운주러너,UNJU RUNNER,0055828,66,0,0,0,0,0,0,0,다실바,Francisco Da Silva,080568,부산경남,한국,0,부수선,Boo Soo Sun,118013,0,R0~0,국6등급,0,20260830,일요일,1200,일반,2,0,0,0,0,0,0,0,0,수,성별오픈,0,0,0,0,0,0,0,권승주,Kwon Sung Ju,070086, (0%),-,54.5,0(),0
2,2세,0,0,0,0,0,0,0,0,0,0,0,0,0,0,0,0,0,0,0,0,0,0,별정A,0,0,0,24750000,9900000,6300000,2250000,1800000,6,-,다날다,DANALDA,0055826,66,0,0,0,0,0,0,0,이성재,Lee Sung Jae,080431,부산경남,한국,0,이종석,Lee Jong Seok,111078,0,R0~0,국6등급,0,20260830,일요일,1200,일반,2,0,0,0,0,0,0,0,0,암,성별오픈,0,0,0,0,0,0,0,김도현,Kim Do Hyun,070250, (0%),-,52.5,0(),0
2,2세,0,0,0,0,0,0,0,0,0,0,0,0,0,0,0,0,0,0,0,0,0,0,별정A,0,0,0,24750000,9900000,6300000,2250000,1800000,7,-,트리플강자,TRIPLE GANGJA,0057766,66,0,0,0,0,0,0,0,최시대,Choi Sidae,080423,부산경남,한국,0,신영미,SHIN YOUNG MI,117045,0,R0~0,국6등급,0,20260830,일요일,1200,일반,2,0,0,0,0,0,0,0,0,수,성별오픈,0,0,0,0,0,0,0,민장기,Min Jang Gi,070136, (0%),-,54.5,0(),0
2,2세,0,0,0,0,0,0,0,0,0,0,0,0,0,0,0,0,0,0,0,0,0,0,별정A,0,0,0,24750000,9900000,6300000,2250000,1800000,8,-,대성스카이,DAESEONG SKY,0056073,66,0,0,0,0,0,0,0,서승운,Seo Seung Un,080484,부산경남,한국,0,청솔,Cheong Sol,123027,0,R0~0,국6등급,0,20260830,일요일,1200,일반,2,0,0,0,0,0,0,0,0,수,성별오픈,0,0,0,0,0,0,0,구민성,Gu Min Sung,070173, (0%),-,54.5,0(),0
2,2세,0,0,0,0,0,0,0,0,0,0,0,0,0,0,0,0,0,0,0,0,0,0,별정A,0,0,0,24750000,9900000,6300000,2250000,1800000,9,-,골든클로버,GOLDEN CLOVER,0055995,66,0,0,0,0,0,0,0,서강주,Seo Gang Ju,080605,부산경남,한국,0,김용래,Kim Yong Rae,065012,0,R0~0,국6등급,0,20260830,일요일,1200,일반,2,0,0,0,0,0,0,0,0,수,성별오픈,0,0,0,0,0,0,0,김도현,Kim Do Hyun,070250, (0%),-,54.5,0(),0
2,2세,0,0,0,0,0,0,0,0,0,0,0,0,0,0,0,0,0,0,0,0,0,0,별정A,0,0,0,24750000,9900000,6300000,2250000,1800000,10,-,미스터선샤인,MR. SUNSHINE,0055633,66,0,0,0,0,0,0,0,조인권,Jo In Kwon,080438,부산경남,한국,0,김은태,Kim Eun Tae,117053,0,R0~0,국6등급,0,20260830,일요일,1200,일반,2,0,0,0,0,0,0,0,0,수,성별오픈,0,0,0,0,0,0,0,이상영,Lee Sang Young,070141, (0%),-,54.5,0(),0
2,2세,0,0,0,0,0,0,0,0,0,0,0,0,0,0,0,0,0,0,0,0,0,0,별정A,0,0,0,24750000,9900000,6300000,2250000,1800000,11,-,판타스틱호프,FANTASTIC HOPE,0055617,66,0,0,0,0,0,0,0,박재이,Park Jae I,080546,부산경남,한국,0,무지개렌트카,Moojigae Rentcar,118030,0,R0~0,국6등급,0,20260830,일요일,1200,일반,2,0,0,0,0,0,0,0,0,수,성별오픈,0,0,0,0,0,0,0,손병철,Son Byeongchul,070302, (0%),-,54.5,0(),0
3,연령오픈,0,0,0,0,0,0,0,0,0,0,0,0,0,0,0,0,0,0,0,0,0,0,별정A,0,0,0,24750000,9900000,6300000,2250000,1800000,1,-,블루트리,BLUE TREE,0053854,66,0,0,0,0,0,0,0,박재이,Park Jae I,080546,부산경남,한국,0,김지열,Kim Ji Yeol,113127,0,R0~0,국6등급,0,20260830,일요일,1300,일반,3,0,0,0,0,0,0,0,0,암,암,0,0,0,0,0,0,0,손병철,Son Byeongchul,070302, (0%),-,54,0(),0
3,연령오픈,0,0,0,0,0,0,0,0,0,0,0,0,0,0,0,0,0,0,0,0,0,0,별정A,0,0,0,24750000,9900000,6300000,2250000,1800000,2,-,헤이콰드라스,HEY QUADRAS,0052898,66,0,0,0,0,0,0,0,전진구,Jeon Jin Gu,080580,부산경남,한국,0,박병현,Park Byeong Hyeon,112290,0,R0~0,국6등급,0,20260830,일요일,1300,일반,3,0,0,0,0,0,0,0,0,암,암,0,0,0,0,0,0,0,양영남,YANG YOUNG NAM,070263, (0%),-,54,0(),0
3,연령오픈,0,0,0,0,0,0,0,0,0,0,0,0,0,0,0,0,0,0,0,0,0,0,별정A,0,0,0,24750000,9900000,6300000,2250000,1800000,3,-,골드아치,GOLD ARCH,0054162,66,0,0,0,0,0,0,0,이홍락,Lee Hong Rag,080610,부산경남,한국,0,강영종,Kang Young Jong,065003,0,R0~0,국6등급,0,20260830,일요일,1300,일반,3,0,0,0,0,0,0,0,0,암,암,0,0,0,0,0,0,0,강형곤,Kang Hyoung Gon,070134, (0%),-,52,0(),0
3,연령오픈,0,0,0,0,0,0,0,0,0,0,0,0,0,0,0,0,0,0,0,0,0,0,별정A,0,0,0,24750000,9900000,6300000,2250000,1800000,4,-,버터크래시,BUTTER CRASH,0053925,66,0,0,0,0,0,0,0,김동영,Kim Dong Young,080401,부산경남,한국,0,청솔,Cheong Sol,123027,0,R0~0,국6등급,0,20260830,일요일,1300,일반,3,0,0,0,0,0,0,0,0,암,암,0,0,0,0,0,0,0,하무선,Ha Mu Seon,070143, (0%),-,54,0(),0
3,연령오픈,0,0,0,0,0,0,0,0,0,0,0,0,0,0,0,0,0,0,0,0,0,0,별정A,0,0,0,24750000,9900000,6300000,2250000,1800000,5,-,글레디모어,GLADY MORE,0053040,66,0,0,0,0,0,0,0,신윤섭,Shin Yun Seob,080606,부산경남,한국,0,허정완,Hur Jeong Wan,119005,0,R0~0,국6등급,0,20260830,일요일,1300,일반,3,0,0,0,0,0,0,0,0,암,암,0,0,0,0,0,0,0,구민성,Gu Min Sung,070173, (0%),-,54,0(),0
3,연령오픈,0,0,0,0,0,0,0,0,0,0,0,0,0,0,0,0,0,0,0,0,0,0,별정A,0,0,0,24750000,9900000,6300000,2250000,1800000,6,-,서귀클래스,SEOGWI CLASS,0053144,66,0,0,0,0,0,0,0,김어수,Kim Eu Soo,080403,부산경남,한국,0,서귀포시축협,Seogwipo Chukhyup,105081,0,R0~0,국6등급,0,20260830,일요일,1300,일반,3,0,0,0,0,0,0,0,0,암,암,0,0,0,0,0,0,0,윤영훈,Youn Young Hun,070133, (0%),-,54,0(),0
3,연령오픈,0,0,0,0,0,0,0,0,0,0,0,0,0,0,0,0,0,0,0,0,0,0,별정A,0,0,0,24750000,9900000,6300000,2250000,1800000,7,-,이글마인,EAGLE MINE,0054325,66,0,0,0,0,0,0,0,신형철,Shin Hyoung Chul,080122,부산경남,한국,0,김근영,Kim Geun Young,106272,0,R0~0,국6등급,0,20260830,일요일,1300,일반,3,0,0,0,0,0,0,0,0,암,암,0,0,0,0,0,0,0,조용배,Cho Yong Bae,070137, (0%),-,54,0(),0
3,연령오픈,0,0,0,0,0,0,0,0,0,0,0,0,0,0,0,0,0,0,0,0,0,0,별정A,0,0,0,24750000,9900000,6300000,2250000,1800000,8,-,월드빅스캣,WORLD VICS CAT,0053003,66,0,0,0,0,0,0,0,최은경,Choi Eun Gyeong,080566,부산경남,한국,0,윤지중,Yoon Ji Jung,104100,0,R0~0,국6등급,0,20260830,일요일,1300,일반,3,0,0,0,0,0,0,0,0,암,암,0,0,0,0,0,0,0,방동석,Bang Dong Suk,070142, (0%),-,54,0(),0
2,연령오픈,0,0,0,0,0,0,0,0,0,0,0,0,0,0,0,0,0,0,0,0,0,0,별정A,0,0,0,24750000,9900000,6300000,2250000,1800000,9,-,루비공주,RUBY GONGJU,0055646,66,0,0,0,0,0,0,0,최시대,Choi Sidae,080423,부산경남,한국,0,그열정그대로,Geu yeol jeong geu dae ro ,122014,0,R0~0,국6등급,0,20260830,일요일,1300,일반,3,0,0,0,0,0,0,0,0,암,암,0,0,0,0,0,0,0,구민성,Gu Min Sung,070173, (0%),-,52.5,0(),0
3,연령오픈,0,0,0,0,0,0,0,0,0,0,0,0,0,0,0,0,0,0,0,0,0,0,별정A,0,0,0,24750000,9900000,6300000,2250000,1800000,10,-,금빛스프링,GEUMBIT SPRING,0054582,66,0,0,0,0,0,0,0,조인권,Jo In Kwon,080438,부산경남,한국,0,김무현,Kim Moo Hyun,106043,0,R0~0,국6등급,0,20260830,일요일,1300,일반,3,0,0,0,0,0,0,0,0,암,암,0,0,0,0,0,0,0,조용배,Cho Yong Bae,070137, (0%),-,54,0(),0
3,연령오픈,0,0,0,0,0,0,0,0,0,0,0,0,0,0,0,0,0,0,0,0,0,0,별정A,0,0,0,24750000,9900000,6300000,2250000,1800000,11,-,인피니트위너,INFINITE WINNER,0053630,66,0,0,0,0,0,0,0,다실바,Francisco Da Silva,080568,부산경남,한국,0,신우철,Shin Woo Cheol,110056,0,R0~0,국6등급,0,20260830,일요일,1300,일반,3,0,0,0,0,0,0,0,0,암,암,0,0,0,0,0,0,0,구영준,Koo Young Jun,070176, (0%),-,54,0(),0
4,연령오픈,0,0,0,0,0,0,0,0,0,0,0,0,0,0,0,0,0,0,0,0,0,0,핸디캡,0,0,0,24750000,9900000,6300000,2250000,1800000,1,-,닥터매터스,DOCTOR MATTERS,0052501,66,0,0,0,0,0,0,0,다나카,TANAKA MASAKAZU,080516,부산경남,한국,0,권혁희,Kwon Hyeok Hui,117002,0,R1~35,국5등급,35,20260830,일요일,1300,일반,4,0,0,0,0,0,0,0,0,암,암,0,0,0,0,0,0,0,박재호,Park Jae Ho,070226, (0%),-,56.5,0(),0
3,연령오픈,0,0,0,0,0,0,0,0,0,0,0,0,0,0,0,0,0,0,0,0,0,0,핸디캡,0,0,0,24750000,9900000,6300000,2250000,1800000,2,-,백투더드림,BACK TO THE DREAM,0054168,66,0,0,0,0,0,0,0,서승운,Seo Seung Un,080484,부산경남,한국,0,무지개렌트카,Moojigae Rentcar,118030,0,R1~35,국5등급,29,20260830,일요일,1300,일반,4,0,0,0,0,0,0,0,0,암,암,0,0,0,0,0,0,0,손병철,Son Byeongchul,070302, (0%),-,53.5,0(),0
4,연령오픈,0,0,0,0,0,0,0,0,0,0,0,0,0,0,0,0,0,0,0,0,0,0,핸디캡,0,0,0,24750000,9900000,6300000,2250000,1800000,3,-,글로벌히로인,GLOBAL HEROINE ,0056056,66,0,0,0,0,0,0,0,다실바,Francisco Da Silva,080568,부산경남,한국,0,차청일,Cha Cheong Il,201751,0,R1~35,국5등급,27,20260830,일요일,1300,일반,4,0,0,0,0,0,0,0,0,암,암,0,0,0,0,0,0,0,조용배,Cho Yong Bae,070137, (0%),-,52.5,0(),0
3,연령오픈,0,0,0,0,0,0,0,0,0,0,0,0,0,0,0,0,0,0,0,0,0,0,핸디캡,0,0,0,24750000,9900000,6300000,2250000,1800000,4,-,태양의열정,TAEYANGUIYEOLJEONG,0054240,66,0,0,0,0,0,0,0,정도윤,Jung Do Yun,080565,부산경남,한국,0,최원길,Choi Won Gil,104077,0,R1~35,국5등급,28,20260830,일요일,1300,일반,4,0,0,0,0,0,0,0,0,암,암,0,0,0,0,0,0,0,임금만,Lim Keum Man,070128, (0%),-,53,0(),0
4,연령오픈,0,0,0,0,0,0,0,0,0,0,0,0,0,0,0,0,0,0,0,0,0,0,핸디캡,0,0,0,24750000,9900000,6300000,2250000,1800000,5,-,짝사랑,JJAK SARANG,0050814,66,0,0,0,0,0,0,0,채상현,Chae Sang Hyun,080532,부산경남,한국,0,페가수스,Pegasus,065127,0,R1~35,국5등급,30,20260830,일요일,1300,일반,4,0,0,0,0,0,0,0,0,암,암,0,0,0,0,0,0,0,박재호,Park Jae Ho,070226, (0%),-,54,0(),0
6,연령오픈,0,0,0,0,0,0,0,0,0,0,0,0,0,0,0,0,0,0,0,0,0,0,핸디캡,0,0,0,24750000,9900000,6300000,2250000,1800000,6,-,벨로시랩터,VELOCIRAPTOR,0045757,66,0,0,0,0,0,0,0,김성현,Kim Seong Hyun,080612,부산경남,한국,0,이경희,Lee Gyeong Hui,112286,0,R1~35,국5등급,23,20260830,일요일,1300,일반,4,0,0,0,0,0,0,0,0,암,암,0,0,0,0,0,0,0,최기홍,Choi Ki Hong,070129, (0%),-,51,0(),0
4,연령오픈,0,0,0,0,0,0,0,0,0,0,0,0,0,0,0,0,0,0,0,0,0,0,핸디캡,0,0,0,24750000,9900000,6300000,2250000,1800000,7,-,월드트리플캣,WORLD TRIPLE CAT,0051596,66,0,0,0,0,0,0,0,이성재,Lee Sung Jae,080431,부산경남,한국,0,윤지중,Yoon Ji Jung,104100,0,R1~35,국5등급,25,20260830,일요일,1300,일반,4,0,0,0,0,0,0,0,0,암,암,0,0,0,0,0,0,0,방동석,Bang Dong Suk,070142, (0%),-,52.5,0(),0
4,연령오픈,0,0,0,0,0,0,0,0,0,0,0,0,0,0,0,0,0,0,0,0,0,0,핸디캡,0,0,0,24750000,9900000,6300000,2250000,1800000,8,-,미주리챔프,MISSOURI CHAMP,0051894,66,0,0,0,0,0,0,0,서강주,Seo Gang Ju,080605,부산경남,한국,0,백용덕,Baek Yong Dok,118028,0,R1~35,국5등급,27,20260830,일요일,1300,일반,4,0,0,0,0,0,0,0,0,암,암,0,0,0,0,0,0,0,권승주,Kwon Sung Ju,070086, (0%),-,52.5,0(),0
3,연령오픈,0,0,0,0,0,0,0,0,0,0,0,0,0,0,0,0,0,0,0,0,0,0,핸디캡,0,0,0,24750000,9900000,6300000,2250000,1800000,9,-,그레이트파워,GREAT POWER,0053274,66,0,0,0,0,0,0,0,송경윤,Song Kyeong Yun,080421,부산경남,한국,0,양정두,Yang Jeong Du,105133,0,R1~35,국5등급,30,20260830,일요일,1300,일반,4,0,0,0,0,0,0,0,0,암,암,0,0,0,0,0,0,0,최기홍,Choi Ki Hong,070129, (0%),-,54,0(),0
4,연령오픈,0,0,0,0,0,0,0,0,0,0,0,0,0,0,0,0,0,0,0,0,0,0,핸디캡,0,0,0,24750000,9900000,6300000,2250000,1800000,10,-,퓨어마린,PURE MARINE,0051940,66,0,0,0,0,0,0,0,최은경,Choi Eun Gyeong,080566,부산경남,한국,0,이경희,Lee Gyeong Hui,112286,0,R1~35,국5등급,29,20260830,일요일,1300,일반,4,0,0,0,0,0,0,0,0,암,암,0,0,0,0,0,0,0,양영남,YANG YOUNG NAM,070263, (0%),-,53.5,0(),0
3,연령오픈,0,0,0,0,0,0,0,0,0,0,0,0,0,0,0,0,0,0,0,0,0,0,핸디캡,0,0,0,24750000,9900000,6300000,2250000,1800000,11,-,두바이캔디,DUBAI CANDY,0054583,66,0,0,0,0,0,0,0,최시대,Choi Sidae,080423,부산경남,한국,0,빅크루즈,Big Cruise,120004,0,R1~35,국5등급,26,20260830,일요일,1300,일반,4,0,0,0,0,0,0,0,0,암,암,0,0,0,0,0,0,0,임성실,Lim Sung Sil,070251, (0%),-,52.5,0(),0
4,연령오픈,0,0,0,0,0,0,0,0,0,0,0,0,0,0,0,0,0,0,0,0,0,0,핸디캡,0,0,0,24750000,9900000,6300000,2250000,1800000,1,-,브리도아레나,BREEDO ARENA,0052092,66,0,0,0,0,0,0,0,김어수,Kim Eu Soo,080403,부산경남,한국,0,조수영,cho soo young,122019,0,R1~35,국5등급,34,20260830,일요일,1600,일반,5,0,0,0,0,0,0,0,0,암,성별오픈,0,0,0,0,0,0,0,안우성,An Woo Sung,070180, (0%),-,56,0(),0
5,연령오픈,0,0,0,0,0,0,0,0,0,0,0,0,0,0,0,0,0,0,0,0,0,0,핸디캡,0,0,0,24750000,9900000,6300000,2250000,1800000,2,-,돌아온삼손,DORAON SAMSON,0047409,66,0,0,0,0,0,0,0,서승운,Seo Seung Un,080484,부산경남,한국,0,송정아,Song Jung Ah,104161,0,R1~35,국5등급,26,20260830,일요일,1600,일반,5,0,0,0,0,0,0,0,0,거,성별오픈,0,0,0,0,0,0,0,윤영훈,Youn Young Hun,070133, (0%),-,54,0(),0
6,연령오픈,0,0,0,0,0,0,0,0,0,0,0,0,0,0,0,0,0,0,0,0,0,0,핸디캡,0,0,0,24750000,9900000,6300000,2250000,1800000,3,-,스토미데이,STORMY DAY,0045858,66,0,0,0,0,0,0,0,이성재,Lee Sung Jae,080431,부산경남,한국,0,김재윤,Kim Jae Yoon,106231,0,R1~35,국5등급,24,20260830,일요일,1600,일반,5,0,0,0,0,0,0,0,0,수,성별오픈,0,0,0,0,0,0,0,강형곤,Kang Hyoung Gon,070134, (0%),-,53,0(),0
5,연령오픈,0,0,0,0,0,0,0,0,0,0,0,0,0,0,0,0,0,0,0,0,0,0,핸디캡,0,0,0,24750000,9900000,6300000,2250000,1800000,4,-,벌교사랑,BEOLGYO SARANG,0047401,66,0,0,0,0,0,0,0,신형철,Shin Hyoung Chul,080122,부산경남,한국,0,유성훈,You Sung Hoon,123007,0,R1~35,국5등급,23,20260830,일요일,1600,일반,5,0,0,0,0,0,0,0,0,거,성별오픈,0,0,0,0,0,0,0,조용배,Cho Yong Bae,070137, (0%),-,52.5,0(),0
4,연령오픈,0,0,0,0,0,0,0,0,0,0,0,0,0,0,0,0,0,0,0,0,0,0,핸디캡,0,0,0,24750000,9900000,6300000,2250000,1800000,5,-,매직쇼,MAGIC SHOW,0051700,66,0,0,0,0,0,0,0,진겸,Jin Kyum,080551,부산경남,한국,0,전주동,Jeyon joo dong,122002,0,R1~35,국5등급,30,20260830,일요일,1600,일반,5,0,0,0,0,0,0,0,0,암,성별오픈,0,0,0,0,0,0,0,이상영,Lee Sang Young,070141, (0%),-,54,0(),0
3,연령오픈,0,0,0,0,0,0,0,0,0,0,0,0,0,0,0,0,0,0,0,0,0,0,핸디캡,0,0,0,24750000,9900000,6300000,2250000,1800000,6,-,보령더퀸,BORYEONG THE QUEEN,0053571,66,0,0,0,0,0,0,0,김동영,Kim Dong Young,080401,부산경남,한국,0,최원길,Choi Won Gil,104077,0,R1~35,국5등급,30,20260830,일요일,1600,일반,5,0,0,0,0,0,0,0,0,암,성별오픈,0,0,0,0,0,0,0,임금만,Lim Keum Man,070128, (0%),-,54,0(),0
4,연령오픈,0,0,0,0,0,0,0,0,0,0,0,0,0,0,0,0,0,0,0,0,0,0,핸디캡,0,0,0,24750000,9900000,6300000,2250000,1800000,7,-,벌교마법사,BEOLGYO MABEOPSA,0051312,66,0,0,0,0,0,0,0,신윤섭,Shin Yun Seob,080606,부산경남,한국,0,유성훈,You Sung Hoon,123007,0,R1~35,국5등급,27,20260830,일요일,1600,일반,5,0,0,0,0,0,0,0,0,수,성별오픈,0,0,0,0,0,0,0,임성실,Lim Sung Sil,070251, (0%),-,54.5,0(),0
3,연령오픈,0,0,0,0,0,0,0,0,0,0,0,0,0,0,0,0,0,0,0,0,0,0,핸디캡,0,0,0,24750000,9900000,6300000,2250000,1800000,8,-,킹블랙,KING BLACK,0053141,66,0,0,0,0,0,0,0,다실바,Francisco Da Silva,080568,부산경남,한국,0,김호영,Kim Ho Young,115009,0,R1~35,국5등급,31,20260830,일요일,1600,일반,5,0,0,0,0,0,0,0,0,거,성별오픈,0,0,0,0,0,0,0,토마스,Thomas Gillespie,070194, (0%),-,56.5,0(),0
4,연령오픈,0,0,0,0,0,0,0,0,0,0,0,0,0,0,0,0,0,0,0,0,0,0,핸디캡,0,0,0,24750000,9900000,6300000,2250000,1800000,9,-,섬싱엘스,SOMETHING ELSE,0052571,66,0,0,0,0,0,0,0,박재이,Park Jae I,080546,부산경남,한국,0,민병욱,Min Byeong Wook,110064,0,R1~35,국5등급,27,20260830,일요일,1600,일반,5,0,0,0,0,0,0,0,0,수,성별오픈,0,0,0,0,0,0,0,손병철,Son Byeongchul,070302, (0%),-,54.5,0(),0
4,연령오픈,0,0,0,0,0,0,0,0,0,0,0,0,0,0,0,0,0,0,0,0,0,0,핸디캡,0,0,0,24750000,9900000,6300000,2250000,1800000,10,-,최강루이스,CHOEGANG LOUIS,0051053,66,0,0,0,0,0,0,0,조인권,Jo In Kwon,080438,부산경남,한국,0,전종섭,Jeon Chong Sup,105008,0,R1~35,국5등급,26,20260830,일요일,1600,일반,5,0,0,0,0,0,0,0,0,거,성별오픈,0,0,0,0,0,0,0,강형곤,Kang Hyoung Gon,070134, (0%),-,54,0(),0
5,연령오픈,0,0,0,0,0,0,0,0,0,0,0,0,0,0,0,0,0,0,0,0,0,0,핸디캡,0,0,0,24750000,9900000,6300000,2250000,1800000,11,-,상임스타,SANGIM STAR,0046906,66,0,0,0,0,0,0,0,전진구,Jeon Jin Gu,080580,부산경남,한국,0,이시환,Lee Si Hwan,104069,0,R1~35,국5등급,33,20260830,일요일,1600,일반,5,0,0,0,0,0,0,0,0,암,성별오픈,0,0,0,0,0,0,0,최기홍,Choi Ki Hong,070129, (0%),-,55.5,0(),0
5,연령오픈,0,0,0,0,0,0,0,0,0,0,0,0,0,0,0,0,0,0,0,0,0,0,핸디캡,0,0,0,41250000,16500000,10500000,3750000,3000000,1,-,영광의프린스,YEONGGWANGUIPRINCE,0046789,66,0,0,0,0,0,0,0,신형철,Shin Hyoung Chul,080122,부산경남,한국,0,변창덕,Byun Chang Duck,110048,0,R1~65,혼3등급,59,20260830,일요일,1800,일반,6,0,0,0,0,0,0,0,0,거,성별오픈,0,0,0,0,0,0,0,토마스,Thomas Gillespie,070194, (0%),-,55,0(),0
4,연령오픈,0,0,0,0,0,0,0,0,0,0,0,0,0,0,0,0,0,0,0,0,0,0,핸디캡,0,0,0,41250000,16500000,10500000,3750000,3000000,2,-,플라잉더칸,FLYING THE KHAN,0050975,66,0,0,0,0,0,0,0,최은경,Choi Eun Gyeong,080566,부산경남,한국,0,김형순,Kim Hyeong Sun,110028,0,R1~65,혼3등급,53,20260830,일요일,1800,일반,6,0,0,0,0,0,0,0,0,수,성별오픈,0,0,0,0,0,0,0,안우성,An Woo Sung,070180, (0%),-,52.5,0(),0
4,연령오픈,0,0,0,0,0,0,0,0,0,0,0,0,0,0,0,0,0,0,0,0,0,0,핸디캡,0,0,0,41250000,16500000,10500000,3750000,3000000,3,-,에어시티,AIR CITY,0051115,66,0,0,0,0,0,0,0,정도윤,Jung Do Yun,080565,부산경남,한국,0,김근영,Kim Geun Young,106272,0,R1~65,혼3등급,52,20260830,일요일,1800,일반,6,0,0,0,0,0,0,0,0,거,성별오픈,0,0,0,0,0,0,0,조용배,Cho Yong Bae,070137, (0%),-,52.5,0(),0
3,연령오픈,0,0,0,0,0,0,0,0,0,0,0,0,0,0,0,0,0,0,0,0,0,0,핸디캡,0,0,0,41250000,16500000,10500000,3750000,3000000,4,-,대성골드,DAESEONG GOLD,0053357,66,0,0,0,0,0,0,0,진겸,Jin Kyum,080551,부산경남,한국,0,청솔,Cheong Sol,123027,0,R1~65,혼3등급,58,20260830,일요일,1800,일반,6,0,0,0,0,0,0,0,0,수,성별오픈,0,0,0,0,0,0,0,구민성,Gu Min Sung,070173, (0%),-,54.5,0(),0
4,연령오픈,0,0,0,0,0,0,0,0,0,0,0,0,0,0,0,0,0,0,0,0,0,0,핸디캡,0,0,0,41250000,16500000,10500000,3750000,3000000,5,-,앤버니,ANN BUNNY,0051632,66,0,0,0,0,0,0,0,채상현,Chae Sang Hyun,080532,부산경남,한국,0,페가수스,Pegasus,065127,0,R1~65,혼3등급,51,20260830,일요일,1800,일반,6,0,0,0,0,0,0,0,0,암,성별오픈,0,0,0,0,0,0,0,박재호,Park Jae Ho,070226, (0%),-,52.5,0(),0
5,연령오픈,0,0,0,0,0,0,0,0,0,0,0,0,0,0,0,0,0,0,0,0,0,0,핸디캡,0,0,0,41250000,16500000,10500000,3750000,3000000,6,-,국대스타,GUKDAE STAR,0047412,66,0,0,0,0,0,0,0,이성재,Lee Sung Jae,080431,부산경남,한국,0,정영광,Jung Young Kwang,104117,0,R1~65,혼3등급,57,20260830,일요일,1800,일반,6,0,0,0,0,0,0,0,0,수,성별오픈,0,0,0,0,0,0,0,라이스,Bart Rice,070186, (0%),-,54,0(),0
4,연령오픈,0,0,0,0,0,0,0,0,0,0,0,0,0,0,0,0,0,0,0,0,0,0,핸디캡,0,0,0,41250000,16500000,10500000,3750000,3000000,7,-,위너스루키,WINNERS ROOKIE,0051827,66,0,0,0,0,0,0,0,송경윤,Song Kyeong Yun,080421,부산경남,한국,0,김종업,Kim Jong Eop,112008,0,R1~65,혼3등급,55,20260830,일요일,1800,일반,6,0,0,0,0,0,0,0,0,암,성별오픈,0,0,0,0,0,0,0,민장기,Min Jang Gi,070136, (0%),-,52.5,0(),0
4,연령오픈,0,0,0,0,0,0,0,0,0,0,0,0,0,0,0,0,0,0,0,0,0,0,핸디캡,0,0,0,41250000,16500000,10500000,3750000,3000000,8,-,탄탄대로,TANTAN DAERO,0051082,66,0,0,0,0,0,0,0,전진구,Jeon Jin Gu,080580,부산경남,한국,0,그열정그대로,Geu yeol jeong geu dae ro ,122014,0,R1~65,혼3등급,53,20260830,일요일,1800,일반,6,0,0,0,0,0,0,0,0,거,성별오픈,0,0,0,0,0,0,0,조용배,Cho Yong Bae,070137, (0%),-,52.5,0(),0
5,연령오픈,0,0,0,0,0,0,0,0,0,0,0,0,0,0,0,0,0,0,0,0,0,0,핸디캡,0,0,0,41250000,16500000,10500000,3750000,3000000,9,-,스텔스모드,STEALTH MODE,0047194,66,0,0,0,0,0,0,0,다실바,Francisco Da Silva,080568,부산경남,한국,0,페가수스,Pegasus,065127,0,R1~65,혼3등급,53,20260830,일요일,1800,일반,6,0,0,0,0,0,0,0,0,거,성별오픈,0,0,0,0,0,0,0,라이스,Bart Rice,070186, (0%),-,52.5,0(),0
3,연령오픈,0,0,0,0,0,0,0,0,0,0,0,0,0,0,0,0,0,0,0,0,0,0,핸디캡,0,0,0,41250000,16500000,10500000,3750000,3000000,10,-,센세이셔널윈,SENSATIONAL WIN,0060357,66,0,0,0,0,0,0,0,박재이,Park Jae I,080546,부산경남,미국,0,김혜진,Kim Hye Jin,118011,0,R1~65,혼3등급,59,20260830,일요일,1800,일반,6,0,0,0,0,0,0,0,0,수,성별오픈,0,0,0,0,0,0,0,손병철,Son Byeongchul,070302, (0%),-,55,0(),0
4,연령오픈,0,0,0,0,0,0,0,0,0,0,0,0,0,0,0,0,0,0,0,0,0,0,핸디캡,0,0,0,41250000,16500000,10500000,3750000,3000000,11,-,원대한꿈,WONDAEHAN KKUM,0054743,66,0,0,0,0,0,0,0,다나카,TANAKA MASAKAZU,080516,부산경남,미국,0,홍경표,Hong Kyung Pyo,106092,0,R1~65,혼3등급,65,20260830,일요일,1800,일반,6,0,0,0,0,0,0,0,0,거,성별오픈,0,0,0,0,0,0,0,구민성,Gu Min Sung,070173, (0%),-,58,0(),0
4,연령오픈,0,0,0,0,0,0,0,0,0,0,0,0,0,0,0,0,0,0,0,0,0,0,핸디캡,0,0,0,49500000,19800000,12600000,4500000,3600000,1,-,원더풀존스,WONDERFUL JONES,0051310,66,0,0,0,0,0,0,0,이성재,Lee Sung Jae,080431,부산경남,한국,0,지성배,Ji Seong Bae,111077,0,R1~80,2등급,72,20260830,일요일,1400,일반,7,0,0,0,0,0,0,0,0,수,성별오픈,0,0,0,0,0,0,0,토마스,Thomas Gillespie,070194, (0%),-,57.5,0(),0
5,연령오픈,0,0,0,0,0,0,0,0,0,0,0,0,0,0,0,0,0,0,0,0,0,0,핸디캡,0,0,0,49500000,19800000,12600000,4500000,3600000,2,-,글로벌태양,GLOBAL TAEYANG,0046913,66,0,0,0,0,0,0,0,정도윤,Jung Do Yun,080565,부산경남,한국,0,이동훈,Lee Dong Hun,104112,0,R1~80,2등급,74,20260830,일요일,1400,일반,7,0,0,0,0,0,0,0,0,암,성별오픈,0,0,0,0,0,0,0,방동석,Bang Dong Suk,070142, (0%),-,56.5,0(),0
7,연령오픈,0,0,0,0,0,0,0,0,0,0,0,0,0,0,0,0,0,0,0,0,0,0,핸디캡,0,0,0,49500000,19800000,12600000,4500000,3600000,3,-,윈드위너,WIND WINNER,0043670,66,0,0,0,0,0,0,0,다나카,TANAKA MASAKAZU,080516,부산경남,한국,0,곽희원,Kwak Hui Won,111080,0,R1~80,2등급,71,20260830,일요일,1400,일반,7,0,0,0,0,0,0,0,0,거,성별오픈,0,0,0,0,0,0,0,이상영,Lee Sang Young,070141, (0%),-,57,0(),0
6,연령오픈,0,0,0,0,0,0,0,0,0,0,0,0,0,0,0,0,0,0,0,0,0,0,핸디캡,0,0,0,49500000,19800000,12600000,4500000,3600000,4,-,마가리타,MAGARITA,0046172,66,0,0,0,0,0,0,0,손경민,Son Gyeong Min,080620,부산경남,한국,0,제임스윗펠드,James Whitfeld,216115,0,R1~80,2등급,74,20260830,일요일,1400,일반,7,0,0,0,0,0,0,0,0,암,성별오픈,0,0,0,0,0,0,0,토마스,Thomas Gillespie,070194, (0%),-,53.5,0(),0
3,연령오픈,0,0,0,0,0,0,0,0,0,0,0,0,0,0,0,0,0,0,0,0,0,0,핸디캡,0,0,0,49500000,19800000,12600000,4500000,3600000,5,-,트윈레인보우,TWIN RAINBOW,0053441,66,0,0,0,0,0,0,0,다실바,Francisco Da Silva,080568,부산경남,한국,0,최병부,Choi Byeong Bu,109137,0,R1~80,2등급,69,20260830,일요일,1400,일반,7,0,0,0,0,0,0,0,0,암,성별오픈,0,0,0,0,0,0,0,라이스,Bart Rice,070186, (0%),-,54,0(),0
4,연령오픈,0,0,0,0,0,0,0,0,0,0,0,0,0,0,0,0,0,0,0,0,0,0,핸디캡,0,0,0,49500000,19800000,12600000,4500000,3600000,6,-,월드리스트캣,WORLD LIST CAT,0051604,66,0,0,0,0,0,0,0,박재이,Park Jae I,080546,부산경남,한국,0,윤지중,Yoon Ji Jung,104100,0,R1~80,2등급,72,20260830,일요일,1400,일반,7,0,0,0,0,0,0,0,0,암,성별오픈,0,0,0,0,0,0,0,방동석,Bang Dong Suk,070142, (0%),-,55.5,0(),0
5,연령오픈,0,0,0,0,0,0,0,0,0,0,0,0,0,0,0,0,0,0,0,0,0,0,핸디캡,0,0,0,49500000,19800000,12600000,4500000,3600000,7,-,카탈리나마린,CATALINA MARINE,0053846,66,0,0,0,0,0,0,0,송경윤,Song Kyeong Yun,080421,부산경남,미국,0,이경희,Lee Gyeong Hui,112286,0,R1~80,2등급,73,20260830,일요일,1400,일반,7,0,0,0,0,0,0,0,0,거,성별오픈,0,0,0,0,0,0,0,최기홍,Choi Ki Hong,070129, (0%),-,58,0(),0
4,연령오픈,0,0,0,0,0,0,0,0,0,0,0,0,0,0,0,0,0,0,0,0,0,0,핸디캡,0,0,0,49500000,19800000,12600000,4500000,3600000,8,-,벌마킹,BEOLMA KING,0051457,66,0,0,0,0,0,0,0,최시대,Choi Sidae,080423,부산경남,한국,0,이장현,Lee Jang Hyun ,117004,0,R1~80,2등급,74,20260830,일요일,1400,일반,7,0,0,0,0,0,0,0,0,수,성별오픈,0,0,0,0,0,0,0,백광열,Baik Kwang Yeol,070130, (0%),-,58.5,0(),0
4,연령오픈,0,0,0,0,0,0,0,0,0,0,0,0,0,0,0,0,0,0,0,0,0,0,핸디캡,0,0,0,49500000,19800000,12600000,4500000,3600000,9,-,드래곤닌자,DRAGON NINJA,0051189,66,0,0,0,0,0,0,0,진겸,Jin Kyum,080551,부산경남,한국,0,(주)메타플렉스,METAPLEX CO.,125014,0,R1~80,2등급,71,20260830,일요일,1400,일반,7,0,0,0,0,0,0,0,0,거,성별오픈,0,0,0,0,0,0,0,문현철,Moon Hyeon Cheol,070249, (0%),-,57,0(),0
3,연령오픈,0,0,0,0,0,0,0,0,0,0,0,0,0,0,0,0,0,0,0,0,0,0,핸디캡,0,0,0,49500000,19800000,12600000,4500000,3600000,10,-,금아어뎁트,GEUMA ADEPT,0052903,66,0,0,0,0,0,0,0,서승운,Seo Seung Un,080484,부산경남,한국,0,금아산업(주),Kuem A Industry Co Ltd,117038,0,R1~80,2등급,67,20260830,일요일,1400,일반,7,0,0,0,0,0,0,0,0,수,성별오픈,0,0,0,0,0,0,0,이상영,Lee Sang Young,070141, (0%),-,55,0(),0
5,연령오픈,0,0,0,0,0,0,0,0,0,0,0,0,0,0,0,0,0,0,0,0,0,0,핸디캡,0,0,0,49500000,19800000,12600000,4500000,3600000,11,-,희망가람,HEUIMANG GARAM,1412043,66,0,0,0,0,0,0,0,채상현,Chae Sang Hyun,080532,부산경남,한국,0,최종하,Choi Jong Ha,112019,0,R1~80,2등급,69,20260830,일요일,1400,일반,7,0,0,0,0,0,0,0,0,수,성별오픈,0,0,0,0,0,0,0,구영준,Koo Young Jun,070176, (0%),-,56,0(),0
2,2세,0,0,0,0,0,0,0,0,0,0,0,0,0,0,0,0,0,0,0,0,0,0,별정A,0,0,0,24750000,9900000,6300000,2250000,1800000,1,-,에코볼트,ECO BOLT,0055980,68,0,0,0,0,0,0,0,루이스,Luis Felipe Quiroz Martinez,080624,서울,한국,0,이종원,Lee Jong Won,010421,0,R0~0,국6등급,0,20260830,일요일,1400,일반,1,0,0,0,0,0,0,0,0,수,성별오픈,0,0,0,0,0,0,0,함완식,Ham Wan Sik,070248, (0%),-,54.5,0(),0
2,2세,0,0,0,0,0,0,0,0,0,0,0,0,0,0,0,0,0,0,0,0,0,0,별정A,0,0,0,24750000,9900000,6300000,2250000,1800000,2,-,걸작번개,GEOLJAK BEONGAE,0055491,68,0,0,0,0,0,0,0,김효정,Kim Hyo Jung,080578,서울,한국,0,박덕희,Park Deokhui,105249,0,R0~0,국6등급,0,20260830,일요일,1400,일반,1,0,0,0,0,0,0,0,0,수,성별오픈,0,0,0,0,0,0,0,정하백,Jung Haback,070293, (0%),-,54.5,0(),0
2,2세,0,0,0,0,0,0,0,0,0,0,0,0,0,0,0,0,0,0,0,0,0,0,별정A,0,0,0,24750000,9900000,6300000,2250000,1800000,3,-,통쾌한승자,TONGKWAEHANSEUNGJA,0055497,68,0,0,0,0,0,0,0,코지,Kazuya Asano,080617,서울,한국,0,김영선,Kim Yeong Seon,119013,0,R0~0,국6등급,0,20260830,일요일,1400,일반,1,0,0,0,0,0,0,0,0,수,성별오픈,0,0,0,0,0,0,0,토니,Tony Castanheira,070265, (0%),-,54.5,0(),0
2,2세,0,0,0,0,0,0,0,0,0,0,0,0,0,0,0,0,0,0,0,0,0,0,별정A,0,0,0,24750000,9900000,6300000,2250000,1800000,4,-,용비신성,YONGBI SINSEONG,0055718,68,0,0,0,0,0,0,0,유승완,Yoo Seung Wan,080417,서울,한국,0,정성진,Jung Sung Jin,122013,0,R0~0,국6등급,0,20260830,일요일,1400,일반,1,0,0,0,0,0,0,0,0,수,성별오픈,0,0,0,0,0,0,0,백종수,Baek Jongsu,070300, (0%),-,54.5,0(),0
2,2세,0,0,0,0,0,0,0,0,0,0,0,0,0,0,0,0,0,0,0,0,0,0,별정A,0,0,0,24750000,9900000,6300000,2250000,1800000,5,-,레전드몬스터,LEGEND MONSTER,0056247,68,0,0,0,0,0,0,0,푸르칸,Furkan Yuksel,080611,서울,한국,0,환상마,HWAN SANG MA,124043,0,R0~0,국6등급,0,20260830,일요일,1400,일반,1,0,0,0,0,0,0,0,0,수,성별오픈,0,0,0,0,0,0,0,안병기,An Byung Ki,070146, (0%),-,54.5,0(),0
2,2세,0,0,0,0,0,0,0,0,0,0,0,0,0,0,0,0,0,0,0,0,0,0,별정A,0,0,0,24750000,9900000,6300000,2250000,1800000,6,-,명파워풀,MYEONG POWERFUL,0055356,68,0,0,0,0,0,0,0,빅투아르,Johan Victoire,080582,서울,한국,0,(주)자성실업,Ja Seong Business Ltd.,106168,0,R0~0,국6등급,0,20260830,일요일,1400,일반,1,0,0,0,0,0,0,0,0,수,성별오픈,0,0,0,0,0,0,0,문병기,Moon Byeong Ki,070225, (0%),-,54.5,0(),0
2,2세,0,0,0,0,0,0,0,0,0,0,0,0,0,0,0,0,0,0,0,0,0,0,별정A,0,0,0,24750000,9900000,6300000,2250000,1800000,7,-,플라잉드림,FLYING DREAM,0055468,68,0,0,0,0,0,0,0,우인철,Woo In Cheol,080621,서울,한국,0,김형순,Kim Hyeong Sun,110028,0,R0~0,국6등급,0,20260830,일요일,1400,일반,1,0,0,0,0,0,0,0,0,수,성별오픈,0,0,0,0,0,0,0,이준철,Lee Joon Chel,070197, (0%),-,53.5,0(),0
2,2세,0,0,0,0,0,0,0,0,0,0,0,0,0,0,0,0,0,0,0,0,0,0,별정A,0,0,0,24750000,9900000,6300000,2250000,1800000,8,-,골드엑스,GOLD X,0056087,68,0,0,0,0,0,0,0,김정준,Kim Jeong Jun,080473,서울,한국,0,이종욱,Lee Jong Uk,065133,0,R0~0,국6등급,0,20260830,일요일,1400,일반,1,0,0,0,0,0,0,0,0,수,성별오픈,0,0,0,0,0,0,0,심승태,Shim Seung Tae,070166, (0%),-,54.5,0(),0
2,2세,0,0,0,0,0,0,0,0,0,0,0,0,0,0,0,0,0,0,0,0,0,0,별정A,0,0,0,24750000,9900000,6300000,2250000,1800000,9,-,카레이칸,CAREI KHAN,0056780,68,0,0,0,0,0,0,0,김태훈,Kim Tae Hun,080512,서울,한국,0,전은영,Jeon Eun Young,121012,0,R0~0,국6등급,0,20260830,일요일,1400,일반,1,0,0,0,0,0,0,0,0,수,성별오픈,0,0,0,0,0,0,0,서인석,Seo In Seok,070165, (0%),-,54.5,0(),0
2,2세,0,0,0,0,0,0,0,0,0,0,0,0,0,0,0,0,0,0,0,0,0,0,별정A,0,0,0,24750000,9900000,6300000,2250000,1800000,10,-,뉴발삭스,NEWBAL SOCKS,0055301,68,0,0,0,0,0,0,0,조재로,Jo Jae Ro,080550,서울,한국,0,김창식,Kim Chang Sik,010352,0,R0~0,국6등급,0,20260830,일요일,1400,일반,1,0,0,0,0,0,0,0,0,수,성별오픈,0,0,0,0,0,0,0,이관호,Lee Gwan Ho,070181, (0%),-,54.5,0(),0
3,연령오픈,0,0,0,0,0,0,0,0,0,0,0,0,0,0,0,0,0,0,0,0,0,0,별정A,0,0,0,16500000,6600000,4200000,1500000,1200000,1,-,벌교시그니처,BEOLGYO SIGNATURE,0053317,68,0,0,0,0,0,0,0,임다빈,Lim Da Bin,080602,서울,한국,0,유성훈,You Sung Hoon,123007,0,R0~0,국6등급,0,20260830,일요일,1300,일반,2,0,0,0,0,0,0,0,0,수,성별오픈,0,0,0,0,0,0,0,홍윤화,Hong Yunwhoa,070306, (0%),-,56,0(),0
3,연령오픈,0,0,0,0,0,0,0,0,0,0,0,0,0,0,0,0,0,0,0,0,0,0,별정A,0,0,0,16500000,6600000,4200000,1500000,1200000,2,-,맥스맨,MAX MAN,0053128,68,0,0,0,0,0,0,0,김태현,Kim Tae Hyun,080599,서울,한국,0,김세권,Kim Se Gwon,111004,0,R0~0,국6등급,0,20260830,일요일,1300,일반,2,0,0,0,0,0,0,0,0,수,성별오픈,0,0,0,0,0,0,0,박재우,Park Jae Woo,070164, (0%),-,56,0(),0
3,연령오픈,0,0,0,0,0,0,0,0,0,0,0,0,0,0,0,0,0,0,0,0,0,0,별정A,0,0,0,16500000,6600000,4200000,1500000,1200000,3,-,마스크걸,MASK GIRL,0053879,68,0,0,0,0,0,0,0,장추열,Jang Chu Youl,080476,서울,한국,0,김진태a,Kim Jin Tae A,105239,0,R0~0,국6등급,0,20260830,일요일,1300,일반,2,0,0,0,0,0,0,0,0,암,성별오픈,0,0,0,0,0,0,0,문병기,Moon Byeong Ki,070225, (0%),-,54,0(),0
4,연령오픈,0,0,0,0,0,0,0,0,0,0,0,0,0,0,0,0,0,0,0,0,0,0,별정A,0,0,0,16500000,6600000,4200000,1500000,1200000,4,-,엔젤타임,ANGEL TIME,0051297,68,0,0,0,0,0,0,0,김효정,Kim Hyo Jung,080578,서울,한국,0,박민지,Park Minji,121005,0,R0~0,국6등급,0,20260830,일요일,1300,일반,2,0,0,0,0,0,0,0,0,암,성별오픈,0,0,0,0,0,0,0,송문길,Song Moon Gil,070179, (0%),-,54,0(),0
3,연령오픈,0,0,0,0,0,0,0,0,0,0,0,0,0,0,0,0,0,0,0,0,0,0,별정A,0,0,0,16500000,6600000,4200000,1500000,1200000,5,-,다이내믹포스,DYNAMIC FORCE,0053896,68,0,0,0,0,0,0,0,정정희,Jeong Jeong Hee,080530,서울,한국,0,이일형,Lee Il Hyung,216420,0,R0~0,국6등급,0,20260830,일요일,1300,일반,2,0,0,0,0,0,0,0,0,수,성별오픈,0,0,0,0,0,0,0,리카디,Luigi Riccardi,070244, (0%),-,56,0(),0
4,연령오픈,0,0,0,0,0,0,0,0,0,0,0,0,0,0,0,0,0,0,0,0,0,0,별정A,0,0,0,16500000,6600000,4200000,1500000,1200000,6,-,그레이팬텀,GRAY PHANTOM,0051381,68,0,0,0,0,0,0,0,오수철,O Su Cheol,080608,서울,한국,0,김길중,Kim Kil Jung,010486,0,R0~0,국6등급,0,20260830,일요일,1300,일반,2,0,0,0,0,0,0,0,0,암,성별오픈,0,0,0,0,0,0,0,이동국,Lee Dong Kook,070247, (0%),-,54,0(),0
5,연령오픈,0,0,0,0,0,0,0,0,0,0,0,0,0,0,0,0,0,0,0,0,0,0,별정A,0,0,0,16500000,6600000,4200000,1500000,1200000,7,-,크리솔포시,CHRYSOL POSH,0047428,68,0,0,0,0,0,0,0,코지,Kazuya Asano,080617,서울,한국,0,요시다가츠미,Yoshida Katsumi,214126,0,R0~0,국6등급,0,20260830,일요일,1300,일반,2,0,0,0,0,0,0,0,0,암,성별오픈,0,0,0,0,0,0,0,전승규,Jeon Seung Gyu,070182, (0%),-,54,0(),0
3,연령오픈,0,0,0,0,0,0,0,0,0,0,0,0,0,0,0,0,0,0,0,0,0,0,별정A,0,0,0,16500000,6600000,4200000,1500000,1200000,8,-,파워풀돈,POWERFUL DAWN,0052795,68,0,0,0,0,0,0,0,김태훈,Kim Tae Hun,080512,서울,한국,0,지대섭,Chi Dae Sub,010498,0,R0~0,국6등급,0,20260830,일요일,1300,일반,2,0,0,0,0,0,0,0,0,암,성별오픈,0,0,0,0,0,0,0,함완식,Ham Wan Sik,070248, (0%),-,54,0(),0
3,연령오픈,0,0,0,0,0,0,0,0,0,0,0,0,0,0,0,0,0,0,0,0,0,0,별정A,0,0,0,16500000,6600000,4200000,1500000,1200000,9,-,거센함성,GEOSEN HAMSEONG,0053817,68,0,0,0,0,0,0,0,이혁,Lee Hyeok,080486,서울,한국,0,강석대,Kang Seok Dae,105211,0,R0~0,국6등급,0,20260830,일요일,1300,일반,2,0,0,0,0,0,0,0,0,수,성별오픈,0,0,0,0,0,0,0,이신우,Lee Shin Woo,070167, (0%),-,56,0(),0
3,연령오픈,0,0,0,0,0,0,0,0,0,0,0,0,0,0,0,0,0,0,0,0,0,0,별정A,0,0,0,16500000,6600000,4200000,1500000,1200000,10,-,제주프린세스,JEJU PRINCESS,0057583,68,0,0,0,0,0,0,0,루이스,Luis Felipe Quiroz Martinez,080624,서울,한국,0,무라카미켄세이,Murakami Kensei,215328,0,R0~0,국6등급,0,20260830,일요일,1300,일반,2,0,0,0,0,0,0,0,0,암,성별오픈,0,0,0,0,0,0,0,서범석,Seo Bum Seok,070096, (0%),-,54,0(),0
3,연령오픈,0,0,0,0,0,0,0,0,0,0,0,0,0,0,0,0,0,0,0,0,0,0,별정A,0,0,0,16500000,6600000,4200000,1500000,1200000,11,-,골든워리어,GOLDEN WARRIOR,0053262,68,0,0,0,0,0,0,0,조재로,Jo Jae Ro,080550,서울,한국,0,홍상기,Hong Sang Gi,105194,0,R0~0,국6등급,0,20260830,일요일,1300,일반,2,0,0,0,0,0,0,0,0,암,성별오픈,0,0,0,0,0,0,0,서인석,Seo In Seok,070165, (0%),-,54,0(),0
4,연령오픈,0,0,0,0,0,0,0,0,0,0,0,0,0,0,0,0,0,0,0,0,0,0,핸디캡,0,0,0,24750000,9900000,6300000,2250000,1800000,1,-,카라케이,KARA K,0052135,68,0,0,0,0,0,0,0,김정준,Kim Jeong Jun,080473,서울,한국,0,강경운,Kang Gyeong Un,117025,0,R1~35,국5등급,26,20260830,일요일,1800,일반,3,0,0,0,0,0,0,0,0,암,성별오픈,0,0,0,0,0,0,0,송문길,Song Moon Gil,070179, (0%),-,52.5,0(),0
3,연령오픈,0,0,0,0,0,0,0,0,0,0,0,0,0,0,0,0,0,0,0,0,0,0,핸디캡,0,0,0,24750000,9900000,6300000,2250000,1800000,2,-,클럽맨,CLUB MAN,0053875,68,0,0,0,0,0,0,0,임다빈,Lim Da Bin,080602,서울,한국,0,최홍일,Choi Hong Il,110016,0,R1~35,국5등급,29,20260830,일요일,1800,일반,3,0,0,0,0,0,0,0,0,수,성별오픈,0,0,0,0,0,0,0,서범석,Seo Bum Seok,070096, (0%),-,54,0(),0
3,연령오픈,0,0,0,0,0,0,0,0,0,0,0,0,0,0,0,0,0,0,0,0,0,0,핸디캡,0,0,0,24750000,9900000,6300000,2250000,1800000,3,-,클로버톱,CLOVER TOP,0060715,68,0,0,0,0,0,0,0,김태훈,Kim Tae Hun,080512,서울,미국,0,박철근,Park Cheol Geun,111042,0,R1~35,국5등급,32,20260830,일요일,1800,일반,3,0,0,0,0,0,0,0,0,거,성별오픈,0,0,0,0,0,0,0,전승규,Jeon Seung Gyu,070182, (0%),-,55.5,0(),0
4,연령오픈,0,0,0,0,0,0,0,0,0,0,0,0,0,0,0,0,0,0,0,0,0,0,핸디캡,0,0,0,24750000,9900000,6300000,2250000,1800000,4,-,럭키서니,LUCKY SUNNY,0052143,68,0,0,0,0,0,0,0,김태현,Kim Tae Hyun,080599,서울,한국,0,럭키팜,Lucky Farm,121014,0,R1~35,국5등급,25,20260830,일요일,1800,일반,3,0,0,0,0,0,0,0,0,수,성별오픈,0,0,0,0,0,0,0,박재우,Park Jae Woo,070164, (0%),-,52,0(),0
5,연령오픈,0,0,0,0,0,0,0,0,0,0,0,0,0,0,0,0,0,0,0,0,0,0,핸디캡,0,0,0,24750000,9900000,6300000,2250000,1800000,5,-,포에틱누비,POETIC NUBI,0047175,68,0,0,0,0,0,0,0,김효정,Kim Hyo Jung,080578,서울,한국,0,천병득,Chun Byung Deuck,010190,0,R1~35,국5등급,23,20260830,일요일,1800,일반,3,0,0,0,0,0,0,0,0,암,성별오픈,0,0,0,0,0,0,0,서인석,Seo In Seok,070165, (0%),-,52.5,0(),0
3,연령오픈,0,0,0,0,0,0,0,0,0,0,0,0,0,0,0,0,0,0,0,0,0,0,핸디캡,0,0,0,24750000,9900000,6300000,2250000,1800000,6,-,서브미션,SUBMISSION,0053543,68,0,0,0,0,0,0,0,장추열,Jang Chu Youl,080476,서울,한국,0,말사모,Mal Sa Mo,116058,0,R1~35,국5등급,28,20260830,일요일,1800,일반,3,0,0,0,0,0,0,0,0,거,성별오픈,0,0,0,0,0,0,0,차우호,Cha Wooho,070305, (0%),-,53.5,0(),0
3,연령오픈,0,0,0,0,0,0,0,0,0,0,0,0,0,0,0,0,0,0,0,0,0,0,핸디캡,0,0,0,24750000,9900000,6300000,2250000,1800000,7,-,최고벨트,CHOEGO BELT,0060360,68,0,0,0,0,0,0,0,정정희,Jeong Jeong Hee,080530,서울,미국,0,이강운,Lee Kang Woon,121047,0,R1~35,국5등급,34,20260830,일요일,1800,일반,3,0,0,0,0,0,0,0,0,거,성별오픈,0,0,0,0,0,0,0,리카디,Luigi Riccardi,070244, (0%),-,56.5,0(),0
5,연령오픈,0,0,0,0,0,0,0,0,0,0,0,0,0,0,0,0,0,0,0,0,0,0,핸디캡,0,0,0,24750000,9900000,6300000,2250000,1800000,8,-,호명퀸,HOMYEONG QUEEN,0051463,68,0,0,0,0,0,0,0,조성환,Jo Seong Hwan,080622,서울,한국,0,양일추,Yang Il Chu,215356,0,R1~35,국5등급,35,20260830,일요일,1800,일반,3,0,0,0,0,0,0,0,0,암,성별오픈,0,0,0,0,0,0,0,이동국,Lee Dong Kook,070247, (0%),-,51,0(),0
3,연령오픈,0,0,0,0,0,0,0,0,0,0,0,0,0,0,0,0,0,0,0,0,0,0,핸디캡,0,0,0,24750000,9900000,6300000,2250000,1800000,9,-,럭키조이,LUCKY JOY,0054584,68,0,0,0,0,0,0,0,임기원,Lim Gi Won,080487,서울,한국,0,럭키팜,Lucky Farm,121014,0,R1~35,국5등급,32,20260830,일요일,1800,일반,3,0,0,0,0,0,0,0,0,거,성별오픈,0,0,0,0,0,0,0,박재우,Park Jae Woo,070164, (0%),-,55.5,0(),0
3,연령오픈,0,0,0,0,0,0,0,0,0,0,0,0,0,0,0,0,0,0,0,0,0,0,핸디캡,0,0,0,24750000,9900000,6300000,2250000,1800000,10,-,크리솔스텝,CHRYSOL STEP,0053550,68,0,0,0,0,0,0,0,유승완,Yoo Seung Wan,080417,서울,한국,0,요시다가츠미,Yoshida Katsumi,214126,0,R1~35,국5등급,27,20260830,일요일,1800,일반,3,0,0,0,0,0,0,0,0,수,성별오픈,0,0,0,0,0,0,0,안병기,An Byung Ki,070146, (0%),-,53,0(),0
3,연령오픈,0,0,0,0,0,0,0,0,0,0,0,0,0,0,0,0,0,0,0,0,0,0,핸디캡,0,0,0,24750000,9900000,6300000,2250000,1800000,1,-,성실위너,SEONGSIL WINNER,0053902,68,0,0,0,0,0,0,0,김태현,Kim Tae Hyun,080599,서울,한국,0,이동훈,Lee Dong Hun,104112,0,R1~35,국5등급,28,20260830,일요일,1300,일반,4,0,0,0,0,0,0,0,0,암,암,0,0,0,0,0,0,0,심승태,Shim Seung Tae,070166, (0%),-,53,0(),0
3,연령오픈,0,0,0,0,0,0,0,0,0,0,0,0,0,0,0,0,0,0,0,0,0,0,핸디캡,0,0,0,24750000,9900000,6300000,2250000,1800000,2,-,카우보이삭스,COWBOY SOCKS,0052817,68,0,0,0,0,0,0,0,마이아,Ruan Merari Maia,080616,서울,한국,0,김창식,Kim Chang Sik,010352,0,R1~35,국5등급,29,20260830,일요일,1300,일반,4,0,0,0,0,0,0,0,0,암,암,0,0,0,0,0,0,0,이신우,Lee Shin Woo,070167, (0%),-,53.5,0(),0
5,연령오픈,0,0,0,0,0,0,0,0,0,0,0,0,0,0,0,0,0,0,0,0,0,0,핸디캡,0,0,0,24750000,9900000,6300000,2250000,1800000,3,-,제라퀸,JERAQUEEN,0046686,68,0,0,0,0,0,0,0,푸르칸,Furkan Yuksel,080611,서울,한국,0,하늬바람,Ha Nui Ba Ram,117054,0,R1~35,국5등급,35,20260830,일요일,1300,일반,4,0,0,0,0,0,0,0,0,암,암,0,0,0,0,0,0,0,김동철,Kim Dong Chul,070177, (0%),-,56.5,0(),0
5,연령오픈,0,0,0,0,0,0,0,0,0,0,0,0,0,0,0,0,0,0,0,0,0,0,핸디캡,0,0,0,24750000,9900000,6300000,2250000,1800000,4,-,행복여전사,HAENGBOK YEOJEONSA,0050296,68,0,0,0,0,0,0,0,이혁,Lee Hyeok,080486,서울,한국,0,허도행,Heo Do Haeng,104127,0,R1~35,국5등급,23,20260830,일요일,1300,일반,4,0,0,0,0,0,0,0,0,암,암,0,0,0,0,0,0,0,홍윤화,Hong Yunwhoa,070306, (0%),-,52.5,0(),0
5,연령오픈,0,0,0,0,0,0,0,0,0,0,0,0,0,0,0,0,0,0,0,0,0,0,핸디캡,0,0,0,24750000,9900000,6300000,2250000,1800000,5,-,무한아르고,MUHAN ARGO,0053723,68,0,0,0,0,0,0,0,김태희,Kim Tae Hui,080603,서울,미국,0,우태율,Woo Tae Yul,111006,0,R1~35,국5등급,32,20260830,일요일,1300,일반,4,0,0,0,0,0,0,0,0,암,암,0,0,0,0,0,0,0,최용건,Choi Yong Geon,070200, (0%),-,55,0(),0
5,연령오픈,0,0,0,0,0,0,0,0,0,0,0,0,0,0,0,0,0,0,0,0,0,0,핸디캡,0,0,0,24750000,9900000,6300000,2250000,1800000,6,-,스페셜포스,SPECIAL FORCE,0046648,68,0,0,0,0,0,0,0,조상범,Jo Sang Beom,080533,서울,한국,0,이상진,Lee Sang Jin,122030,0,R1~35,국5등급,23,20260830,일요일,1300,일반,4,0,0,0,0,0,0,0,0,암,암,0,0,0,0,0,0,0,임채덕,Lim Chae Deok,070198, (0%),-,52.5,0(),0
4,연령오픈,0,0,0,0,0,0,0,0,0,0,0,0,0,0,0,0,0,0,0,0,0,0,핸디캡,0,0,0,24750000,9900000,6300000,2250000,1800000,7,-,럭키데이,LUCKY DAY,0051948,68,0,0,0,0,0,0,0,조성환,Jo Seong Hwan,080622,서울,한국,0,페가수스,Pegasus,065127,0,R1~35,국5등급,34,20260830,일요일,1300,일반,4,0,0,0,0,0,0,0,0,암,암,0,0,0,0,0,0,0,토니,Tony Castanheira,070265, (0%),-,52,0(),0
3,연령오픈,0,0,0,0,0,0,0,0,0,0,0,0,0,0,0,0,0,0,0,0,0,0,핸디캡,0,0,0,24750000,9900000,6300000,2250000,1800000,8,-,학산위너,HAKSAN WINNER,0053970,68,0,0,0,0,0,0,0,김용근,Kim Yong Geun,080405,서울,한국,0,황봉기,Hwang Bong Ki,119036,0,R1~35,국5등급,29,20260830,일요일,1300,일반,4,0,0,0,0,0,0,0,0,암,암,0,0,0,0,0,0,0,문세영,Moon Seyoung,070290, (0%),-,53.5,0(),0
5,연령오픈,0,0,0,0,0,0,0,0,0,0,0,0,0,0,0,0,0,0,0,0,0,0,핸디캡,0,0,0,24750000,9900000,6300000,2250000,1800000,9,-,빛의순간,BITCHUI SUNGAN,0051750,68,0,0,0,0,0,0,0,김효정,Kim Hyo Jung,080578,서울,한국,0,홍상기,Hong Sang Gi,105194,0,R1~35,국5등급,27,20260830,일요일,1300,일반,4,0,0,0,0,0,0,0,0,암,암,0,0,0,0,0,0,0,서인석,Seo In Seok,070165, (0%),-,52.5,0(),0
3,연령오픈,0,0,0,0,0,0,0,0,0,0,0,0,0,0,0,0,0,0,0,0,0,0,핸디캡,0,0,0,24750000,9900000,6300000,2250000,1800000,10,-,대비마마,DAEBI MAMA,0052978,68,0,0,0,0,0,0,0,코지,Kazuya Asano,080617,서울,한국,0,우태율,Woo Tae Yul,111006,0,R1~35,국5등급,29,20260830,일요일,1300,일반,4,0,0,0,0,0,0,0,0,암,암,0,0,0,0,0,0,0,정하백,Jung Haback,070293, (0%),-,53.5,0(),0
3,연령오픈,0,0,0,0,0,0,0,0,0,0,0,0,0,0,0,0,0,0,0,0,0,0,핸디캡,0,0,0,24750000,9900000,6300000,2250000,1800000,1,-,하남레이저,HANAM LASER,0052960,68,0,0,0,0,0,0,0,우인철,Woo In Cheol,080621,서울,한국,0,송한우,Song Han Woo,110050,0,R1~35,국5등급,25,20260830,일요일,1400,일반,5,0,0,0,0,0,0,0,0,암,성별오픈,0,0,0,0,0,0,0,김동균,Kim Dong Kyun,070170, (0%),-,51,0(),0
3,연령오픈,0,0,0,0,0,0,0,0,0,0,0,0,0,0,0,0,0,0,0,0,0,0,핸디캡,0,0,0,24750000,9900000,6300000,2250000,1800000,2,-,베스트프리덤,BEST FREEDOM,0054222,68,0,0,0,0,0,0,0,마이아,Ruan Merari Maia,080616,서울,한국,0,박민지,Park Minji,121005,0,R1~35,국5등급,29,20260830,일요일,1400,일반,5,0,0,0,0,0,0,0,0,수,성별오픈,0,0,0,0,0,0,0,박재우,Park Jae Woo,070164, (0%),-,54,0(),0
4,연령오픈,0,0,0,0,0,0,0,0,0,0,0,0,0,0,0,0,0,0,0,0,0,0,핸디캡,0,0,0,24750000,9900000,6300000,2250000,1800000,3,-,그랜드파크,GRAND PARK,0050739,68,0,0,0,0,0,0,0,임기원,Lim Gi Won,080487,서울,한국,0,(주)디알엠씨티,D R M City,114026,0,R1~35,국5등급,23,20260830,일요일,1400,일반,5,0,0,0,0,0,0,0,0,수,성별오픈,0,0,0,0,0,0,0,차우호,Cha Wooho,070305, (0%),-,52.5,0(),0
3,연령오픈,0,0,0,0,0,0,0,0,0,0,0,0,0,0,0,0,0,0,0,0,0,0,핸디캡,0,0,0,24750000,9900000,6300000,2250000,1800000,4,-,러버맨,LOVERMAN,0053215,68,0,0,0,0,0,0,0,장추열,Jang Chu Youl,080476,서울,한국,0,박민규,Park Min Kyu,124005,0,R1~35,국5등급,35,20260830,일요일,1400,일반,5,0,0,0,0,0,0,0,0,수,성별오픈,0,0,0,0,0,0,0,이관호,Lee Gwan Ho,070181, (0%),-,57,0(),0
5,연령오픈,0,0,0,0,0,0,0,0,0,0,0,0,0,0,0,0,0,0,0,0,0,0,핸디캡,0,0,0,24750000,9900000,6300000,2250000,1800000,5,-,불국시대,BULGUKSIDAE,1412351,68,0,0,0,0,0,0,0,빅투아르,Johan Victoire,080582,서울,한국,0,퍼플라인,Purple Line,121053,0,R1~35,국5등급,24,20260830,일요일,1400,일반,5,0,0,0,0,0,0,0,0,암,성별오픈,0,0,0,0,0,0,0,이동국,Lee Dong Kook,070247, (0%),-,52.5,0(),0
3,연령오픈,0,0,0,0,0,0,0,0,0,0,0,0,0,0,0,0,0,0,0,0,0,0,핸디캡,0,0,0,24750000,9900000,6300000,2250000,1800000,6,-,스터닝스킷,STUNNING SKET,0053690,68,0,0,0,0,0,0,0,루이스,Luis Felipe Quiroz Martinez,080624,서울,한국,0,박정배,Park Jung Bae,118001,0,R1~35,국5등급,25,20260830,일요일,1400,일반,5,0,0,0,0,0,0,0,0,거,성별오픈,0,0,0,0,0,0,0,김동균,Kim Dong Kyun,070170, (0%),-,52.5,0(),0
4,연령오픈,0,0,0,0,0,0,0,0,0,0,0,0,0,0,0,0,0,0,0,0,0,0,핸디캡,0,0,0,24750000,9900000,6300000,2250000,1800000,7,-,베스트조이,BEST JOY,0051153,68,0,0,0,0,0,0,0,송재철,Song Jae Chul,080513,서울,한국,0,베스트샤인조합,Best Shine,111067,0,R1~35,국5등급,33,20260830,일요일,1400,일반,5,0,0,0,0,0,0,0,0,거,성별오픈,0,0,0,0,0,0,0,강환민,Kang Hwan Min,070175, (0%),-,56,0(),0
3,연령오픈,0,0,0,0,0,0,0,0,0,0,0,0,0,0,0,0,0,0,0,0,0,0,핸디캡,0,0,0,24750000,9900000,6300000,2250000,1800000,8,-,코스모찐,COSMO JJIN,0052994,68,0,0,0,0,0,0,0,김태훈,Kim Tae Hun,080512,서울,한국,0,유수현,Ryu Soo Hyeun,121004,0,R1~35,국5등급,28,20260830,일요일,1400,일반,5,0,0,0,0,0,0,0,0,암,성별오픈,0,0,0,0,0,0,0,서인석,Seo In Seok,070165, (0%),-,52.5,0(),0
4,연령오픈,0,0,0,0,0,0,0,0,0,0,0,0,0,0,0,0,0,0,0,0,0,0,핸디캡,0,0,0,24750000,9900000,6300000,2250000,1800000,9,-,알파피메일,ALPHA FEMALE,0051331,68,0,0,0,0,0,0,0,임다빈,Lim Da Bin,080602,서울,한국,0,(주)쎄쎄쎄,Cecece,124017,0,R1~35,국5등급,27,20260830,일요일,1400,일반,5,0,0,0,0,0,0,0,0,암,성별오픈,0,0,0,0,0,0,0,이동국,Lee Dong Kook,070247, (0%),-,52.5,0(),0
4,연령오픈,0,0,0,0,0,0,0,0,0,0,0,0,0,0,0,0,0,0,0,0,0,0,핸디캡,0,0,0,24750000,9900000,6300000,2250000,1800000,10,-,캡틴라이즈,CAPTAIN RISE,0051538,68,0,0,0,0,0,0,0,조상범,Jo Sang Beom,080533,서울,한국,0,박정재,Park Jeong Jae,010801,0,R1~35,국5등급,29,20260830,일요일,1400,일반,5,0,0,0,0,0,0,0,0,수,성별오픈,0,0,0,0,0,0,0,심승태,Shim Seung Tae,070166, (0%),-,54,0(),0
3,연령오픈,0,0,0,0,0,0,0,0,0,0,0,0,0,0,0,0,0,0,0,0,0,0,핸디캡,0,0,0,24750000,9900000,6300000,2250000,1800000,11,-,라비타,LAVITA,0053978,68,0,0,0,0,0,0,0,최범현,Choi Bum Hyun,080361,서울,한국,0,죽마조합,Juk Ma Union,114027,0,R1~35,국5등급,29,20260830,일요일,1400,일반,5,0,0,0,0,0,0,0,0,암,성별오픈,0,0,0,0,0,0,0,박지헌,Park Jee Heon,070264, (0%),-,52.5,0(),0
3,연령오픈,0,0,0,0,0,0,0,0,0,0,0,0,0,0,0,0,0,0,0,0,0,0,핸디캡,0,0,0,33000000,13200000,8400000,3000000,2400000,1,-,파이브스타,FIVE STAR,0053486,68,0,0,0,0,0,0,0,임기원,Lim Gi Won,080487,서울,한국,0,변갑한,Byun Gap Han,109014,0,R0~50,혼4등급,37,20260830,일요일,1800,일반,6,0,0,0,0,0,0,0,0,수,성별오픈,0,0,0,0,0,0,0,함완식,Ham Wan Sik,070248, (0%),-,52,0(),0
5,연령오픈,0,0,0,0,0,0,0,0,0,0,0,0,0,0,0,0,0,0,0,0,0,0,핸디캡,0,0,0,33000000,13200000,8400000,3000000,2400000,2,-,인피니트아너,INFINITE HONOR,0047314,68,0,0,0,0,0,0,0,이혁,Lee Hyeok,080486,서울,한국,0,김중길,Kim Jung Gil,105057,0,R0~50,혼4등급,41,20260830,일요일,1800,일반,6,0,0,0,0,0,0,0,0,거,성별오픈,0,0,0,0,0,0,0,강성오,Kang Sung O,070174, (0%),-,54,0(),0
4,연령오픈,0,0,0,0,0,0,0,0,0,0,0,0,0,0,0,0,0,0,0,0,0,0,핸디캡,0,0,0,33000000,13200000,8400000,3000000,2400000,3,-,벌교그래미,BEOLGYO GRAMMY,0051315,68,0,0,0,0,0,0,0,김효정,Kim Hyo Jung,080578,서울,한국,0,유성훈,You Sung Hoon,123007,0,R0~50,혼4등급,43,20260830,일요일,1800,일반,6,0,0,0,0,0,0,0,0,암,성별오픈,0,0,0,0,0,0,0,홍윤화,Hong Yunwhoa,070306, (0%),-,53,0(),0
4,연령오픈,0,0,0,0,0,0,0,0,0,0,0,0,0,0,0,0,0,0,0,0,0,0,핸디캡,0,0,0,33000000,13200000,8400000,3000000,2400000,4,-,청산질주,CHEONGSAN JILJU,0051689,68,0,0,0,0,0,0,0,장추열,Jang Chu Youl,080476,서울,한국,0,황은호,Hwang Eun Ho,111007,0,R0~50,혼4등급,47,20260830,일요일,1800,일반,6,0,0,0,0,0,0,0,0,수,성별오픈,0,0,0,0,0,0,0,이관호,Lee Gwan Ho,070181, (0%),-,57,0(),0
3,연령오픈,0,0,0,0,0,0,0,0,0,0,0,0,0,0,0,0,0,0,0,0,0,0,핸디캡,0,0,0,33000000,13200000,8400000,3000000,2400000,5,-,더엑설런트,THE EXCELLENT,0053540,68,0,0,0,0,0,0,0,조재로,Jo Jae Ro,080550,서울,한국,0,박준배,Park Jun Bae,106148,0,R0~50,혼4등급,44,20260830,일요일,1800,일반,6,0,0,0,0,0,0,0,0,수,성별오픈,0,0,0,0,0,0,0,서인석,Seo In Seok,070165, (0%),-,55.5,0(),0
4,연령오픈,0,0,0,0,0,0,0,0,0,0,0,0,0,0,0,0,0,0,0,0,0,0,핸디캡,0,0,0,33000000,13200000,8400000,3000000,2400000,6,-,하늘감동,HANEUL GAMDONG,0050867,68,0,0,0,0,0,0,0,유승완,Yoo Seung Wan,080417,서울,한국,0,허도행,Heo Do Haeng,104127,0,R0~50,혼4등급,36,20260830,일요일,1800,일반,6,0,0,0,0,0,0,0,0,거,성별오픈,0,0,0,0,0,0,0,김동균,Kim Dong Kyun,070170, (0%),-,52.5,0(),0
3,연령오픈,0,0,0,0,0,0,0,0,0,0,0,0,0,0,0,0,0,0,0,0,0,0,핸디캡,0,0,0,33000000,13200000,8400000,3000000,2400000,7,-,무적함대,MUJEOK HAMDAE,0052999,68,0,0,0,0,0,0,0,푸르칸,Furkan Yuksel,080611,서울,한국,0,곽승종,kwak seung Jong,124039,0,R0~50,혼4등급,45,20260830,일요일,1800,일반,6,0,0,0,0,0,0,0,0,수,성별오픈,0,0,0,0,0,0,0,이신우,Lee Shin Woo,070167, (0%),-,56,0(),0
6,연령오픈,0,0,0,0,0,0,0,0,0,0,0,0,0,0,0,0,0,0,0,0,0,0,핸디캡,0,0,0,33000000,13200000,8400000,3000000,2400000,8,-,퍼플신화,PURPLE SHINHWA,0045289,68,0,0,0,0,0,0,0,김태희,Kim Tae Hui,080603,서울,한국,0,퍼플라인,Purple Line,121053,0,R0~50,혼4등급,41,20260830,일요일,1800,일반,6,0,0,0,0,0,0,0,0,거,성별오픈,0,0,0,0,0,0,0,박윤규,Park Youn Gu,070117, (0%),-,54,0(),0
3,연령오픈,0,0,0,0,0,0,0,0,0,0,0,0,0,0,0,0,0,0,0,0,0,0,핸디캡,0,0,0,33000000,13200000,8400000,3000000,2400000,9,-,파사스파크,PASA SPARK,0060709,68,0,0,0,0,0,0,0,김태훈,Kim Tae Hun,080512,서울,미국,0,황현,Hwang Hyun,123001,0,R0~50,혼4등급,50,20260830,일요일,1800,일반,6,0,0,0,0,0,0,0,0,암,성별오픈,0,0,0,0,0,0,0,서홍수,Seo Hong Soo,070160, (0%),-,56.5,0(),0
3,연령오픈,0,0,0,0,0,0,0,0,0,0,0,0,0,0,0,0,0,0,0,0,0,0,핸디캡,0,0,0,33000000,13200000,8400000,3000000,2400000,1,-,새내파이터,SAENAE FIGHTER,0055360,68,0,0,0,0,0,0,0,이동하,Lee Dong Ha,080562,서울,한국,0,문금철,Moon Geum Cheol,117013,0,R1~50,국4등급,49,20260830,일요일,1700,일반,7,0,0,0,0,0,0,0,0,수,성별오픈,0,0,0,0,0,0,0,문세영,Moon Seyoung,070290, (0%),-,57,0(),0
7,연령오픈,0,0,0,0,0,0,0,0,0,0,0,0,0,0,0,0,0,0,0,0,0,0,핸디캡,0,0,0,33000000,13200000,8400000,3000000,2400000,2,-,원평코드,WONPYEONG COD,0044526,68,0,0,0,0,0,0,0,조성환,Jo Seong Hwan,080622,서울,한국,0,김용재,Kim Young Jae,106198,0,R1~50,국4등급,46,20260830,일요일,1700,일반,7,0,0,0,0,0,0,0,0,거,성별오픈,0,0,0,0,0,0,0,박병일,Park Byeong Il,070163, (0%),-,51.5,0(),0
4,연령오픈,0,0,0,0,0,0,0,0,0,0,0,0,0,0,0,0,0,0,0,0,0,0,핸디캡,0,0,0,33000000,13200000,8400000,3000000,2400000,3,-,미스터스톰,MR.STORM,0051936,68,0,0,0,0,0,0,0,김정준,Kim Jeong Jun,080473,서울,한국,0,이종욱,Lee Jong Uk,065133,0,R1~50,국4등급,38,20260830,일요일,1700,일반,7,0,0,0,0,0,0,0,0,수,성별오픈,0,0,0,0,0,0,0,심승태,Shim Seung Tae,070166, (0%),-,52.5,0(),0
6,연령오픈,0,0,0,0,0,0,0,0,0,0,0,0,0,0,0,0,0,0,0,0,0,0,핸디캡,0,0,0,33000000,13200000,8400000,3000000,2400000,4,-,강철전사,GANGCHEOL JEONSA,0045700,68,0,0,0,0,0,0,0,우인철,Woo In Cheol,080621,서울,한국,0,허도행,Heo Do Haeng,104127,0,R1~50,국4등급,36,20260830,일요일,1700,일반,7,0,0,0,0,0,0,0,0,수,성별오픈,0,0,0,0,0,0,0,김동균,Kim Dong Kyun,070170, (0%),-,51,0(),0
4,연령오픈,0,0,0,0,0,0,0,0,0,0,0,0,0,0,0,0,0,0,0,0,0,0,핸디캡,0,0,0,33000000,13200000,8400000,3000000,2400000,5,-,금아포모스트,GEUMA FOREMOST,0051259,68,0,0,0,0,0,0,0,조재로,Jo Jae Ro,080550,서울,한국,0,금아산업(주),Kuem A Industry Co Ltd,117038,0,R1~50,국4등급,41,20260830,일요일,1700,일반,7,0,0,0,0,0,0,0,0,거,성별오픈,0,0,0,0,0,0,0,이관호,Lee Gwan Ho,070181, (0%),-,53,0(),0
4,연령오픈,0,0,0,0,0,0,0,0,0,0,0,0,0,0,0,0,0,0,0,0,0,0,핸디캡,0,0,0,33000000,13200000,8400000,3000000,2400000,6,-,혁무상,HYEUKMUSANG,0051929,68,0,0,0,0,0,0,0,루이스,Luis Felipe Quiroz Martinez,080624,서울,한국,0,씨유네트워크,Cu Network,114028,0,R1~50,국4등급,48,20260830,일요일,1700,일반,7,0,0,0,0,0,0,0,0,수,성별오픈,0,0,0,0,0,0,0,함완식,Ham Wan Sik,070248, (0%),-,56.5,0(),0
4,연령오픈,0,0,0,0,0,0,0,0,0,0,0,0,0,0,0,0,0,0,0,0,0,0,핸디캡,0,0,0,33000000,13200000,8400000,3000000,2400000,7,-,아쿠아라인,AQUA LINE,0051794,68,0,0,0,0,0,0,0,마이아,Ruan Merari Maia,080616,서울,한국,0,미즈타니 마사테루,Mizutani Masateru,214706,0,R1~50,국4등급,47,20260830,일요일,1700,일반,7,0,0,0,0,0,0,0,0,수,성별오픈,0,0,0,0,0,0,0,서범석,Seo Bum Seok,070096, (0%),-,56,0(),0
3,연령오픈,0,0,0,0,0,0,0,0,0,0,0,0,0,0,0,0,0,0,0,0,0,0,핸디캡,0,0,0,33000000,13200000,8400000,3000000,2400000,8,-,플라잉아너,FLYING HONOR,0053348,68,0,0,0,0,0,0,0,빅투아르,Johan Victoire,080582,서울,한국,0,김형순,Kim Hyeong Sun,110028,0,R1~50,국4등급,46,20260830,일요일,1700,일반,7,0,0,0,0,0,0,0,0,거,성별오픈,0,0,0,0,0,0,0,이준철,Lee Joon Chel,070197, (0%),-,55.5,0(),0
4,연령오픈,0,0,0,0,0,0,0,0,0,0,0,0,0,0,0,0,0,0,0,0,0,0,핸디캡,0,0,0,33000000,13200000,8400000,3000000,2400000,9,-,아모스천하,AMOS CHEONHA,0051888,68,0,0,0,0,0,0,0,김옥성,Kim Ok Sung,080100,서울,한국,0,홍애란,Hong Ae Ran ,124009,0,R1~50,국4등급,37,20260830,일요일,1700,일반,7,0,0,0,0,0,0,0,0,거,성별오픈,0,0,0,0,0,0,0,최용건,Choi Yong Geon,070200, (0%),-,52.5,0(),0
3,연령오픈,0,0,0,0,0,0,0,0,0,0,0,0,0,0,0,0,0,0,0,0,0,0,핸디캡,0,0,0,33000000,13200000,8400000,3000000,2400000,10,-,제이디강자,JD GANGJA,0053365,68,0,0,0,0,0,0,0,임다빈,Lim Da Bin,080602,서울,한국,0,이월희,Lee Wol Hui,117022,0,R1~50,국4등급,48,20260830,일요일,1700,일반,7,0,0,0,0,0,0,0,0,수,성별오픈,0,0,0,0,0,0,0,임채덕,Lim Chae Deok,070198, (0%),-,56.5,0(),0
5,연령오픈,0,0,0,0,0,0,0,0,0,0,0,0,0,0,0,0,0,0,0,0,0,0,핸디캡,0,0,0,33000000,13200000,8400000,3000000,2400000,11,-,블러드마운틴,BLOOD MOUNTAIN,0046885,68,0,0,0,0,0,0,0,유승완,Yoo Seung Wan,080417,서울,한국,0,이상진,Lee Sang Jin,122030,0,R1~50,국4등급,45,20260830,일요일,1700,일반,7,0,0,0,0,0,0,0,0,수,성별오픈,0,0,0,0,0,0,0,백종수,Baek Jongsu,070300, (0%),-,55,0(),0
3,연령오픈,0,0,0,0,0,0,0,0,0,0,0,0,0,0,0,0,0,0,0,0,0,0,핸디캡,0,0,0,33000000,13200000,8400000,3000000,2400000,1,-,관악산스카이,GWANAKSAN SKY,0053436,68,0,0,0,0,0,0,0,빅투아르,Johan Victoire,080582,서울,한국,0,손병석,Son Byung Seok,123009,0,R0~50,혼4등급,46,20260830,일요일,1800,일반,8,0,0,0,0,0,0,0,0,수,성별오픈,0,0,0,0,0,0,0,이준철,Lee Joon Chel,070197, (0%),-,56.5,0(),0
5,연령오픈,0,0,0,0,0,0,0,0,0,0,0,0,0,0,0,0,0,0,0,0,0,0,핸디캡,0,0,0,33000000,13200000,8400000,3000000,2400000,2,-,고스트크리솔,GHOST CHRYSOL,0047099,68,0,0,0,0,0,0,0,장추열,Jang Chu Youl,080476,서울,한국,0,한대영,Han Dae Young,123024,0,R0~50,혼4등급,46,20260830,일요일,1800,일반,8,0,0,0,0,0,0,0,0,거,성별오픈,0,0,0,0,0,0,0,안병기,An Byung Ki,070146, (0%),-,56.5,0(),0
4,연령오픈,0,0,0,0,0,0,0,0,0,0,0,0,0,0,0,0,0,0,0,0,0,0,핸디캡,0,0,0,33000000,13200000,8400000,3000000,2400000,3,-,태기산킹,TAEGISAN KING,0051305,68,0,0,0,0,0,0,0,임다빈,Lim Da Bin,080602,서울,한국,0,최성룡,Choi Seong Ryong,105180,0,R0~50,혼4등급,47,20260830,일요일,1800,일반,8,0,0,0,0,0,0,0,0,수,성별오픈,0,0,0,0,0,0,0,서범석,Seo Bum Seok,070096, (0%),-,57,0(),0
7,연령오픈,0,0,0,0,0,0,0,0,0,0,0,0,0,0,0,0,0,0,0,0,0,0,핸디캡,0,0,0,33000000,13200000,8400000,3000000,2400000,4,-,남산무적,NAMSAN MUJEOK,0043840,68,0,0,0,0,0,0,0,이동하,Lee Dong Ha,080562,서울,한국,0,이기선,Lee Ki Sun,010516,0,R0~50,혼4등급,42,20260830,일요일,1800,일반,8,0,0,0,0,0,0,0,0,수,성별오픈,0,0,0,0,0,0,0,강성오,Kang Sung O,070174, (0%),-,54.5,0(),0
4,연령오픈,0,0,0,0,0,0,0,0,0,0,0,0,0,0,0,0,0,0,0,0,0,0,핸디캡,0,0,0,33000000,13200000,8400000,3000000,2400000,5,-,샤이닝로드,SHINING ROAD,0056591,68,0,0,0,0,0,0,0,최범현,Choi Bum Hyun,080361,서울,미국,0,이윤석,Lee Yoon Suk,123030,0,R0~50,혼4등급,47,20260830,일요일,1800,일반,8,0,0,0,0,0,0,0,0,거,성별오픈,0,0,0,0,0,0,0,성상현,Seong Sanghyun,070289, (0%),-,57,0(),0
4,연령오픈,0,0,0,0,0,0,0,0,0,0,0,0,0,0,0,0,0,0,0,0,0,0,핸디캡,0,0,0,33000000,13200000,8400000,3000000,2400000,6,-,글로벌파로아,GLOBAL PHAROAH,0055428,68,0,0,0,0,0,0,0,이혁,Lee Hyeok,080486,서울,호주,0,장재형,Jang Jae Hyeung,010611,0,R0~50,혼4등급,36,20260830,일요일,1800,일반,8,0,0,0,0,0,0,0,0,거,성별오픈,0,0,0,0,0,0,0,정호익,Jung Ho Ik,070148, (0%),-,52.5,0(),0
3,연령오픈,0,0,0,0,0,0,0,0,0,0,0,0,0,0,0,0,0,0,0,0,0,0,핸디캡,0,0,0,33000000,13200000,8400000,3000000,2400000,7,-,브리도칼리,BREEDO CALEY,0052957,68,0,0,0,0,0,0,0,김용근,Kim Yong Geun,080405,서울,한국,0,조수영,cho soo young,122019,0,R0~50,혼4등급,41,20260830,일요일,1800,일반,8,0,0,0,0,0,0,0,0,수,성별오픈,0,0,0,0,0,0,0,정하백,Jung Haback,070293, (0%),-,54,0(),0
5,연령오픈,0,0,0,0,0,0,0,0,0,0,0,0,0,0,0,0,0,0,0,0,0,0,핸디캡,0,0,0,33000000,13200000,8400000,3000000,2400000,8,-,하이폴리,HIGH FOLLY,0047548,68,0,0,0,0,0,0,0,김효정,Kim Hyo Jung,080578,서울,한국,0,김은갑,Kim Eun Gap,118003,0,R0~50,혼4등급,43,20260830,일요일,1800,일반,8,0,0,0,0,0,0,0,0,수,성별오픈,0,0,0,0,0,0,0,문병기,Moon Byeong Ki,070225, (0%),-,55,0(),0
3,연령오픈,0,0,0,0,0,0,0,0,0,0,0,0,0,0,0,0,0,0,0,0,0,0,핸디캡,0,0,0,33000000,13200000,8400000,3000000,2400000,9,-,진격의돌핀,JINGYEOGUI DOLPHIN,0060799,68,0,0,0,0,0,0,0,조상범,Jo Sang Beom,080533,서울,호주,0,서창식,Seo Chang Sik,114004,0,R0~50,혼4등급,37,20260830,일요일,1800,일반,8,0,0,0,0,0,0,0,0,암,성별오픈,0,0,0,0,0,0,0,신삼영,Shin Sam Young,070161, (0%),-,52.5,0(),0
4,연령오픈,0,0,0,0,0,0,0,0,0,0,0,0,0,0,0,0,0,0,0,0,0,0,핸디캡,0,0,0,33000000,13200000,8400000,3000000,2400000,10,-,핵다이아,HAEK DIA,0056399,68,0,0,0,0,0,0,0,푸르칸,Furkan Yuksel,080611,서울,미국,0,김아라,Kim Ah Ra,121015,0,R0~50,혼4등급,36,20260830,일요일,1800,일반,8,0,0,0,0,0,0,0,0,암,성별오픈,0,0,0,0,0,0,0,이신우,Lee Shin Woo,070167, (0%),-,52.5,0(),0
5,연령오픈,0,0,0,0,0,0,0,0,0,0,0,0,0,0,0,0,0,0,0,0,0,0,핸디캡,0,0,0,60500000,24200000,15400000,5500000,4400000,1,-,블랙벨트,BLACK BELT,0046935,68,0,0,0,0,0,0,0,정정희,Jeong Jeong Hee,080530,서울,한국,0,이강운,Lee Kang Woon,121047,0,R1~140,1등급,95,20260830,일요일,1400,일반,9,0,0,0,0,0,0,0,0,수,성별오픈,0,0,0,0,0,0,0,리카디,Luigi Riccardi,070244, (0%),-,53,0(),0
5,연령오픈,0,0,0,0,0,0,0,0,0,0,0,0,0,0,0,0,0,0,0,0,0,0,핸디캡,0,0,0,60500000,24200000,15400000,5500000,4400000,2,-,만대로,MANDAERO,1412322,68,0,0,0,0,0,0,0,임다빈,Lim Da Bin,080602,서울,한국,0,최성룡,Choi Seong Ryong,105180,0,R1~140,1등급,83,20260830,일요일,1400,일반,9,0,0,0,0,0,0,0,0,수,성별오픈,0,0,0,0,0,0,0,서범석,Seo Bum Seok,070096, (0%),-,52.5,0(),0
5,연령오픈,0,0,0,0,0,0,0,0,0,0,0,0,0,0,0,0,0,0,0,0,0,0,핸디캡,0,0,0,60500000,24200000,15400000,5500000,4400000,3,-,벌교베리타스,BEOLGYO VERITAS,0050265,68,0,0,0,0,0,0,0,루이스,Luis Felipe Quiroz Martinez,080624,서울,한국,0,유성훈,You Sung Hoon,123007,0,R1~140,1등급,81,20260830,일요일,1400,일반,9,0,0,0,0,0,0,0,0,수,성별오픈,0,0,0,0,0,0,0,박지헌,Park Jee Heon,070264, (0%),-,52.5,0(),0
5,연령오픈,0,0,0,0,0,0,0,0,0,0,0,0,0,0,0,0,0,0,0,0,0,0,핸디캡,0,0,0,60500000,24200000,15400000,5500000,4400000,4,-,아이엠짱,I'M JJANG,0052661,68,0,0,0,0,0,0,0,빅투아르,Johan Victoire,080582,서울,미국,0,조제형,Cho Jae Hyang,122031,0,R1~140,1등급,96,20260830,일요일,1400,일반,9,0,0,0,0,0,0,0,0,수,성별오픈,0,0,0,0,0,0,0,서홍수,Seo Hong Soo,070160, (0%),-,53.5,0(),0
5,연령오픈,0,0,0,0,0,0,0,0,0,0,0,0,0,0,0,0,0,0,0,0,0,0,핸디캡,0,0,0,60500000,24200000,15400000,5500000,4400000,5,-,지구라트,ZIGGURAT,1412299,68,0,0,0,0,0,0,0,조재로,Jo Jae Ro,080550,서울,한국,0,김정철,Kim Jung Cheol,065122,0,R1~140,1등급,96,20260830,일요일,1400,일반,9,0,0,0,0,0,0,0,0,거,성별오픈,0,0,0,0,0,0,0,이관호,Lee Gwan Ho,070181, (0%),-,53.5,0(),0
6,연령오픈,0,0,0,0,0,0,0,0,0,0,0,0,0,0,0,0,0,0,0,0,0,0,핸디캡,0,0,0,60500000,24200000,15400000,5500000,4400000,6,-,슈퍼피니시,SUPER FINISH,0045783,68,0,0,0,0,0,0,0,마이아,Ruan Merari Maia,080616,서울,한국,0,강현철,Kang Hyeon Cheol,117017,0,R1~140,1등급,102,20260830,일요일,1400,일반,9,0,0,0,0,0,0,0,0,수,성별오픈,0,0,0,0,0,0,0,김동균,Kim Dong Kyun,070170, (0%),-,56.5,0(),0
6,연령오픈,0,0,0,0,0,0,0,0,0,0,0,0,0,0,0,0,0,0,0,0,0,0,핸디캡,0,0,0,60500000,24200000,15400000,5500000,4400000,7,-,섬싱로스트,SOMETHING LOST,0046388,68,0,0,0,0,0,0,0,이혁,Lee Hyeok,080486,서울,한국,0,정춘복,Jung Chun Bok,105188,0,R1~140,1등급,91,20260830,일요일,1400,일반,9,0,0,0,0,0,0,0,0,수,성별오픈,0,0,0,0,0,0,0,문세영,Moon Seyoung,070290, (0%),-,52.5,0(),0
5,연령오픈,0,0,0,0,0,0,0,0,0,0,0,0,0,0,0,0,0,0,0,0,0,0,핸디캡,0,0,0,60500000,24200000,15400000,5500000,4400000,8,-,어서말을해,EOSEOMAREULHAE,0053724,68,0,0,0,0,0,0,0,코지,Kazuya Asano,080617,서울,미국,0,우태율,Woo Tae Yul,111006,0,R1~140,1등급,83,20260830,일요일,1400,일반,9,0,0,0,0,0,0,0,0,수,성별오픈,0,0,0,0,0,0,0,최용건,Choi Yong Geon,070200, (0%),-,52.5,0(),0
5,연령오픈,0,0,0,0,0,0,0,0,0,0,0,0,0,0,0,0,0,0,0,0,0,0,핸디캡,0,0,0,60500000,24200000,15400000,5500000,4400000,9,-,거센반격,GEOSEN BANGYEOK,1412290,68,0,0,0,0,0,0,0,우인철,Woo In Cheol,080621,서울,한국,0,강석대,Kang Seok Dae,105211,0,R1~140,1등급,81,20260830,일요일,1400,일반,9,0,0,0,0,0,0,0,0,거,성별오픈,0,0,0,0,0,0,0,이관호,Lee Gwan Ho,070181, (0%),-,51,0(),0
8,연령오픈,0,0,0,0,0,0,0,0,0,0,0,0,0,0,0,0,0,0,0,0,0,0,핸디캡,0,0,0,60500000,24200000,15400000,5500000,4400000,10,-,대한질주,DAEHAN JILJU,0042821,68,0,0,0,0,0,0,0,임기원,Lim Gi Won,080487,서울,한국,0,박재범,Park Jae Beom,104040,0,R1~140,1등급,90,20260830,일요일,1400,일반,9,0,0,0,0,0,0,0,0,수,성별오픈,0,0,0,0,0,0,0,김동철,Kim Dong Chul,070177, (0%),-,52.5,0(),0
7,연령오픈,0,0,0,0,0,0,0,0,0,0,0,0,0,0,0,0,0,0,0,0,0,0,핸디캡,0,0,0,60500000,24200000,15400000,5500000,4400000,11,-,빅스고,VICS GO,0044092,68,0,0,0,0,0,0,0,이동하,Lee Dong Ha,080562,서울,한국,0,이선호,Lee Seon Ho,010559,0,R1~140,1등급,107,20260830,일요일,1400,일반,9,0,0,0,0,0,0,0,0,수,성별오픈,0,0,0,0,0,0,0,이강서,Lee Kangseo,070304, (0%),-,59,0(),0
5,연령오픈,0,0,0,0,0,0,0,0,0,0,0,0,0,0,0,0,0,0,0,0,0,0,핸디캡,0,0,0,41250000,16500000,10500000,3750000,3000000,1,-,불타는심장,BULTANEUN SIMJANG,0054119,68,0,0,0,0,0,0,0,이동하,Lee Dong Ha,080562,서울,미국,0,윤우환,Yoon U Hwan,113020,0,R1~65,혼3등급,51,20260830,일요일,1200,일반,10,0,0,0,0,0,0,0,0,거,성별오픈,0,0,0,0,0,0,0,송문길,Song Moon Gil,070179, (0%),-,52.5,0(),0
4,연령오픈,0,0,0,0,0,0,0,0,0,0,0,0,0,0,0,0,0,0,0,0,0,0,핸디캡,0,0,0,41250000,16500000,10500000,3750000,3000000,2,-,거센빅맨,GEOSEN BIGMAN,0054782,68,0,0,0,0,0,0,0,우인철,Woo In Cheol,080621,서울,미국,0,강석대,Kang Seok Dae,105211,0,R1~65,혼3등급,43,20260830,일요일,1200,일반,10,0,0,0,0,0,0,0,0,수,성별오픈,0,0,0,0,0,0,0,이관호,Lee Gwan Ho,070181, (0%),-,51,0(),0
5,연령오픈,0,0,0,0,0,0,0,0,0,0,0,0,0,0,0,0,0,0,0,0,0,0,핸디캡,0,0,0,41250000,16500000,10500000,3750000,3000000,3,-,파이널고,FINAL GO,0046888,68,0,0,0,0,0,0,0,최범현,Choi Bum Hyun,080361,서울,한국,0,럭키,Lucky,124010,0,R1~65,혼3등급,42,20260830,일요일,1200,일반,10,0,0,0,0,0,0,0,0,거,성별오픈,0,0,0,0,0,0,0,김동균,Kim Dong Kyun,070170, (0%),-,51,0(),0
3,연령오픈,0,0,0,0,0,0,0,0,0,0,0,0,0,0,0,0,0,0,0,0,0,0,핸디캡,0,0,0,41250000,16500000,10500000,3750000,3000000,4,-,무빙볼케이노,MOVING VOLCANO,0059224,68,0,0,0,0,0,0,0,김용근,Kim Yong Geun,080405,서울,미국,0,권경자,KWON KYUNG JA,105222,0,R1~65,혼3등급,58,20260830,일요일,1200,일반,10,0,0,0,0,0,0,0,0,수,성별오픈,0,0,0,0,0,0,0,문세영,Moon Seyoung,070290, (0%),-,55.5,0(),0
3,연령오픈,0,0,0,0,0,0,0,0,0,0,0,0,0,0,0,0,0,0,0,0,0,0,핸디캡,0,0,0,41250000,16500000,10500000,3750000,3000000,5,-,히어로치타,HERO CHEETAH,0057339,68,0,0,0,0,0,0,0,코지,Kazuya Asano,080617,서울,미국,0,임재형,Ym Jae hyeong,216306,0,R1~65,혼3등급,62,20260830,일요일,1200,일반,10,0,0,0,0,0,0,0,0,거,성별오픈,0,0,0,0,0,0,0,토니,Tony Castanheira,070265, (0%),-,57.5,0(),0
4,연령오픈,0,0,0,0,0,0,0,0,0,0,0,0,0,0,0,0,0,0,0,0,0,0,핸디캡,0,0,0,41250000,16500000,10500000,3750000,3000000,6,-,위즈리얼리티,WHIZ REALITY,0056409,68,0,0,0,0,0,0,0,이혁,Lee Hyeok,080486,서울,미국,0,최몽주,Choi Mong Ju,111028,0,R1~65,혼3등급,51,20260830,일요일,1200,일반,10,0,0,0,0,0,0,0,0,거,성별오픈,0,0,0,0,0,0,0,전승규,Jeon Seung Gyu,070182, (0%),-,52.5,0(),0
4,연령오픈,0,0,0,0,0,0,0,0,0,0,0,0,0,0,0,0,0,0,0,0,0,0,핸디캡,0,0,0,41250000,16500000,10500000,3750000,3000000,7,-,드림아너,DREAM HONOUR,0054793,68,0,0,0,0,0,0,0,정정희,Jeong Jeong Hee,080530,서울,미국,0,배태후,BAE TAE HOO,126014,0,R1~65,혼3등급,60,20260830,일요일,1200,일반,10,0,0,0,0,0,0,0,0,수,성별오픈,0,0,0,0,0,0,0,박병일,Park Byeong Il,070163, (0%),-,56.5,0(),0
5,연령오픈,0,0,0,0,0,0,0,0,0,0,0,0,0,0,0,0,0,0,0,0,0,0,핸디캡,0,0,0,41250000,16500000,10500000,3750000,3000000,8,-,봉화스테이,BONGHWA STAY,0052514,68,0,0,0,0,0,0,0,송재철,Song Jae Chul,080513,서울,미국,0,럭키팜,Lucky Farm,121014,0,R1~65,혼3등급,60,20260830,일요일,1200,일반,10,0,0,0,0,0,0,0,0,거,성별오픈,0,0,0,0,0,0,0,전승규,Jeon Seung Gyu,070182, (0%),-,56.5,0(),0
4,연령오픈,0,0,0,0,0,0,0,0,0,0,0,0,0,0,0,0,0,0,0,0,0,0,핸디캡,0,0,0,41250000,16500000,10500000,3750000,3000000,9,-,프리더원,FREE THE ONE,0055430,68,0,0,0,0,0,0,0,김효정,Kim Hyo Jung,080578,서울,호주,0,김호진,Kim Ho Jin,111022,0,R1~65,혼3등급,57,20260830,일요일,1200,일반,10,0,0,0,0,0,0,0,0,수,성별오픈,0,0,0,0,0,0,0,문병기,Moon Byeong Ki,070225, (0%),-,55,0(),0
4,연령오픈,0,0,0,0,0,0,0,0,0,0,0,0,0,0,0,0,0,0,0,0,0,0,핸디캡,0,0,0,41250000,16500000,10500000,3750000,3000000,10,-,히어로삭스,HERO SOCKS,0054786,68,0,0,0,0,0,0,0,유승완,Yoo Seung Wan,080417,서울,미국,0,김창식,Kim Chang Sik,010352,0,R1~65,혼3등급,62,20260830,일요일,1200,일반,10,0,0,0,0,0,0,0,0,거,성별오픈,0,0,0,0,0,0,0,이관호,Lee Gwan Ho,070181, (0%),-,57.5,0(),0
