hrNo,hrName,birthday,sex,faHrNo,faHrName,moHrNo,moHrName,damsireNo,damsireName,src
0058062,가라카이,20240324,수,6149511,CARACARO,6128634,ALGOWILD,,,API8_2
0055809,가리라,20240323,암,0032990,한센,0025316,달리자,,,API8_2
0051451,가야스타,20220426,거,0036593,온이글즈윙즈,0019808,가야공주,,,API8_2
0055947,가온의빛,20240323,암,0032990,한센,0034627,지상제일해피,,,API8_2
0055530,가온히어로,20220224,거,6967942,TWIRLING CANDY,6151019,UNBRIDLED CLASS,,,API8_2
1412316,간다고,20210319,암,0033566,파워블레이드,0020802,하늘기상,,,API8_2
0060346,감사의힘,20230413,수,7000178,INDEPENDENCE HALL,6149777,UNBRIDLEDEXPLOSION,,,API8_2
0053948,갓스피드,20230430,암,7000060,나이트러스,0038551,아르카디아,,,API8_2
0051286,강나루,20220128,수,0044420,레볼루셔너리,0029797,금순이엄지,,,API8_2
0046672,강남불청객,20210202,수,0034735,페더럴리스트,0040130,새즈미즈엘리자베,,,API8_2
0061136,강수,20230906,암,7113276,GLENFIDDICH,7169798,LICENCED TO WIN,,,API8_2
0045700,강철전사,20200318,수,0039750,퍼지,0040234,소우전러브,,,API8_2
0050261,강철파워,20210308,수,0034637,라이언메탈,0035142,선플라자,,,API8_2
0045769,강풍마,20200314,수,0025790,피스룰즈,0029921,원더드리머,,,API8_2
0053449,강한감마,20230424,암,0046317,레이스데이,0041953,퍼스널리유어즈,,,API8_2
0053410,강한프린세스,20230312,암,0038245,미스치비어슬리,0037515,퀸오피서,,,API8_2
0056274,개마무사,20240423,수,0038245,미스치비어슬리,0041194,예싸퀸,,,API8_2
0051386,거센강호,20220402,수,6115982,WORLD OF TROUBLE,0050647,케이케이스벅아이,,,API8_2
0055698,거센기쁨,20240326,수,0032990,한센,0040811,굿바우,,,API8_2
0053010,거센대로,20230220,수,0038391,카우보이칼,0040300,거센질주,,,API8_2
0053877,거센돌격,20230416,거,0041566,투아너앤드서브,0040201,매글레브,,,API8_2
0055201,거센돌파,20240203,수,0038387,콩코드포인트,0040300,거센질주,,,API8_2
1412290,거센반격,20210122,거,0041566,투아너앤드서브,0030842,랩소디,,,API8_2
0055521,거센번개,20240216,수,0046317,레이스데이,0041952,크래프티블루카트,,,API8_2
0054782,거센빅맨,20220505,수,6149543,INSTAGRAND,6785093,AVIE'S TALE,,,API8_2
0055495,거센영웅,20240227,수,0036732,머스킷맨,0044101,메니어게인,,,API8_2
0053196,거센펀치,20230322,거,0045050,섀클포드,0036113,특별스타,,,API8_2
0051947,거센폭주,20220405,수,0045050,섀클포드,0036667,테이터톤터,,,API8_2
0053817,거센함성,20230411,수,0041566,투아너앤드서브,0027476,콰이어트터치,,,API8_2
0055472,걸작루비,20240320,암,0046317,레이스데이,0044971,퀴리아,,,API8_2
0055821,걸작마루,20240320,수,0038245,미스치비어슬리,0043483,문학퀸,,,API8_2
0055491,걸작번개,20240324,수,0032258,트리플나인,0033987,매드파워,,,API8_2
0055193,걸작윤슬,20240122,암,0037972,올드패션드,0052747,발즈프린세스,,,API8_2
0053691,걸작크라운,20230507,거,0027443,컬러즈플라잉,0036247,리드머니,,,API8_2
0052818,걸작티아라,20230126,암,0046317,레이스데이,0029416,라이드미투더문,,,API8_2
0045589,검이불루,20200310,암,0038332,커널존,0036468,블레이징스타,,,API8_2
0056341,게티즈버그,20240327,수,6149534,글로벌캠페인,0055130,파인인수지애즘,,,API8_2
0051211,겨울장미,20220404,암,0035295,나스카프린스,0040141,플래시어필,,,API8_2
0055616,경아퀸,20240316,암,0034254,천지스톰,0044992,슬리프리스,,,API8_2
0053580,고산봉,20230319,거,0032990,한센,0035291,월드피스,,,API8_2
0056766,고스트불릿,20240612,수,7000060,나이트러스,0020015,프린세스섬,,,API8_2
0056210,고스트선더,20240418,수,0038245,미스치비어슬리,0035796,뉴파트너,,,API8_2
0055643,고스트소닉,20240222,암,0032990,한센,0019701,배블레이디,,,API8_2
0056309,고스트윈드,20240320,암,0033566,파워블레이드,0052768,파이퍼즈스카이,,,API8_2
0047099,고스트크리솔,20210326,거,0038227,크리솔라이트,0035094,리치여장군,,,API8_2
0061437,고스트플래시,20240403,수,0038387,콩코드포인트,0034688,위대한참전,,,API8_2
0063147,고저스윈,20200904,거,6112066,PRESS STATEMENT,7181725,HOLLYWELL,,,API8_2
0053276,고주일척,20230328,거,0045050,섀클포드,0026402,차이밍비카,,,API8_2
0053143,골드레인,20230301,암,6965458,KANTHAROS,0052611,바이더파이어,,,API8_2
0047186,골드베르크,20210415,암,0038391,카우보이칼,0040205,트룰레이드빌,,,API8_2
0051450,골드스텝,20220422,암,0036593,온이글즈윙즈,0029670,금포엔젤,,,API8_2
0054054,골드아이디,20230508,암,0041813,미스터크로우,0030973,아이디이천,,,API8_2
0056087,골드엑스,20240321,수,0045050,섀클포드,0032285,골드웨이브,,,API8_2
0051041,골드캐처,20220126,암,0038391,카우보이칼,0040242,처비아너,,,API8_2
0051322,골드퀸즈,20220327,암,0038387,콩코드포인트,0038278,스캣대디즈브리즈,,,API8_2
0053335,골든디바,20230325,암,6115207,COLLECTED,0052752,골든오브,,,API8_2
0055745,골든라이징,20240327,암,0041566,투아너앤드서브,0041294,눈부신한센,,,API8_2
0056278,골든레이븐,20240317,암,0041813,미스터크로우,0032955,금포여장군,,,API8_2
0053842,골든매치,20230426,수,0045050,섀클포드,0027526,모닝뮤직,,,API8_2
0055586,골든벤투스,20240315,수,0038391,카우보이칼,0042331,버닝건,,,API8_2
0056123,골든벨스타,20240408,수,0050506,에어포스블루,0052752,골든오브,,,API8_2
0047501,골든볼,20210328,암,0034835,티즈원더풀,0036696,히어즈벨라,,,API8_2
0051679,골든세이브,20220412,거,0038391,카우보이칼,0036651,스위트케이트,,,API8_2
0053262,골든워리어,20230404,암,0040246,지롤라모,0035620,모란동백,,,API8_2
0055732,골든파티,20240304,암,0045050,섀클포드,0031014,천억이,,,API8_2
0055729,과천신화,20240308,암,0038245,미스치비어슬리,0034985,엑톤신화,,,API8_2
0051362,과천호령,20220502,암,0045050,섀클포드,0044975,아리치아,,,API8_2
0054863,관악그레이스,20230416,암,0036732,머스킷맨,0040228,라이트유어월드,,,API8_2
0061457,관악산그리핀,20240315,수,6126461,GIRVIN,7093694,MY SASSENACH,,,API8_2
0051418,관악산글로벌,20220323,거,0045050,섀클포드,0040221,굿셰퍼드,,,API8_2
0053715,관악산레오,20210420,암,6115682,ACCELERATE,7028167,SO YOU KNOW,,,API8_2
0056353,관악산리키,20220423,거,7120945,COPANO RICKEY,7138209,PISA NO PRIVE,,,API8_2
0055519,관악산빅스텝,20240307,수,0041559,빅스,0046497,리에너자이즈,,,API8_2
0062434,관악산빅스톤,20240501,수,7029910,JACK CHRISTOPHER,6148451,SCRIPTURE,,,API8_2
0053436,관악산스카이,20230322,수,0038387,콩코드포인트,0043902,베리블레이드,,,API8_2
0055884,관악산스톰,20220223,수,6130177,MITOLE,6142171,ALMIGHTY MIRACLE,,,API8_2
0055885,관악산오투,20220124,암,6114907,CONNECT,6120582,DANESSA AGAIN,,,API8_2
0051619,관악산원더풀,20220325,암,0036732,머스킷맨,0045046,헤일리즈롤리팝,,,API8_2
0051913,관악산위시미,20220514,거,0032258,트리플나인,0025723,위시미석세스,,,API8_2
0055205,관악산윈디,20240122,암,6969075,지몰로지스트,0036853,오케이퀸,,,API8_2
0061570,관악산유니콘,20240411,암,6126922,TACITUS,6109820,LUCKY LADY LIN,,,API8_2
0055194,관악산점프,20240107,수,0038391,카우보이칼,0041966,프라우들리위해일,,,API8_2
0050857,관악산조이,20220117,암,0037972,올드패션드,0028261,조이럭키,,,API8_2
0052965,관악산챔프,20230227,수,0032990,한센,0043299,큐리어스캣,,,API8_2
0051622,관악산체크인,20220506,거,0032990,한센,0039496,만델리나,,,API8_2
0061456,관악산호프,20240301,수,6149805,HIGHLY MOTIVATED,6982210,NANCY G.,,,API8_2
0053340,구름,20230323,암,0044993,언캡처드,0040169,시라이트,,,API8_2
0056750,구름에,20240316,수,0044420,레볼루셔너리,0029797,금순이엄지,,,API8_2
0054214,군주민수,20230402,거,0025790,피스룰즈,0030926,북새명가,,,API8_2
0062987,굿나이스,20240526,수,6969041,MACLEAN'S MUSIC,7021623,RECIPROCAL,,,API8_2
0053074,굿모닝컴,20230320,수,0045049,프리덤차일드,0026041,오버파워,,,API8_2
0053200,굿잡,20230321,거,0040086,위드디스팅션,0037460,샴페인파티,,,API8_2
0056400,굿최강,20220501,거,6115212,GOOD SAMARITAN,6107993,SUMMER CHANT,,,API8_2
0045852,굿카보,20200330,거,0038391,카우보이칼,0029148,해피댄서,,,API8_2
0052505,굿해피,20210208,거,6126349,CLOUD COMPUTING,6113242,THUNDERING GALE,,,API8_2
0051692,그냥가라,20220226,암,0033119,선더모카신,0035462,해피공주,,,API8_2
0060347,그대만있다면,20230210,수,6126922,TACITUS,6113446,ANNIES LAW,,,API8_2
0053057,그라시아스,20230223,암,0045049,프리덤차일드,0036050,라온콘도르,,,API8_2
0061644,그랑블루,20240315,수,0036732,머스킷맨,0043048,푸른장미,,,API8_2
0061379,그랑파클래식,20240430,수,6965458,KANTHAROS,7000328,YOURMAJESTYSCROWN,,,API8_2
0046161,그래티튜드,20200430,암,0033566,파워블레이드,0041544,캐칭업,,,API8_2
0053024,그랜드커리지,20230131,수,0038245,미스치비어슬리,0027150,그랜드카라반,,,API8_2
0051037,그랜드쾌마,20220217,수,0046317,레이스데이,0034653,그랜드마케팅,,,API8_2
0050739,그랜드파크,20220128,수,0045050,섀클포드,0027150,그랜드카라반,,,API8_2
0055300,그랜드폭풍,20240310,암,0038387,콩코드포인트,0026886,그랜드특급,,,API8_2
0056451,그러치,20240430,암,6969075,지몰로지스트,0033019,레디포코트,,,API8_2
0060724,그레이고,20230315,암,0041819,닉스고,7000112,KENDALIN,,,API8_2
0053802,그레이스데이,20230523,수,0046317,레이스데이,0041970,그레이스필,,,API8_2
0051657,그레이스루트,20220401,암,0034428,테스타마타,0032054,그레이스,,,API8_2
0052963,그레이참,20230113,암,0044420,레볼루셔너리,0036695,플래쉬디만티너,,,API8_2
0055102,그레이캔디,20220221,수,6340178,CANDY RIDE,6149447,CAMILLI,,,API8_2
0062962,그레이트머니,20240326,수,6333083,SPEIGHTSTOWN,7054547,BLAZINBEAUTY,,,API8_2
1412124,그레이트스톰,20210430,거,0045082,오버애널라이즈,0024222,에이원,,,API8_2
0051991,그레이특급,20220508,수,0036194,인디언킹,0022760,그레이스톤,,,API8_2
0051381,그레이팬텀,20220418,암,0032990,한센,0029193,상류,,,API8_2
0056380,그린골드원,20240510,암,0032990,한센,0036823,정꽃,,,API8_2
0053233,그린재킷,20230305,거,0041800,메디치글로리,0029065,초원의별,,,API8_2
0050004,글라디우스,20210312,암,0045048,보이즈앳토스코노,0041865,사제불이,,,API8_2
0056421,글로리,20240430,암,0041566,투아너앤드서브,0027534,아이즈어글로우,,,API8_2
0051754,글로리데이,20220415,암,0036735,디바인파크,0024712,빅터우먼,,,API8_2
0055565,글로리삭스,20220311,거,6980256,WILL TAKE CHARGE,7005237,QUADRILLE,,,API8_2
0055089,글로리시티,20210902,수,6103836,OCEAN PARK,7124227,FIDGETTE,,,API8_2
0045892,글로리앤아너,20200430,암,0041566,투아너앤드서브,0036613,벤트온글로리,,,API8_2
0055563,글로리영광,20220320,수,6127203,CATALINA CRUISER,6780255,RUMORS OF GLORY,,,API8_2
0051605,글로리조이,20220404,거,0045050,섀클포드,0038884,조이풀룰러,,,API8_2
0052314,글로리퀸,20220325,암,0038227,크리솔라이트,0041539,스테파니갓이븐,,,API8_2
0055824,글로벌골든,20240320,수,6103967,GOLDENCENTS,0054965,워스티드,,,API8_2
0052134,글로벌기상,20220429,암,0028545,인디밴드,0020802,하늘기상,,,API8_2
0054177,글로벌디노,20230528,수,0034428,테스타마타,0033095,래피즈로즈,,,API8_2
0052911,글로벌랜드,20230218,암,0038391,카우보이칼,0041967,골든로즈Ⅱ,,,API8_2
0056037,글로벌레벨,20240524,수,6114907,CONNECT,0055039,언체인허하트,,,API8_2
0043713,글로벌보배,20190313,수,0038391,카우보이칼,0021264,이상화,,,API8_2
0043495,글로벌삭스,20170330,거,6964691,MUNNINGS,6105199,LET IT GO LADY,,,API8_2
0051855,글로벌서브,20220512,거,0041566,투아너앤드서브,0035525,글로벌퀸,,,API8_2
0053197,글로벌챔프,20230305,거,0037610,가온챔프,0040216,가온퀸,,,API8_2
0055703,글로벌최강,20240320,수,0038245,미스치비어슬리,0036149,해성스타,,,API8_2
0052844,글로벌카드,20230210,수,0045014,프로스펙티브,0026757,와일드카드,,,API8_2
0053919,글로벌캐넌,20230425,수,6969075,지몰로지스트,0040236,클레버타이밍,,,API8_2
0056592,글로벌컴퓨팅,20220422,거,6126349,CLOUD COMPUTING,6147829,HOT DIXIE DAME,,,API8_2
0060714,글로벌킹덤,20230515,거,6149589,THOUSAND WORDS,6992570,DUNDALK DANCER,,,API8_2
0051039,글로벌타임,20220203,수,0038391,카우보이칼,0041967,골든로즈Ⅱ,,,API8_2
0055428,글로벌파로아,20220830,거,6106898,AMERICAN PHAROAH,7128692,HARVEST START,,,API8_2
0045635,글로벌파워,20200329,수,0038391,카우보이칼,0029416,라이드미투더문,,,API8_2
0055535,글로벌포드,20240302,거,0045050,섀클포드,0043587,글로벌조이,,,API8_2
0054232,글로벌하남,20230428,거,0045082,오버애널라이즈,0021704,세이브더모먼트,,,API8_2
0058005,글로벌하트,20220824,암,6106898,AMERICAN PHAROAH,7169376,SPRING CHARM,,,API8_2
0046287,금빛강호,20200307,거,0021999,포리스트캠프,0027163,금빛물결,,,API8_2
0056344,금빛대로,20240508,수,0044993,언캡처드,0035372,아테나선더,,,API8_2
0053526,금빛영웅,20230412,거,0038387,콩코드포인트,0040175,파이드어테어,,,API8_2
0056770,금빛올하트,20240110,암,0044420,레볼루셔너리,0032847,빛의여왕,,,API8_2
0045371,금빛천하,20200324,수,0039750,퍼지,0035921,금빛공주,,,API8_2
0056347,금빛코드,20240311,수,0038387,콩코드포인트,0038278,스캣대디즈브리즈,,,API8_2
1412350,금빛파워,20210416,거,0033566,파워블레이드,0027163,금빛물결,,,API8_2
0051675,금성보스,20220407,수,0035285,파이널보스,0036638,왓넥스트,,,API8_2
0055479,금성볼트,20240212,수,0032990,한센,0030487,대륙강자,,,API8_2
0054058,금성불패,20230510,수,0038391,카우보이칼,0038253,금성여왕,,,API8_2
0053345,금성샤이니,20230302,암,0025790,피스룰즈,0028768,리비어덕션,,,API8_2
0053862,금성축제,20230423,암,0045050,섀클포드,0026737,축제,,,API8_2
0054057,금성퀸,20230514,암,0041566,투아너앤드서브,0036638,왓넥스트,,,API8_2
0047000,금세,20210317,수,0034735,페더럴리스트,0033319,창세,,,API8_2
0060348,금아스플래시,20230425,거,6782484,ALTERNATION,6106960,BARN CAT,,,API8_2
0053641,금아온포인트,20230408,거,0045050,섀클포드,0038275,모테가,,,API8_2
0051259,금아포모스트,20220403,거,0045050,섀클포드,0032481,싱그러운봄,,,API8_2
0046804,금악명장,20210314,거,0034735,페더럴리스트,0018607,패스트페어,,,API8_2
0061535,금은동,20240213,암,7004967,OLYMPIAD,7109885,DARKWINGSOVERDUBAI,,,API8_2
0053849,금적산,20230314,암,0038387,콩코드포인트,0036325,로쿠,,,API8_2
0055525,급행열차,20220312,암,6969089,UNION RAGS,6150860,FORMALITY,,,API8_2
0055712,깡다구,20240305,수,0032224,돌아온현표,0041034,루이사,,,API8_2
0062074,꿈의연속,20240315,수,7008530,TALE OF SILENCE,6127794,LEMON DROP BELLE,,,API8_2
0052425,나노마신,20210429,거,6103967,GOLDENCENTS,6113176,ABOUNDING LOVE,,,API8_2
0047413,나라올라,20210507,수,0045082,오버애널라이즈,0036642,리마커블스토리,,,API8_2
0058224,나로마스타,20230323,수,6114893,AMERICAN PATRIOT,7169410,LUNA DELLA SERA,,,API8_2
0056460,나루파크,20240410,암,0032990,한센,0052717,프라이즈포트레잇,,,API8_2
0062626,나르샤고트,20240211,수,6149805,HIGHLY MOTIVATED,7022263,CASA DE GOAT,,,API8_2
0062951,나르샤글로리,20240503,수,6112213,UPSTART,6150904,SEQUIN,,,API8_2
0053406,나르샤노바,20230323,암,0044993,언캡처드,0029990,동방의새아침,,,API8_2
0062616,나르샤럭키,20240224,암,6119755,AUDIBLE,6150874,LOOKINTOGETLUCKY,,,API8_2
0057220,나르샤루나,20240322,암,0036732,머스킷맨,0024651,명서돌풍,,,API8_2
0055280,나르샤루시,20240223,암,0032990,한센,0038307,슈룹,,,API8_2
0055401,나르샤볼트,20240210,수,0032994,다이나믹대시,0035369,다이나믹볼트,,,API8_2
0055741,나르샤빅터,20240305,수,6969075,지몰로지스트,0036651,스위트케이트,,,API8_2
0055501,나르샤스톰,20240320,수,0038245,미스치비어슬리,0020854,버니스,,,API8_2
0055398,나르샤피네,20240305,암,0038025,아임유어파더,0029325,라피네,,,API8_2
0056388,나비드,20220409,거,6149559,MR. MONEY,7033899,FASHION BEE,,,API8_2
0056404,나소챗,20220201,거,6149540,HONOR A. P.,7017452,WICKED STORM,,,API8_2
0052885,나스카불청객,20230208,암,0041800,메디치글로리,0040130,새즈미즈엘리자베,,,API8_2
0045900,나올대왕,20200415,거,0040086,위드디스팅션,0033022,그리자이,,,API8_2
0052968,나올오로라,20230228,암,0036732,머스킷맨,0050534,컨플레이트,,,API8_2
0053378,나올패스,20230409,암,0041628,세이브더월드,0027730,오리엔탈패스,,,API8_2
0056350,나우데이즈,20240306,암,0038387,콩코드포인트,0028968,나우코프위드디스,,,API8_2
0051353,나이스위너,20220327,거,0046317,레이스데이,0036619,잇메익스헐민,,,API8_2
0054787,나이스포스,20220429,수,6109240,모스피릿,6101553,CITIZEN EMMA,,,API8_2
0052945,나이트강자,20230219,수,7000060,나이트러스,0030487,대륙강자,,,API8_2
0055364,나이트선더,20240217,암,7000060,나이트러스,0041720,선더마크,,,API8_2
0053927,나이트캡틴,20230428,암,0046317,레이스데이,0031267,쉬저스트마이트,,,API8_2
0051369,나인스피어,20220318,암,0038391,카우보이칼,0037192,우주대왕,,,API8_2
0056847,남경스피닝,20240329,암,0038391,카우보이칼,0033738,에이스스피닝,,,API8_2
0055861,남경에이스,20240327,수,0038245,미스치비어슬리,0041962,호니미에르,,,API8_2
0056769,남산돌진,20240403,암,0052316,콘서트투어,0029823,돌진,,,API8_2
0060704,남산록,20230221,수,6149768,KNOWN AGENDA,7036455,PINK FIZZ,,,API8_2
0043840,남산무적,20190227,수,0020256,메니피,0038355,스마트어트랙션,,,API8_2
0046733,남산미남,20210126,거,0038387,콩코드포인트,0022929,빅토리캠프,,,API8_2
0060361,남산벨트,20230220,암,7000184,BEAU LIAM,6150150,MY AUNT BETH,,,API8_2
0055894,남산블랙,20220408,수,6149581,스펀투런,6150325,GRAN LUCKY GIRL,,,API8_2
0055437,남산스페셜,20240208,수,0038245,미스치비어슬리,0038376,우먼볼트,,,API8_2
0051868,남촌서브,20220430,암,0041566,투아너앤드서브,0036298,바이스댄서,,,API8_2
0050816,남촌타운,20220222,수,0045050,섀클포드,0033020,소머치펀,,,API8_2
0052115,내게로와줘,20220405,거,0033566,파워블레이드,0036469,리워드하이,,,API8_2
0051835,내길의에이스,20220427,암,0038391,카우보이칼,0025811,싱크오어스윔,,,API8_2
0050807,내길의여정,20220331,거,0040086,위드디스팅션,0045057,포더윈,,,API8_2
0047331,내길의위너,20210330,수,0041813,미스터크로우,0023882,러블리샤인,,,API8_2
0058000,내맘의열정,20221012,암,7000811,ADMIRE MARS,6137908,DORODANSA,,,API8_2
0045177,너트플레이,20200119,수,0027443,컬러즈플라잉,0030155,스페이스셔틀,,,API8_2
0055396,네가있어설레,20240206,암,0036732,머스킷맨,0039337,흥부자,,,API8_2
0061574,네오니케,20240303,암,6106383,CAIRO PRINCE,7034004,PAIXAO,,,API8_2
0055889,네이비캡틴,20220420,수,6126458,ARMY MULE,6529413,HERMIONE'S MAGIC,,,API8_2
0053963,노블매치,20230330,암,7000060,나이트러스,0016365,노블파티,,,API8_2
0051573,노프라블럼,20220508,거,0034735,페더럴리스트,0038177,킬리의여왕,,,API8_2
0053910,누리돌풍,20230423,수,0032990,한센,0040231,스프렌도타운,,,API8_2
0060769,누리봄,20240420,암,0032258,트리플나인,0043087,브라이트빅터,,,API8_2
0053579,누리비상,20230423,수,0050506,에어포스블루,0035910,프리마퀸,,,API8_2
0053539,누리여왕,20230415,암,0037972,올드패션드,0031050,행복거탑,,,API8_2
0053048,누리으뜸,20220201,암,0032258,트리플나인,0031919,울트라매직,,,API8_2
0052821,누리제왕,20230127,수,0045050,섀클포드,0040811,굿바우,,,API8_2
0056226,누리챔프,20240422,수,0045050,섀클포드,0043816,정든로,,,API8_2
0051594,누리천왕,20220320,수,0034735,페더럴리스트,0038641,볼드퀸,,,API8_2
0054421,누리퀸즈,20230430,암,0040246,지롤라모,0036659,아이즈온에디,,,API8_2
0060775,누리한빛,20230415,암,0026213,지금이순간,0029549,터프한걸,,,API8_2
0055347,누벨당스,20240317,수,6130196,MAXIMUS MISCHIEF,0054941,립스틱,,,API8_2
0054310,눈꽃,20230513,암,7000060,나이트러스,0037888,레이즈미업,,,API8_2
0062988,눈부신미래,20240120,암,6115828,BUCCHERO,7015524,MISS ELLE DEE KAY,,,API8_2
0053337,눈이올까요,20230307,수,0040246,지롤라모,0038346,토츠어돕스,,,API8_2
0054036,뉴돌콩,20210326,수,6115682,ACCELERATE,6127602,SWEAR BY IT,,,API8_2
0055301,뉴발삭스,20240306,수,0038387,콩코드포인트,0052757,뮈직,,,API8_2
0046189,늘가을,20200427,거,0039750,퍼지,0035795,허리케인드림,,,API8_2
0053964,능력도령,20230330,거,7000060,나이트러스,0037001,능력시대,,,API8_2
0057320,니케모이라,20240303,암,0036732,머스킷맨,0032759,한라축제,,,API8_2
0055954,닉스야라,20240324,암,0041819,닉스고,0054646,야라,,,API8_2
0055507,닉스피드,20240302,수,0041819,닉스고,0054526,플로랄에센스,,,API8_2
0053798,닌자타이거,20230423,암,0046317,레이스데이,0023903,파워팩,,,API8_2
0053576,다나은루비,20230321,암,0039216,킹삭스,0034539,대압승,,,API8_2
0053591,다나은리치,20230328,암,0038391,카우보이칼,0030243,스페셜킹덤,,,API8_2
0053213,다나은스타,20230221,수,0039737,어플릿익스프레스,0038962,사사,,,API8_2
0055551,다나은퀸,20240221,암,0045049,프리덤차일드,0041873,마야엘리자베스,,,API8_2
0051146,다나은킹덤,20220320,거,0038387,콩코드포인트,0030243,스페셜킹덤,,,API8_2
0056142,다나은파워,20240417,수,7000060,나이트러스,0030708,투어캠프,,,API8_2
0053412,다르리여왕,20230309,암,0041566,투아너앤드서브,0039979,블루엠파이어,,,API8_2
0057480,다온헌터,20240413,거,0039737,어플릿익스프레스,0040216,가온퀸,,,API8_2
0046566,다이나믹송,20210306,암,0034835,티즈원더풀,0031281,다이나믹바비,,,API8_2
0053896,다이내믹포스,20230422,수,0035885,다이나믹스타,0038385,티즈어리틀위치,,,API8_2
0053021,다이아비트,20230225,수,0038227,크리솔라이트,0033371,몬스터퀸,,,API8_2
0055972,다크문,20240330,암,0027443,컬러즈플라잉,0052759,오섬매그놀리아,,,API8_2
0046127,달맞이,20200420,수,0036735,디바인파크,0036662,캐리비안레인,,,API8_2
0047268,당대초월,20210225,거,0045050,섀클포드,0015670,황금물결,,,API8_2
0053110,대동용마,20230317,수,7000060,나이트러스,0031633,듀앨폭풍,,,API8_2
0056640,대발,20240214,암,0041566,투아너앤드서브,0028571,태산번쩍,,,API8_2
0052978,대비마마,20230222,암,0050506,에어포스블루,0040749,미스아델,,,API8_2
0044821,대사리,20190413,거,0040056,아치아치아치,0025043,뷰티이천,,,API8_2
0051756,대성스타,20220414,수,0038387,콩코드포인트,0026083,북대풍,,,API8_2
0056228,대여명,20240422,수,0050506,에어포스블루,0033894,골드패션,,,API8_2
0056321,대용마,20240405,수,0038227,크리솔라이트,0042611,청담위키드,,,API8_2
1412289,대원용마,20210228,거,0041566,투아너앤드서브,0029640,다이아파워,,,API8_2
0053778,대한시대,20230409,수,0038391,카우보이칼,0030503,검화,,,API8_2
0055190,대한여전사,20240225,암,0037972,올드패션드,0029417,셀시,,,API8_2
0061569,대한의영웅,20240220,수,6149753,GREATEST HONOUR,7022474,KELANI KIM,,,API8_2
0042821,대한질주,20180428,수,6323689,CONGRATS,0040228,라이트유어월드,,,API8_2
0050809,대한코코즈,20220329,암,0038245,미스치비어슬리,0044765,코코즈레디포듀티,,,API8_2
0053737,대한파워,20230412,수,0033566,파워블레이드,0022890,탱고스텝,,,API8_2
0046016,대흥클래스,20200326,수,0038387,콩코드포인트,0029041,록오브선더,,,API8_2
0054049,댄싱위즈,20210418,수,6965458,KANTHAROS,6124614,STEELY MAGNOLIA,,,API8_2
0061941,더로드,20240225,수,6126919,ROADSTER,6126132,COMMENTARY,,,API8_2
0054476,더선몬스터,20220307,수,0038227,크리솔라이트,0028635,윈드레토,,,API8_2
0053439,더선불사조,20230422,암,0039216,킹삭스,0046493,스톰커밍,,,API8_2
0053211,더선스토리,20230310,암,0045050,섀클포드,0046492,엘루시브액트,,,API8_2
0053217,더선아미르,20230316,암,0039216,킹삭스,0050405,쉬즈트리키,,,API8_2
0056784,더선커밍,20220428,수,0038391,카우보이칼,0046493,스톰커밍,,,API8_2
0061576,더선코리아,20240408,수,6149602,VOLATILE,6791561,TASLEY,,,API8_2
0047018,더선파이터,20210424,수,6109237,EXAGGERATOR,0046493,스톰커밍,,,API8_2
0053540,더엑설런트,20230318,수,0037674,뉴레전드,0033092,딜라이트펄송,,,API8_2
0061537,더원픽,20240412,수,7000176,SILVER STATE,7085153,PEPPER POT,,,API8_2
0053433,더퀸로즈,20230416,암,0045050,섀클포드,0032351,더퀸실버,,,API8_2
0054520,더클래식,20230507,수,0038387,콩코드포인트,0033032,패티즈스위트송,,,API8_2
0055361,더프린스,20240302,수,0054840,클래식엠파이어,0055088,스카이트레일,,,API8_2
1412303,더플레이어,20210312,거,0038387,콩코드포인트,0028968,나우코프위드디스,,,API8_2
0052913,델타대천,20230127,암,0038391,카우보이칼,0042317,실버햄튼,,,API8_2
0053824,델타이글,20230414,암,0027443,컬러즈플라잉,0034457,진명스나이퍼,,,API8_2
0053874,델타최강,20230421,거,0038387,콩코드포인트,0036296,런키튼런,,,API8_2
0046782,도끼드래곤,20210319,거,0033566,파워블레이드,0041951,진저러시,,,API8_2
0053383,동백,20230410,암,0031028,언비터블,0031390,슈퍼갤러퍼,,,API8_2
0054309,동진비룡,20230514,거,0038245,미스치비어슬리,0033106,프러클레임,,,API8_2
0053273,동진비상,20230330,암,6975312,KARAKONTIE,0052751,디어원,,,API8_2
0050104,동키플레이,20210409,암,0021239,연승대로,0034633,투스텝삼바,,,API8_2
0051649,두레이쇼,20220423,암,0032990,한센,0040235,아가워,,,API8_2
0052901,두손라이프,20230224,수,0045009,자이언트런,0034463,프로폴리스,,,API8_2
0051521,두손으뜸,20220327,암,0041566,투아너앤드서브,0045003,레드리본,,,API8_2
0055281,두움,20240301,거,0041813,미스터크로우,0050360,저스트어플래시,,,API8_2
0053089,듀크삭스,20230312,수,0039216,킹삭스,0040111,에모리삭스,,,API8_2
0053268,드래건미진,20230403,수,0038391,카우보이칼,0050915,코다,,,API8_2
7150605,드래건웰즈,20220326,수,6112206,FROSTED,6128836,LITTLE DIPPER,,,API8_2
0054869,드래건헌터,20230412,수,0044420,레볼루셔너리,0026386,블랙탄,,,API8_2
0046783,드래곤스퀘어,20210219,거,0039750,퍼지,0030244,퀸즈블레이드,,,API8_2
0052103,드래곤킬러,20220526,수,0033566,파워블레이드,0041954,미나키,,,API8_2
1411946,드래곤킹덤,20210501,거,0027443,컬러즈플라잉,0023947,골드플라이어,,,API8_2
0047315,드래곤판타지,20210430,거,0045050,섀클포드,0044959,컬린즈골드,,,API8_2
0050162,드론킬러,20210304,거,0038391,카우보이칼,0033447,마중물,,,API8_2
0054790,드리머위즈,20220510,수,6115982,WORLD OF TROUBLE,6826703,HEAD FOR HOME,,,API8_2
0062610,드림닉스,20240124,수,0041819,닉스고,6111478,BIRKENHEAD,,,API8_2
0053013,드림다이아,20230226,암,6112413,TAPWRIT,0052760,새치,,,API8_2
0060713,드림리메인,20230526,수,6130196,MAXIMUS MISCHIEF,7123554,BIENVENUE,,,API8_2
0054793,드림아너,20220416,수,6114922,GORMLEY,6808185,PEACEFUL SPLENDOR,,,API8_2
0053292,드림아일,20210301,수,6118219,FLAMEAWAY,6986574,ISLE GET READY,,,API8_2
0055421,드림하이,20240322,암,0045050,섀클포드,0030394,마이걸,,,API8_2
0052962,드림히로인,20230117,암,0044420,레볼루셔너리,0041625,라이언여제,,,API8_2
0054055,디네,20230309,수,0041813,미스터크로우,0025030,아름다운파티,,,API8_2
0046851,디아나,20210206,암,0033566,파워블레이드,0019283,당대특급,,,API8_2
0051135,딕시맨,20220223,거,0036732,머스킷맨,0035830,스위트록,,,API8_2
0061057,딕테이언,20180310,거,6336683,KING KAMEHAMEHA,7074411,MEDEIA,,,API8_2
0053409,따뜻한위로,20230302,수,7000060,나이트러스,0037857,머니대륙,,,API8_2
0053446,또순이,20230308,암,0036366,부활의반석,0037895,오스힐,,,API8_2
0053131,뜻대로,20230306,수,0027443,컬러즈플라잉,0043847,다림이,,,API8_2
0051407,라라걸,20220314,암,0037972,올드패션드,0033019,레디포코트,,,API8_2
0046856,라라케이,20210207,수,0032990,한센,0020579,화려한비상,,,API8_2
0053978,라비타,20230503,암,0044993,언캡처드,0029390,베리패스트레이디,,,API8_2
0054041,라스트매치,20230429,수,0044993,언캡처드,0040204,라스트일루전,,,API8_2
0053281,라스트케이,20230302,수,0038391,카우보이칼,0037445,유성스피드,,,API8_2
0053344,라스트타이거,20230301,거,0027443,컬러즈플라잉,0035442,혜성여왕,,,API8_2
0051240,라온니진스키,20220318,거,0045050,섀클포드,0030202,황금빛지중해,,,API8_2
0055260,라온더리펀,20240124,수,0036732,머스킷맨,0044953,플래터미잰자,,,API8_2
0050860,라온더벨몬트,20220128,암,0036732,머스킷맨,0022836,라온챔버,,,API8_2
0055327,라온더스카이,20240318,암,0036732,머스킷맨,0052680,샌디벨,,,API8_2
0055326,라온더스쿠트,20240311,수,0036732,머스킷맨,0052681,버트랜다,,,API8_2
0051161,라온더어펌드,20220329,암,0036732,머스킷맨,0034566,선샷,,,API8_2
0056217,라온더칼,20240417,수,0036732,머스킷맨,0022836,라온챔버,,,API8_2
0050837,라온더케이샤,20220125,암,0036732,머스킷맨,0036635,그랜드비전,,,API8_2
0053644,라온더클라라,20230402,암,0036732,머스킷맨,0040227,클라린다,,,API8_2
0053642,라온더토니,20230503,암,0036732,머스킷맨,0036734,토니위드앤아이,,,API8_2
0053646,라온더플루마,20230427,암,0028545,인디밴드,0043039,라온가람,,,API8_2
0052976,라온블레이드,20230227,수,0036732,머스킷맨,0038458,라온세레나,,,API8_2
0051560,라온사일런스,20220401,암,0036732,머스킷맨,0046440,갤어바웃타운,,,API8_2
0053640,라온사파이어,20230511,암,0036732,머스킷맨,0046440,갤어바웃타운,,,API8_2
0053076,라온스나이퍼,20230212,암,0036732,머스킷맨,0029303,라온볼드,,,API8_2
0050934,라온스필레타,20220408,거,0041813,미스터크로우,0028284,한반도정복,,,API8_2
0056215,라온유나이트,20240510,암,0036732,머스킷맨,0050584,택서블,,,API8_2
0051158,라온이클립스,20220323,거,0036732,머스킷맨,0036549,토미켄스프링,,,API8_2
0053643,라온익스트림,20230420,거,0036732,머스킷맨,0028322,라온발리,,,API8_2
0056214,라온카리스걸,20240418,암,0036732,머스킷맨,0034517,라온카리스,,,API8_2
0056216,라온컨트리맨,20240513,수,0036732,머스킷맨,0046440,갤어바웃타운,,,API8_2
0053645,라온킹스맨,20230511,수,0036732,머스킷맨,0050584,택서블,,,API8_2
0053078,라온파이널,20230213,암,0036732,머스킷맨,0022836,라온챔버,,,API8_2
0055276,라온퍼시픽,20240229,암,0036732,머스킷맨,0039157,라온아레스,,,API8_2
0046086,라온포레스트,20200307,암,0032990,한센,0030096,라온나리,,,API8_2
0056213,라온폴리스,20240423,암,0036732,머스킷맨,0036549,토미켄스프링,,,API8_2
0053077,라온플레어,20230214,암,0036732,머스킷맨,0034517,라온카리스,,,API8_2
0050873,라온플로렌스,20220131,거,0036732,머스킷맨,0029303,라온볼드,,,API8_2
0053224,라온피날레,20230321,암,6126922,TACITUS,0052680,샌디벨,,,API8_2
0052880,라이브스타,20230223,수,0025790,피스룰즈,0036882,실버스피닝,,,API8_2
0053559,라이언비트,20230318,수,0038391,카우보이칼,0035114,원더라이트,,,API8_2
0057623,라이언클로,20240424,수,0041566,투아너앤드서브,0038641,볼드퀸,,,API8_2
0051578,라이언하트,20220325,수,0038391,카우보이칼,0035114,원더라이트,,,API8_2
0054178,라이즈파워,20230603,수,0043421,일루시브블러프,0040065,시어라지,,,API8_2
0052083,라이징모,20220209,암,0044931,센트럴커맨드,0034926,라이징코리아,,,API8_2
0055436,라이징스톰,20240209,수,0034637,라이언메탈,0033282,해피센세이션,,,API8_2
0053097,라이징윈드,20230206,암,0044420,레볼루셔너리,0037202,금아선더,,,API8_2
0050906,라이징청수,20220215,암,0045050,섀클포드,0026448,파이널걸,,,API8_2
0055475,라이징킬러,20240313,수,0038391,카우보이칼,0022974,블랙루비,,,API8_2
0053551,라이트윙,20230323,수,0038227,크리솔라이트,0035190,태후의날개,,,API8_2
0046547,라파예트,20200319,거,0038387,콩코드포인트,0036652,아너드,,,API8_2
0054523,래피드선더,20230507,암,0038387,콩코드포인트,0050523,패이머스어트랙션,,,API8_2
0050892,래피드스톰,20220213,암,0033119,선더모카신,0027067,나르자,,,API8_2
0054864,래피드총알,20230306,암,0044420,레볼루셔너리,0034697,큐피드총알,,,API8_2
0053633,랩처,20230325,암,7000060,나이트러스,0042177,우승환희,,,API8_2
0053215,러버맨,20230221,수,0041566,투아너앤드서브,0040124,아이월이프유월,,,API8_2
0046673,러브스칼렛,20210221,암,0034735,페더럴리스트,0028318,예당,,,API8_2
0047185,러브오마인,20210421,암,0038227,크리솔라이트,0029193,상류,,,API8_2
0052882,러브인서울,20230212,암,6126458,ARMY MULE,0052744,러브인도쿄,,,API8_2
0053102,러블리잭팟,20230313,거,0038387,콩코드포인트,0036754,러블리누트,,,API8_2
0054210,러빙퍼플,20230414,암,0025790,피스룰즈,0045017,프레이시우즈,,,API8_2
0055974,러스터,20240325,암,0038387,콩코드포인트,0023747,청산일호,,,API8_2
0055626,러시퀸,20240221,암,0052826,쿠르부아지에,0038346,토츠어돕스,,,API8_2
0051948,럭키데이,20220606,암,0046317,레이스데이,0041140,스페셜럭키,,,API8_2
0061827,럭키링맨,20231024,수,6112206,FROSTED,7179026,HEIRLOOMS,,,API8_2
0054047,럭키붐,20210315,거,6781702,LOOKIN AT LUCKY,6105296,BEDANKEN,,,API8_2
0052143,럭키서니,20220209,수,0038391,카우보이칼,0020485,큰고리,,,API8_2
0050836,럭키에이원,20220224,암,0032990,한센,0045020,이니쉬에이트,,,API8_2
0056208,럭키은파,20240417,암,0032990,한센,0032127,럭키뮤직,,,API8_2
0054584,럭키조이,20230401,거,6969075,지몰로지스트,0046519,캐어리에터,,,API8_2
0056449,럭키파크,20240430,수,0041566,투아너앤드서브,0050342,할란셔플,,,API8_2
0046791,럭키파티,20210207,수,0039750,퍼지,0033371,몬스터퀸,,,API8_2
0055110,럭키프랭크,20220426,수,6119336,FRANK CONVERSATION,7044089,LUCKY NANCY E.,,,API8_2
0056009,런던그레이스,20240401,암,0040033,런던타운,0030499,우아등선,,,API8_2
0055496,런던로열,20240220,암,0040033,런던타운,0046254,레이스로열,,,API8_2
0056824,런던로지스,20240412,거,6969075,지몰로지스트,0025452,퓨앤파비트윈,,,API8_2
0055160,런던맨,20240105,수,0040033,런던타운,0045460,티즈하티드,,,API8_2
0056006,런던조이,20240428,수,0040033,런던타운,0045002,위드그레이트플레,,,API8_2
0056236,런던콩코드,20240429,암,0038387,콩코드포인트,0036736,레드벅,,,API8_2
0055950,런던티즈,20240328,암,0040033,런던타운,0050576,빅티즈,,,API8_2
0055700,런던포레스트,20240305,암,0040033,런던타운,0038584,날아라힐,,,API8_2
0055461,런던플라워,20240229,암,0040033,런던타운,0043472,매직플라워,,,API8_2
1412208,런와일드,20210520,거,0027443,컬러즈플라잉,0011510,초산,,,API8_2
0055713,런크라운,20240303,수,0032990,한센,0027574,영크라운,,,API8_2
0061195,런투윈,20240411,수,0040086,위드디스팅션,0035651,에클레어드림,,,API8_2
0052087,레드드래곤,20220509,암,0033566,파워블레이드,0045066,드림리시어스,,,API8_2
0053099,레드벨럭키,20230122,암,0038245,미스치비어슬리,0042726,테이크하트,,,API8_2
0056271,레드호스,20240429,암,0032258,트리플나인,0033047,서브잇콜드,,,API8_2
0052811,레베랑스,20230203,수,0046317,레이스데이,0046438,할런즈달린,,,API8_2
0047169,레이디폭스,20210409,암,0044420,레볼루셔너리,0028365,허니캠프,,,API8_2
0053267,레이스디바,20230405,암,0046317,레이스데이,0036619,잇메익스헐민,,,API8_2
0055958,레이스파티,20240412,암,0046317,레이스데이,0044944,골든스트라이프,,,API8_2
1412244,레인스타,20210405,암,0034835,티즈원더풀,0028006,야후비올라,,,API8_2
0053071,레전드매치,20230127,수,0036732,머스킷맨,0036635,그랜드비전,,,API8_2
0056247,레전드몬스터,20240423,수,0046317,레이스데이,0042740,얼라이브퀸,,,API8_2
0054213,레전드샤캐리,20230527,암,0032224,돌아온현표,0037894,비케이우노,,,API8_2
0046901,레전드선,20210315,거,0040246,지롤라모,0026630,광야일출,,,API8_2
0051788,레전드와우,20220427,거,0032990,한센,0036462,와우캣,,,API8_2
0055875,레전드캣,20240320,암,0037972,올드패션드,0032611,헬캣,,,API8_2
0056362,렌브레이브,20240330,암,0038227,크리솔라이트,0031824,미래여제,,,API8_2
0055349,로드삭스,20240212,암,0027443,컬러즈플라잉,0037877,스타삭스,,,API8_2
0056541,로드투굿찬스,20240430,수,6969075,지몰로지스트,0024632,매직파티,,,API8_2
0057600,로드투스타,20230320,거,0028545,인디밴드,0039114,박차오름,,,API8_2
0051814,로드투스피어,20220421,암,0039750,퍼지,0037756,매직로드,,,API8_2
0057009,로드투챔피언,20240313,수,0028545,인디밴드,0036169,매직아이,,,API8_2
0054191,로드투퍼펙트,20230401,암,0038245,미스치비어슬리,0031326,크로스익잼네이션,,,API8_2
0061399,로드투홀인원,20240405,암,0039737,어플릿익스프레스,0031326,크로스익잼네이션,,,API8_2
0053518,로드투히트,20230316,수,0045050,섀클포드,0027189,상승거탑,,,API8_2
0060342,로쉬,20230328,수,6149272,ROGUEISH,6972148,HILLARY D,,,API8_2
0053174,로열만세,20230310,거,0045082,오버애널라이즈,0017737,나바이어,,,API8_2
0047427,로열베스트,20210412,수,0032990,한센,0026109,로열스텝,,,API8_2
0051611,로열삭스,20220414,거,0032990,한센,0040214,릴리울레이,,,API8_2
0055351,로열호프케이,20240221,수,0037610,가온챔프,0039606,하늘공원,,,API8_2
0056731,루나삭스,20240302,암,0036732,머스킷맨,0024425,수호천사,,,API8_2
0056115,루미너스,20240309,수,0038387,콩코드포인트,0041929,파이어리스타,,,API8_2
0054086,루비스터,20230515,거,0046483,플래시백,0023007,레드루비,,,API8_2
0055990,루비캐처,20240428,암,0036732,머스킷맨,0052748,글로벌하티,,,API8_2
0056677,루움축제,20240205,암,6114907,CONNECT,0055131,루움,,,API8_2
1412314,루지,20210527,거,0028545,인디밴드,0037894,비케이우노,,,API8_2
0056089,루치아,20240410,암,0039935,말리부불패,0036710,퀘스트포석세스,,,API8_2
0057301,루프톱,20230322,수,6149543,INSTAGRAND,6148599,JUST CAT,,,API8_2
0045841,리걸하이,20200329,암,0040246,지롤라모,0025808,캡티브,,,API8_2
0053002,리더스파트너,20230221,거,0045050,섀클포드,0045007,퀄리티레이디,,,API8_2
0055584,리드블루,20240218,암,0050506,에어포스블루,0042290,리드보컬,,,API8_2
0050741,리멤버어게인,20220210,거,0038227,크리솔라이트,0038351,리멤버미올웨이즈,,,API8_2
0054241,리스파이어,20230516,암,0040246,지롤라모,0034644,달려라강적,,,API8_2
0055701,리슨투런던,20240303,암,0040033,런던타운,0038585,리슨투미,,,API8_2
0053346,리플렉트,20230410,수,0046317,레이스데이,0035551,시티세븐,,,API8_2
0051871,마니노다지,20220430,거,0041813,미스터크로우,0033167,동남대로,,,API8_2
0055498,마라넬로,20240227,암,0041819,닉스고,0054723,풀오브래프스,,,API8_2
0051059,마루장군,20220207,수,0045050,섀클포드,0017737,나바이어,,,API8_2
0056025,마루한,20240405,수,0038387,콩코드포인트,0036296,런키튼런,,,API8_2
0055207,마리우스길,20240114,수,6149753,GREATEST HONOUR,0054962,아메리칸잭,,,API8_2
0053879,마스크걸,20230414,암,0038387,콩코드포인트,0024712,빅터우먼,,,API8_2
0053997,마스크맨,20230416,거,0037610,가온챔프,0029354,스트라이크이글,,,API8_2
0060827,마스터아레나,20230406,수,6149543,INSTAGRAND,6106114,SNAKEINTHEGRASS,,,API8_2
0051768,마스터콰이곤,20220415,수,0032994,다이나믹대시,0041602,다이나믹무브,,,API8_2
0053699,마스터플랜,20230501,수,0038387,콩코드포인트,0046498,파울플레이,,,API8_2
0054132,마음하나,20230418,수,0037610,가온챔프,0029449,스트리트아티스트,,,API8_2
0045768,마의웨이,20200309,거,0041566,투아너앤드서브,0029926,심신지려,,,API8_2
0055621,마이던,20230216,수,6980208,BRETHREN,7122317,SOUTHERN TODDY,,,API8_2
0052912,마이돌풍,20230210,암,0037972,올드패션드,0034887,어메이징서프라이,,,API8_2
0052938,마이러너,20230216,암,0040246,지롤라모,0040021,록코모도,,,API8_2
0057360,마이머닝스,20230507,수,6964691,MUNNINGS,6981352,KNIGHT OF THUNDER,,,API8_2
0055623,마이모어,20230128,거,6109240,모스피릿,7048125,SHEZAHOTMAMA,,,API8_2
0061376,마이뮤직,20240209,수,6127912,JACKIE'S WARRIOR,7064684,KID IS FROSTY,,,API8_2
0055622,마이슈퍼맨,20230406,수,6109238,MOHAYMEN,6128365,SUPERQUINN,,,API8_2
0061377,마이시티,20240509,수,6126921,IMPROBABLE,6150157,ONE SHARP LADY,,,API8_2
0057362,마이엠파이어,20230317,수,0054840,클래식엠파이어,7157367,DR.MELFI,,,API8_2
0060339,마이웨이보스,20230503,거,6149612,YORKTON,6798498,AMERICAN MEGAN,,,API8_2
0061375,마이퀄리티,20240229,수,6149747,ESSENTIAL QUALITY,6148672,ALJULJALAH,,,API8_2
0056317,마이태풍,20240427,암,0044993,언캡처드,0042449,울트라시대,,,API8_2
0055527,마이티나이트,20240212,암,7000060,나이트러스,0038481,마이티럭,,,API8_2
0055906,마이티네오,20220506,수,6149534,글로벌캠페인,7000957,ECLIPTICALSPHARAOH,,,API8_2
0055591,마이티대시,20220207,수,6112222,JESS'S DREAM,7018264,VALVERDINA,,,API8_2
0050800,마이티러브,20220129,암,0046317,레이스데이,0032993,마이티젬,,,API8_2
0055558,마이티레이스,20240324,수,0046317,레이스데이,0043613,마이티붐,,,API8_2
0062428,마이티로그,20240418,수,6149272,ROGUEISH,7178966,MYSTIC HARBOR,,,API8_2
0052001,마이티룩,20200128,암,6126458,ARMY MULE,6779958,SAOIRSE CAT,,,API8_2
0057310,마이티메르시,20230430,수,6149595,TOM'S D'ETAT,6851620,LEAH'S SECRET,,,API8_2
0055335,마이티뮬란,20240203,암,6126458,ARMY MULE,0055097,스페셜유니언,,,API8_2
0057311,마이티베스트,20230512,수,6126465,BEE JERSEY,7016739,PADDYDUNALOT,,,API8_2
0057312,마이티블리스,20230408,수,7000178,INDEPENDENCE HALL,6105519,BLISSFULLY,,,API8_2
0054042,마이티비트,20230401,수,0045050,섀클포드,0024341,센걸,,,API8_2
0052990,마이티샤인,20230218,암,0045050,섀클포드,0036629,서치어스위트걸,,,API8_2
0061455,마이티세이버,20240307,수,7101291,HAPPY SAVER,6125907,MY EKATI CAT,,,API8_2
0052453,마이티숀,20210407,암,6115828,BUCCHERO,6529730,STRIKING T,,,API8_2
0051606,마이티아미,20220322,암,6126458,ARMY MULE,0050520,얼터너티브에너지,,,API8_2
0056589,마이티에버,20220424,수,6968995,ADIOS CHARLIE,6148866,JUST AIN'T RIGHT,,,API8_2
0062606,마이티원더,20240419,수,7001525,MO DONEGAL,6130953,PROOF INTHE PUDDIN,,,API8_2
0054730,마이티조이,20220513,수,6109247,런해피,7049744,LADY CITADEL,,,API8_2
0052426,마이티짱,20210223,수,0046317,레이스데이,6109307,WINGS OF A DOVE,,,API8_2
0053107,마이티챔프,20230226,수,0040246,지롤라모,0044746,마이티참,,,API8_2
0062954,마이티캐니,20240320,수,6126922,TACITUS,7007140,EDYE'S CANDY,,,API8_2
0047348,마이티캡,20210426,암,0044993,언캡처드,0036302,트루스앤아너,,,API8_2
0057340,마이티코드,20230318,수,6126349,CLOUD COMPUTING,6987524,SEQUOIA QUEEN,,,API8_2
0056840,마이티크리스,20230318,수,0038227,크리솔라이트,0028563,알파퀸,,,API8_2
0054135,마이티포인트,20230429,수,0038387,콩코드포인트,0050528,원미시시피,,,API8_2
0055091,마이티프리,20211017,거,6106898,AMERICAN PHAROAH,7124161,IF I CAN I CAN,,,API8_2
0061542,마이티하이트,20240304,수,6106383,CAIRO PRINCE,6142812,CARPE VINUM,,,API8_2
0061540,마이티허쉬,20240418,수,6126918,VEKOMA,6129068,MAHVELOUS KITTEN,,,API8_2
0061541,마이티헝키,20240418,수,7101291,HAPPY SAVER,6112426,DIVINE BEAUTY,,,API8_2
0047234,마주할기대,20210424,암,0034735,페더럴리스트,0020854,버니스,,,API8_2
0056001,마천마마,20240330,암,0036693,토우트,0044025,한가위선물,,,API8_2
0051941,마천월드,20220515,암,0034428,테스타마타,0028530,노벨신화,,,API8_2
0055893,마터호른케이,20220506,수,6150548,SHANCELOT,6514303,YO ALI,,,API8_2
0047221,마하여신,20210417,암,0029287,맘보트레인,0032248,청춘열차,,,API8_2
0061826,마호,20230823,수,6126545,RUSSIAN REVOLUTION,7179025,FLAMING,,,API8_2
0053083,만금다온,20230315,거,0032990,한센,0036323,토네이도앨리,,,API8_2
0056067,만금러시,20240331,암,0041566,투아너앤드서브,0038536,맘마로마,,,API8_2
0055625,만금스피드,20240220,수,7000060,나이트러스,0019803,최대풍속,,,API8_2
0053140,만금실버,20230222,암,0033566,파워블레이드,0025756,핫실버,,,API8_2
0053085,만금크라운,20230317,수,0041559,빅스,0040212,코즈투셀러브레트,,,API8_2
1412322,만대로,20210315,수,0038025,아임유어파더,0023317,고운짓,,,API8_2
0045998,매글데이,20200424,거,0036358,애니기븐새터데이,0040201,매글레브,,,API8_2
0056268,매직터치,20240429,수,6969075,지몰로지스트,0052480,캐스터,,,API8_2
0054028,매직포션,20210508,거,6106674,COMPETITIVE EDGE,6856749,A BIT OF PRESSURE,,,API8_2
0053128,맥스맨,20230314,수,0044931,센트럴커맨드,0038447,스마일걸,,,API8_2
0053228,머니무브,20230414,수,0041800,메디치글로리,0037960,엘러벨,,,API8_2
0051083,머스킷데이,20220317,수,0036732,머스킷맨,0035029,꿈의실현,,,API8_2
0053034,머스킷클리버,20230219,수,0036732,머스킷맨,0036291,준클리버,,,API8_2
0044706,머스탱파워,20190420,거,0040056,아치아치아치,0036340,크리스털레거시,,,API8_2
0046675,메가스텝,20210202,암,6115219,FREE DROP BILLY,0046432,콘지,,,API8_2
0054324,메가윈드,20230508,수,0045050,섀클포드,0029670,금포엔젤,,,API8_2
0056325,메니블리츠,20240427,암,0046317,레이스데이,0038335,메니블레이드,,,API8_2
0055273,메멘토,20240201,암,0041800,메디치글로리,0035196,금악여제,,,API8_2
0052928,메이드,20230203,수,0038245,미스치비어슬리,0040194,퍼시스,,,API8_2
0055890,메이저크라운,20220226,수,6149595,TOM'S D'ETAT,6112615,PARTING WORDS,,,API8_2
0055781,메이저퓨리,20240420,수,0044420,레볼루셔너리,0034950,나이트퓨리,,,API8_2
0053548,메탈인베이더,20230414,거,0041566,투아너앤드서브,0036623,시티스플래쉬,,,API8_2
0053890,명글로벌,20230505,거,0041813,미스터크로우,0029951,마볼트,,,API8_2
0053138,명드림,20230316,암,0036732,머스킷맨,0035029,꿈의실현,,,API8_2
0056132,명마퀸,20240419,암,6115217,CATHOLIC BOY,0055114,오레리,,,API8_2
0053087,명마킹,20230305,거,0038387,콩코드포인트,0043673,울프아이,,,API8_2
0055355,명뷰티풀,20240327,암,0045050,섀클포드,0031427,스페셜로드힐,,,API8_2
0053137,명브레이싱,20230405,수,0032990,한센,0031273,임브레이싱크리시,,,API8_2
0046991,명성축제,20210319,거,0039737,어플릿익스프레스,0035880,스톤블레이드,,,API8_2
0055758,명성파티,20240309,암,0038387,콩코드포인트,0046134,함평샤인,,,API8_2
0046756,명진불패,20210306,암,0045050,섀클포드,0045023,소우산,,,API8_2
0051281,명파워,20220421,거,0044993,언캡처드,0038072,아름다운시간,,,API8_2
0055356,명파워풀,20240208,수,0036732,머스킷맨,0038072,아름다운시간,,,API8_2
0055353,명플라이데이,20240226,수,0045050,섀클포드,0042678,스마트오피서,,,API8_2
0056109,모닝도도,20240413,암,0038025,아임유어파더,0031853,모닝퀸,,,API8_2
0062952,모닝마루,20240513,수,7001370,EPICENTER,6970705,PLATINUM PREFERRED,,,API8_2
0060276,모닝벨,20240312,수,0036732,머스킷맨,0033447,마중물,,,API8_2
0051574,모닝원더,20220404,암,0038387,콩코드포인트,0044965,쉬비스위트,,,API8_2
0056093,모닝치프,20240404,거,0046317,레이스데이,0034899,캐스퍼레트,,,API8_2
0050863,모던파티,20220206,암,0039812,모던카우보이,0038630,스마트파티,,,API8_2
0051372,모어댄조크,20220401,수,6114900,PRACTICAL JOKE,0050530,마일드어뮤즈먼트,,,API8_2
0054009,몬탁챗,20210219,수,0057586,프레저베이셔니스,6117072,AGGREGATOR,,,API8_2
0059224,무빙볼케이노,20230324,수,6969080,STAY THIRSTY,7029897,MUNNY PENNY,,,API8_2
0052999,무적함대,20230223,수,0038245,미스치비어슬리,0039638,스톰포스,,,API8_2
0052933,무제한급,20230221,수,0037972,올드패션드,0040150,큐트앤새시,,,API8_2
0060840,무초마초라피도,20230420,수,6126922,TACITUS,6129019,VICKI T,,,API8_2
0053723,무한아르고,20210501,암,6115215,OSCAR PERFORMANCE,6888766,MEMORIES FOR US,,,API8_2
0053972,문학대세,20230218,암,0044743,사우스비치,0032925,질풍대세,,,API8_2
0060842,문학루퍼,20230226,수,6109237,EXAGGERATOR,6112624,SWEETER THAN EVER,,,API8_2
0051740,문학벨,20220504,암,6119755,AUDIBLE,0050887,베이리버,,,API8_2
0051748,문학보이,20220516,수,6106696,LORD NELSON,0050562,미스가이디드,,,API8_2
0051749,문학축제,20220527,수,6821213,BLAME,0050561,스워드,,,API8_2
0050690,문학파이터,20220322,암,0044743,사우스비치,0036728,딕시핫샷,,,API8_2
0047319,물레방아,20210310,거,0041566,투아너앤드서브,0036169,매직아이,,,API8_2
0046832,미라클한강,20210225,거,0032990,한센,0038354,미스보스케스,,,API8_2
0055730,미르한,20240325,수,0045050,섀클포드,0034389,산이슬,,,API8_2
0051503,미스발레리아,20220320,암,0033566,파워블레이드,0038347,어제이선트,,,API8_2
0045894,미스윈스타,20200329,수,0033119,선더모카신,0025203,미스윈,,,API8_2
0052929,미스크리스티,20230203,암,0038245,미스치비어슬리,0037831,크리스티아누,,,API8_2
0051746,미스터도르,20220429,수,0046484,도르트문트,0044996,블랙벳시,,,API8_2
0056270,미스터불스,20240425,수,0032990,한센,0052492,갈라드리엘즈라잇,,,API8_2
0061946,미스터빅벨,20240418,수,6965458,KANTHAROS,7003533,RUBINETTE,,,API8_2
0051936,미스터스톰,20220422,수,0041813,미스터크로우,0025043,뷰티이천,,,API8_2
0051296,미스터카라,20220428,거,0044993,언캡처드,0040174,몬아치라스,,,API8_2
0055380,미스터카이,20230508,수,0038245,미스치비어슬리,0027760,카이제린,,,API8_2
0054881,미스터크레딧,20230331,수,6969075,지몰로지스트,0039795,오섬스마트,,,API8_2
0053980,미스터태양,20230510,수,0046317,레이스데이,0050573,센스오브뷰티,,,API8_2
0056722,미스터팰컨,20240219,수,0025790,피스룰즈,0034427,제이원,,,API8_2
0054211,미스틱글로,20230502,암,0032224,돌아온현표,0023195,동방미인,,,API8_2
0050005,민트플레이,20200403,암,0038391,카우보이칼,0038336,미들버그민트,,,API8_2
0053521,믿음의질주,20230330,암,0045082,오버애널라이즈,0035079,믿음의빛,,,API8_2
0053229,바람개비,20230412,수,0041800,메디치글로리,0040128,말리부퀸,,,API8_2
0060706,바람의기억,20230317,거,7000176,SILVER STATE,7048630,FAIRYWREN,,,API8_2
0055550,바람의노래,20240325,수,0045049,프리덤차일드,0038146,오케이연답,,,API8_2
0046900,바로다나은,20210211,암,0032990,한센,0026143,토치,,,API8_2
0051670,발키리,20220403,암,0041566,투아너앤드서브,0026773,하얀누리,,,API8_2
0056303,배틀타이거,20240429,수,0032990,한센,0036841,어치브,,,API8_2
0047024,백룡,20210325,수,0015477,백광,0032718,케이어센딩,,,API8_2
0055487,백산레이스,20240213,수,0046317,레이스데이,0041959,레인스터레이디,,,API8_2
0055724,백산트리,20240302,암,0032258,트리플나인,0041519,백산선더,,,API8_2
0053869,백호의울림,20230329,거,0037972,올드패션드,0035070,백두미르,,,API8_2
0053760,밸리드영,20230408,수,0045050,섀클포드,0050531,밸리드발렌시아,,,API8_2
0053707,뱅크라인,20230430,암,0045050,섀클포드,0045012,인텔리젠트리뷰,,,API8_2
0054766,버건디,20220505,거,0034637,라이언메탈,0039999,스트로리아,,,API8_2
0053822,번개루이스,20230410,수,0044993,언캡처드,0026254,컨셉리처블,,,API8_2
0051315,벌교그래미,20220305,암,0044993,언캡처드,0046428,인디채널,,,API8_2
0055887,벌교낙성,20220328,수,6771396,FIRST SAMURAI,6925071,A TOUCH OF GLORY,,,API8_2
0051314,벌교데스티노,20220309,수,6114900,PRACTICAL JOKE,0050571,테이크어웨이,,,API8_2
0051294,벌교디와이,20220323,수,6114907,CONNECT,0050570,미드나이트칵테일,,,API8_2
0051319,벌교라바,20220106,암,0044420,레볼루셔너리,0041625,라이언여제,,,API8_2
0050265,벌교베리타스,20210209,수,0034428,테스타마타,0031093,인디언블루,,,API8_2
0053317,벌교시그니처,20230330,수,0036732,머스킷맨,0044948,루브로드,,,API8_2
0054199,벌교알라딘,20230220,거,6130303,ENTICED,0053423,핀치페니,,,API8_2
0054201,벌교엠퍼러,20230218,수,6149803,ROCK YOUR WORLD,0053424,아너유어허니,,,API8_2
0050963,벌교의스타,20220321,수,6109224,BRODY'S CAUSE,0050483,티자트릭,,,API8_2
0050260,벌교차돌,20210327,암,0044993,언캡처드,0029197,대싱플래티넘,,,API8_2
0056562,베리럭키,20240328,수,0052316,콘서트투어,0043490,핑크번개,,,API8_2
0054103,베스트더온,20230412,수,0038387,콩코드포인트,0024368,싸이클론,,,API8_2
0051522,베스트드림,20220328,암,0045050,섀클포드,0026143,토치,,,API8_2
0051540,베스트라지,20220325,암,0039812,모던카우보이,0040065,시어라지,,,API8_2
0055553,베스트러브,20240323,암,0038387,콩코드포인트,0040124,아이월이프유월,,,API8_2
0050997,베스트레이스,20220219,거,0046317,레이스데이,0035664,베스트캠프,,,API8_2
0053171,베스트밍크,20230310,암,0045049,프리덤차일드,0041872,앤즈밍크,,,API8_2
0045369,베스트선,20200228,거,0039742,테이크차지인디,0040124,아이월이프유월,,,API8_2
0054104,베스트시크릿,20230321,암,0038387,콩코드포인트,0041614,엘리트레이디,,,API8_2
0053214,베스트어베인,20230221,수,0044993,언캡처드,0039356,플라잉불릿,,,API8_2
0053900,베스트에이원,20230425,암,0045050,섀클포드,0035083,백산여왕,,,API8_2
0051153,베스트조이,20220228,거,0039812,모던카우보이,0039356,플라잉불릿,,,API8_2
0053216,베스트천하,20230309,암,0037972,올드패션드,0036009,큐피드닥터,,,API8_2
0055547,베스트최고,20240213,암,0038391,카우보이칼,0035697,최고야최고,,,API8_2
0046897,베스트토르,20210309,거,0039812,모던카우보이,0036596,베스트예지,,,API8_2
0055267,베스트프렌드,20240216,수,0035295,나스카프린스,0030951,대륙의별,,,API8_2
0054222,베스트프리덤,20230516,수,0045049,프리덤차일드,0034173,주얼리파크,,,API8_2
0053088,베스트피치,20230308,수,6127043,BY MY STANDARDS,0052757,뮈직,,,API8_2
0045611,베트캡틴,20200330,수,0039742,테이크차지인디,0028678,베스트하이,,,API8_2
0056681,벨로체,20240518,암,0038387,콩코드포인트,0036658,플리트코즈웨이,,,API8_2
0053717,벨록스보이,20210302,거,0054840,클래식엠파이어,6125706,ASPEN HILLTOP,,,API8_2
0050810,벵골타이거,20220319,수,0040086,위드디스팅션,0040089,티피맥지,,,API8_2
0052140,벽송,20220404,암,0044420,레볼루셔너리,0040169,시라이트,,,API8_2
0053921,별빛,20230427,수,0032314,뉴화이트삭스,0031121,스타볼트,,,API8_2
0054480,별처럼,20230419,수,0029817,금포스카이,0040430,천둥여울,,,API8_2
0055095,별콩,20210905,거,6115075,TARZINO,7124226,ROMEO'S PRINCESS,,,API8_2
0055423,보스턴아너,20240208,암,0032990,한센,0022301,신천여걸,,,API8_2
0057203,보스턴하버,20240330,수,0038391,카우보이칼,0038355,스마트어트랙션,,,API8_2
0051885,보스토크,20220520,암,0046317,레이스데이,0041937,홀리데이즈,,,API8_2
0055189,볼스터,20240131,수,0046317,레이스데이,0029484,걸즈라이크,,,API8_2
0062961,볼트케이,20240219,수,6127912,JACKIE'S WARRIOR,7025412,SUN SUMMERS,,,API8_2
0055303,봉봉스타,20240309,암,0037972,올드패션드,0031307,젤러스문,,,API8_2
0055918,봉봉티아라,20240328,암,0037972,올드패션드,0026120,아이리스,,,API8_2
0052514,봉화스테이,20210219,거,6115207,COLLECTED,6117112,NO SHOW ROSE,,,API8_2
0056104,부산에가면,20240408,수,0045050,섀클포드,0042020,해운대바다,,,API8_2
0046749,분당쓰나미,20210228,수,0045050,섀클포드,0031311,어트리비다,,,API8_2
0046158,불곰마드레,20200422,암,0038391,카우보이칼,0036420,노스몰코리아,,,API8_2
1412351,불국시대,20210330,암,0038227,크리솔라이트,0045018,번레거시,,,API8_2
0054119,불타는심장,20210418,거,6118875,SOLOMINI,6114099,LADY OVERBOARD,,,API8_2
0061382,불타오르네,20240324,수,6126922,TACITUS,7081259,SKY O' BLUE,,,API8_2
0054542,불패의여왕,20230310,암,0032990,한센,0023138,검은나비,,,API8_2
0053928,붉은여전사,20230424,암,0037610,가온챔프,0037488,팡팡가리,,,API8_2
0047547,붉은태양,20210526,거,0026213,지금이순간,0029549,터프한걸,,,API8_2
0046204,붉은폭풍,20200430,수,0032990,한센,0029061,대산여제,,,API8_2
7140914,뷰티웨이브즈,20200401,거,6964911,STARSPANGLEDBANNER,7144545,LITTLE SWEETHEART,,,API8_2
0053257,뷰티풀리,20230416,암,0041813,미스터크로우,0025720,위스콘신걸,,,API8_2
0047435,뷰티풀화성,20210415,거,0041566,투아너앤드서브,0023921,다이아몬드브리나,,,API8_2
1412321,브라보플레이,20210203,수,0032990,한센,0034627,지상제일해피,,,API8_2
0053507,브라운맘마,20230321,수,0045082,오버애널라이즈,0038536,맘마로마,,,API8_2
0052257,브라운슈거,20220502,암,0026213,지금이순간,0029182,비바라슬램,,,API8_2
0056005,브라이트원,20240327,수,6969075,지몰로지스트,0033231,두만강,,,API8_2
0047494,브라이트카이,20210429,암,0033119,선더모카신,0036627,새터데이나이츠럿,,,API8_2
0053008,브리도갤럭시,20230213,거,0044420,레볼루셔너리,0045044,에브리모멘트,,,API8_2
0053473,브리도글로리,20230325,암,0045050,섀클포드,0033086,리쯔걸,,,API8_2
0056751,브리도범,20240401,수,0044420,레볼루셔너리,0053423,핀치페니,,,API8_2
0056327,브리도소니,20240401,수,0033566,파워블레이드,0029443,스위트오일,,,API8_2
0054610,브리도시리스,20220512,수,6126921,IMPROBABLE,6112993,LOVEMEORLEAVEME,,,API8_2
0053151,브리도아쿠아,20230324,암,0045050,섀클포드,0033079,로즈어네이티브,,,API8_2
0056747,브리도알파,20240309,수,0044420,레볼루셔너리,0044421,리걸엠브레이스,,,API8_2
0053821,브리도에픽,20230411,암,0038227,크리솔라이트,0038929,퍼스트랭크,,,API8_2
0055024,브리도챔피언,20230309,거,6126920,OMAHA BEACH,7032511,SENSE OF GRACE,,,API8_2
0053000,브리도칸,20230211,거,0027443,컬러즈플라잉,0026785,킹덤레이스,,,API8_2
0052957,브리도칼리,20230225,수,0044420,레볼루셔너리,0046427,볼드레이디,,,API8_2
0055020,브리도큐피드,20230224,거,6781702,LOOKIN AT LUCKY,6105871,MARVELOUS MONKEY,,,API8_2
0051618,브리도트로피,20220404,수,0031639,영천에이스,0031643,해피투데이,,,API8_2
0055028,브리도피닉스,20230215,수,6967942,TWIRLING CANDY,7122560,JULIA'S MUSIC,,,API8_2
0056259,브릴리언트,20240316,암,0032990,한센,0036113,특별스타,,,API8_2
0051036,블랙러시안,20220223,거,0038391,카우보이칼,0046318,라이브옥스레거시,,,API8_2
0053708,블랙마마,20230419,암,0038227,크리솔라이트,0046490,런투마마,,,API8_2
0046935,블랙벨트,20210324,수,6112212,SPEIGHTSTER,0046418,러빈엠파이어,,,API8_2
0051303,블랙사탕,20220421,암,0041868,제이피즈거스토,0030663,월들리듀드,,,API8_2
0053023,블랙선,20230214,암,0039737,어플릿익스프레스,0037474,핫걸,,,API8_2
0047204,블랙스펙터,20210417,수,0032990,한센,0035953,걸크러시,,,API8_2
0046874,블랙시대,20210222,수,0038227,크리솔라이트,0041950,스위트시즐,,,API8_2
0056701,블랙타임,20240314,암,0050506,에어포스블루,0036927,한얼공주,,,API8_2
0052946,블랙페페,20230216,수,0045082,오버애널라이즈,0037283,가나도라,,,API8_2
0061531,블러드렉스,20240518,수,6126458,ARMY MULE,7005242,BABY ZITO,,,API8_2
0046885,블러드마운틴,20210223,수,0041566,투아너앤드서브,0027376,말리부스카이,,,API8_2
0051876,블러싱로즈,20220405,암,0045050,섀클포드,0020886,골든로즈,,,API8_2
0056545,블레이즈맨,20240110,수,0038245,미스치비어슬리,0021457,매직치프,,,API8_2
0054085,블레이징엔진,20230427,수,0032258,트리플나인,0042179,큐피드여장부,,,API8_2
0056398,블루넬로,20220425,수,6116003,GIFT BOX,6104595,PRINCESS TAYLOR,,,API8_2
0051202,블루드래곤,20220330,거,0032990,한센,0029366,일루시브로시,,,API8_2
0047081,블루레몬,20210324,암,6781702,LOOKIN AT LUCKY,0046431,마이너츠하제니,,,API8_2
0053480,블루레인,20230323,거,0044993,언캡처드,0040981,에코굿,,,API8_2
0053509,블루로즈,20230322,암,0028545,인디밴드,0040893,스파이스캔디,,,API8_2
0053422,블루리본,20230303,암,0038245,미스치비어슬리,0041534,라이트마이월드,,,API8_2
0053414,블루밍카라,20230319,암,0045050,섀클포드,0027542,플라이위너,,,API8_2
0050964,블루선,20220221,수,6149534,글로벌캠페인,0050484,룰라탈룰라,,,API8_2
0056452,블루피니시,20240503,거,7000060,나이트러스,0033401,와이키키,,,API8_2
0056393,블루피오라,20220507,암,0039742,테이크차지인디,6129322,LIVE THE MOMENT,,,API8_2
0053853,블루하와이,20230428,수,0046317,레이스데이,0040142,플로팅하트,,,API8_2
0055740,블루호라이즌,20240420,암,0050506,에어포스블루,0050542,윈에이저,,,API8_2
0053288,블리스스타,20230327,수,0038391,카우보이칼,0038352,블리스터링스트라,,,API8_2
0057821,블리츠카라,20240322,수,0038245,미스치비어슬리,0042937,에지,,,API8_2
0055289,비라이브,20240125,암,0037972,올드패션드,0041937,홀리데이즈,,,API8_2
0051316,비바참,20220210,암,0044420,레볼루셔너리,0031687,비호바람,,,API8_2
1412308,비바청수,20210416,암,0045082,오버애널라이즈,0041553,오지브와,,,API8_2
0053735,비바치시모,20230422,암,0028545,인디밴드,0036841,어치브,,,API8_2
0051280,비상데이,20220105,암,0038227,크리솔라이트,0040902,비상등,,,API8_2
0051024,비상벨,20220311,암,0034835,티즈원더풀,0031609,호루라기,,,API8_2
0051284,비에스스톰,20220311,수,0044420,레볼루셔너리,0035142,선플라자,,,API8_2
0056048,비워크,20240510,수,0046317,레이스데이,0040424,울트라피닉스,,,API8_2
0045934,비전파워,20200509,수,6114945,NOBLE BIRD,0045055,오너싱,,,API8_2
0053398,비카델라,20230301,암,0044993,언캡처드,0033770,댄싱비카,,,API8_2
0054465,비케이데블,20230317,암,6969075,지몰로지스트,0037045,캐치나인,,,API8_2
0054329,비케이비바체,20230309,수,0038387,콩코드포인트,0038554,비케이갬블,,,API8_2
0051882,비트도깨비,20220227,암,0035285,파이널보스,0024425,수호천사,,,API8_2
0055552,비트스타,20240317,수,0032990,한센,0038962,사사,,,API8_2
0057622,비트에이스,20240415,수,0052316,콘서트투어,0044104,제이에스데이,,,API8_2
0054522,비트코드,20230420,암,0038387,콩코드포인트,0050529,템푸라,,,API8_2
0053270,비트프레시,20230330,암,0046317,레이스데이,0050911,클리어크리던스,,,API8_2
0055657,비트플레이,20240313,암,6969076,THE FACTOR,0055113,메모리얼드라이브,,,API8_2
0053095,빅블라인드,20230206,수,0044993,언캡처드,0033282,해피센세이션,,,API8_2
0044092,빅스고,20190413,수,0041559,빅스,0032502,콜미레이서,,,API8_2
0055860,빅윈드,20240420,수,0052826,쿠르부아지에,0041923,하모니윈드,,,API8_2
0060800,빅토리라이프,20230918,수,6112074,HEADWATER,7171313,EXOTIC PEARL,,,API8_2
0052991,빅토리매치,20230227,거,0038245,미스치비어슬리,0039900,체리뱅키시,,,API8_2
0060722,빅토리삭스,20230310,수,6119755,AUDIBLE,7083103,EASTER RISING,,,API8_2
0053277,빅토리시크릿,20230319,암,0050506,에어포스블루,0022227,아티스트,,,API8_2
0052832,빅토리퀸,20210430,암,6115339,MENDELSSOHN,6986688,ALL METTLE,,,API8_2
0052923,빈센트알렉스,20230222,수,0033566,파워블레이드,0035664,베스트캠프,,,API8_2
0052922,빈센트캐시,20230201,암,6149612,YORKTON,0052768,파이퍼즈스카이,,,API8_2
1412048,빈체로카발로,20210505,수,0038391,카우보이칼,0044970,시티래스,,,API8_2
0050849,빈체로큐,20220120,거,0032990,한센,0039337,흥부자,,,API8_2
0044447,빈체로킹,20190315,거,0040246,지롤라모,0031298,더블브릴리언트,,,API8_2
0051861,빌리언보이,20220430,수,0034735,페더럴리스트,0039606,하늘공원,,,API8_2
0053384,빙고루비,20230401,암,0038025,아임유어파더,0031616,빙고스타,,,API8_2
0053637,빛나리즈,20230416,암,0037972,올드패션드,0041919,프랜저블,,,API8_2
0051750,빛의순간,20210316,암,0037972,올드패션드,0035620,모란동백,,,API8_2
0055290,사랑과진실,20240125,암,0037972,올드패션드,0038862,대완마,,,API8_2
0055503,사랑또사랑,20240220,수,6969075,지몰로지스트,0041965,랭귀지오브러브,,,API8_2
0054022,사랑왕자,20210426,거,6126465,BEE JERSEY,6126216,LADY CHAIRMAN,,,API8_2
0045232,사바나찰리,20200127,거,6968995,ADIOS CHARLIE,0043640,사바나다나,,,API8_2
0061530,사우디삭스,20240210,수,6149581,스펀투런,6125027,SHEZA ROUNDER,,,API8_2
0061135,사우스카니발,20230810,수,6149512,CASTELVECCHIO,7169939,TRESTRAIL,,,API8_2
0056307,사우스캐슬,20240412,수,0033566,파워블레이드,0045016,페퍼딘걸,,,API8_2
0056420,사이버타이거,20240430,수,0041566,투아너앤드서브,0043296,티즈판타스틱,,,API8_2
1412304,사이클론스타,20210404,거,0040246,지롤라모,0041979,나스티캣,,,API8_2
0056232,사이클론퀸,20240421,암,0038387,콩코드포인트,0044389,루시드,,,API8_2
0055649,사이클론킹,20240305,수,0045050,섀클포드,0037521,노벨라,,,API8_2
0056390,사이클론파워,20220322,수,6149602,VOLATILE,7032386,INDOMITABLE SPIRIT,,,API8_2
0056395,사탕소녀,20220228,암,6126461,GIRVIN,6120284,MIDNIGHT CANDY,,,API8_2
0046743,사하라로즈,20210217,암,0038025,아임유어파더,0023913,메가폰Ⅱ,,,API8_2
0046873,사하라몬드,20210322,거,0044993,언캡처드,0029072,바람꽃,,,API8_2
0051263,사하라칸,20220319,수,0034835,티즈원더풀,0030836,뉴월드드림,,,API8_2
0055867,산타랠리,20240420,암,0027312,라이언산타,0039100,피스오브룰즈,,,API8_2
0055489,삼정레이스,20240321,수,0046317,레이스데이,0043877,트위티파이,,,API8_2
0052935,삼정블루,20230224,거,0027443,컬러즈플라잉,0032261,인디언파크,,,API8_2
0055279,삼정셰프,20240213,수,6149757,IDOL,0054960,캔디진저,,,API8_2
0050933,삼정스파이더,20220326,수,0041628,세이브더월드,0035583,라온드림,,,API8_2
0052934,삼정여제,20230208,암,0038391,카우보이칼,0033973,옥녀봉,,,API8_2
0056323,삼정퍼스트,20240427,수,0046317,레이스데이,0041953,퍼스널리유어즈,,,API8_2
0057300,삼족오,20230222,거,7000183,UNCLE CHUCK,7075420,VIA VENETO SQUARE,,,API8_2
0055797,상상속그대,20240507,암,0026213,지금이순간,0038177,킬리의여왕,,,API8_2
0053343,새내라니아,20230319,암,0045050,섀클포드,0021771,메니체리,,,API8_2
0055717,새내부리도,20240315,수,0038245,미스치비어슬리,0045652,새내선,,,API8_2
0045229,새내타운,20200125,수,0039750,퍼지,0021236,오마이크릭,,,API8_2
0055360,새내파이터,20230228,수,0038387,콩코드포인트,0039145,메니그랜드,,,API8_2
0055516,새내파티,20240217,암,0041566,투아너앤드서브,0029366,일루시브로시,,,API8_2
0046945,새로운가이,20210227,수,0033119,선더모카신,0022759,새로운가문,,,API8_2
0055685,새로운비술,20230405,수,0027443,컬러즈플라잉,0042750,피렌체캐슬,,,API8_2
0062613,새초롬,20240502,암,6149757,IDOL,6993456,KELLY'S PRIZE,,,API8_2
0054029,새파랑,20210506,수,0057586,프레저베이셔니스,6104690,CAT DANCE,,,API8_2
0054184,샌디윈드,20230410,암,0032990,한센,0031424,로드힐,,,API8_2
0055261,샤우팅,20240321,수,0026213,지금이순간,0036882,실버스피닝,,,API8_2
0056591,샤이닝로드,20220421,거,6784653,MIDSHIPMAN,6990573,CRYSTIAN D'ORO,,,API8_2
0062612,샤이닝선데이,20240331,암,6338945,SKY MESA,6125375,KALYANI,,,API8_2
0056360,샤인로드,20240430,암,0050506,에어포스블루,0036650,러너웨이랜섬,,,API8_2
0046999,샤크텐,20210323,거,0043421,일루시브블러프,0038098,샤크런,,,API8_2
0055554,샤프가이,20240319,수,0038387,콩코드포인트,0030076,샤프레이디,,,API8_2
0055464,샤프쿠우,20240214,수,6126459,SHARP AZTECA,0054907,쿠우,,,API8_2
0055540,서귀메니퀸,20240229,암,0046317,레이스데이,0043281,케이엔메니퀸,,,API8_2
0047184,서니로드,20210420,수,0041566,투아너앤드서브,0040140,픽셔널리티,,,API8_2
0056502,서니선데이,20240510,암,0038387,콩코드포인트,0042783,루비캣,,,API8_2
0062957,서니티아라,20240321,암,6149534,글로벌캠페인,6149304,DR WINN KYI,,,API8_2
0061533,서리풀선샤인,20240421,수,6114900,PRACTICAL JOKE,6985631,LEMARCHOS,,,API8_2
1411620,서머파티,20210313,암,0028545,인디밴드,0023437,어리틀포크,,,API8_2
0053655,서부여제,20230403,암,0045050,섀클포드,0024775,신한우먼,,,API8_2
0054065,서부울프,20230403,암,0037972,올드패션드,0040880,플레임오피서,,,API8_2
0054060,서부위스트,20230403,암,0040246,지롤라모,0038331,홀리데이트위스트,,,API8_2
0047392,서부챔프,20210225,암,0026618,경부대로,0032012,재퍼댄싱,,,API8_2
0054064,서부킹,20230403,수,0037972,올드패션드,0043032,서부탑,,,API8_2
0053543,서브미션,20230320,거,0027443,컬러즈플라잉,0029360,설트리조스키,,,API8_2
0046943,서울돌풍,20210313,거,0032990,한센,0024651,명서돌풍,,,API8_2
0050697,서울불청객,20220224,거,0034735,페더럴리스트,0040130,새즈미즈엘리자베,,,API8_2
0054384,서울비행,20230417,수,6969075,지몰로지스트,0038297,아만포어,,,API8_2
0055820,서클비,20240325,수,0038245,미스치비어슬리,0041983,케어프리,,,API8_2
0055756,서클스타,20240417,수,0038387,콩코드포인트,0036719,차이나골드,,,API8_2
0060721,서클에이,20230513,수,6149538,HIGHER POWER,7066498,ROUGH STUFF,,,API8_2
0053933,서폭챗,20230504,수,0027443,컬러즈플라잉,0026424,비카서미트,,,API8_2
0053238,서프라이즈,20230314,거,0027443,컬러즈플라잉,0041947,일루시브노이즈,,,API8_2
0047012,선갤런트,20210325,수,0038332,커널존,0026665,샤이닝퓨처,,,API8_2
0052949,선글라스,20230213,암,6969075,지몰로지스트,0038262,나이트스카이,,,API8_2
0054033,선더드림,20210422,거,6126349,CLOUD COMPUTING,6983601,THE MAGIC STONE,,,API8_2
0053976,선더런,20230503,거,0050506,에어포스블루,0039863,티즈엠프리스,,,API8_2
0051384,선더마블,20220424,거,0032990,한센,0038395,날리걸,,,API8_2
0056332,선더마타,20240427,수,0034428,테스타마타,0044831,마이블랙,,,API8_2
0055596,선더메이커,20240219,수,7000060,나이트러스,0039727,럭키넘버원,,,API8_2
1411562,선더에이원,20210301,거,0033119,선더모카신,0036915,킵고잉,,,API8_2
0050852,선더파이어,20220201,거,0040086,위드디스팅션,0045058,제시카이즈백어겐,,,API8_2
7157402,선데이펀데이,20200512,수,6790009,SUZUKA CAUSEWAY,7157535,FIRST LADY,,,API8_2
0057364,선돌풍,20230515,수,6109247,런해피,7000223,ALLURING SQUALL,,,API8_2
0053726,선라이즈킹,20230418,거,0039216,킹삭스,0034525,스파이캠,,,API8_2
0056542,선오브제주,20240514,수,0038227,크리솔라이트,0035877,제주의하늘,,,API8_2
0050665,섬돌모루,20220312,암,0041628,세이브더월드,0034688,위대한참전,,,API8_2
0046388,섬싱로스트,20200420,수,0032990,한센,0038277,리걸조앤,,,API8_2
0046818,성실대로,20210328,암,0045050,섀클포드,0039907,행복을찾아,,,API8_2
0053902,성실위너,20230421,암,0044993,언캡처드,0039496,만델리나,,,API8_2
0061381,세광파이브,20240325,수,7001130,CYBERKNIFE,6798547,AMERICA'S BLOSSOM,,,API8_2
1412326,세광파이터,20210410,수,0038025,아임유어파더,0037114,탱고앤탱고,,,API8_2
0055615,세나케이,20240217,암,0045009,자이언트런,0033835,골드럭키,,,API8_2
0053494,세라드,20230316,수,0045050,섀클포드,0046496,레이디콸러티,,,API8_2
0054761,세명다이아,20220303,암,0045049,프리덤차일드,0037243,곱따,,,API8_2
0054100,세명스트롱,20220417,수,0039812,모던카우보이,0033198,쾌도신화,,,API8_2
0054099,세명크로우,20230405,수,0037439,더킹,0042743,세명엠파이어,,,API8_2
0055442,세명페이커,20240225,수,0039853,점보블레이드,0033528,베트파티,,,API8_2
0053872,세명피크,20230428,암,7000182,GALILEAN,0052481,시스터즈레디,,,API8_2
0054133,세명하이디,20230307,암,0050506,에어포스블루,0026625,복등화,,,API8_2
0055715,세븐이글,20240225,수,0041813,미스터크로우,0039898,제트스카이,,,API8_2
0053776,세븐카이저,20230506,수,0038391,카우보이칼,0031990,지봉스타,,,API8_2
0055282,세븐포스,20240214,수,0046317,레이스데이,0039839,땡큐마더,,,API8_2
0060717,세상너머로,20230328,암,6149803,ROCK YOUR WORLD,6114336,EXCUSE MY FRENCH,,,API8_2
0056071,세상만사,20240515,암,0052826,쿠르부아지에,0029467,스트리트골드,,,API8_2
0053761,세이버스,20230410,수,0032990,한센,0028759,천행질주,,,API8_2
0056385,세이브퀸,20240429,암,0041628,세이브더월드,0022298,새로운리더,,,API8_2
0055907,세인트러너,20220305,수,6115828,BUCCHERO,6112445,SHE'S KISSABLE,,,API8_2
0043845,세인트루카,20190320,수,0040086,위드디스팅션,0022170,터치어펀,,,API8_2
0051558,세인트위너,20220427,수,6968995,ADIOS CHARLIE,0050569,쉬즈더잭팟,,,API8_2
0061539,세종비상,20240513,수,6127227,LEXITONIAN,6140284,BOURBONSTREETLADY,,,API8_2
0055604,세종선더볼트,20240220,수,0038245,미스치비어슬리,0033017,월드클래스Ⅱ,,,API8_2
0057761,세종크라운,20240417,수,0027443,컬러즈플라잉,0040783,디바인뮤직,,,API8_2
0060702,세종파워,20230206,수,6772779,MIDNIGHT LUTE,6129938,PERFECT MEADOW,,,API8_2
0056979,센티포스,20240314,수,0039737,어플릿익스프레스,0043497,천사박,,,API8_2
0061061,셀프임프루브먼트,20190924,거,6107555,DEEP FIELD,7171757,JERRY'S WITNESS,,,API8_2
0054320,소니케이,20230430,수,0039216,킹삭스,0041613,블루케이,,,API8_2
0054027,소울비트,20210417,거,6115982,WORLD OF TROUBLE,6111784,VIRTUOUS,,,API8_2
0047083,소프트파워,20210506,암,0034428,테스타마타,0041947,일루시브노이즈,,,API8_2
0047127,손에손잡고,20210311,암,0034735,페더럴리스트,0028105,블루드리머,,,API8_2
0050292,송당망치,20210315,거,0045014,프로스펙티브,0028339,미스퀵,,,API8_2
0053020,송당스카이,20230216,암,6969075,지몰로지스트,0027376,말리부스카이,,,API8_2
0053355,송당질주,20230301,암,0045082,오버애널라이즈,0019803,최대풍속,,,API8_2
0056250,송당퍼스트,20240424,암,0033119,선더모카신,0040709,아델스파이크,,,API8_2
0051218,송당황태자,20220307,수,0045082,오버애널라이즈,0027376,말리부스카이,,,API8_2
0044405,송암드래건,20190608,암,0040058,티즈웨이,0037303,송암론다도르,,,API8_2
0046590,송암스카이,20210410,암,0041813,미스터크로우,0034647,슈퍼라이트닝,,,API8_2
0056630,쇼킹크라운,20240522,수,7000060,나이트러스,0034584,쇼킹데이,,,API8_2
0056774,수미강자,20240422,암,0041813,미스터크로우,0027949,루비캔터,,,API8_2
0053698,수부타이,20230411,거,0038387,콩코드포인트,0034561,헤이퀸,,,API8_2
0051398,수향미인,20220415,암,0040246,지롤라모,0028968,나우코프위드디스,,,API8_2
0053499,순간의파이터,20230312,거,0026213,지금이순간,0022612,유로파이터,,,API8_2
0056415,슈어니스,20220508,수,6965458,KANTHAROS,6992438,ASSURED,,,API8_2
0045240,슈어윈,20200213,암,6771382,BERNARDINI,0044933,매그니피센트마인,,,API8_2
0053828,슈퍼데이,20230428,수,0046317,레이스데이,0034511,슈퍼갤럽,,,API8_2
0053369,슈퍼땅콩,20230402,암,0038387,콩코드포인트,0039741,레드뎀,,,API8_2
0056735,슈퍼마린,20240204,수,6784653,MIDSHIPMAN,0055195,봄바라골드,,,API8_2
0047439,슈퍼블루문,20210415,거,0036194,인디언킹,0025340,에모리퀸,,,API8_2
0055090,슈퍼선더,20211005,거,6103839,RELIABLE MAN,7124160,GLASGOW,,,API8_2
0040921,슈퍼엑톤,20170327,거,0024050,엑톤파크,0030086,슈퍼플러키,,,API8_2
0052921,슈퍼체이서,20230220,암,0050506,에어포스블루,0044992,슬리프리스,,,API8_2
0054471,슈퍼캔디,20220329,암,0041813,미스터크로우,0035175,노피곰도다샤,,,API8_2
0054521,슈퍼트램프,20230519,수,0038387,콩코드포인트,0028966,윌링미스,,,API8_2
0045783,슈퍼피니시,20200414,수,0034735,페더럴리스트,0039741,레드뎀,,,API8_2
0061573,슈프림다이아,20240222,암,6965458,KANTHAROS,6127523,MOONLIGHT LADY,,,API8_2
0054794,슈프림삭스,20220424,거,6118219,FLAMEAWAY,6970430,ROYAL MARQUE,,,API8_2
0055106,스마일링프린스,20220415,수,6965389,SMILING TIGER,6794986,PRINCESS HILLARY,,,API8_2
0050795,스마트그랜드,20220308,수,0040246,지롤라모,0037391,메니스마트,,,API8_2
0053147,스마트라이즈,20230211,수,0037439,더킹,0038630,스마트파티,,,API8_2
0051283,스마트마루,20220317,암,0044420,레볼루셔너리,0027957,용마루,,,API8_2
0050864,스마트뮤직,20220113,수,0037439,더킹,0034170,메니뮤직,,,API8_2
0052099,스마트밍크,20220209,암,0039812,모던카우보이,0041872,앤즈밍크,,,API8_2
0061609,스마트빅뱅,20240203,수,0027443,컬러즈플라잉,0038630,스마트파티,,,API8_2
0055334,스마트세상,20240220,암,0038245,미스치비어슬리,0030377,에이스더블,,,API8_2
0057314,스마트신화,20230414,거,6106664,BLOFELD,7112931,SO DEAR,,,API8_2
0056418,스마트여신,20240331,암,0036732,머스킷맨,0038929,퍼스트랭크,,,API8_2
0051537,스마트주얼리,20220416,수,0039812,모던카우보이,0034173,주얼리파크,,,API8_2
0047160,스마트캣,20210405,수,0045082,오버애널라이즈,0023919,촐룰라캣,,,API8_2
0054873,스마트터치,20230320,암,0044420,레볼루셔너리,0036338,터치마이하트,,,API8_2
0050967,스마트테이크,20220123,암,0040246,지롤라모,0035881,테이크포밀즈,,,API8_2
0053260,스마트해성,20230306,암,0040086,위드디스팅션,0036149,해성스타,,,API8_2
0055808,스마트히트,20240323,수,0036194,인디언킹,0042232,스마트핑크,,,API8_2
0056625,스위트룰루,20240314,암,0027443,컬러즈플라잉,0041117,아티스갈,,,API8_2
0051396,스위트송,20220502,암,0040246,지롤라모,0033032,패티즈스위트송,,,API8_2
0054326,스위트캐시,20230310,거,0036593,온이글즈윙즈,0031520,특급이,,,API8_2
0053235,스카일러태하,20230124,거,0038245,미스치비어슬리,0038862,대완마,,,API8_2
0061575,스케삭스,20240503,수,6975312,KARAKONTIE,7079223,SMART EMMA,,,API8_2
0055642,스타에이아이,20240316,수,0027443,컬러즈플라잉,0038397,라이트그립,,,API8_2
0046674,스타트렉,20210301,거,0034735,페더럴리스트,0029065,초원의별,,,API8_2
0053230,스타트업,20230413,수,0041800,메디치글로리,0046432,콘지,,,API8_2
0056970,스타플레이,20240412,수,0038245,미스치비어슬리,0042069,명성차지,,,API8_2
0062964,스탠리스브라더,20240301,거,6113835,STANFORD,7022973,TAKE A TIME OUT,,,API8_2
0045888,스터닝레이디,20200428,암,0032990,한센,0041938,프라그노시스,,,API8_2
0046877,스터닝머니,20210222,거,0026618,경부대로,0044986,더파워오브스포트,,,API8_2
0053524,스터닝볼트,20230329,암,0038391,카우보이칼,0040484,스터닝한센,,,API8_2
0046872,스터닝서브,20210223,수,0041566,투아너앤드서브,0031996,메니머니,,,API8_2
0053690,스터닝스킷,20230331,거,0036732,머스킷맨,0031996,메니머니,,,API8_2
0051126,스터닝스텝,20220216,암,0032258,트리플나인,0044986,더파워오브스포트,,,API8_2
0054148,스터닝스피어,20230606,암,0046317,레이스데이,0039375,대디글로리,,,API8_2
0053523,스터닝칼리버,20230317,수,0038391,카우보이칼,0035533,팔메토플래터,,,API8_2
0056103,스터닝크라운,20240409,암,0037610,가온챔프,0035474,쾌한탄생,,,API8_2
0055722,스터닝킹덤,20240302,암,0038387,콩코드포인트,0041938,프라그노시스,,,API8_2
0055445,스터닝태온,20240307,수,0039853,점보블레이드,0041170,눈꽃여왕,,,API8_2
1411749,스터닝플래터,20210422,거,0032990,한센,0035533,팔메토플래터,,,API8_2
0056102,스터닝플레이,20240417,수,0037610,가온챔프,0046498,파울플레이,,,API8_2
0053686,스터닝히어로,20230424,수,6149602,VOLATILE,0053055,프리지드시스터,,,API8_2
0059225,스테이빅,20230428,수,6969080,STAY THIRSTY,6117981,TERI'S BIG HEART,,,API8_2
0053073,스테핑스톤,20230317,수,0041813,미스터크로우,0039942,소중한소망,,,API8_2
0050908,스텝바이스텝,20220210,암,0034835,티즈원더풀,0024932,버터플라이,,,API8_2
0047273,스톰가이,20210321,수,0040086,위드디스팅션,0026294,플라워마운틴,,,API8_2
0056082,스톰라이트,20230205,암,0038227,크리솔라이트,0034091,폭풍신화,,,API8_2
0054472,스톰매치,20230318,암,0038245,미스치비어슬리,0045020,이니쉬에이트,,,API8_2
0055462,스톰보이,20240225,거,6968995,ADIOS CHARLIE,0054660,비비드스톰,,,API8_2
0050108,스톰브레이커,20210317,수,0038391,카우보이칼,0035326,은하철마,,,API8_2
0055755,스톰윈드,20240413,수,0052316,콘서트투어,0043848,라이징호크,,,API8_2
0053086,스톰체이서,20230227,암,0032258,트리플나인,0027811,금희,,,API8_2
0055905,스톰크라운,20220226,거,6965458,KANTHAROS,7003496,DISGUISING,,,API8_2
0053333,스톰크러시,20230326,암,0044993,언캡처드,0025773,스마트어드바이스,,,API8_2
0053785,스톰트루퍼,20230426,거,0038391,카우보이칼,0033019,레디포코트,,,API8_2
0062431,스톰페트럴,20240519,수,6149538,HIGHER POWER,7066498,ROUGH STUFF,,,API8_2
0051599,스트롱보스,20220307,수,0038227,크리솔라이트,0029072,바람꽃,,,API8_2
0054197,스티플,20230415,암,0044993,언캡처드,0020193,금빛승리,,,API8_2
0053349,스틸모어,20230401,암,7000060,나이트러스,0031643,해피투데이,,,API8_2
0046614,스틸플레이,20200325,수,0034428,테스타마타,0029197,대싱플래티넘,,,API8_2
0050959,스팅제트,20220218,거,0032990,한센,0034657,아름다운동행,,,API8_2
0050825,스파이스밴드,20220128,암,0032272,록밴드,0039063,스파이스록,,,API8_2
0053136,스파이시제리,20230206,암,0028545,인디밴드,0039063,스파이스록,,,API8_2
1412246,스파크선더,20210306,암,0032990,한센,0037888,레이즈미업,,,API8_2
1412301,스파클링,20210507,거,0038387,콩코드포인트,0038297,아만포어,,,API8_2
0047422,스팔타,20210423,거,0041813,미스터크로우,0036568,당대화신,,,API8_2
0053093,스퍼트빗,20210209,수,6261339,TIZNOW,6104560,SILVER LULLABY,,,API8_2
0055915,스페셜선샤인,20240326,수,0045050,섀클포드,0038418,스페셜찬스,,,API8_2
0046342,스페셜타임,20200518,암,0036358,애니기븐새터데이,0014929,스페셜파티,,,API8_2
0046648,스페셜포스,20210206,암,0044993,언캡처드,0038418,스페셜찬스,,,API8_2
0046639,스페이스루비,20210110,암,0037972,올드패션드,0030155,스페이스셔틀,,,API8_2
0050947,스플렌디드,20220215,수,0045082,오버애널라이즈,0027497,소천하,,,API8_2
0057321,스피드길,20230125,수,6784653,MIDSHIPMAN,6150080,FOREVER,,,API8_2
0051057,스피드레전드,20220327,암,0028958,어드마이어돈,0043641,판타스틱,,,API8_2
0055997,스피드비상,20240327,수,6969075,지몰로지스트,0044980,레이디도리스,,,API8_2
0046711,스피드원,20210131,수,0034428,테스타마타,0039751,라이프앳더탑,,,API8_2
0060975,스피드챔프,20240326,수,0036732,머스킷맨,0052767,노블주얼,,,API8_2
0061544,스피어스,20240519,수,6119755,AUDIBLE,6142338,ORENCIA,,,API8_2
0046781,슬램드래곤,20210226,수,0033566,파워블레이드,0040138,대즐링디스플레이,,,API8_2
0055350,슬링스마일,20240127,수,0027443,컬러즈플라잉,0043225,남산꽃,,,API8_2
0051793,슬링스타,20220413,거,0041566,투아너앤드서브,0040219,디그리,,,API8_2
0051528,승리바로우즈,20220429,수,0037674,뉴레전드,0032522,승리사랑,,,API8_2
0057241,시실리,20240524,암,0037972,올드패션드,0050914,프래니라스트댄스,,,API8_2
0051208,시크릿울프,20220421,암,0032990,한센,0034902,에스키모즈베스트,,,API8_2
0055348,시티오브드림,20240227,암,0046317,레이스데이,0042045,해피우먼,,,API8_2
0053139,신라의비술,20230320,암,0038391,카우보이칼,0041958,클래시컬휴머,,,API8_2
0053520,신라의파이터,20230314,수,6969075,지몰로지스트,0035584,신라의달밤,,,API8_2
0052503,신의이름,20210126,거,6971298,PALACE MALICE,6119732,SNACK SHACK,,,API8_2
0051812,신천하트,20220423,암,0045082,오버애널라이즈,0028740,파티레이나,,,API8_2
0051110,신한에이스,20220301,암,0039750,퍼지,0037905,에이스비전,,,API8_2
0052119,실버레인,20220311,수,0041566,투아너앤드서브,0036658,플리트코즈웨이,,,API8_2
0055352,실버릴리,20240308,암,0038387,콩코드포인트,0040214,릴리울레이,,,API8_2
0046967,실버문,20210408,암,0036732,머스킷맨,0024748,라온리치,,,API8_2
0056260,실버블레이드,20240401,수,0039853,점보블레이드,0041147,블랙실버,,,API8_2
0055266,실버웨이브,20240217,암,0041800,메디치글로리,0034744,실버울프,,,API8_2
0052078,실크스펙터,20220525,암,0045050,섀클포드,0041543,캐티베이팅,,,API8_2
0062429,싱싱내쉬,20240420,수,7004901,NASHVILLE,6121056,REMINGTON ROSE,,,API8_2
0058740,싱싱맨,20240325,수,0036732,머스킷맨,0036631,캔디아이,,,API8_2
0062430,싱싱모닝,20240207,수,6964691,MUNNINGS,7015974,MADE GREAT AGAIN,,,API8_2
0056063,싱싱서브,20240403,수,0041566,투아너앤드서브,0036708,암바리카,,,API8_2
0056060,싱싱컬러,20240331,암,0027443,컬러즈플라잉,0038503,천년바이킹,,,API8_2
0051523,싹다나은,20220322,암,0038387,콩코드포인트,0038962,사사,,,API8_2
0055656,쏘아라강자,20240226,수,0036732,머스킷맨,0034391,쏘아라여왕,,,API8_2
0051127,쏘아라스타,20220228,수,0041566,투아너앤드서브,0039979,블루엠파이어,,,API8_2
0052951,쏘아라윈드,20230224,암,0033119,선더모카신,0036664,데퓨티곤윈드,,,API8_2
0055655,쏘아라타타,20240325,암,0032990,한센,0041742,블루마스타,,,API8_2
0053733,쏘아라하하,20230427,수,0038391,카우보이칼,0044309,쏘아라호호,,,API8_2
0053022,아너,20230201,거,0039737,어플릿익스프레스,0041941,한나즈홀리데이,,,API8_2
0056346,아디삭스,20240508,암,0038387,콩코드포인트,0050530,마일드어뮤즈먼트,,,API8_2
0045921,아르고리치,20200408,수,0027443,컬러즈플라잉,0036636,어너러리갤럽,,,API8_2
0053386,아름다운빛,20230310,암,7000060,나이트러스,0039012,터프그린,,,API8_2
0055841,아리랑스타,20240320,수,0032990,한센,0039971,금월,,,API8_2
0056312,아리랑퀸,20240427,암,0033566,파워블레이드,0040150,큐트앤새시,,,API8_2
0056966,아리온퀸즈,20240320,암,7000060,나이트러스,0044376,스프링펀치,,,API8_2
0053918,아리온퀸카,20230427,암,6969075,지몰로지스트,0034635,겨울왕국,,,API8_2
0045828,아만바로우즈,20200417,암,0034428,테스타마타,0036601,플룸,,,API8_2
0057324,아머삭스,20230126,거,6127102,COUNTRY HOUSE,6142829,IMWAYTOOCOOLFORYOU,,,API8_2
0053722,아메리카골드,20210505,수,0057586,프레저베이셔니스,6124628,FIZZY PINK,,,API8_2
7149044,아메리칸스테이지,20220511,수,6772814,INTO MISCHIEF,6147487,BONITA MIA,,,API8_2
0057322,아모스골드,20230502,수,6967924,DIALED IN,6108453,FOXY SARA,,,API8_2
0057325,아모스맨,20230520,수,6115207,COLLECTED,6123291,KELL PASO,,,API8_2
0051427,아모스불패,20220310,수,0045050,섀클포드,0033287,장군의후예,,,API8_2
0053222,아모스스타,20230315,수,0045050,섀클포드,0041936,심플워즈,,,API8_2
0053269,아모스전사,20230402,수,0046317,레이스데이,0044971,퀴리아,,,API8_2
0051888,아모스천하,20220430,거,0041566,투아너앤드서브,0015515,백만부자,,,API8_2
0051859,아모스최강,20220429,거,0045050,섀클포드,0034893,실버블로섬,,,API8_2
0055876,아이고고,20240317,수,0052826,쿠르부아지에,0030842,랩소디,,,API8_2
0055941,아이언윈드,20240325,수,0032990,한센,0036667,테이터톤터,,,API8_2
0051120,아이엠고,20220325,암,0036732,머스킷맨,0026402,차이밍비카,,,API8_2
0052661,아이엠짱,20210220,수,6338945,SKY MESA,6119835,SLY BEAUTY,,,API8_2
0045406,아치로켓,20200331,암,0040056,아치아치아치,0032550,희망로켓,,,API8_2
0046048,아치클래스,20200420,암,0040056,아치아치아치,0036712,플라잉라푼젤,,,API8_2
0046717,아카펠,20210127,암,0037972,올드패션드,0034653,그랜드마케팅,,,API8_2
0051794,아쿠아라인,20220415,수,0036732,머스킷맨,0040081,아쿠아프린세스,,,API8_2
0057407,아테나포스,20240502,암,0041566,투아너앤드서브,0046504,유포어리움,,,API8_2
0056407,아트캐처,20220223,암,6149595,TOM'S D'ETAT,6112639,FIERCELY,,,API8_2
0054044,아파트,20230218,암,0032990,한센,0036725,태즈모나,,,API8_2
0056641,안데스,20240327,수,0052316,콘서트투어,0038884,조이풀룰러,,,API8_2
0051020,안양기쁨,20220401,암,0041566,투아너앤드서브,0033912,찬란한에이스,,,API8_2
0053572,안양레이저,20230318,거,0038332,커널존,0031609,호루라기,,,API8_2
0052975,안양빛의속도,20230123,수,0032994,다이나믹대시,0035369,다이나믹볼트,,,API8_2
0047535,안양쓰나미,20210315,암,0033119,선더모카신,0025203,미스윈,,,API8_2
0055785,안양에이스,20240311,암,0034428,테스타마타,0041536,집시캡컴퍼니,,,API8_2
0051395,알리페르,20220312,암,0045082,오버애널라이즈,0036310,텔미허니,,,API8_2
0051331,알파피메일,20220312,암,0041566,투아너앤드서브,0030308,다크레이디,,,API8_2
0054123,압권의반석,20210412,거,6992307,MAJESTIC CITY,6985615,ENCRYPTION CODE,,,API8_2
0057003,애드머럴케이,20240514,수,0041566,투아너앤드서브,0045090,더뉴스쿨,,,API8_2
0053282,애순이,20230315,암,0032990,한센,0036925,성불챔프,,,API8_2
0052161,애플스타일,20220210,수,0041566,투아너앤드서브,0034866,은빛환희,,,API8_2
0053239,어게인굿맨,20230331,거,0044993,언캡처드,0038298,베를린뷰티,,,API8_2
0053975,어디든지,20230402,수,0044743,사우스비치,0036344,베네피셜프렌드,,,API8_2
1411900,어메이징록,20210402,암,0028545,인디밴드,0032986,캔디스골드,,,API8_2
0056190,어번솔,20240413,수,6969075,지몰로지스트,0035595,로열파크,,,API8_2
0053724,어서말을해,20210206,수,6109240,모스피릿,7112846,ANNIE TRUST,,,API8_2
0051373,어치브사인,20220408,암,0029287,맘보트레인,0036841,어치브,,,API8_2
0051334,어퍼핸드,20220411,암,0034428,테스타마타,0044933,매그니피센트마인,,,API8_2
0050785,어플리트런,20220204,거,6149581,스펀투런,0050363,어플리트래스,,,API8_2
0055953,어플리트런던,20240324,암,0040033,런던타운,0050363,어플리트래스,,,API8_2
0052090,에너지파워,20220430,암,0033566,파워블레이드,0046497,리에너자이즈,,,API8_2
0056348,에메랄드캐슬,20240425,암,0032990,한센,0036674,로희,,,API8_2
0054545,에버글로리,20230327,암,0038387,콩코드포인트,0037196,비카스쿠프,,,API8_2
0054524,에버러블리,20230425,암,0038387,콩코드포인트,0036310,텔미허니,,,API8_2
0056193,에버위닝,20240415,암,6106383,CAIRO PRINCE,0055101,말리부서프라이즈,,,API8_2
0052980,에브리타임,20230222,수,0040246,지롤라모,0032471,포트스덕션,,,API8_2
0056345,에센스,20240515,암,0032990,한센,0050523,패이머스어트랙션,,,API8_2
0053417,에스파이어,20230310,암,0036194,인디언킹,0027067,나르자,,,API8_2
0055211,에어파워,20240214,거,0050506,에어포스블루,0038369,엘시즈송,,,API8_2
0052872,에어포스원,20230223,거,0050506,에어포스블루,0036928,엘드래곤,,,API8_2
0062609,에이블삭스,20240226,암,6130177,MITOLE,7000230,AVOREE NOEL,,,API8_2
0055753,에이블스토리,20240322,수,0041813,미스터크로우,0043155,크루스델수르,,,API8_2
0056116,에이스알파,20230228,수,0044420,레볼루셔너리,0037667,모네플라잉,,,API8_2
0054729,에이스케이,20220416,거,6114915,CUPID,6110412,PORT AUTHORITY,,,API8_2
0055716,에이케이선,20240228,암,0037972,올드패션드,0040421,가디스문,,,API8_2
0061610,에이케이준,20240229,거,6112206,FROSTED,7002783,MYTHOLOGIST,,,API8_2
0055980,에코볼트,20240327,수,0044420,레볼루셔너리,0040404,올백,,,API8_2
0055366,에코비전,20240228,암,0032990,한센,0036641,제스프릿,,,API8_2
0053231,에코스타,20230410,암,0041800,메디치글로리,0040141,플래시어필,,,API8_2
0047223,에클레어,20210425,암,0045050,섀클포드,0041959,레인스터레이디,,,API8_2
0057180,에클레어윈드,20230324,암,0040086,위드디스팅션,0035651,에클레어드림,,,API8_2
0052626,에클레어파워,20210505,거,0027443,컬러즈플라잉,0035651,에클레어드림,,,API8_2
0045498,에펠탑,20200306,거,0034835,티즈원더풀,0018192,플라이퀸,,,API8_2
1411752,엑설런트마타,20210423,암,0034428,테스타마타,0041938,프라그노시스,,,API8_2
0055439,엑설런트볼트,20240330,수,0039853,점보블레이드,0031664,영웅볼트,,,API8_2
0053685,엑설런트스톰,20230505,암,0032258,트리플나인,0033121,스테인드글라스,,,API8_2
1412210,엑설런트탄,20210522,거,0044993,언캡처드,0035474,쾌한탄생,,,API8_2
0056110,엑설런트파워,20240419,암,0033566,파워블레이드,0033092,딜라이트펄송,,,API8_2
0051486,엑설런트한센,20220319,암,0033566,파워블레이드,0040484,스터닝한센,,,API8_2
0053195,엑스칼리버,20230324,거,0025790,피스룰즈,0043559,빅토리고고,,,API8_2
0047116,엑스팩터,20210413,거,0034735,페더럴리스트,0033029,로렌브레이,,,API8_2
0056075,엔드퀄리티,20240220,암,0045050,섀클포드,0040057,하이콸러티,,,API8_2
0053094,엔딩파이어,20210212,수,6109230,CONSTITUTION,6104088,SWEET TUNE,,,API8_2
0051297,엔젤타임,20220427,암,0044420,레볼루셔너리,0041801,아델엔젤,,,API8_2
0047419,엔트로피,20210331,수,0032990,한센,0023698,레드영,,,API8_2
0054609,엘도라도강남,20220505,수,6970674,PAYNTER,6113901,NABEDHAH,,,API8_2
0052091,엘도라도놀부,20220315,수,0033566,파워블레이드,0028490,신용퀸,,,API8_2
0054608,엘도라도해남,20220417,거,6965458,KANTHAROS,6119191,WARRIOR HALL,,,API8_2
0055611,엘리트런,20240219,수,0038245,미스치비어슬리,0044922,맥스런,,,API8_2
0057204,엘리트픽션,20240318,암,0046317,레이스데이,0040140,픽셔널리티,,,API8_2
0042046,엠제이베스트,20180519,수,0038391,카우보이칼,0032396,주얼리파티,,,API8_2
0060830,엠제이클래스,20230330,암,6126916,MAXIMUM SECURITY,6128290,KILCOOLE MISS,,,API8_2
0057006,엠제이하이,20240414,수,0052316,콘서트투어,0035144,뉴하이타임,,,API8_2
0051791,엠지퍼스트,20220420,수,0034835,티즈원더풀,0026457,풀문파티,,,API8_2
0059222,엠파이어스타,20240502,수,0054840,클래식엠파이어,6114428,STORM STAR,,,API8_2
0051571,여명의순간,20220516,암,0034735,페더럴리스트,0033071,뱅크엘리,,,API8_2
0053541,연동스타,20230318,암,0036732,머스킷맨,0050644,갤럭시프린세스,,,API8_2
0057205,연바라기,20240410,암,0046483,플래시백,0035094,리치여장군,,,API8_2
0051931,연희히어로,20220508,거,0037972,올드패션드,0045006,플랜스투프로스퍼,,,API8_2
0051509,영광의스카이,20220406,수,0041813,미스터크로우,0035910,프리마퀸,,,API8_2
0055477,영광의스틸,20240309,수,0038391,카우보이칼,0042584,스틸더패션,,,API8_2
0047231,영광의월드,20210530,거,0044993,언캡처드,0024529,주말파티,,,API8_2
0055654,영웅바로우즈,20240403,수,0038387,콩코드포인트,0039362,예술의경지,,,API8_2
0054120,영원빅맨,20210512,수,6780148,COURAGEOUS CAT,6150289,LAUR NET,,,API8_2
1411932,영원자이언트,20210408,수,0040246,지롤라모,0023333,스킵러너,,,API8_2
0053091,영원한루체아,20230318,암,0038227,크리솔라이트,0038339,스테이트비지트,,,API8_2
0055736,영원한보스,20240312,수,6969075,지몰로지스트,0052593,마이빅토리아로즈,,,API8_2
0053373,영원한솔레오,20230330,암,0040086,위드디스팅션,0043298,아켈레오,,,API8_2
0053592,영원한스타,20230327,암,0037972,올드패션드,0037334,매직텐,,,API8_2
0055957,영원한제우스,20240407,수,0038391,카우보이칼,0027707,챔피언홀더,,,API8_2
0053318,영월사랑,20230226,암,6969075,지몰로지스트,0032292,선플래시,,,API8_2
0052971,영파이터,20230215,수,0032990,한센,0027574,영크라운,,,API8_2
0050780,예스엔젤,20220212,암,0041566,투아너앤드서브,0032471,포트스덕션,,,API8_2
0056975,오거스트,20240220,수,6969075,지몰로지스트,0029157,백억이,,,API8_2
0051207,오늘도스마일,20220425,암,0034735,페더럴리스트,0046433,히트스윕,,,API8_2
0061947,오드매직,20240425,수,7003396,MAGIC ON TAP,6970053,MAGGIE SIMON,,,API8_2
0054010,오라칸,20210222,수,6115219,FREE DROP BILLY,6149849,ANOTHER PLEASE,,,API8_2
0053416,오라토리움,20230412,암,0044993,언캡처드,0025339,굿모닝,,,API8_2
0055399,오로라의빛,20240305,암,0032994,다이나믹대시,0037312,조이오브캡틴,,,API8_2
0055264,오마이러브,20240222,암,0035295,나스카프린스,0052744,러브인도쿄,,,API8_2
0055269,오버앤오버,20240213,수,0026213,지금이순간,0039939,블루울프,,,API8_2
0055064,오섬모닝,20240124,수,0029817,금포스카이,0020516,쿨모닝,,,API8_2
0050724,오섬퀸,20220221,암,0037972,올드패션드,0040179,브와나베이브,,,API8_2
0053052,오퍼스원,20230307,거,0041559,빅스,0039797,스피너,,,API8_2
0051866,오피에스탑,20220506,수,0038391,카우보이칼,0018420,덕수궁,,,API8_2
0052973,온누리빛,20230221,암,0035885,다이나믹스타,0039809,뷰티풀진주,,,API8_2
0052891,온리유,20230104,암,0026213,지금이순간,0039939,블루울프,,,API8_2
0051778,와달비,20220420,거,0032994,다이나믹대시,0037061,해피엔딩토크,,,API8_2
0055925,와와삭스,20240324,암,0027443,컬러즈플라잉,0032115,굿스타트,,,API8_2
0055603,와우러너,20240309,암,6969075,지몰로지스트,0040021,록코모도,,,API8_2
0045162,와우와우,20190210,수,0038391,카우보이칼,0027049,짝꿍,,,API8_2
0053941,와일드매직,20230429,암,0032258,트리플나인,0032259,이반질린,,,API8_2
0044287,와일드삭스,20190401,수,0032990,한센,0034876,엠파이어캔디,,,API8_2
0052894,와일드스마티,20230115,암,0050008,바이언,0034578,메다글로리아,,,API8_2
0055702,와일드위스퍼,20240303,암,0050008,바이언,0038244,위스퍼위시,,,API8_2
0055463,와일드카니발,20240219,수,0050008,바이언,0050578,네이티브원,,,API8_2
0055793,와일드캐비어,20240314,암,0050008,바이언,0045000,프루던스,,,API8_2
0056343,와일드피치,20240304,수,6127227,LEXITONIAN,0055129,코스러너,,,API8_2
0056189,왁스,20240520,암,0032990,한센,0018829,플라이우먼,,,API8_2
0046670,왈츠의여왕,20210308,암,0037972,올드패션드,0038399,레드밍크스,,,API8_2
0051148,왕최고,20220228,수,0040246,지롤라모,0035697,최고야최고,,,API8_2
0054308,용비교,20230302,암,7000060,나이트러스,0038573,파크블레이드,,,API8_2
0055718,용비신성,20240305,수,0038245,미스치비어슬리,0038354,미스보스케스,,,API8_2
0053353,용비신화,20230228,거,0045050,섀클포드,0038354,미스보스케스,,,API8_2
0051853,용비킹,20220429,거,0036732,머스킷맨,0028468,파인공주,,,API8_2
0051825,용비태양,20220428,수,0046317,레이스데이,0032517,지봉사랑,,,API8_2
0054792,용비히어로,20220126,수,6103967,GOLDENCENTS,6129327,MOCHI,,,API8_2
0047283,용암세상,20210308,거,0041566,투아너앤드서브,0028416,찬란한여명,,,API8_2
0056054,용워리어,20240220,수,0038391,카우보이칼,0024922,용두성,,,API8_2
0053183,우루스사비아,20230209,거,0045082,오버애널라이즈,0039759,아테나브이,,,API8_2
0053850,우루스코르사,20230330,수,0037972,올드패션드,0030005,앰버고,,,API8_2
0055203,우리의기쁨,20240201,암,0041566,투아너앤드서브,0043673,울프아이,,,API8_2
0047557,우마포이,20210303,수,0039750,퍼지,0027544,에스에스벨,,,API8_2
0052118,우승진리,20220228,수,0045050,섀클포드,0035592,장산제패,,,API8_2
1412298,우승콩코드,20210303,거,0038387,콩코드포인트,0028966,윌링미스,,,API8_2
0054675,우승할결심,20220412,수,6108945,KHOZAN,6888734,CRY AT MY WEDDING,,,API8_2
0047452,우아센,20210430,암,0032990,한센,0030499,우아등선,,,API8_2
0057308,우와,20230419,거,6340178,CANDY RIDE,6124557,FINN'S JEWEL,,,API8_2
0057306,우와운,20230415,암,6112413,TAPWRIT,6804973,IMFOREAL,,,API8_2
0053901,우항상스타,20230429,암,0044993,언캡처드,0039349,우대륭,,,API8_2
0057592,우화력토,20240330,암,0036732,머스킷맨,0041755,화기,,,API8_2
0055483,운주당,20240215,암,0046317,레이스데이,0041193,톱오브챌린저,,,API8_2
0057409,운주원,20240410,암,6969075,지몰로지스트,0038291,알루라,,,API8_2
0053155,운주클리어,20230207,암,0039812,모던카우보이,0041193,톱오브챌린저,,,API8_2
0051549,운주타임,20220422,암,0038391,카우보이칼,0016751,임패션드댄서,,,API8_2
0054600,운주프린스,20230328,수,0034428,테스타마타,0032944,팬시폴리,,,API8_2
0052422,울트라드래곤,20210422,수,6114923,KLIMT,6854951,RUNNING CREEK,,,API8_2
0047082,울트라망치,20210409,수,0040086,위드디스팅션,0037960,엘러벨,,,API8_2
0045476,울트라삭스,20200304,암,0037972,올드패션드,0041970,그레이스필,,,API8_2
0054781,울트라선더,20220205,거,6979712,CROSS TRAFFIC,6856178,AD LITEM,,,API8_2
0061578,울트라크라운,20240214,거,6127013,COLONEL LIAM,7032553,ULTIMA COPA,,,API8_2
0060716,워트랜스미션,20230406,거,6149530,FOG OF WAR,7008379,LOVING LORRI,,,API8_2
0060718,원다이아,20230320,수,7000178,INDEPENDENCE HALL,6150607,HEADSTRONG WOMAN,,,API8_2
0056231,원더그레이스,20240422,암,6126461,GIRVIN,0054930,케이제이워리어,,,API8_2
0050757,원더풀노던,20220301,수,0037674,뉴레전드,0036316,론다도르,,,API8_2
0050760,원더풀다르샨,20220225,수,0041868,제이피즈거스토,0038308,콰드릴,,,API8_2
0047440,원더풀로드,20210412,수,0041868,제이피즈거스토,0033976,머제스틱뷰티,,,API8_2
0050747,원더풀리즌,20220311,거,0041566,투아너앤드서브,0026484,금아퀸,,,API8_2
0053272,원더풀삭스,20230303,암,0038391,카우보이칼,0035873,샤나오,,,API8_2
0050759,원더풀새치,20220211,암,0039750,퍼지,0024968,레몬펀치,,,API8_2
0045717,원더풀슬루,20200417,암,0039750,퍼지,0030663,월들리듀드,,,API8_2
0046713,원더풀시킹,20210116,암,0034428,테스타마타,0038310,쉬즈어버드걸,,,API8_2
0051529,원더풀어롱,20220424,암,0037674,뉴레전드,0046419,선가디스,,,API8_2
0054727,원더풀에이원,20220315,거,6106696,LORD NELSON,6982151,BONJOUR BELLE,,,API8_2
0050756,원더풀엔비,20220317,거,0037674,뉴레전드,0029513,큐피드걸,,,API8_2
0046936,원더풀제트,20210328,수,0039750,퍼지,0029472,록레인,,,API8_2
0051308,원더풀치프,20220407,수,0041868,제이피즈거스토,0033976,머제스틱뷰티,,,API8_2
0051309,원더풀캐시,20220401,암,0039750,퍼지,0029170,노블볼트,,,API8_2
0050882,원더풀튠업,20220128,암,0034428,테스타마타,0041537,홀리데이스타렛,,,API8_2
0051301,원더풀파피,20220420,거,0045050,섀클포드,0041869,지미슈가,,,API8_2
0046710,원더풀패스,20210120,암,0044420,레볼루셔너리,0034950,나이트퓨리,,,API8_2
0046300,원더풀폭스,20200304,암,0034835,티즈원더풀,0027718,폭스레이,,,API8_2
0056249,원더플렉스,20240427,암,7000060,나이트러스,0035792,스칼렛위치,,,API8_2
0055726,원더하트,20240407,암,0050506,에어포스블루,0029921,원더드리머,,,API8_2
0053236,원모타임,20230321,암,0025790,피스룰즈,0036080,아마조네스,,,API8_2
0056978,원투타이거,20240523,수,0041566,투아너앤드서브,0045006,플랜스투프로스퍼,,,API8_2
0052105,원펀치드래곤,20220403,수,0033566,파워블레이드,0041951,진저러시,,,API8_2
0047029,원평강자,20210405,거,0039750,퍼지,0017475,금순이,,,API8_2
0054474,원평드림,20230424,거,0038245,미스치비어슬리,0044982,시어리어슬리마인,,,API8_2
0047322,원평리스트,20210407,암,0034735,페더럴리스트,0044982,시어리어슬리마인,,,API8_2
0057062,원평스킷,20230314,암,0036732,머스킷맨,0044981,킬라리드,,,API8_2
0055888,원평스톰,20220426,수,6126502,TALE OF VERVE,6127711,READY FOR CHIANTI,,,API8_2
0055707,원평캣,20240419,수,0027443,컬러즈플라잉,0038427,컴퍼스로즈,,,API8_2
0044526,원평코드,20190429,거,0020256,메니피,0040180,케이프코드걸,,,API8_2
0061529,원평크라운,20240420,수,7053421,MIND CONTROL,6105164,STARSHIP FLARE,,,API8_2
0045302,원평타운,20200223,수,6115210,MO TOWN,0044982,시어리어슬리마인,,,API8_2
0054225,월드블레임,20210210,거,6821213,BLAME,6109811,OLEANDA AVENUE,,,API8_2
0053444,월드빅스,20230309,암,0041559,빅스,0042524,월드천사,,,API8_2
1412328,월드섀넌스,20210430,거,0032314,뉴화이트삭스,0034909,섀넌스데뷔,,,API8_2
0052887,월드아너,20230127,암,0038245,미스치비어슬리,0033017,월드클래스Ⅱ,,,API8_2
0053908,월드오브드림,20230430,수,0045082,오버애널라이즈,0024529,주말파티,,,API8_2
0045158,월드참,20190417,수,0034428,테스타마타,0026386,블랙탄,,,API8_2
0054872,월드타이거,20230313,수,0034637,라이언메탈,0029800,펠리시티,,,API8_2
0055891,월드피플,20220317,수,6106665,MIDNIGHT STORM,6148365,SALTY WAVE,,,API8_2
0054137,월스트리트,20230315,암,0045050,섀클포드,0033028,클립스어브모허,,,API8_2
0050784,웨스턴건,20220209,수,6126457,WEST COAST,0050361,코코스스위티,,,API8_2
0059221,웨스트워,20240306,암,6324784,WAR FRONT,7036116,I'M FINE,,,API8_2
0052144,위고하이,20220208,수,0036732,머스킷맨,0035076,큐피드레이디,,,API8_2
0051364,위너글로리,20220424,암,0045050,섀클포드,0040184,카우아이콜즈,,,API8_2
0053949,위너남촌,20230429,암,0045082,오버애널라이즈,0022026,질주하라,,,API8_2
0055599,위너라이징,20240311,암,0041813,미스터크로우,0029640,다이아파워,,,API8_2
0052910,위너삭스,20230213,거,0032258,트리플나인,0039749,드림딜라이트,,,API8_2
0054726,위너선,20220119,거,6149524,ECHO TOWN,6794298,ABOVE IT,,,API8_2
0056182,위너제이,20240418,수,0040086,위드디스팅션,0040088,타피즈드림,,,API8_2
0053041,위대한함성,20230214,수,0038245,미스치비어슬리,0037470,위대한비상,,,API8_2
0052485,위더스,20210412,수,0027443,컬러즈플라잉,0033111,그릴리메이,,,API8_2
0051561,위드도르티,20220311,암,0046484,도르트문트,0031992,너와기쁨을,,,API8_2
0046626,위드디스쿠로,20210116,수,0040086,위드디스팅션,0026120,아이리스,,,API8_2
0051823,위버멘쉬,20220426,암,0046317,레이스데이,0045113,럭키스카이,,,API8_2
0053711,위시마스터,20230410,수,0038387,콩코드포인트,0050522,업점프드더데블,,,API8_2
0053420,위즈드림,20230328,암,0045050,섀클포드,0036719,차이나골드,,,API8_2
0054008,위즈러너,20210407,거,6118888,VINO ROSSO,6112527,ABATIS,,,API8_2
0057329,위즈스타,20230217,암,6114897,CARAVAGGIO,6985343,MYBROKENHOME,,,API8_2
0060710,위즈윈,20230406,수,6149607,WIN WIN WIN,7017997,TIZ ENTERTAINING,,,API8_2
0054785,위즈캠페인,20220427,거,6149534,글로벌캠페인,6148708,BEMUS POINT,,,API8_2
0055597,위즈크라운,20240308,암,0045050,섀클포드,0040840,위즈모멘트,,,API8_2
0060708,위즈파이터,20230424,거,6118203,COMBATANT,6127085,MY GRAY LADY,,,API8_2
0057327,위즈퍼펙트,20230303,거,6149803,ROCK YOUR WORLD,6115764,LUCKY BUG,,,API8_2
0053705,위즈포인트,20230403,수,0045050,섀클포드,0050565,포인트투더와일드,,,API8_2
0052958,위크플레이,20230220,수,0044420,레볼루셔너리,0043426,캐치참,,,API8_2
0056405,윈캐처,20220425,거,6127209,SEEKING THE SOUL,7005112,BABY SISTER,,,API8_2
0060700,유나유나,20230217,수,6149581,스펀투런,6993844,PONYA,,,API8_2
0053206,유니버설,20230331,수,0038245,미스치비어슬리,0040089,티피맥지,,,API8_2
0053912,유니카,20230328,암,0032990,한센,0036045,반지의장미,,,API8_2
0055304,유니콘에이스,20240309,수,0046317,레이스데이,0052761,알리틀시크릿,,,API8_2
0053653,유니콘프린스,20230327,거,6969075,지몰로지스트,0036626,러브투러브,,,API8_2
0052814,유쾌한승자,20230118,암,0046317,레이스데이,0029484,걸즈라이크,,,API8_2
0046387,은빛돌풍,20200420,암,0032990,한센,0038288,키튼즈저니,,,API8_2
0056480,은빛불패,20240225,암,0038387,콩코드포인트,0042315,그레이트펀,,,API8_2
0054056,은빛유혹,20230324,암,0032990,한센,0021840,금빛유혹,,,API8_2
0054868,은파부스터,20230327,수,6969075,지몰로지스트,0032127,럭키뮤직,,,API8_2
0046839,은파사랑,20210227,수,0032990,한센,0022962,아침사랑,,,API8_2
0053484,은하블루,20230314,암,0045050,섀클포드,0035326,은하철마,,,API8_2
0052010,은하칼라스,20220418,암,0033119,선더모카신,0037640,은빛퀸,,,API8_2
0054540,이글플레이,20230420,암,0041813,미스터크로우,0027923,라이런,,,API8_2
0053501,이끌림,20230419,거,0040086,위드디스팅션,0031135,정상파티,,,API8_2
0053924,이성의간지,20230425,거,0038025,아임유어파더,0025452,퓨앤파비트윈,,,API8_2
0062427,이센셜포스,20240414,수,6149747,ESSENTIAL QUALITY,6114581,DUCRU,,,API8_2
0050952,이스트강적,20220409,수,0032990,한센,0034644,달려라강적,,,API8_2
0053072,이스트고고,20230313,수,0045050,섀클포드,0039971,금월,,,API8_2
0060719,이스트라코타,20230313,거,6130303,ENTICED,7041246,WONDERSTRUCK,,,API8_2
0059023,이스트비치,20221101,수,6126920,OMAHA BEACH,6784426,PECTORALIS MAJOR,,,API8_2
0054011,이스트웨스트,20210316,거,6126457,WEST COAST,6121796,ARCH OF TROY,,,API8_2
0062608,이스트위너,20240403,수,6126350,GAME WINNER,6124478,STAR SIGHTING,,,API8_2
0054026,이스트점프,20210426,암,6969074,CREATIVE CAUSE,6127604,TABLE JUMPER,,,API8_2
0050937,이슬처럼,20220129,암,0045050,섀클포드,0036291,준클리버,,,API8_2
0053103,이십년세월,20230319,수,0038245,미스치비어슬리,0036333,팜파스팜,,,API8_2
0056313,이안글로리,20240415,암,0033566,파워블레이드,0038302,마미위즈,,,API8_2
0055204,이안러브,20240128,암,6969075,지몰로지스트,0024094,프리트인그란,,,API8_2
0055362,이안볼트,20240227,수,0052316,콘서트투어,0033029,로렌브레이,,,API8_2
0055549,이안스타,20240320,수,0041566,투아너앤드서브,0031051,홀리워크,,,API8_2
0055202,이안패밀리,20240128,거,0038387,콩코드포인트,0034256,금소화,,,API8_2
0054301,이안퍼스트,20230506,수,0027443,컬러즈플라잉,0035522,경연한질주,,,API8_2
0053011,이안퍼펙트,20230214,거,0037972,올드패션드,0024094,프리트인그란,,,API8_2
0055359,이클립스가든,20240118,수,0041566,투아너앤드서브,0038261,그레이자벨라,,,API8_2
0055557,이클립스골든,20240215,수,6969075,지몰로지스트,0044959,컬린즈골드,,,API8_2
0051190,이클립스더퀸,20220424,암,0045050,섀클포드,0041962,호니미에르,,,API8_2
0051568,이클립스더킹,20220414,수,0045050,섀클포드,0036646,템파르니요,,,API8_2
0051387,이클립스마블,20220311,암,0045050,섀클포드,0023623,스위트섬머타임,,,API8_2
0052989,이클립스베이,20230227,수,0045050,섀클포드,0036666,실크베리,,,API8_2
0054094,이클립스보스,20230508,수,0045050,섀클포드,0046504,유포어리움,,,API8_2
0053697,이클립스서니,20230404,암,0045050,섀클포드,0030851,선업,,,API8_2
0055307,이클립스소다,20240302,암,0046317,레이스데이,0052760,새치,,,API8_2
0055862,이클립스에버,20240324,수,0041566,투아너앤드서브,0050620,니키스스마티팬츠,,,API8_2
0051223,이클립스에지,20220120,거,0045050,섀클포드,0040137,커팅에지,,,API8_2
0053793,이클립스엘리,20230430,암,0045050,섀클포드,0036612,엘리사타운,,,API8_2
0055644,이클립스이글,20240222,수,0045050,섀클포드,0044790,골든스쿠프,,,API8_2
0051112,이클립스탱고,20220320,수,0045050,섀클포드,0022890,탱고스텝,,,API8_2
0053352,이클립스하트,20230308,수,0044993,언캡처드,0040172,브룩헤이븐,,,API8_2
0057280,인디미니스터,20230419,암,0028545,인디밴드,0040082,러브미니스터,,,API8_2
0061940,인디클래식,20240427,수,0039742,테이크차지인디,6149033,SPEEDY SOUL,,,API8_2
0054543,인스파이어,20230426,수,0044993,언캡처드,0036674,로희,,,API8_2
0055270,인투더갤럭시,20240204,수,0035295,나스카프린스,0033071,뱅크엘리,,,API8_2
0056029,인페르노,20240330,수,0052316,콘서트투어,0034410,퍼스트인디언,,,API8_2
0053234,인플레이션,20230307,수,0041800,메디치글로리,0046429,클리키티클랙,,,API8_2
0047314,인피니트아너,20210318,거,0038391,카우보이칼,0044966,파라다이스나우,,,API8_2
0056256,일급비술,20230420,암,0027443,컬러즈플라잉,0034413,최고비슬,,,API8_2
0053516,일산스나이퍼,20230417,암,0038391,카우보이칼,0032490,금수봉,,,API8_2
0061383,일상이기적,20240403,거,6126922,TACITUS,7092092,QUITE A SECRET,,,API8_2
0051442,임로,20220320,수,0034735,페더럴리스트,0037780,거센마풍,,,API8_2
0056091,자유의날개,20240313,암,0039737,어플릿익스프레스,0042371,강서프린세스,,,API8_2
0051771,자이언트보스,20220415,수,0032314,뉴화이트삭스,0035406,큰마법,,,API8_2
0046657,자이언트스텝,20210120,수,6964691,MUNNINGS,0046429,클리키티클랙,,,API8_2
0046905,장비대운,20210305,암,0034835,티즈원더풀,0022301,신천여걸,,,API8_2
0053620,재즈퍼플,20230325,수,0032990,한센,0044991,플라잉하모니,,,API8_2
0060712,전광석화,20230222,암,6114924,UNIFIED,6143784,EVERYBODY LOVES ME,,,API8_2
0045626,점순이고,20200317,암,0034735,페더럴리스트,0021873,강공알파,,,API8_2
0053955,정문킹덤,20230428,수,0039216,킹삭스,0035869,즐거운함성,,,API8_2
0053937,정상에이스,20210108,수,6109238,MOHAYMEN,6113773,TOP SHEET,,,API8_2
0060344,정상히어로,20230419,수,7000184,BEAU LIAM,6108034,MOTHER OF SWORDS,,,API8_2
0055512,정성공주,20240216,암,0046317,레이스데이,0034111,당대퀸,,,API8_2
0054186,정우불패,20230412,수,0032990,한센,0039107,밸리퀸,,,API8_2
0052955,제너럴윈드,20230128,수,0021239,연승대로,0038613,제너럴로즈,,,API8_2
0046686,제라퀸,20210120,암,0033119,선더모카신,0033421,제라진,,,API8_2
0053807,제성블루,20230513,암,0037972,올드패션드,0036319,포에마,,,API8_2
0053365,제이디강자,20230322,수,0033566,파워블레이드,0041854,소울리마제스틱,,,API8_2
0054043,제이디불꽃,20230402,암,6102795,JIMMY CREED,0052717,프라이즈포트레잇,,,API8_2
0053149,제이에스러브,20230302,암,0045050,섀클포드,0036332,와일드앤프라우드,,,API8_2
0045729,제이에스로드,20200401,수,6967942,TWIRLING CANDY,0044992,슬리프리스,,,API8_2
0060829,제이에스베트,20230406,수,7000176,SILVER STATE,6116891,TWICE AROUND,,,API8_2
0057007,제이에스빅뱅,20240308,수,0045082,오버애널라이즈,0034170,메니뮤직,,,API8_2
0050876,제이원파워,20220215,수,0037439,더킹,0034427,제이원,,,API8_2
0053658,제주블루,20230330,암,0050506,에어포스블루,0035877,제주의하늘,,,API8_2
0057583,제주프린세스,20230417,암,0036732,머스킷맨,0040081,아쿠아프린세스,,,API8_2
0053856,제축산지로,20230428,거,0045050,섀클포드,0046487,엘로퀀트,,,API8_2
0045999,제타마스터,20200403,거,0034428,테스타마타,0035083,백산여왕,,,API8_2
0051829,조이천하,20220325,수,0031261,사이먼퓨어,0038615,아이비에스퀸,,,API8_2
0047071,주링스카이,20210328,암,0033566,파워블레이드,0036101,주링허우,,,API8_2
0046261,주몽천하,20200215,거,0038391,카우보이칼,0026785,킹덤레이스,,,API8_2
0051225,준마포스,20220311,암,0041566,투아너앤드서브,0038346,토츠어돕스,,,API8_2
0053381,즐거운빛,20230310,암,0038025,아임유어파더,0032652,해피한걸,,,API8_2
0051830,즐거운상상,20220424,수,0032258,트리플나인,0033022,그리자이,,,API8_2
1412299,지구라트,20210301,거,0038387,콩코드포인트,0031816,위즈스파크,,,API8_2
0045183,지모션,20200112,거,6106652,SUMMER FRONT,0044980,레이디도리스,,,API8_2
0060345,지비볼트,20230307,거,6149803,ROCK YOUR WORLD,7114140,SHINING CAUSE,,,API8_2
0055760,지비에이스,20240405,수,0041813,미스터크로우,0029076,라이징에이스,,,API8_2
0056076,지비퀸,20240511,암,0032990,한센,0035525,글로벌퀸,,,API8_2
0061458,지비플래시,20240302,거,6108940,DAREDEVIL,7022348,MINI PEARL,,,API8_2
0062432,지비하이퍼,20240511,수,6964691,MUNNINGS,6128782,TRINI BREWNETTE,,,API8_2
0054001,지산레이블,20230417,수,0041868,제이피즈거스토,0036691,테이크미어웨이투,,,API8_2
0056218,지산바라크,20240418,암,0038227,크리솔라이트,0029360,설트리조스키,,,API8_2
0053732,지산커밍순,20230409,수,0045009,자이언트런,0036427,커밍순,,,API8_2
0055912,지산퀸,20240324,암,0038227,크리솔라이트,0042924,아담스애플,,,API8_2
0050949,지산포스,20220325,수,0038227,크리솔라이트,0035190,태후의날개,,,API8_2
0053092,지산포에버,20230228,수,0038227,크리솔라이트,0022243,브라운걸,,,API8_2
0056083,지산프렌드,20220219,암,0038227,크리솔라이트,0039865,투고윈,,,API8_2
0053437,지산프리,20230309,암,0038227,크리솔라이트,0041983,케어프리,,,API8_2
0053223,지존불패,20230330,거,6998418,MUCHO MACHO MAN,0052759,오섬매그놀리아,,,API8_2
0054173,지플렉스,20230312,수,6969075,지몰로지스트,0046495,헥사메테르,,,API8_2
0060799,진격의돌핀,20231011,암,6106423,DUNDEEL,7144548,SANTA ROCKS,,,API8_2
0059220,진격의치타,20231031,거,6126575,HEROIC VALOUR,7169472,DAYITA,,,API8_2
0050695,질주의여왕,20220314,암,0034735,페더럴리스트,0029065,초원의별,,,API8_2
0053111,질풍아,20230324,수,6112413,TAPWRIT,0052712,퀵페이,,,API8_2
0053598,질풍키튼,20230427,수,0033119,선더모카신,0033120,키튼즈프라이드,,,API8_2
0060638,짜릿한행복,20230401,수,6130196,MAXIMUS MISCHIEF,7024323,SHADES OF LIGHT,,,API8_2
0051758,차밍퀸,20220419,암,0028545,인디밴드,0036620,지니,,,API8_2
0053407,찬란한함성,20230305,암,0045050,섀클포드,0024924,피렌체,,,API8_2
0051421,찬페이머스,20220331,수,0032990,한센,0025737,인터처블,,,API8_2
0054053,참빠른말,20230307,거,0032990,한센,0036710,퀘스트포석세스,,,API8_2
0046963,참좋은질주,20210310,암,0027443,컬러즈플라잉,0040021,록코모도,,,API8_2
0053291,창조의아침,20210327,거,6964691,MUNNINGS,6124860,BLUEGRASS MISS,,,API8_2
0055087,창창삭스,20211029,수,6115089,RAGEESE,7124159,TREPIDATION,,,API8_2
0040914,챌린지삭스,20170417,암,0037972,올드패션드,0033100,캐쥬얼애티튜드,,,API8_2
0056206,챔피언코드,20240420,수,0038391,카우보이칼,0052695,머제스틱게일,,,API8_2
0062073,처음본순간,20240208,수,6129608,TUNWOO,7006087,ENCHANTED ISLAND,,,API8_2
0051209,천공의섬,20220413,거,0026213,지금이순간,0038399,레드밍크스,,,API8_2
0051106,천궁스톰,20220227,거,0045050,섀클포드,0034903,벨이밴저린,,,API8_2
0055186,천둥의불꽃,20240220,수,0046317,레이스데이,0038430,블루그라스아타튜,,,API8_2
0057120,천둥의비상,20240430,수,0038387,콩코드포인트,0044987,레슬리스워리어,,,API8_2
0056845,천둥의스퍼트,20240423,수,0046317,레이스데이,0040228,라이트유어월드,,,API8_2
0054115,천둥의질주,20230406,거,0045050,섀클포드,0050526,홀리대즐,,,API8_2
0053278,천마누비,20230304,암,0033119,선더모카신,0030507,누비퀸,,,API8_2
0056140,천마의함성,20240326,수,7000060,나이트러스,0031616,빙고스타,,,API8_2
0055385,천마포스,20210911,거,6149613,ZOUSAIN,7128686,PUERTO VALLARTA,,,API8_2
0052080,천마호령,20220517,암,0045050,섀클포드,0033016,디렉션,,,API8_2
0056964,천상검룡,20240423,수,0041566,투아너앤드서브,0039108,큐비트윈,,,API8_2
0051100,천지레이디,20220322,암,0034254,천지스톰,0027811,금희,,,API8_2
0056090,천지신검,20240425,암,0037610,가온챔프,0041865,사제불이,,,API8_2
0053368,천지자칼,20230328,수,0050506,에어포스블루,0040234,소우전러브,,,API8_2
0053370,천지탱크,20230401,거,0050506,에어포스블루,0021560,쾌검,,,API8_2
0052833,청강겨울,20230205,암,0040246,지롤라모,0026909,남행열차,,,API8_2
0053739,청강봄,20230415,암,0041566,투아너앤드서브,0035474,쾌한탄생,,,API8_2
0051220,청룡기운,20220407,거,0045050,섀클포드,0041557,폰트,,,API8_2
0051896,청룡의칼,20220331,거,0038391,카우보이칼,0034782,캐리어,,,API8_2
0053240,청산돌풍,20230317,수,0045050,섀클포드,0040404,올백,,,API8_2
0051689,청산질주,20220407,수,0045082,오버애널라이즈,0040237,타하우르,,,API8_2
0058008,청야,20221007,수,6127356,LEAN MEAN MACHINE,7169370,MOONLIGHT NOVA,,,API8_2
0053687,청운비상,20230410,암,0032258,트리플나인,0040516,청운지벽,,,API8_2
0053762,청월,20230501,암,0046317,레이스데이,0044965,쉬비스위트,,,API8_2
0051627,청해스타,20220401,암,0046484,도르트문트,0036113,특별스타,,,API8_2
0051265,초월마,20220310,거,0038387,콩코드포인트,0041865,사제불이,,,API8_2
0053950,초콜릿,20230428,수,0040246,지롤라모,0040170,티즈어다이나포머,,,API8_2
0046875,최강골드,20210326,거,0045050,섀클포드,0023687,힐오브드림즈,,,API8_2
0060362,최강벨트,20230414,수,6126922,TACITUS,6119098,CARA DURA,,,API8_2
0051367,최강스피드,20220317,수,0041813,미스터크로우,0041929,파이어리스타,,,API8_2
0054015,최고게임,20210130,수,6112206,FROSTED,6128971,DR. MELFI,,,API8_2
0053312,최고골드,20230218,거,0038245,미스치비어슬리,0031119,코리아넘버원,,,API8_2
0060360,최고벨트,20230403,거,7000183,UNCLE CHUCK,6120250,MLLE. MINUIT,,,API8_2
0051530,추풍령,20220413,수,0025790,피스룰즈,0028105,블루드리머,,,API8_2
0055384,축배를들어라,20211109,거,6107560,SIDESTEP,6815552,READY FOR MORE,,,API8_2
0055897,춤추는장미,20220410,암,6109240,모스피릿,6109904,CITY RUN,,,API8_2
0053153,치프스타,20230220,암,0045050,섀클포드,0032759,한라축제,,,API8_2
0056080,카라명,20240305,암,6969075,지몰로지스트,0027850,테일스트,,,API8_2
0052135,카라케이,20220422,암,0028545,인디밴드,0018434,고치령,,,API8_2
0056780,카레이칸,20240510,수,0027443,컬러즈플라잉,0042149,루비스타,,,API8_2
0061509,카레이히어로,20240415,암,0027443,컬러즈플라잉,0027374,디히어퀸,,,API8_2
0053981,카론에지,20230502,암,0046317,레이스데이,0038694,카론블레이드,,,API8_2
0046118,카리즈마,20200217,거,0033119,선더모카신,0035794,리틀소시에,,,API8_2
0052484,카스,20210512,거,0038332,커널존,0036679,지피얀,,,API8_2
0061176,카스텔라,20230926,수,7000821,PRINCE FAWAZ,6506232,DIVINE DIVA,,,API8_2
0053241,카오스,20230224,암,0041566,투아너앤드서브,0041308,로드란,,,API8_2
0052817,카우보이삭스,20230127,암,0038391,카우보이칼,0042584,스틸더패션,,,API8_2
0056543,카우보이스타,20240520,수,0038227,크리솔라이트,0040082,러브미니스터,,,API8_2
0059321,카우보이퀸,20230313,암,0038391,카우보이칼,0028635,윈드레토,,,API8_2
0057326,카인드큐피드,20230117,암,6149544,INSTILLED REGARD,7006116,KIND HUMOR,,,API8_2
1411884,카일리,20210319,암,0041566,투아너앤드서브,0036622,어나더헤리티지,,,API8_2
0053415,카타리나라,20230412,암,0036194,인디언킹,0031031,플라이톱퀸,,,API8_2
0051630,칸맥스,20220306,거,0038391,카우보이칼,0029392,모너,,,API8_2
0057332,캐롤챗,20230214,수,0057586,프레저베이셔니스,0054964,애니앤드캐롤라인,,,API8_2
0052979,캐치레이스,20230121,암,0039737,어플릿익스프레스,0039839,땡큐마더,,,API8_2
0055474,캔들스스타,20240311,암,6149757,IDOL,0055036,캔들스틱메이커,,,API8_2
0053187,캡마왕,20230220,수,0041868,제이피즈거스토,0040702,캡틴걸,,,API8_2
0056594,캡틴군주,20220430,수,6106670,TAPITURE,7018660,GRAN NIGHTHAWK,,,API8_2
0051538,캡틴라이즈,20220426,수,0037439,더킹,0035264,럭셔리해피,,,API8_2
0061460,캡틴리엄,20240128,수,6127013,COLONEL LIAM,7000957,ECLIPTICALSPHARAOH,,,API8_2
0055345,캡틴베러티,20240323,수,0037972,올드패션드,0050482,비너스베러티,,,API8_2
0056783,캡틴퀸,20240427,암,0045049,프리덤차일드,0042536,엠제이퀸,,,API8_2
0047215,캡틴타임,20210317,암,0039812,모던카우보이,0031551,스마트타임,,,API8_2
0053496,커다란축복,20230316,암,0032224,돌아온현표,0038732,톱오브더월드,,,API8_2
0051335,커맨딩리드,20220416,암,0027443,컬러즈플라잉,0044934,페이데이키튼,,,API8_2
0055794,커버스토리,20240325,수,0026213,지금이순간,0041837,커버걸저스티스,,,API8_2
0053502,컬러즈매치,20230416,거,0027443,컬러즈플라잉,0045056,쉬톨드유,,,API8_2
0053483,컴백홀리몰리,20230311,수,0033119,선더모카신,0033421,제라진,,,API8_2
0053825,컴퍼스포스,20230504,암,0045009,자이언트런,0038427,컴퍼스로즈,,,API8_2
0051200,컴플리트디바,20220306,암,0032990,한센,0026291,클레이사격,,,API8_2
0055482,컴플리트러너,20240308,수,0037972,올드패션드,0041967,골든로즈Ⅱ,,,API8_2
0045537,컴플리트레벨,20200303,수,0039742,테이크차지인디,0030503,검화,,,API8_2
0045555,컴플리트리더,20200323,거,0034428,테스타마타,0027451,엔들리스헤로인,,,API8_2
0044137,컴플리트밸류,20190310,수,0040246,지롤라모,0032471,포트스덕션,,,API8_2
0046971,컴플리트브로,20210311,거,0025790,피스룰즈,0032471,포트스덕션,,,API8_2
0046539,컴플리트스텝,20200402,암,0040246,지롤라모,0020886,골든로즈,,,API8_2
0053911,컴플리트터보,20230423,수,6969075,지몰로지스트,0040197,예스잇즈와일드,,,API8_2
0050910,컴플리트터치,20220304,암,0045050,섀클포드,0040213,오섬시머트리,,,API8_2
0046741,컴플리트파티,20210209,암,0038391,카우보이칼,0033501,이글삭스,,,API8_2
0053284,컴플리트퓨처,20230403,거,0045050,섀클포드,0035437,빅토리브라운,,,API8_2
0056241,컴플리트플랜,20240418,수,0038387,콩코드포인트,0033485,서울퀸,,,API8_2
0054034,컴플리트하트,20210216,암,6967924,DIALED IN,7030683,TROJAN SONG GIRL,,,API8_2
0053350,케렌시아,20230405,수,0038387,콩코드포인트,0038307,슈룹,,,API8_2
0054604,케이드래곤,20220323,거,6103967,GOLDENCENTS,6111835,CLARE'S BERNARDINE,,,API8_2
0051890,케이사이먼,20220503,거,0031261,사이먼퓨어,0028954,팜프린세스,,,API8_2
0056053,케이삭스,20240420,수,0046317,레이스데이,0041854,소울리마제스틱,,,API8_2
0043403,케이엔라이트,20180401,거,0034428,테스타마타,0029063,인디언호퍼,,,API8_2
0055510,케이엔베스트,20240227,수,0046317,레이스데이,0035664,베스트캠프,,,API8_2
0057309,케이엔빅뱅,20230227,거,6965458,KANTHAROS,7014372,SNEAKY,,,API8_2
0051262,케이엔스톰,20220325,거,6149543,INSTAGRAND,0050524,스위트에스프리,,,API8_2
0053695,케이퀸,20230416,암,0045050,섀클포드,0032718,케이어센딩,,,API8_2
0052131,케이파워풀,20220410,수,0045050,섀클포드,0025983,파워풀미스지,,,API8_2
0056194,케이포스,20240416,수,0028224,케이탑,0020579,화려한비상,,,API8_2
0061612,케이피골드,20240207,암,0052826,쿠르부아지에,0038529,골드파티,,,API8_2
0056733,켈리,20240420,암,0038391,카우보이칼,0044160,레이디퍼스트,,,API8_2
0056397,코리안드림,20220113,수,6149524,ECHO TOWN,7000286,MY TEMPO,,,API8_2
0057560,코리안부스터,20240420,수,0039737,어플릿익스프레스,0040845,퍼텐셜에너지,,,API8_2
0052993,코발트블루,20230222,암,0040246,지롤라모,0034469,어메이징대지,,,API8_2
0044877,코스모런,20190528,암,0021239,연승대로,0030394,마이걸,,,API8_2
0053298,코스모롱,20230304,암,0038245,미스치비어슬리,0042331,버닝건,,,API8_2
0052994,코스모찐,20230208,암,7000060,나이트러스,0039207,큰러브,,,API8_2
0054012,콜긴,20210517,거,6112215,LAOBAN,7095003,BLUE CLARET,,,API8_2
0053263,콜미스카이,20230315,암,0038391,카우보이칼,0032502,콜미레이서,,,API8_2
0055566,콩나물,20220419,수,6130196,MAXIMUS MISCHIEF,6150522,HOLIDEJAVU,,,API8_2
0053663,콩코드블루,20230326,수,0038387,콩코드포인트,0039066,블루밴드,,,API8_2
0053888,콩코드코디,20230422,수,0038387,콩코드포인트,0033837,라스트코디,,,API8_2
0055792,콰이어트런던,20240317,수,0040033,런던타운,0039560,다정이,,,API8_2
0053489,쾌걸춘향,20230312,암,7000060,나이트러스,0034985,엑톤신화,,,API8_2
0051429,퀀텀케이,20220311,수,0032990,한센,0029619,금빛환희,,,API8_2
0051562,퀸다이아,20220428,암,0046317,레이스데이,0036642,리마커블스토리,,,API8_2
0054244,퀸매스터리,20210123,암,6114904,MASTERY,6114168,PRINCESS CHAR,,,API8_2
1412051,퀸아비게일,20210510,암,0038391,카우보이칼,0033098,하버걸,,,API8_2
0055513,퀸용마,20240211,암,0046317,레이스데이,0041656,장산도쿄,,,API8_2
0053943,퀸즈레이스,20230429,암,0046317,레이스데이,0028341,퀸즈스텝,,,API8_2
0056184,퀸즈보이,20240413,수,6969075,지몰로지스트,0041327,사려니퀸,,,API8_2
0055485,퀸즈임팩트,20240217,암,0041819,닉스고,0053935,티즈디터민드,,,API8_2
0053990,퀸즈타이거,20230502,암,0046317,레이스데이,0030244,퀸즈블레이드,,,API8_2
0053696,퀸즈플라잉,20230402,암,0038227,크리솔라이트,0031824,미래여제,,,API8_2
0055613,퀸플라자,20230320,암,0044420,레볼루셔너리,0035142,선플라자,,,API8_2
0055659,큐피드드리머,20240226,암,0046317,레이스데이,0037438,갑오드림,,,API8_2
0056121,큐피드럭키,20240428,수,0027443,컬러즈플라잉,0041712,플로리다파워,,,API8_2
0051131,큐피드잇,20220311,수,0032990,한센,0036009,큐피드닥터,,,API8_2
0056141,큐피드천궁,20240416,수,0052316,콘서트투어,0041614,엘리트레이디,,,API8_2
0053050,큐피드커맨드,20230308,수,0044931,센트럴커맨드,0033815,금강천하,,,API8_2
0050957,큐피드케이,20220222,암,0033566,파워블레이드,0036332,와일드앤프라우드,,,API8_2
0056248,크라운레거시,20240430,거,6970674,PAYNTER,0054747,돈트스톱투숍,,,API8_2
0056031,크라운레이서,20240428,암,0046317,레이스데이,0036612,엘리사타운,,,API8_2
0053404,크러시걸,20230427,암,0041800,메디치글로리,0038398,메스인어드레스,,,API8_2
0051435,크레이지망고,20220311,수,0044420,레볼루셔너리,0036445,달려라레오,,,API8_2
0056308,크레이지멍키,20240403,암,0033566,파워블레이드,0046424,파자마마마,,,API8_2
0055630,크레이지볼트,20240225,암,0036732,머스킷맨,0036629,서치어스위트걸,,,API8_2
0056670,크레이지블루,20240325,수,0041559,빅스,0032968,산타마리,,,API8_2
0058006,크레이지스타,20221003,거,6126920,OMAHA BEACH,7169374,TOOK,,,API8_2
0053514,크레이지챔프,20230322,암,0028224,케이탑,0036445,달려라레오,,,API8_2
0045259,크로마이트,20200126,거,0034735,페더럴리스트,0025713,레인어브타라,,,API8_2
0046982,크리솔니케,20210430,암,0038227,크리솔라이트,0035075,필라니케,,,API8_2
0046907,크리솔동해,20210409,수,0038227,크리솔라이트,0034942,동해텐텐텐,,,API8_2
0053996,크리솔스위트,20230315,수,0038227,크리솔라이트,0031259,스윗익스체인지,,,API8_2
0053550,크리솔스텝,20230409,수,0038227,크리솔라이트,0026109,로열스텝,,,API8_2
0051186,크리솔스톤,20220415,암,0038227,크리솔라이트,0035075,필라니케,,,API8_2
0054400,크리솔퀸,20230515,암,0038227,크리솔라이트,0038122,할리퀸,,,API8_2
0046024,크리솔크라운,20200321,거,0038227,크리솔라이트,0038122,할리퀸,,,API8_2
0051187,크리솔텐,20220322,암,0038227,크리솔라이트,0034942,동해텐텐텐,,,API8_2
0056085,크리솔투데이,20240405,암,0038227,크리솔라이트,0037517,서미트투데이,,,API8_2
0047428,크리솔포시,20210409,암,0038227,크리솔라이트,0036306,인티미시미,,,API8_2
0051337,크리솔피스,20220405,수,0038227,크리솔라이트,0037333,에블린,,,API8_2
0053578,크리솔힐즈,20230321,암,0038227,크리솔라이트,0034087,펜타힐즈,,,API8_2
0045075,클래스희망,20190320,암,0038391,카우보이칼,0036354,태피튜드,,,API8_2
0059223,클래식오텀,20240424,수,0054840,클래식엠파이어,6975118,ANTONIA AUTUMN,,,API8_2
0053177,클러치골드,20230330,암,0038245,미스치비어슬리,0044944,골든스트라이프,,,API8_2
0055466,클러치더비,20240226,수,6106383,CAIRO PRINCE,0054928,식스퀸즈,,,API8_2
0053709,클러치러브,20230508,암,0045050,섀클포드,0040144,옥스포드베이브즈,,,API8_2
0055209,클러치마일,20240202,거,6148175,PINEHURST,0054966,컨퍼메이션바이스,,,API8_2
0053493,클러치매직,20230412,수,0044993,언캡처드,0036646,템파르니요,,,API8_2
0061801,클러치워,20240407,수,7012481,ALOHA WEST,6965820,PACIFIC WHISPER,,,API8_2
0054040,클러치월드,20230521,수,0045050,섀클포드,0035911,투어로즈,,,API8_2
0062627,클러치챔프,20240419,수,7029910,JACK CHRISTOPHER,6149898,SHYSHEISNOT,,,API8_2
0056300,클러치키드,20240329,수,0045050,섀클포드,0039274,레몬키드,,,API8_2
0061571,클러치펀치,20240424,거,6112213,UPSTART,6115769,LUCKY MOVE,,,API8_2
0053875,클럽맨,20230208,수,6969075,지몰로지스트,0031483,플리트비체,,,API8_2
0052141,클럽큐,20220405,암,0044420,레볼루셔너리,0030960,마리카,,,API8_2
0051295,클레어빅뱅,20220428,암,0044420,레볼루셔너리,0029120,찬기파랑,,,API8_2
0055200,클레어축제,20240302,암,6102795,JIMMY CREED,0054821,아이데에클레어,,,API8_2
0054179,클레어프리덤,20230515,암,0045049,프리덤차일드,0035535,스마트파크,,,API8_2
0056011,클로버삭스,20240410,암,0032990,한센,0044979,세타라,,,API8_2
0052905,클로버원,20230222,수,7000060,나이트러스,0022324,레모니,,,API8_2
0060715,클로버톱,20230120,거,6114907,CONNECT,6129905,FASHION BRAND,,,API8_2
0052513,클림트월드,20210209,수,6114923,KLIMT,6105881,MILDRED,,,API8_2
0055262,키스더모닝,20240315,암,0026213,지금이순간,0029065,초원의별,,,API8_2
0045382,킹다이아,20200222,거,0040246,지롤라모,0038346,토츠어돕스,,,API8_2
0054098,킹마스터,20230301,수,0037439,더킹,0038946,영원챔프,,,API8_2
0053367,킹스파이시,20230330,수,0038391,카우보이칼,0038714,매치퀸,,,API8_2
0044487,킹아너,20190418,거,0041566,투아너앤드서브,0011363,정보왕,,,API8_2
0046511,킹칼레,20190321,거,0050008,바이언,6107800,SHUNGO,,,API8_2
0061579,타라우마라,20240413,수,6118888,VINO ROSSO,7034841,CHEATHAM HILL,,,API8_2
0053207,타이거드림,20230327,거,0038245,미스치비어슬리,0040088,타피즈드림,,,API8_2
0054880,타이거로어,20230419,암,0036732,머스킷맨,0033053,스토미튜스데이,,,API8_2
0053992,타이거리벤저,20230520,암,0033566,파워블레이드,0041954,미나키,,,API8_2
0053271,타이거망치,20230318,거,0037972,올드패션드,0038478,블랙재퍼,,,API8_2
0056334,타이거맥스,20240513,암,0033566,파워블레이드,0040138,대즐링디스플레이,,,API8_2
0053989,타이거불패,20230408,암,0033566,파워블레이드,0041951,진저러시,,,API8_2
0055653,타이거챔프,20240329,암,0038387,콩코드포인트,0036045,반지의장미,,,API8_2
0050761,타이거케이,20220127,거,0028224,케이탑,0028223,다이아찬스,,,API8_2
0056338,타이거포스,20240406,수,0033566,파워블레이드,0043498,장산골드,,,API8_2
0053870,타이트플레이,20230404,수,0045082,오버애널라이즈,0020579,화려한비상,,,API8_2
0055271,타임라이프,20240203,암,0041800,메디치글로리,0040125,사일런트포에트리,,,API8_2
0054673,탄성의반석,20220428,수,6115212,GOOD SAMARITAN,6150157,ONE SHARP LADY,,,API8_2
0046461,탐라최강자,20200421,거,0028545,인디밴드,0036394,탐라퀸,,,API8_2
0056406,탑티어,20220507,수,6149543,INSTAGRAND,6110513,EQUITABLE,,,API8_2
0053488,태광프린스,20230314,수,0040246,지롤라모,0033231,두만강,,,API8_2
0060725,태권브이,20230130,거,6115210,MO TOWN,6116812,SWEET OATS,,,API8_2
0053792,태극왕자,20230502,수,0039750,퍼지,0032602,클린업비전,,,API8_2
0051305,태기산킹,20220412,수,0034428,테스타마타,0030838,슈퍼레전드,,,API8_2
0053212,태양의전사,20230308,수,0037972,올드패션드,0029619,금빛환희,,,API8_2
0050793,태평레전드,20220214,수,6620030,AFLEET ALEX,0050381,서치포새미,,,API8_2
0056576,태평에스지,20240523,수,0044743,사우스비치,0050563,베네핏에스티,,,API8_2
0047262,태평히어로,20210220,수,0044743,사우스비치,0036344,베네피셜프렌드,,,API8_2
0062956,태핏스마이그랜파,20240229,수,7003396,MAGIC ON TAP,7116037,LIZA STAR,,,API8_2
0051653,탭딘,20220403,수,6106670,TAPITURE,0050577,온딘,,,API8_2
0046333,탱글이,20200519,수,0041566,투아너앤드서브,0025175,노던파크,,,API8_2
0050640,터보차지,20220308,암,0044993,언캡처드,0028798,선기어,,,API8_2
0051086,터치더스카이,20220303,암,0041813,미스터크로우,0033067,스카이라라,,,API8_2
0046567,턴테이블,20210322,암,0045050,섀클포드,0028798,선기어,,,API8_2
0055752,테디블레이즈,20240418,암,0032990,한센,0036468,블레이징스타,,,API8_2
0046012,테마탄생,20200306,거,0039742,테이크차지인디,0013969,미스트래블린,,,API8_2
0055993,테이크이지,20240511,암,0044993,언캡처드,0050525,돈패스저지먼트,,,API8_2
0054874,테이크참,20230315,암,0044420,레볼루셔너리,0050571,테이크어웨이,,,API8_2
0045100,텐배거,20190125,수,0038391,카우보이칼,0030384,슈거빅토리,,,API8_2
0055196,토네르도스,20240211,수,6119755,AUDIBLE,0055042,스위트앤솔티키스,,,API8_2
0056201,토네르원,20240418,수,6969075,지몰로지스트,0017475,금순이,,,API8_2
0062112,토렌스,20240217,암,7001108,EARLY VOTING,6150033,BOCA INC,,,API8_2
0046650,토호마켓,20210216,암,0044420,레볼루셔너리,0020630,물보라,,,API8_2
0045283,토호스카이,20200306,수,0041566,투아너앤드서브,0020630,물보라,,,API8_2
0055497,통쾌한승자,20240320,수,0052316,콘서트투어,0019256,산방미인,,,API8_2
0053330,투버드히트,20230320,암,7000060,나이트러스,0029486,송버드투,,,API8_2
0054867,투어킹,20230420,거,6969075,지몰로지스트,0045083,브라이디즈프롤릭,,,API8_2
0062605,투잡스,20240216,암,6975312,KARAKONTIE,6151185,PARKOUR,,,API8_2
0052841,투투매직,20230118,암,0038245,미스치비어슬리,0021457,매직치프,,,API8_2
0056342,투혼의함성,20240301,암,6101314,HIGHTAIL,0055128,패리스퀸Ⅱ,,,API8_2
0056227,툰테자,20240422,암,0041813,미스터크로우,0035437,빅토리브라운,,,API8_2
0062959,트라움레이스,20240314,수,6119780,ENGAGE,7079499,FASTERTHANFAST,,,API8_2
0055490,트라움매직,20240218,암,0027443,컬러즈플라잉,0022142,러브메도우,,,API8_2
1412323,트라움킹,20210505,수,0041566,투아너앤드서브,0035406,큰마법,,,API8_2
0054882,트리고누스,20230409,암,0032258,트리플나인,0039374,호스퀸,,,API8_2
0047064,트리스탄왕자,20210310,거,0044993,언캡처드,0022890,탱고스텝,,,API8_2
0055198,트리플에스,20220210,암,0044420,레볼루셔너리,0029832,스타드퀸,,,API8_2
0051828,트리플제니,20220420,암,0032258,트리플나인,0033484,제니천왕,,,API8_2
0062963,트웬티플랫,20240412,수,7000174,CHARLATAN,6978380,DAWN RAID,,,API8_2
0054323,특급기상,20230424,암,0021239,연승대로,0031761,해운대기상,,,API8_2
0051253,특급파티,20220410,암,0021239,연승대로,0034469,어메이징대지,,,API8_2
0054020,티나케이,20210203,암,6114923,KLIMT,6549885,JUST A BULLET,,,API8_2
0056596,티아라수아,20220505,암,6119755,AUDIBLE,6147889,APOLOGY ACCEPTED,,,API8_2
0053852,파드슈발,20230427,수,0046317,레이스데이,0036642,리마커블스토리,,,API8_2
0061937,파라오의딸,20240204,암,6114383,DREFONG,7179053,BUMPER CROP,,,API8_2
0053505,파라이바,20230406,암,0045050,섀클포드,0045060,플래시플라트,,,API8_2
0057313,파리의불꽃,20230408,수,6114915,CUPID,6119367,SNOW,,,API8_2
0056052,파사길,20240413,수,0046317,레이스데이,0050484,룰라탈룰라,,,API8_2
0060709,파사스파크,20230331,암,6116003,GIFT BOX,6130641,TRUE HISTORY,,,API8_2
0060703,파사스퍼트,20230309,수,7000180,BASIN,6151106,SEIZE THE EMPRESS,,,API8_2
0054129,파사에이스,20230406,수,0038387,콩코드포인트,0036658,플리트코즈웨이,,,API8_2
0051862,파사퀸,20220508,암,0045050,섀클포드,0040165,디리사,,,API8_2
0054048,파워군주,20210301,수,6313602,GHOSTZAPPER,6110549,ONE NIGHT,,,API8_2
0061000,파워레이서,20240430,암,0033566,파워블레이드,0034657,아름다운동행,,,API8_2
0053283,파워매직,20230224,암,0033566,파워블레이드,0044986,더파워오브스포트,,,API8_2
0051449,파워밴드,20220317,암,0033566,파워블레이드,0039066,블루밴드,,,API8_2
0053191,파워베스트,20230217,수,7000060,나이트러스,0038529,골드파티,,,API8_2
0045734,파워에치드,20200318,거,0041547,에치드,0033528,베트파티,,,API8_2
0052878,파워질주,20220226,거,0039737,어플릿익스프레스,0033447,마중물,,,API8_2
0053693,파워풀나이트,20230430,수,0037674,뉴레전드,0023319,예스트라이크,,,API8_2
0052795,파워풀돈,20230129,암,0041868,제이피즈거스토,0031834,연승불패,,,API8_2
0055120,파워풀미스터,20240202,수,0041868,제이피즈거스토,0043726,원더풀차머,,,API8_2
0055787,파워풀스탠스,20240322,암,0037674,뉴레전드,0042977,원더풀디거,,,API8_2
0053323,파워풀슬루,20230317,수,0034428,테스타마타,0041536,집시캡컴퍼니,,,API8_2
0053692,파워풀아크틱,20230430,암,0039750,퍼지,0032522,승리사랑,,,API8_2
0052794,파워풀임팩트,20230119,수,0039750,퍼지,0038311,라데아,,,API8_2
0053694,파워풀파트너,20230421,암,0037674,뉴레전드,0036315,태피스트리,,,API8_2
0053843,파워풀프라도,20230421,암,0027443,컬러즈플라잉,0044934,페이데이키튼,,,API8_2
0055780,파워풀헤일로,20240425,수,0034428,테스타마타,0030838,슈퍼레전드,,,API8_2
0046888,파이널고,20210325,거,0032990,한센,0019415,대효,,,API8_2
0045610,파이널질주,20200308,암,0041547,에치드,0034427,제이원,,,API8_2
0045339,파이널축제,20200310,수,0040246,지롤라모,0032006,월드퀵,,,API8_2
0054728,파이널케이,20220413,수,6106383,CAIRO PRINCE,6780071,CLOUDBURST,,,API8_2
0053486,파이브스타,20230316,수,0045082,오버애널라이즈,0031807,소나타존,,,API8_2
0055607,파이어타이거,20240330,수,0034709,동방대로,0036217,에버그린트리,,,API8_2
0045397,파이어파워,20200304,수,0034835,티즈원더풀,0031056,바다새,,,API8_2
0050948,파인핑크,20220213,암,0032258,트리플나인,0031500,끝판여왕,,,API8_2
0053865,파카레이서,20230425,거,0046317,레이스데이,0016751,임패션드댄서,,,API8_2
0056043,파카비컨,20240420,수,0046317,레이스데이,0040167,러브토어치,,,API8_2
0053712,파카샤인,20230412,거,0037972,올드패션드,0038282,윌투샤인,,,API8_2
0054466,팔팔날아,20230427,암,0038025,아임유어파더,0038922,역전의태양,,,API8_2
0053227,팡팡대로,20230404,거,6112206,FROSTED,0052745,루쓰리스퀄리티,,,API8_2
0051350,패션스타,20220311,암,0037972,올드패션드,0036709,인에스크로,,,API8_2
0060340,팬텀프린스,20230506,수,6106383,CAIRO PRINCE,6125741,HER BIG MOMENT,,,API8_2
0055402,퍼스트서귀,20240210,수,0032990,한센,0039160,크레이지큐,,,API8_2
0050938,퍼지스텝,20220412,암,0039750,퍼지,0026109,로열스텝,,,API8_2
0045533,퍼펙트건맨,20200319,거,0037972,올드패션드,0036616,스칼렛스타렛,,,API8_2
0053666,퍼펙트게임,20220420,거,0041566,투아너앤드서브,0033111,그릴리메이,,,API8_2
0051567,퍼펙트다나은,20220324,거,0045049,프리덤차일드,0031051,홀리워크,,,API8_2
0055989,퍼펙트텐,20240430,수,0045050,섀클포드,0030321,클린업스피드,,,API8_2
0053639,퍼플그레이스,20230324,암,0037972,올드패션드,0024556,코리아캡틴,,,API8_2
0054195,퍼플리버,20230312,수,0044993,언캡처드,0038290,리버포리스트,,,API8_2
0045289,퍼플신화,20200312,거,0032990,한센,0028107,칼라하리,,,API8_2
0054190,퍼플에테르노,20230428,암,0041566,투아너앤드서브,0040992,탈레노이,,,API8_2
0046290,퍼플윙크,20200229,거,0033119,선더모카신,0031043,여시,,,API8_2
0054462,퍼플코리아,20230520,암,0041566,투아너앤드서브,0038345,마이패션,,,API8_2
0057323,펀치케이,20230415,수,6782484,ALTERNATION,7076217,IMPASSION,,,API8_2
0053208,페가수스킹,20230303,수,0036732,머스킷맨,0030842,랩소디,,,API8_2
0057303,페다이킨,20230413,수,6119755,AUDIBLE,6114573,EGG ROLL,,,API8_2
0054017,페어스카이즈,20210425,거,6784653,MIDSHIPMAN,6115429,GLIMPSE,,,API8_2
0057625,페인터마린,20240320,수,0038387,콩코드포인트,0041864,매직페인터,,,API8_2
0055886,페퍼엑스,20220418,수,6112212,SPEIGHTSTER,7000098,MY HAPPY GIRL,,,API8_2
0053768,포마드,20230420,암,0036732,머스킷맨,0030130,위너스마린,,,API8_2
0054601,포에버길,20230316,수,0034428,테스타마타,0027712,푸른에너지,,,API8_2
0055926,포에버런,20240405,수,0027443,컬러즈플라잉,0038744,함양산삼,,,API8_2
0053683,포에버선샤인,20230504,수,0036732,머스킷맨,0032119,그랜드캠프,,,API8_2
0060998,포에버정읍,20240410,수,0045050,섀클포드,0024436,마이티포에버,,,API8_2
0062435,포에버케이,20240319,수,6118875,SOLOMINI,6125866,CITY SECTION,,,API8_2
0053259,포에버히트,20230309,암,0038245,미스치비어슬리,0050535,플래터링조이,,,API8_2
0047175,포에틱누비,20210415,암,0039750,퍼지,0030507,누비퀸,,,API8_2
0053084,포인트아이,20230315,암,0036732,머스킷맨,0046489,나우아이노우,,,API8_2
0055738,포인트윈드,20240317,수,0038387,콩코드포인트,0033527,영토대왕,,,API8_2
0061461,포텐로드스터,20240309,수,6126919,ROADSTER,6129045,DISTORTED SUNRAYS,,,API8_2
0053567,포트레이매치,20230321,수,0034709,동방대로,0029676,포트레이,,,API8_2
0050951,폭스트롯,20220303,암,0045082,오버애널라이즈,0034985,엑톤신화,,,API8_2
0055383,푸른돌풍,20240219,암,0032990,한센,0039979,블루엠파이어,,,API8_2
0061442,푸른참,20230322,암,0044420,레볼루셔너리,0030927,푸른미소,,,API8_2
0055833,풀스윙,20240313,암,0052316,콘서트투어,0028105,블루드리머,,,API8_2
0055728,풀스트라이크,20240305,암,0050506,에어포스블루,0036618,그레노블,,,API8_2
0062955,풀하디,20240401,수,6130196,MAXIMUS MISCHIEF,7040324,GOLDILUCK,,,API8_2
0054260,프라임스타,20230320,암,0038391,카우보이칼,0039973,이스트걸치,,,API8_2
0055895,프라임크라운,20220228,수,6126464,AWESOME SLEW,6131389,THE SHADY LADY,,,API8_2
0047404,프로미스,20210329,거,0033119,선더모카신,0038346,토츠어돕스,,,API8_2
0050076,프로시드,20210329,수,0045014,프로스펙티브,0036652,아너드,,,API8_2
0055430,프리더원,20221102,수,7000805,OLE KIRK,7128688,READY FOR YOU,,,API8_2
0053629,프리메로,20230325,거,0028545,인디밴드,0027229,깍쟁이,,,API8_2
0052142,프리타임,20220228,수,0036732,머스킷맨,0033106,프러클레임,,,API8_2
0050902,플라잉데이,20220321,암,0046317,레이스데이,0046488,어케이전,,,API8_2
0055468,플라잉드림,20240311,수,0046317,레이스데이,0039749,드림딜라이트,,,API8_2
0053498,플라잉마하,20230315,수,0032994,다이나믹대시,0031102,그레이트마하,,,API8_2
0052816,플라잉선더,20230129,암,0057586,프레저베이셔니스,0052747,발즈프린세스,,,API8_2
0055583,플라잉셔틀,20240308,암,0027443,컬러즈플라잉,0030155,스페이스셔틀,,,API8_2
0053811,플라잉스마트,20230415,암,0037972,올드패션드,0041968,스마트사이트,,,API8_2
0053348,플라잉아너,20230319,거,0041566,투아너앤드서브,0038042,무적의챔프,,,API8_2
0056200,플라잉우노,20240429,수,0032990,한센,0036630,위키드우노,,,API8_2
0053917,플라잉치프,20230423,거,0038245,미스치비어슬리,0032869,여러분의여왕,,,API8_2
0046664,플라잉카라반,20210123,거,0032990,한센,0027150,그랜드카라반,,,API8_2
0050896,플라잉콩코드,20220302,거,0038387,콩코드포인트,0036396,일류천,,,API8_2
0053713,플라잉크루저,20210129,거,6127203,CATALINA CRUISER,6127645,BANNER WAVING,,,API8_2
0056331,플라잉파워,20240323,수,0033566,파워블레이드,0040357,올드블레이드,,,API8_2
0062958,플라잉파이터,20240210,수,7085541,SCALDING,6149129,WEALTHY SHIPMAN,,,API8_2
0056050,플라잉파티,20240425,암,0046317,레이스데이,0036818,피케이파티,,,API8_2
0055471,플라잉패션드,20240324,수,0037972,올드패션드,0050915,코다,,,API8_2
0050844,플래시골드,20220202,수,0046483,플래시백,0033089,파이브골드링즈,,,API8_2
0062614,플래시볼트,20240122,수,6115208,CITY OF LIGHT,6113472,KISS N SCAT,,,API8_2
0052893,플래시주드,20230217,암,0046483,플래시백,0030277,헤이주드,,,API8_2
0053649,플러터,20230425,수,0037972,올드패션드,0050524,스위트에스프리,,,API8_2
0053561,플레이매치,20230414,수,6969075,지몰로지스트,0036714,레디플레이어원,,,API8_2
0051414,플레이스테이,20220417,수,0046317,레이스데이,0032878,템플테이션,,,API8_2
0056500,플로터,20240510,수,0038387,콩코드포인트,0050524,스위트에스프리,,,API8_2
0053775,피렌체골드,20230419,암,0046317,레이스데이,0032517,지봉사랑,,,API8_2
0053863,피어나리,20230501,수,0044993,언캡처드,0043187,스테디위너,,,API8_2
0051136,피엔에스건즈,20220323,암,0045082,오버애널라이즈,0028551,헬리건스,,,API8_2
0051156,피엔에스공자,20220407,수,0034666,천구,0037607,공산,,,API8_2
0047246,피엔에스날라,20210304,거,0034666,천구,0039033,로열조이,,,API8_2
0051072,피엔에스러너,20220317,거,0036412,생일기쁨,0039403,검향,,,API8_2
0053061,피엔에스로만,20230213,수,0034666,천구,0039657,로열샬롬,,,API8_2
0051642,피엔에스리프,20220504,거,0034666,천구,0039151,갈잎,,,API8_2
0053568,피엔에스마운,20230314,암,0032990,한센,0041918,마이리틀듀스쿱,,,API8_2
0053569,피엔에스모건,20230426,수,0034666,천구,0038814,불의퀸,,,API8_2
0046772,피엔에스미,20210226,암,0033566,파워블레이드,0030411,미스블루,,,API8_2
0051050,피엔에스미트,20220209,암,0034666,천구,0034085,비욘드리미트,,,API8_2
0051077,피엔에스뷰,20220308,암,0034666,천구,0037048,인디언에코,,,API8_2
0051075,피엔에스뷰티,20220311,암,0034666,천구,0035342,사커글로리,,,API8_2
0053104,피엔에스브란,20230313,수,0041813,미스터크로우,0037631,보드람,,,API8_2
0053584,피엔에스송라,20230219,수,0028958,어드마이어돈,0037303,송암론다도르,,,API8_2
0051157,피엔에스승리,20220402,거,0034666,천구,0040972,라이징빅토리,,,API8_2
0053573,피엔에스아곤,20230413,수,0025790,피스룰즈,0035685,아르고멜로디,,,API8_2
0051154,피엔에스액트,20220418,암,0036412,생일기쁨,0036881,삼애스타,,,API8_2
0047250,피엔에스오오,20210308,거,0034666,천구,0037775,올오브미,,,API8_2
0051076,피엔에스올미,20220320,수,0034666,천구,0037775,올오브미,,,API8_2
0051681,피엔에스워크,20220310,암,0045014,프로스펙티브,0031493,파워앤스피드,,,API8_2
0050970,피엔에스원,20220202,암,0037972,올드패션드,0041971,프라우드오브마이,,,API8_2
0051067,피엔에스위너,20220410,암,0045014,프로스펙티브,0028549,우승데이,,,API8_2
0053537,피엔에스이트,20230328,수,0034666,천구,0034085,비욘드리미트,,,API8_2
0053060,피엔에스헌터,20230311,수,0036412,생일기쁨,0036463,화이트원,,,API8_2
0055499,피오라노,20240215,수,0038391,카우보이칼,0038936,금아글로리,,,API8_2
0053049,피케이워리어,20230227,암,0037439,더킹,0044987,레슬리스워리어,,,API8_2
0052995,피케이윈드,20230228,암,0044420,레볼루셔너리,0031221,스트롱윈드,,,API8_2
0057330,피프티나인킹,20230314,거,6149768,KNOWN AGENDA,6816300,SWINGINFROMARAINBO,,,API8_2
0053043,피피짱,20230225,거,0045050,섀클포드,0024681,메니피매직,,,API8_2
0054620,픽처,20220318,거,6149589,THOUSAND WORDS,6114082,잉글리시초콜릿,,,API8_2
0062953,핑크보이,20240501,수,6118875,SOLOMINI,6105128,PINK LOLLIPOPS,,,API8_2
0052960,하남레이저,20230212,암,0044420,레볼루셔너리,0039757,대싱카누,,,API8_2
0054662,하남엘도라도,20220510,수,6784756,MISSION IMPAZIBLE,6111178,QUEEN PAULINE,,,API8_2
0050867,하늘감동,20220111,거,0037972,올드패션드,0023347,그레이톰보이,,,API8_2
0053447,하이데이,20230410,거,0046317,레이스데이,0036469,리워드하이,,,API8_2
0055757,하이라이트,20240328,수,0038387,콩코드포인트,0036715,스티클러,,,API8_2
0060828,하이마운틴,20230201,수,6149581,스펀투런,6114844,INDIVAR,,,API8_2
0056413,하이퍼선더,20220322,거,6149545,ISOTHERM,6119739,TRAVEL WISH,,,API8_2
0056394,하이퍼엑스,20220221,거,6109237,EXAGGERATOR,6149660,LOOK WHO'S TALKING,,,API8_2
0054875,하이퍼펙트,20230323,암,0034637,라이언메탈,0050572,테일오브퍼펙트라,,,API8_2
0047548,하이폴리,20210619,수,0037439,더킹,0032944,팬시폴리,,,API8_2
0045985,하트케이,20200501,거,0039750,퍼지,0021906,해동의별,,,API8_2
0055486,하트퀸,20240328,암,0046317,레이스데이,0050647,케이케이스벅아이,,,API8_2
0053887,하트킹,20230428,수,0032990,한센,0017057,백파,,,API8_2
0050685,학산다크호스,20220128,수,0044743,사우스비치,0036741,세인트에티엔,,,API8_2
0047264,학산대세,20210120,암,0044743,사우스비치,0032925,질풍대세,,,API8_2
0053969,학산새미,20230414,암,0044743,사우스비치,0050381,서치포새미,,,API8_2
0053971,학산소드,20230424,수,0044743,사우스비치,0050445,스피릿티드미스,,,API8_2
0056626,학산스마티,20240402,암,0044743,사우스비치,0044776,스마티드림,,,API8_2
0050792,학산스피드,20220302,수,6998418,MUCHO MACHO MAN,0050445,스피릿티드미스,,,API8_2
0053970,학산위너,20230117,암,0044743,사우스비치,0036741,세인트에티엔,,,API8_2
0056579,학산윈드,20240520,암,0044743,사우스비치,0036464,굿루루,,,API8_2
0051786,학산카이로,20220407,수,6106383,CAIRO PRINCE,0050563,베네핏에스티,,,API8_2
0050684,학산태풍,20220303,암,0044743,사우스비치,0032992,회오리바람,,,API8_2
0050687,학산프린스,20220324,수,0044743,사우스비치,0039807,문학프린세스,,,API8_2
0053967,학산헤니,20230120,수,0044743,사우스비치,0036464,굿루루,,,API8_2
0046893,한강캡틴,20210321,거,0034735,페더럴리스트,0032827,레드화이트앤블루,,,API8_2
0050663,한강판타스틱,20220219,수,0031261,사이먼퓨어,0035825,달빛질주,,,API8_2
0051116,한강퍼펙트,20220226,수,0037972,올드패션드,0038354,미스보스케스,,,API8_2
0051332,한마디말도,20220310,수,0040246,지롤라모,0035584,신라의달밤,,,API8_2
0051084,한센브레이싱,20220330,암,0032990,한센,0031273,임브레이싱크리시,,,API8_2
0055343,한스타,20240129,수,0032990,한센,0032678,라비치스,,,API8_2
0052483,한우리,20210515,수,0027443,컬러즈플라잉,0023948,러브마이와일드캣,,,API8_2
0053334,한화륭,20230317,암,0032990,한센,0041977,티즈드리미,,,API8_2
0052952,핫슈거매직,20230223,암,0021239,연승대로,0043543,핫슈거베이브,,,API8_2
0052908,핫피버,20230224,암,0037972,올드패션드,0036611,에이티파이브에스,,,API8_2
0055868,해가달려온다,20240326,수,6103967,GOLDENCENTS,0055043,컬러오브던,,,API8_2
0053205,해마루챗,20230317,암,0038245,미스치비어슬리,0024158,니캉내캉,,,API8_2
0051137,해맞이,20220305,암,0038387,콩코드포인트,0039638,스톰포스,,,API8_2
0055632,해피젬,20240404,암,6969075,지몰로지스트,0031643,해피투데이,,,API8_2
0053198,해피투게더,20230228,암,0037610,가온챔프,0042991,해피데이,,,API8_2
0056399,핵다이아,20220309,암,6114897,CARAVAGGIO,6147781,SCORPIO QUEEN,,,API8_2
0050296,행복여전사,20210422,암,0044931,센트럴커맨드,0024889,어맨더,,,API8_2
0046719,행복한승자,20210213,암,0038391,카우보이칼,0040242,처비아너,,,API8_2
0055524,행운스타,20240220,암,0032990,한센,0024553,승리의함성,,,API8_2
0057331,행운의여신,20230226,암,6106383,CAIRO PRINCE,6148381,SWIZZLE,,,API8_2
0052873,허니스카이,20230218,암,0044420,레볼루셔너리,0028365,허니캠프,,,API8_2
0038599,허쉬대보,20160322,수,0034428,테스타마타,0022400,허쉬틸드,,,API8_2
0056117,헬로힐다,20230301,암,0044420,레볼루셔너리,0039902,한양의질주,,,API8_2
0050900,혁명의질주,20220301,암,0044420,레볼루셔너리,0038114,황홀한질주,,,API8_2
0051929,혁무상,20220508,수,0046317,레이스데이,0041982,리퀴드런치,,,API8_2
0047255,혜원용마,20210508,암,0032990,한센,0032210,퀸크릭캣,,,API8_2
0054312,호라이즌스타,20230415,수,0036732,머스킷맨,0029181,해광,,,API8_2
0051463,호명퀸,20210312,암,0034835,티즈원더풀,0034396,금캐라,,,API8_2
0051147,호세,20220305,암,0038387,콩코드포인트,0033319,창세,,,API8_2
0061577,호프케이,20240424,수,6130177,MITOLE,6114511,TELL A GREAT STORY,,,API8_2
0042869,홀리데이참,20180327,거,0036358,애니기븐새터데이,0038300,메긴즈홀리데이,,,API8_2
0062960,홀리척,20240319,수,7000183,UNCLE CHUCK,7132176,SISTER AURORA,,,API8_2
0051390,홀리카이저,20220212,거,0031261,사이먼퓨어,0031642,에코블루,,,API8_2
0052950,홀리티아라,20230130,암,0036732,머스킷맨,0036979,영천더비,,,API8_2
0051875,화랑산정기,20220418,수,0032990,한센,0037888,레이즈미업,,,API8_2
0044703,화랑투데이,20190517,수,0038391,카우보이칼,0038353,아이스컬린,,,API8_2
0054311,화려한유산,20230327,암,0044993,언캡처드,0028006,야후비올라,,,API8_2
0046779,화산귀환,20210317,수,0045049,프리덤차일드,0026041,오버파워,,,API8_2
0059228,화산폭팔,20230529,수,6126468,SMOKEM,6982325,ATLANTIC TAP,,,API8_2
0056042,화이불치,20240429,암,0032258,트리플나인,0035774,빅에이스,,,API8_2
0056055,화이트릴레이,20240325,암,0045050,섀클포드,0034866,은빛환희,,,API8_2
0055285,화이트선더,20240204,암,0032990,한센,0044960,어바이드,,,API8_2
0053703,화이트스톰,20230516,암,0032990,한센,0040977,새물결의파도,,,API8_2
0053194,화이트잭팟,20230326,거,0032990,한센,0041950,스위트시즐,,,API8_2
0051122,화이트칼라,20220312,거,0037972,올드패션드,0036719,차이나골드,,,API8_2
0053790,환상의나라,20230418,암,0046317,레이스데이,0046480,미스론다,,,API8_2
0055287,환상의루나,20240215,암,0032990,한센,0026785,킹덤레이스,,,API8_2
0055635,환상의미르,20240228,암,6148175,PINEHURST,0054822,코할라코스트,,,API8_2
0060711,황금송,20230223,수,6114922,GORMLEY,6130135,KUPURI,,,API8_2
0061534,황금승,20240325,수,6106383,CAIRO PRINCE,7000123,OUR COMFORTER,,,API8_2
0052890,황금어장,20230218,수,0035295,나스카프린스,0046431,마이너츠하제니,,,API8_2
0052478,흥행돌풍,20220217,거,0038227,크리솔라이트,0031259,스윗익스체인지,,,API8_2
1412313,희망밴드,20210309,암,0032272,록밴드,0026046,카밀라,,,API8_2
0061938,히다카의태양,20240424,수,7013905,GENDARME,7074364,SUZUKA ANGEL,,,API8_2
0060707,히든다이아,20230419,암,6102795,JIMMY CREED,6147817,ARTISTIC LICENSE,,,API8_2
0052916,히어로드래건,20230220,암,0036735,디바인파크,0018828,플라이톱,,,API8_2
0057337,히어로라이언,20230401,암,6108945,KHOZAN,6113036,FLATBOW,,,API8_2
0061538,히어로미톨,20240404,수,6130177,MITOLE,6108543,BOURBON KITTY,,,API8_2
0054786,히어로삭스,20220321,거,6126916,MAXIMUM SECURITY,7041328,BROADWAY DINER,,,API8_2
0053866,히어로여왕,20230518,암,0045050,섀클포드,0045006,플랜스투프로스퍼,,,API8_2
0061175,히어로조커,20231017,수,7113300,JONKER,7169648,RANSOM ROSE,,,API8_2
0054666,히어로짱,20220421,거,6114921,AMERICAN FREEDOM,6110169,MYSTIC MIRAGE,,,API8_2
0051833,히어로초이스,20220506,거,0045049,프리덤차일드,0041895,런던이글,,,API8_2
0057339,히어로치타,20230415,거,7000175,YAUPON,6124535,RIDE TO HOUSTON,,,API8_2
0052472,히어로파이터,20210324,수,6114921,AMERICAN FREEDOM,6109746,NAUGHTY LADY,,,API8_2
0057338,히어로퓨마,20230420,거,6119336,FRANK CONVERSATION,6150521,HELEN SUNG,,,API8_2
0061459,히어로플레임,20240511,수,6118219,FLAMEAWAY,6149277,ANNIVERSARY KITTY,,,API8_2
0046954,히어아이엠,20210303,거,0041566,투아너앤드서브,0030503,검화,,,API8_2
0052417,힐링헤이븐,20200218,암,6115220,SHAMAN GHOST,6118014,FORMBY,,,API8_2
3107451,가문의여신,20230324,암,3018933,오라태양,3015580,가문의전설,,,API8_2
3107849,가속의힘,20230424,암,3015597,일대태수,3012150,세계의보물,,,API8_2
3102957,가속직진,20200318,암,3014974,터보킹,3012150,세계의보물,,,API8_2
3109224,가속황후,20240113,암,3100316,-,3011714,황해여걸,,,API8_2
3103423,가온빛,20210522,거,3009526,백두장사,3015521,선봉전설,,,API8_2
3103692,가온전설,20210425,암,3009526,백두장사,3015580,가문의전설,,,API8_2
3105270,가온천하,20220502,거,3009526,백두장사,3017751,명원미인,,,API8_2
3108210,가온퀸즈,20230523,암,3009526,백두장사,3017751,명원미인,,,API8_2
3105269,가온파워,20220411,거,3009526,백두장사,3015580,가문의전설,,,API8_2
3108042,가자고,20230515,암,3016475,빗고을,3011218,노마지지,,,API8_2
3017544,강력신화,20160416,거,3009296,푸른대왕,3012648,좋은올레,,,API8_2
3109414,강력최고,20240323,수,3019043,사무사,3017797,정우천신,,,API8_2
3109230,강마루,20240306,암,3018934,오라태풍,3014979,진리의힘,,,API8_2
3107370,강철빛,20230514,수,3015597,일대태수,3018757,특등석,,,API8_2
3107557,강풍여제,20230329,암,3014974,터보킹,3015696,하늘소녀,,,API8_2
3108459,강한나래,20230405,거,3101922,우승가득,3011391,금반지,,,API8_2
3018586,강한능력,20180323,거,3012419,종결자,3100925,-,,,API8_2
3103881,강한댄서,20210403,암,3017565,화룡특급,3100379,-,,,API8_2
3108457,강한명성,20230417,거,3101922,우승가득,3012803,달빛소녀,,,API8_2
3103685,강한파워,20210427,거,3016320,청마시대,3017990,강한대세,,,API8_2
3102421,강호세계,20200513,거,3011133,장백산,3015610,별무반,,,API8_2
3103721,거국명령,20210423,암,3014739,설중매,3011391,금반지,,,API8_2
3103437,거석황후,20210520,암,3014739,설중매,3015756,설화수,,,API8_2
3102672,거승보배,20200421,거,3100316,-,3013003,녹색여걸,,,API8_2
3104589,거승태자,20220518,거,3100327,-,3014077,선봉여신,,,API8_2
3104647,거승파워,20220413,수,3016475,빗고을,3017426,거승여걸,,,API8_2
3107507,거장,20230310,암,3015597,일대태수,3017607,당찬,,,API8_2
3107840,걸싸게,20230621,거,3013695,황산벌,3017272,미래도시,,,API8_2
3107307,검호,20230410,수,3016502,선양호,3015063,순수혈통,,,API8_2
3107883,격포,20230415,거,3018896,삼다백호,3015314,금오름,,,API8_2
3101432,결초보은,20190213,거,3100327,-,3013711,대비행,,,API8_2
3104150,경성너울,20220321,거,3014974,터보킹,3018218,서해맹산,,,API8_2
3102643,경성스톤,20200519,거,3013465,개벽신화,3014996,천하왕비,,,API8_2
3102096,경성윈드,20200509,거,3013465,개벽신화,3014551,황해신천,,,API8_2
3017622,경성제일,20160426,거,3009526,백두장사,3013541,신천비행,,,API8_2
3107348,경성파워,20230421,거,3018896,삼다백호,3015950,미리내,,,API8_2
3103619,고사포,20210504,수,3016994,태흥성,3014808,마인드,,,API8_2
3105299,고속질주,20220506,수,3017491,러너킹,3017802,정우신조,,,API8_2
3104620,고속행진,20220415,암,3018280,멋진기상,3016863,좌의정,,,API8_2
3107576,고수,20230401,거,3016502,선양호,3016635,사라특급,,,API8_2
3109352,고운하늘,20240327,암,3009526,백두장사,3011070,고도화,,,API8_2
3017571,고질라,20160301,거,3005652,제주명성,3100943,-,,,API8_2
3103528,고차원,20210103,암,3009526,백두장사,3015639,당대인류,,,API8_2
3103725,고출력,20210423,수,3009526,백두장사,3016863,좌의정,,,API8_2
3107446,곤룡포,20230316,거,3013465,개벽신화,3015306,녹색신화,,,API8_2
3104698,골든보이,20220508,수,3015597,일대태수,3013273,신의열매,,,API8_2
3018850,공간비행,20190224,거,3015307,명가황제,3015650,웅비여걸,,,API8_2
3104622,공간세계,20220526,암,3018280,멋진기상,3016926,이대도강,,,API8_2
3104737,광명마마,20220228,암,3018228,남북대로,3017538,삼다비바리,,,API8_2
3016266,광명성호,20140123,거,3012382,쾌속장타,3100925,-,,,API8_2
3107477,광명용사,20230304,거,3017491,러너킹,3009488,진실,,,API8_2
3018865,광명진언,20190204,수,3100316,-,3012509,현무여신,,,API8_2
3018593,광명황제,20180402,거,3012382,쾌속장타,3014578,광명천사,,,API8_2
3104586,광명히트,20220422,거,3017578,광해최고,3010822,광명의빛,,,API8_2
3017645,광아의죠이,20160608,거,3012382,쾌속장타,3011035,한라세상,,,API8_2
3018454,광아의챔프,20180226,거,3009526,백두장사,3100941,-,,,API8_2
3105509,광풍만리,20220601,거,3017556,황해무적,3101044,-,,,API8_2
3109375,광풍비상,20240411,거,3019043,사무사,3017057,영원한,,,API8_2
3103802,광풍천리,20210415,수,3009526,백두장사,3015987,녹색비호,,,API8_2
3019033,광해군,20190621,거,3005652,제주명성,3015641,연락선,,,API8_2
3103255,광해대부,20210822,거,3005652,제주명성,3011123,안덕명성,,,API8_2
3016229,광해신천,20140108,거,3005652,제주명성,3011123,안덕명성,,,API8_2
3018157,광해왕자,20170508,거,3005652,제주명성,3010732,천지왕,,,API8_2
3017214,광해전사,20150511,거,3012382,쾌속장타,3011904,안덕보배,,,API8_2
3019010,광해전차,20190307,수,3005652,제주명성,3011123,안덕명성,,,API8_2
3105284,광해제패,20220405,암,3018051,삼다제패,3018302,블루션샤인,,,API8_2
3107870,광해천하,20230304,수,3005652,제주명성,3010732,천지왕,,,API8_2
3016494,광해청명,20140506,거,3100061,-,3010732,천지왕,,,API8_2
3105496,괜찮아,20220310,거,3015875,꼬리별,3016506,여왕하트,,,API8_2
3016357,구억불,20140511,수,3012382,쾌속장타,3008947,황태자비,,,API8_2
3016259,군자삼락,20140322,거,3009526,백두장사,3100938,-,,,API8_2
3103717,굳셀건,20210423,거,3017934,웅진천하,3013963,황룡의꿈,,,API8_2
3104793,귤스타,20220329,거,3100032,-,3013278,불빛여신,,,API8_2
3103957,글라가게,20210318,거,3009296,푸른대왕,3014235,적토마,,,API8_2
3108110,글로벌황제,20230216,수,3017491,러너킹,3016567,불사요정,,,API8_2
3018120,금누리,20170502,거,3014739,설중매,3008242,코지바람,,,API8_2
3107589,금달란트,20230323,암,3016994,태흥성,3013636,대륙군왕,,,API8_2
3108912,금보배,20240427,암,3018669,안덕최고,3018319,웅진보배,,,API8_2
3107392,금빛광채,20230520,암,3017565,화룡특급,3013195,마을정원,,,API8_2
3107909,금빛신화,20230515,거,3017491,러너킹,3017569,한라강자,,,API8_2
3103443,금빛여제,20210220,암,3100061,-,3009534,백호화랑,,,API8_2
3107384,금빛탄생,20230314,암,3017491,러너킹,3014578,광명천사,,,API8_2
3104615,금지게,20220326,거,3013465,개벽신화,3017200,금비늘,,,API8_2
3103679,금쪽이,20210428,수,3102647,-,3100294,-,,,API8_2
3104284,금촌제일,20220323,거,3015597,일대태수,3012381,우주세상,,,API8_2
3107630,금화여신,20230428,암,3100316,-,3017725,금화,,,API8_2
3107372,기세찬,20230424,거,3017557,광명지존,3012799,강하여라,,,API8_2
3107896,기적소리,20230517,거,3102647,-,3100957,-,,,API8_2
3104794,기찬,20220130,거,3016994,태흥성,3011595,이사금,,,API8_2
3102296,기탄,20200522,거,3011321,전국비행,3013241,미래여신,,,API8_2
3109237,끝판왕,20240320,수,3009526,백두장사,3100818,-,,,API8_2
3103618,낙천군주,20210505,거,3016994,태흥성,3102651,-,,,API8_2
3101811,날려버려,20200501,거,3015451,튼튼세상,3011830,단미,,,API8_2
3105488,날려오라,20220415,암,3100127,-,3013908,별중별,,,API8_2
3107586,날려홈런,20230415,암,3018064,풍신,3013908,별중별,,,API8_2
3103871,남조로,20210404,거,3015875,꼬리별,3013278,불빛여신,,,API8_2
3109100,낭만비상,20240514,거,3100327,-,3013604,낭만소녀,,,API8_2
3109070,낭중지추,20240518,수,3015597,일대태수,3017818,흥부세상,,,API8_2
3104253,내사랑땡큐,20220414,암,3014517,너울,3018607,게나제나,,,API8_2
3107835,내온리더,20230331,거,3015597,일대태수,3015731,내온일호,,,API8_2
3107322,넘버원,20230419,수,3014974,터보킹,3013634,꽃봉오리,,,API8_2
3105239,네온빛,20220425,암,3015597,일대태수,3015731,내온일호,,,API8_2
3108143,노형로,20230315,거,3100032,-,3013278,불빛여신,,,API8_2
3104301,녹색왕자,20220419,거,3013695,황산벌,3015987,녹색비호,,,API8_2
3107551,녹원매직,20230218,거,3016320,청마시대,3013615,선양세상,,,API8_2
3104811,뉴저지,20220117,거,3009526,백두장사,3013338,회천맹주,,,API8_2
3104809,늘찬,20220502,암,3015597,일대태수,3016942,선풍도골,,,API8_2
3103742,다크루비,20210421,암,3009296,푸른대왕,3011957,백호명성,,,API8_2
3107484,다크천하,20230228,거,3016502,선양호,3011300,황용태후,,,API8_2
3104160,달빛소리,20220302,암,3009526,백두장사,3014328,달빛여신,,,API8_2
3101674,달빛순정,20200424,암,3013465,개벽신화,3015646,개성시대,,,API8_2
3102938,달빛영웅,20200306,거,3013465,개벽신화,3014328,달빛여신,,,API8_2
3107843,달빛처럼,20230501,암,3017491,러너킹,3017802,정우신조,,,API8_2
3018875,달의강자,20190418,거,3009526,백두장사,3011624,달공주,,,API8_2
3018801,달의여신,20180327,암,3009526,백두장사,3011624,달공주,,,API8_2
3107407,달의울림,20230410,암,3018280,멋진기상,3017778,달의찬가,,,API8_2
3018474,달의전사,20180421,수,3015223,제일용사,3013712,달의요정,,,API8_2
3107475,당대히트,20230405,암,3017491,러너킹,3018066,당대누리,,,API8_2
3102272,당산보스,20200228,거,3100327,-,3100809,-,,,API8_2
3104259,대군주,20220331,거,3015223,제일용사,3016909,희망의질주,,,API8_2
3107861,대기산,20230322,암,3018669,안덕최고,3010198,한라산,,,API8_2
3104785,대기성,20220213,암,3015723,만점왕,3017561,웅진성,,,API8_2
3104784,대기원,20220122,암,3015723,만점왕,3018319,웅진보배,,,API8_2
3104320,대길,20220126,암,3013465,개벽신화,3015327,한백천사,,,API8_2
3104732,대륙황후,20220405,암,3100327,-,3100925,-,,,API8_2
3103426,대방가,20210521,거,3016994,태흥성,3014966,영주신비,,,API8_2
3018038,대별왕,20170203,거,3009526,백두장사,3009375,선양요격기,,,API8_2
3104139,대보,20220410,암,3017565,화룡특급,3015393,천하여신,,,API8_2
3107543,대보름,20230211,암,3015597,일대태수,3016517,세계여전사,,,API8_2
3107298,대봉산,20230228,거,3015597,일대태수,3018793,성읍호,,,API8_2
3102589,대왕대군,20200220,거,3100327,-,3011714,황해여걸,,,API8_2
3108211,대왕비,20230526,암,3018933,오라태양,3018372,웅진의꿈,,,API8_2
3103231,대왕조,20190518,거,3009526,백두장사,3008242,코지바람,,,API8_2
3107584,대운,20230318,암,3100316,-,3016601,군림천하,,,API8_2
3017963,대장대부,20170103,거,3009526,백두장사,3100937,-,,,API8_2
3108951,대정챔프,20240208,암,3018933,오라태양,3018625,웅진챔프,,,API8_2
3107485,대지사랑,20230330,암,3017578,광해최고,3018200,황금보석,,,API8_2
3018074,대지열차,20170505,거,3100327,-,3008037,얼음꽃,,,API8_2
3109366,대지황후,20240409,암,3018896,삼다백호,3016188,호재,,,API8_2
3109332,대탄성,20240420,암,3101680,아자아자,3016601,군림천하,,,API8_2
3101834,대향연,20200425,거,3015875,꼬리별,3016253,신비로,,,API8_2
3108228,댄스몽키,20230422,수,3014998,제주협객,3100481,-,,,API8_2
3018491,더빠르게,20180309,거,3009526,백두장사,3014879,장한기상,,,API8_2
3109152,더스틴,20240312,암,3017491,러너킹,3014724,상록수,,,API8_2
3108234,덕산호령,20230403,거,3007168,명문왕자,3016390,덕산공주,,,API8_2
3018322,덤장파워,20170216,거,3011133,장백산,3100456,-,,,API8_2
3109004,도너리,20240328,수,3019043,사무사,3015956,금빛은빛,,,API8_2
3108062,도르멍오라,20230513,수,3102647,-,3100980,-,,,API8_2
3104314,도전성공,20220304,암,3015597,일대태수,3017157,달천,,,API8_2
3104688,도총부,20220410,거,3100327,-,3015677,초인,,,API8_2
3104105,독차지,20220114,암,3016320,청마시대,3009375,선양요격기,,,API8_2
3108965,돈마공주,20240606,암,3101680,아자아자,3018914,돈마여제,,,API8_2
3103495,돈마맨,20210517,수,3017320,탐라신비,3017321,돈마스타,,,API8_2
3104205,돈마비행,20220226,암,3015597,일대태수,3100485,-,,,API8_2
3104124,돈마세상,20220429,거,3016502,선양호,3012631,한백여걸,,,API8_2
3107571,돈마제트,20230227,거,3016994,태흥성,3100485,-,,,API8_2
3105271,돈마천하,20220703,거,3017320,탐라신비,3017321,돈마스타,,,API8_2
3103906,돈보따리,20210330,거,3016320,청마시대,3012965,와흘찬가,,,API8_2
3103596,돌격,20210507,수,3012419,종결자,3017264,온새미로,,,API8_2
3104703,돌격본능,20220420,거,3015307,명가황제,3018611,구미호,,,API8_2
3104782,돌격최강,20220209,거,3013465,개벽신화,3015428,일급수,,,API8_2
3103257,돌체,20210724,거,3005652,제주명성,3015641,연락선,,,API8_2
3109245,돌핀,20240428,거,3101680,아자아자,3015433,탐라대통,,,API8_2
3108219,동남풍,20230330,암,3017491,러너킹,3101889,별빛찬가,,,API8_2
3108456,동명황후,20230417,암,3101445,리스펙,3015998,동명왕,,,API8_2
3107930,동반자,20230607,암,3018280,멋진기상,3010180,변화무적,,,API8_2
3107611,동방불패,20230512,암,3016994,태흥성,3016876,상상불가,,,API8_2
3104642,동방빛,20220526,거,3010278,천년의힘,3100819,-,,,API8_2
3109456,동방히트,20240316,암,3018669,안덕최고,3018104,미듬의별,,,API8_2
3104260,동백천하,20220325,거,3015307,명가황제,3011094,백록왕비,,,API8_2
3107324,동백하늘,20230403,거,3013465,개벽신화,3011094,백록왕비,,,API8_2
3104067,동부파이터,20210329,수,3009526,백두장사,3016511,동부여걸,,,API8_2
3103781,동안질주,20210417,암,3100316,-,3016925,태양로드,,,API8_2
3108955,동추,20240413,암,3018933,오라태양,3015998,동명왕,,,API8_2
3101988,드림더킹,20200103,거,3016320,청마시대,3100937,-,,,API8_2
3103294,드림매직,20210314,거,3015875,꼬리별,3016895,한라왕후,,,API8_2
3102707,드림명성,20200311,거,3009296,푸른대왕,3011957,백호명성,,,API8_2
3103452,드림볼트,20210213,거,3009526,백두장사,3100818,-,,,API8_2
3107455,드림스타,20230321,거,3009526,백두장사,3100818,-,,,API8_2
3103929,드림히트,20210324,거,3009526,백두장사,3011777,새벽소리,,,API8_2
3109323,등고지혜,20240429,암,3018896,삼다백호,3016306,무한불성,,,API8_2
3108460,디아즈,20230330,암,3101445,리스펙,3015956,금빛은빛,,,API8_2
3104167,디아즈타임,20220121,수,3009296,푸른대왕,3018148,금빛축제,,,API8_2
3102526,똘이장군,20200516,거,3100316,-,3012631,한백여걸,,,API8_2
3018679,뚜벅이,20180310,거,3100061,-,3014648,마음이,,,API8_2
3103292,라스트타임,20210314,거,3100327,-,3017932,스카이런,,,API8_2
3107639,라온여제,20230413,암,3017491,러너킹,3017991,척사광,,,API8_2
3101444,라이덴,20190331,수,3100032,-,3011490,보금자리,,,API8_2
3103814,라인강,20210413,암,3017565,화룡특급,3015260,비룡석탑,,,API8_2
3108047,람바다,20230517,거,3015549,산도롱,3016391,천문조,,,API8_2
3107357,레드윙스,20230414,암,3018906,와일드송,3017885,강남대가,,,API8_2
3107565,레드크라운,20230101,암,3015875,꼬리별,3018107,정석대로,,,API8_2
3109060,렛츠고,20240305,암,3015597,일대태수,3012877,불면불휴,,,API8_2
3103795,로한,20210415,거,3015723,만점왕,3013337,태자비,,,API8_2
3107566,롱히트,20230228,암,3016994,태흥성,3100379,-,,,API8_2
3109069,루비황제,20240509,수,3019043,사무사,3017526,광아의루비,,,API8_2
3108443,리더형,20230404,거,3101922,우승가득,3010234,산의여신,,,API8_2
3107927,리듬블루,20230527,암,3017491,러너킹,3016650,리듬,,,API8_2
3103451,리듬황후,20210213,암,3100327,-,3012653,불멸의별,,,API8_2
3107921,리브킹,20230324,거,3009526,백두장사,3014255,멘토링,,,API8_2
3103672,리치디바인,20210429,거,3100527,-,3014077,선봉여신,,,API8_2
3103545,마고여신,20200405,암,3016475,빗고을,3100648,-,,,API8_2
3101513,마마골드,20200308,암,3015223,제일용사,3012509,현무여신,,,API8_2
3109298,마시프,20240506,거,3101680,아자아자,3018055,전국여왕,,,API8_2
3104580,마인드퀸,20220508,암,3015597,일대태수,3014808,마인드,,,API8_2
3107884,마조여신,20230223,암,3015597,일대태수,3012877,불면불휴,,,API8_2
3104696,마천루,20220506,암,3017491,러너킹,3014322,일등열차,,,API8_2
3105233,마천지,20220505,거,3100989,-,3015826,장백천지,,,API8_2
3104083,마패도끼,20220215,거,3009526,백두장사,3018104,미듬의별,,,API8_2
3104279,마패창,20220403,거,3014974,터보킹,3009600,선양황후,,,API8_2
3107577,마패호,20230211,거,3014974,터보킹,3018104,미듬의별,,,API8_2
3107903,만광,20230427,수,3100527,-,3018081,최고자랑,,,API8_2
3108666,만리질주,20240124,암,3017565,화룡특급,3017412,세그먼트,,,API8_2
3109195,만리홍,20240507,수,3018669,안덕최고,3018590,수산공주,,,API8_2
3103327,만복,20210610,거,3100316,-,3100579,-,,,API8_2
3108450,만석황후,20230426,암,3101445,리스펙,3012704,만석군주,,,API8_2
3109479,만장일치,20240423,수,3016320,청마시대,3016020,강한걸,,,API8_2
3108061,맞대결,20230520,거,3102647,-,3100314,-,,,API8_2
3108927,맞대응,20240521,수,3100327,-,3017327,중문여제,,,API8_2
3102288,매스틱,20200511,암,3016320,청마시대,3014178,저글링,,,API8_2
3109155,매의눈빛,20240524,거,3101680,아자아자,3011129,조롱벌,,,API8_2
3108141,매직미르,20230216,거,3100989,-,3016895,한라왕후,,,API8_2
3104172,멋지다,20220228,수,3016502,선양호,3016319,송악영웅,,,API8_2
3107505,멋진선택,20230408,수,3017565,화룡특급,3013503,정도,,,API8_2
3105272,메이저,20220224,암,3017565,화룡특급,3015435,자유바람,,,API8_2
3101705,멘탈,20190515,수,3012419,종결자,3011391,금반지,,,API8_2
3104757,명가소녀,20220508,암,3009526,백두장사,3017454,명가공주,,,API8_2
3018522,명가의힘,20180425,수,3009526,백두장사,3009796,명가승,,,API8_2
3103656,명가장사,20210430,거,3009526,백두장사,3017454,명가공주,,,API8_2
3102338,명문대부,20190502,거,3012419,종결자,3008948,명문귀족,,,API8_2
3107363,명성디아즈,20230512,암,3100316,-,3016368,진가발휘,,,API8_2
3104094,명성만리,20220106,거,3009526,백두장사,3007402,금나라,,,API8_2
3103385,명성스토리,20210227,암,3100327,-,3100941,-,,,API8_2
3107855,명성여신,20230411,암,3005652,제주명성,3018072,선물이,,,API8_2
3103791,명성여왕,20210416,암,3012419,종결자,3010234,산의여신,,,API8_2
3109083,명성장군,20240418,수,3100327,-,3016387,장타명성,,,API8_2
3104319,명성황제,20220114,거,3015223,제일용사,3016427,한라전설,,,API8_2
3017500,명인황제,20160308,거,3009526,백두장사,3006378,성공일호,,,API8_2
3109223,명품대로,20240401,수,3101680,아자아자,3018107,정석대로,,,API8_2
3102521,명품명장,20200527,거,3016320,청마시대,3015688,명품태후,,,API8_2
3102353,명품세계,20190528,수,3016320,청마시대,3015688,명품태후,,,API8_2
3103530,명품챔프,20210103,거,3009526,백두장사,3016044,맹모삼천,,,API8_2
3104085,명품최강,20220123,거,3009526,백두장사,3016044,맹모삼천,,,API8_2
3104135,명품최고,20220418,수,3017578,광해최고,3015057,녹색산맥,,,API8_2
3107549,명품하늘,20230215,수,3009526,백두장사,3011070,고도화,,,API8_2
3102470,명품함성,20200319,암,3100061,-,3013455,명품열차,,,API8_2
3102645,명품행진,20200609,거,3014974,터보킹,3009898,일출왕국,,,API8_2
3108146,모구리,20230315,수,3100032,-,3011777,새벽소리,,,API8_2
3104218,모나파크,20220414,수,3015875,꼬리별,3018055,전국여왕,,,API8_2
3108049,목선동,20230314,암,3016475,빗고을,3009315,명령자,,,API8_2
3102403,몬딱,20190422,수,3016320,청마시대,3008037,얼음꽃,,,API8_2
3109217,무량공처,20240313,거,3018228,남북대로,3016044,맹모삼천,,,API8_2
3107347,무림미소,20230406,암,3018228,남북대로,3017112,한라질주,,,API8_2
3104619,무림여왕,20220412,암,3100327,-,3100931,-,,,API8_2
3105495,무림왕자,20220403,거,3100327,-,3012437,여걸명장,,,API8_2
3108915,무림위너,20240404,암,3009526,백두장사,3018860,백호위너,,,API8_2
3107326,무림제일,20230301,거,3009526,백두장사,3018756,전국제일,,,API8_2
3109313,무림출격,20240409,암,3101680,아자아자,3018317,선봉출격,,,API8_2
3109340,무림타격,20240330,수,3101680,아자아자,3018666,선봉타격,,,API8_2
3109372,무림태후,20240228,암,3017491,러너킹,3011093,선봉태후,,,API8_2
3107312,무림통일,20230401,수,3100061,-,3100925,-,,,API8_2
3107604,무림평정,20230401,수,3009526,백두장사,3017504,백호평정,,,API8_2
3104281,무명전사,20220413,암,3100061,-,3017057,영원한,,,API8_2
3104072,무비공,20210408,암,3015223,제일용사,3018081,최고자랑,,,API8_2
3017143,무소불위,20150420,거,3100037,-,3013041,강한천둥,,,API8_2
3109153,무신,20240522,암,3019043,사무사,3016329,사랑가득,,,API8_2
3105248,무영천마,20220301,암,3013465,개벽신화,3018318,역대명성,,,API8_2
3103576,무장고,20210510,거,3009526,백두장사,3008037,얼음꽃,,,API8_2
3103477,무적명장,20210520,거,3017556,황해무적,3017284,엄지세상,,,API8_2
3102455,무주미소,20200702,암,3100327,-,3016227,영주산,,,API8_2
3104121,무주여신,20220408,암,3009526,백두장사,3014204,희망여걸,,,API8_2
3104741,무주영웅,20220415,암,3100127,-,3016860,진성여왕,,,API8_2
3108201,무진로,20230302,거,3017491,러너킹,3017880,신촌여행,,,API8_2
3109027,무패여장,20240527,암,3101680,아자아자,3016862,구시구중,,,API8_2
3105309,무한도전,20220228,수,3009526,백두장사,3016878,노을천사,,,API8_2
3107522,무한정벌,20230511,거,3017557,광명지존,3015774,무한행복,,,API8_2
3016573,문무태왕,20130510,거,3009526,백두장사,3008037,얼음꽃,,,API8_2
3109288,문주왕비,20230410,암,3017491,러너킹,3014196,문스톤,,,API8_2
3108241,미드필더,20230602,거,3009296,푸른대왕,3013896,성읍명성,,,API8_2
3104157,미듬행진,20220301,암,3014974,터보킹,3017824,미듬비상,,,API8_2
3103559,미래거포,20210512,거,3009526,백두장사,3013003,녹색여걸,,,API8_2
3016257,미래명장,20140228,거,3005652,제주명성,3100943,-,,,API8_2
3102255,미래세계,20200217,거,3100061,-,3014424,거문덕이,,,API8_2
3107830,미래아이,20230517,암,3018933,오라태양,3013996,미래사,,,API8_2
3109073,미래왕후,20240601,암,3018669,안덕최고,3013996,미래사,,,API8_2
3018657,미래제왕,20180401,거,3013695,황산벌,3100876,-,,,API8_2
3103689,미래추진,20210426,거,3009526,백두장사,3017406,트리플퀸,,,API8_2
3107871,미르왕자,20230326,거,3005652,제주명성,3011904,안덕보배,,,API8_2
3108946,미르황후,20240313,암,3005652,제주명성,3011904,안덕보배,,,API8_2
3018323,미소공원,20170211,거,3009526,백두장사,3010364,부귀,,,API8_2
3104186,미소진,20220430,암,3015223,제일용사,3013580,한백신화,,,API8_2
3104267,민강불패,20220421,거,3009526,백두장사,3015950,미리내,,,API8_2
3107488,민강의힘,20230408,거,3018896,삼다백호,3016891,측천무후,,,API8_2
3104576,바다왕자,20220510,수,3014974,터보킹,3016975,천금산,,,API8_2
3103609,바다황제,20210505,수,3014974,터보킹,3016975,천금산,,,API8_2
3107525,바다황후,20230508,암,3014974,터보킹,3016975,천금산,,,API8_2
3109377,바람오름,20240301,암,3015597,일대태수,3018556,신천백호,,,API8_2
3101660,바로고,20200313,암,3016320,청마시대,3014423,가리사니,,,API8_2
3107482,바리오름,20230313,암,3016502,선양호,3018112,달그림자,,,API8_2
3107608,발렌타인,20230410,암,3100316,-,3100378,-,,,API8_2
3107570,백금지사,20230308,암,3100327,-,3015327,한백천사,,,API8_2
3017859,백두고을,20160513,수,3009526,백두장사,3011218,노마지지,,,API8_2
3109010,백두노을,20240314,암,3009526,백두장사,3016878,노을천사,,,API8_2
3107491,백두명성,20230512,거,3018896,삼다백호,3017921,성산챔프,,,API8_2
3103934,백두비상,20210324,거,3015307,명가황제,3016946,트멍,,,API8_2
3103803,백두영웅,20210414,거,3100527,-,3100819,-,,,API8_2
3104640,백두전사,20220503,수,3100061,-,3017921,성산챔프,,,API8_2
3109002,백두전설,20240316,수,3009526,백두장사,3017290,삼다전설,,,API8_2
3109272,백두천지,20240412,수,3100316,-,3016319,송악영웅,,,API8_2
3104081,백두평정,20220103,거,3009526,백두장사,3012445,황해나루,,,API8_2
3107352,백두혈통,20230427,거,3011133,장백산,3100483,-,,,API8_2
3107912,백두히트,20230611,암,3009526,백두장사,3011999,한백평정,,,API8_2
3018884,백록군주,20190314,수,3009526,백두장사,3011797,백록현주,,,API8_2
3107607,백록챔프,20230323,암,3009526,백두장사,3011797,백록현주,,,API8_2
3103767,백록천주,20210419,암,3009526,백두장사,3016306,무한불성,,,API8_2
3103760,백록천하,20210419,수,3009526,백두장사,3011797,백록현주,,,API8_2
3107515,백록황후,20230430,암,3018228,남북대로,3009600,선양황후,,,API8_2
3104765,백룡여걸,20220424,암,3014739,설중매,3013176,바다풍경,,,API8_2
3103482,백룡의힘,20210519,거,3015451,튼튼세상,3011460,문화의힘,,,API8_2
3104183,백용해,20220318,수,3017565,화룡특급,3015326,하늘공주,,,API8_2
3109374,백호기,20240410,거,3017491,러너킹,3015646,개성시대,,,API8_2
3013375,백호보배,20100426,수,3005576,꿈바위,3008207,여걸작,,,API8_2
3103457,백호여걸,20210209,암,3100061,-,3018148,금빛축제,,,API8_2
3102615,백호전사,20200221,수,3009296,푸른대왕,3009534,백호화랑,,,API8_2
3107448,백화지왕,20230320,암,3009526,백두장사,3012120,하늘비상,,,API8_2
3015530,번개왕자,20130301,거,3009526,백두장사,3100803,-,,,API8_2
3102618,번개제왕,20190305,거,3100032,-,3100353,-,,,API8_2
3017660,범나비,20160501,수,3100982,-,3013455,명품열차,,,API8_2
3018408,별빛누리,20180214,수,3009526,백두장사,3014927,별빛축제,,,API8_2
3104321,별빛찬란,20220111,거,3009526,백두장사,3014927,별빛축제,,,API8_2
3107553,별빛천하,20230127,암,3018896,삼다백호,3014927,별빛축제,,,API8_2
3102939,별빛최강,20200215,거,3016320,청마시대,3014927,별빛축제,,,API8_2
3103787,보라매,20210416,거,3017556,황해무적,3011323,천지세대,,,API8_2
3107320,보화,20230418,거,3015597,일대태수,3100603,-,,,API8_2
3103349,볼트여왕,20210602,암,3016994,태흥성,3015918,비오톱,,,API8_2
3104719,봄나래,20220526,거,3016994,태흥성,3102144,-,,,API8_2
3109207,봉개강자,20240325,거,3100316,-,3013443,겸비,,,API8_2
3107899,봉래산,20230530,거,3014739,설중매,3018111,광아의여걸,,,API8_2
3108166,봉성태양,20230320,거,3013695,황산벌,3017330,봉성미래,,,API8_2
3103695,봉천수,20210425,수,3017565,화룡특급,3009220,장올목마,,,API8_2
3101898,북문대로,20200420,거,3016320,청마시대,3016368,진가발휘,,,API8_2
3107556,불꽃강자,20230306,거,3018896,삼다백호,3019000,불빛여걸,,,API8_2
3103407,불꽃신사,20210527,거,3009296,푸른대왕,3012576,바다여행,,,API8_2
3107416,불꽃천하,20230331,거,3013465,개벽신화,3018993,제주불꽃,,,API8_2
3103948,불범,20210320,수,3011133,장백산,3016279,가을향기,,,API8_2
3017944,불빛최강,20170305,거,3012382,쾌속장타,3009534,백호화랑,,,API8_2
3107863,불야성,20230418,수,3018933,오라태양,3016929,불꽃여신,,,API8_2
3107887,불패기상,20230517,암,3018280,멋진기상,3016926,이대도강,,,API8_2
3107838,붉은노을,20230412,거,3014517,너울,3013763,광화문,,,API8_2
3109416,붉은진주,20240407,암,3101680,아자아자,3015318,신흥강국,,,API8_2
3107302,브라더스,20230313,수,3013465,개벽신화,3010283,미니비행,,,API8_2
3103595,블랙강자,20210507,거,3009526,백두장사,3007313,녹색도시,,,API8_2
3109226,블랙문,20240215,암,3101680,아자아자,3011858,등선나루,,,API8_2
3107434,블랙비어드,20230120,거,3100316,-,3011858,등선나루,,,API8_2
3107295,블랙타이거,20230408,암,3017693,아라신화,3017679,경성황후,,,API8_2
3108992,블루아이,20240517,암,3101680,아자아자,3018611,구미호,,,API8_2
3107876,블루칸,20230402,거,3015597,일대태수,3018279,비룡미인,,,API8_2
3102268,비궁,20200228,암,3100061,-,3015615,스페이스,,,API8_2
3101740,비래천마,20200426,거,3100327,-,3014749,행복한,,,API8_2
3102610,비룡신공,20200310,거,3014739,설중매,3014724,상록수,,,API8_2
3105245,비룡진주,20220317,암,3015597,일대태수,3018279,비룡미인,,,API8_2
3107418,비상대로,20230507,암,3018228,남북대로,3017914,참세상,,,API8_2
3101281,비상신호,20180609,암,3100032,-,3013636,대륙군왕,,,API8_2
3109222,비상신화,20240224,암,3018934,오라태풍,3016683,황이명성,,,API8_2
3107554,비상질주,20230313,암,3018896,삼다백호,3014328,달빛여신,,,API8_2
3109220,비상천하,20240207,거,3018934,오라태풍,3013338,회천맹주,,,API8_2
3107462,비상특급,20230202,암,3018896,삼다백호,3018594,금빛소리,,,API8_2
3108142,비상호,20230306,암,3100032,-,3017498,백록여걸,,,API8_2
3018749,비천도해,20180424,거,3009526,백두장사,3014423,가리사니,,,API8_2
3107888,빈체로,20230315,거,3009526,백두장사,3018318,역대명성,,,API8_2
3107319,빛나는순간,20230419,암,3017491,러너킹,3018912,산자수명,,,API8_2
3104711,빛나라공주,20220501,암,3018228,남북대로,3016332,천년공주,,,API8_2
3018810,빛의기사,20180318,거,3012382,쾌속장타,3009196,정성,,,API8_2
3102954,빛의영웅,20200406,거,3100032,-,3010274,임금바위,,,API8_2
3108991,빛한나,20240508,암,3100032,-,3018775,황금향,,,API8_2
3107834,사계절,20230424,암,3100527,-,3017385,용담여신,,,API8_2
3109370,사군자,20240304,암,3100316,-,3015578,우당거목,,,API8_2
3107615,사라호,20230402,암,3017894,신의용병,3101293,-,,,API8_2
3104122,사랑바람,20220430,수,3017491,러너킹,3016329,사랑가득,,,API8_2
3107614,사랑이,20230420,거,3018896,삼다백호,3016329,사랑가득,,,API8_2
3018494,사상최강,20180503,거,3009526,백두장사,3100938,-,,,API8_2
3108056,산록대장,20230529,거,3011133,장백산,3100522,-,,,API8_2
3109448,산록바람,20230307,거,3015391,존재감,3018925,로켓,,,API8_2
3107622,산록여걸,20230501,암,3102647,-,3100958,-,,,API8_2
3107439,산마루,20230311,암,3017491,러너킹,3014724,상록수,,,API8_2
3107552,산울림,20230305,암,3016994,태흥성,3018568,지장샘,,,API8_2
3102307,산호섬,20190428,거,3016475,빗고을,3016253,신비로,,,API8_2
3107444,삼다누리,20230315,수,3017565,화룡특급,3016819,대업달성,,,API8_2
3017140,삼다비행,20150324,거,3101043,-,3012509,현무여신,,,API8_2
3018916,삼다열풍,20190314,거,3100032,-,3012648,좋은올레,,,API8_2
3107856,삼다일등,20230611,암,3018896,삼다백호,3014322,일등열차,,,API8_2
3017983,삼다장군,20160319,거,3011321,전국비행,3011391,금반지,,,API8_2
3104292,삼다퀸,20220219,암,3100327,-,3100818,-,,,API8_2
3104318,삼다킹,20220209,거,3009526,백두장사,3015748,해와달,,,API8_2
3014265,삼다황제,20110408,수,3010278,천년의힘,3008947,황태자비,,,API8_2
3018471,삼황오제,20180404,거,3100327,-,3015211,천주,,,API8_2
3108180,상승가도,20230514,암,3009526,백두장사,3015688,명품태후,,,API8_2
3107409,새꿈,20230402,거,3009526,백두장사,3017189,꼭지점,,,API8_2
3018797,새로운태양,20180325,거,3009526,백두장사,3014178,저글링,,,API8_2
3109227,새벽강자,20240218,거,3017491,러너킹,3017023,새벽찬가,,,API8_2
3109121,새벽노을,20240326,수,3015223,제일용사,3016892,색달공주,,,API8_2
3014773,새벽바람,20111223,거,3009526,백두장사,3100803,-,,,API8_2
3107541,새벽전설,20230102,수,3009526,백두장사,3012491,모두의꿈,,,API8_2
3104700,새벽종소리,20220502,암,3015597,일대태수,3017844,세기낭자,,,API8_2
3104093,새벽질주,20220101,수,3009526,백두장사,3100803,-,,,API8_2
3103475,새벽천하,20210129,거,3100327,-,3012491,모두의꿈,,,API8_2
3107924,색달대로,20230319,거,3017491,러너킹,3016892,색달공주,,,API8_2
3018999,색달미소,20180518,암,3100061,-,3011579,세계건각,,,API8_2
3107905,색달신화,20230429,암,3016994,태흥성,3017114,자유천사,,,API8_2
3107334,색달울림,20230423,거,3017558,상가으뜸,3017327,중문여제,,,API8_2
3102372,색달최고,20200308,거,3007357,최고훈장,3016892,색달공주,,,API8_2
3107602,색달파워,20230322,거,3017491,러너킹,3102128,-,,,API8_2
3017623,생각대로,20160420,거,3009526,백두장사,3013441,녹원의전사,,,API8_2
3105273,서귀명성,20220520,수,3009296,푸른대왕,3013896,성읍명성,,,API8_2
3102101,서부검객,20200511,거,3016320,청마시대,3011906,제주중심,,,API8_2
3103639,서부대장,20210502,거,3102647,-,3100227,-,,,API8_2
3103961,서부두,20210317,거,3009526,백두장사,3017694,장고도,,,API8_2
3104582,서부명장,20220511,거,3015307,명가황제,3011830,단미,,,API8_2
3104604,서부아이콘,20220505,암,3017578,광해최고,3011342,동구밭,,,API8_2
3102427,서부전사,20200521,거,3009296,푸른대왕,3015912,막강여전사,,,API8_2
3107875,서부제패,20230429,암,3018228,남북대로,3009360,태왕황후,,,API8_2
3018194,서부평정,20170513,거,3100508,-,3100643,-,,,API8_2
3109221,서사로,20240312,수,3101680,아자아자,3018083,광명시대,,,API8_2
3103597,서산히어로,20210507,암,3015307,명가황제,3012631,한백여걸,,,API8_2
3105302,서우태양,20220315,거,3016475,빗고을,3009315,명령자,,,API8_2
3107314,서유기,20230410,수,3013465,개벽신화,3017988,금촌여걸,,,API8_2
3103771,서풍질주,20210418,암,3017565,화룡특급,3012245,열린소망,,,API8_2
3104091,석안유심,20220201,암,3100327,-,3011858,등선나루,,,API8_2
3018460,선덕공주,20180404,암,3100032,-,3014944,선덕여왕,,,API8_2
3103372,선봉대,20210302,거,3009296,푸른대왕,3007249,연화왕비,,,API8_2
3104220,선봉여명,20220328,암,3100327,-,3011093,선봉태후,,,API8_2
3108214,선봉왕자,20230428,수,3009526,백두장사,3015521,선봉전설,,,API8_2
3102485,선봉장사,20200327,거,3009296,푸른대왕,3015521,선봉전설,,,API8_2
3101746,설향,20190418,암,3100316,-,3012878,진목,,,API8_2
3018219,성공기원,20170215,거,3009526,백두장사,3014144,황해비호,,,API8_2
3107638,성공신화,20230505,암,3018896,삼다백호,3014551,황해신천,,,API8_2
3103869,성공여신,20210405,암,3012866,계림동자,3014144,황해비호,,,API8_2
3018748,성공제일,20180221,거,3009526,백두장사,3006378,성공일호,,,API8_2
3104307,성공펀치,20220401,거,3014974,터보킹,3017360,샛별신화,,,API8_2
3103469,성산돌풍,20210201,거,3013465,개벽신화,3015428,일급수,,,API8_2
3108193,성안로드,20230503,거,3017982,아라강자,3016459,장백행진,,,API8_2
3104219,성취,20220418,거,3016502,선양호,3014883,철의여신,,,API8_2
3104277,세계왕자,20220411,거,3100327,-,3012610,장타세계,,,API8_2
3018106,세계의전설,20170417,거,3011133,장백산,3012150,세계의보물,,,API8_2
3103453,세계자랑,20210212,거,3015307,명가황제,3012610,장타세계,,,API8_2
3107850,세기강타,20230430,거,3017491,러너킹,3017455,고색창연,,,API8_2
3107902,세기선물,20230521,거,3018933,오라태양,3016862,구시구중,,,API8_2
3109055,세기자랑,20240507,암,3019043,사무사,3017455,고색창연,,,API8_2
3109026,세기폭풍,20240331,암,3015597,일대태수,3016772,금강시대,,,API8_2
3103729,세련미,20210422,암,3100316,-,3014800,그래비티,,,API8_2
3104799,세모다,20220430,거,3015723,만점왕,3018372,웅진의꿈,,,API8_2
3107454,세븐,20230321,거,3100327,-,3011036,제주장타,,,API8_2
3107390,세븐언더,20230518,수,3017565,화룡특급,3016759,천마공주,,,API8_2
3018738,세종태양,20180518,거,3100061,-,3015259,우승독주,,,API8_2
3107511,센돌이,20230418,거,3017558,상가으뜸,3017067,흑룡보배,,,API8_2
3104308,소나기,20220401,암,3017565,화룡특급,3014603,돌풍,,,API8_2
3101983,소나타,20200104,거,3015875,꼬리별,3011228,하늘빛,,,API8_2
3104287,소록번개,20220326,암,3100527,-,3016373,소록바람,,,API8_2
3107612,소록열풍,20230421,암,3018896,삼다백호,3016373,소록바람,,,API8_2
3103949,소록태풍,20210320,암,3100327,-,3016373,소록바람,,,API8_2
3108671,소문그대로,20220329,암,3017558,상가으뜸,3017968,소문대로,,,API8_2
3103588,소왕산,20210508,암,3016994,태흥성,3015460,리키파워,,,API8_2
3102580,수라왕,20200407,거,3013695,황산벌,3011177,갈색빛,,,API8_2
3104324,수리수리,20220220,암,3015307,명가황제,3014235,적토마,,,API8_2
3104565,수방사,20220514,거,3009526,백두장사,3017470,봉성여왕,,,API8_2
3104680,수비,20220506,수,3016994,태흥성,3012622,칠성대,,,API8_2
3017464,수사대,20160319,거,3009526,백두장사,3100818,-,,,API8_2
3107354,수상비,20230425,거,3017069,대력왕,3008201,용병전사,,,API8_2
3108190,수월로드,20230506,거,3017982,아라강자,3011183,당산군주,,,API8_2
3101520,수월용사,20200405,거,3100316,-,3015211,천주,,,API8_2
3107502,수자기,20230504,거,3016994,태흥성,3013072,신일류,,,API8_2
3102513,수호초,20190227,거,3100327,-,3007249,연화왕비,,,API8_2
3107514,순광비,20230328,거,3018228,남북대로,3017374,애월무적,,,API8_2
3108458,순식간,20230412,암,3101445,리스펙,3017264,온새미로,,,API8_2
3104669,슈퍼노바,20220417,거,3015597,일대태수,3101318,-,,,API8_2
3102674,슈퍼대세,20200426,거,3100032,-,3017406,트리플퀸,,,API8_2
3102209,슈퍼러너,20200518,거,3016320,청마시대,3008037,얼음꽃,,,API8_2
3109130,슈퍼스타,20240325,수,3016475,빗고을,3014288,녹의사자,,,API8_2
3107831,슛돌이,20230519,거,3016994,태흥성,3100118,-,,,API8_2
3107877,스마트,20230413,거,3016320,청마시대,3015610,별무반,,,API8_2
3104108,스타덤,20220117,암,3014974,터보킹,3017559,천추태후,,,API8_2
3109011,스톰킹덤,20240309,수,3017578,광해최고,3101577,발라카스,,,API8_2
3105484,스트롱캣,20220509,거,3016994,태흥성,3013109,수은등불,,,API8_2
3103580,스트롱포스,20210509,거,3100061,-,3016904,스트롱걸,,,API8_2
3104144,슬기돌이,20220502,거,3017509,명문전설,3013241,미래여신,,,API8_2
3104654,승리행,20220617,암,3100327,-,3014695,성공,,,API8_2
3016543,승일교,20140716,거,3101043,-,3008201,용병전사,,,API8_2
3104239,승전가,20220401,거,3009526,백두장사,3014145,대찬걸음,,,API8_2
3109054,승필승,20240403,거,3101680,아자아자,3014255,멘토링,,,API8_2
3018729,시긴트,20180521,거,3009526,백두장사,3012652,행운시간,,,API8_2
3107853,시종일관,20230514,거,3017565,화룡특급,3018706,신샛별,,,API8_2
3107333,신광야,20230312,암,3009526,백두장사,3016987,한백보배,,,API8_2
3103590,신대륙,20190503,수,3011199,철마,3013908,별중별,,,API8_2
3018143,신속한,20170527,거,3100061,-,3100905,-,,,API8_2
3103413,신수,20210525,거,3009526,백두장사,3016554,런닝,,,API8_2
3108052,신안으뜸,20230428,수,3016502,선양호,3018607,게나제나,,,API8_2
3103807,신천여제,20210413,암,3014974,터보킹,3017360,샛별신화,,,API8_2
3104163,신천황후,20220216,암,3100327,-,3018247,신천제일,,,API8_2
3105317,신통방통,20220408,거,3018288,강한파도,3016709,세계으뜸,,,API8_2
3104247,신화여신,20220310,암,3015597,일대태수,3013891,송악여신,,,API8_2
3107487,신화왕자,20230406,거,3015597,일대태수,3013891,송악여신,,,API8_2
3107867,신흥대정,20230418,거,3018933,오라태양,3017653,신흥명성,,,API8_2
3105287,신흥신화,20220226,거,3100327,-,3012653,불멸의별,,,API8_2
3109164,실로암,20240521,거,3018373,아브람,3014178,저글링,,,API8_2
3104206,쌍용백호,20220314,수,3016502,선양호,3009534,백호화랑,,,API8_2
3017642,쌍용신화,20160216,거,3012382,쾌속장타,3008207,여걸작,,,API8_2
3107447,쌍용퀸,20230228,암,3018896,삼다백호,3009534,백호화랑,,,API8_2
3110031,쏘아라하트,20240404,수,3018896,삼다백호,3018036,해찬나래,,,API8_2
3104203,아고라,20220326,거,3017491,러너킹,3011035,한라세상,,,API8_2
3104692,아그배,20220503,거,3015597,일대태수,3015820,청춘매력,,,API8_2
3104283,아라리오,20220407,암,3100327,-,3014290,두가시,,,API8_2
3108113,아라별,20230221,암,3100032,-,3012653,불멸의별,,,API8_2
3107864,아라전설,20230516,수,3018933,오라태양,3017540,아라,,,API8_2
3104261,아라천마,20220413,거,3015597,일대태수,3014282,새로운돌풍,,,API8_2
3104317,아름나,20220228,암,3100327,-,3016374,삼다평정,,,API8_2
3104129,아름답다,20220410,암,3015223,제일용사,3010374,일자천금,,,API8_2
3103899,아리향,20210331,암,3015723,만점왕,3011035,한라세상,,,API8_2
3103887,아신,20210402,수,3015723,만점왕,3017540,아라,,,API8_2
3109094,아츄,20240509,암,3019043,사무사,3017540,아라,,,API8_2
3103615,아카사니,20210505,암,3009526,백두장사,3014423,가리사니,,,API8_2
3104290,아크,20220228,수,3017491,러너킹,3014879,장한기상,,,API8_2
3107497,야말,20230503,암,3016502,선양호,3101768,-,,,API8_2
3101849,양대전설,20200411,거,3100316,-,3100422,-,,,API8_2
3104115,양대진품,20220422,암,3018280,멋진기상,3100422,-,,,API8_2
3107436,어마장장,20230310,수,3017491,러너킹,3017976,두리누리,,,API8_2
3104134,어부바,20220322,암,3014974,터보킹,3016946,트멍,,,API8_2
3101734,어스칼,20200321,거,3016320,청마시대,3015650,웅비여걸,,,API8_2
3017473,어정적기,20160331,거,3011321,전국비행,3011797,백록현주,,,API8_2
3104132,어정청,20220305,암,3015307,명가황제,3015578,우당거목,,,API8_2
3104594,엉또왕자,20220424,수,3007357,최고훈장,3012793,불빛세상,,,API8_2
3107316,에스프리,20230420,거,3016320,청마시대,3018789,녹색여왕,,,API8_2
3107506,엔딩요정,20230407,암,3014517,너울,3016954,황해여신,,,API8_2
3107885,엘레강스,20230603,암,3015597,일대태수,3013712,달의요정,,,API8_2
3103637,엘리트강자,20210502,암,3016994,태흥성,3013503,정도,,,API8_2
3107866,여걸챔프,20230222,암,3018669,안덕최고,3018625,웅진챔프,,,API8_2
3108461,여일지승,20230505,암,3016113,서우봉,3016828,작은새,,,API8_2
3105298,여포장사,20220519,거,3015597,일대태수,3011460,문화의힘,,,API8_2
3019040,역발산,20190507,수,3016475,빗고을,3014288,녹의사자,,,API8_2
3103842,연대기,20210409,암,3016994,태흥성,3013551,대천문,,,API8_2
3109219,연삼로,20240225,거,3018934,오라태풍,3017953,새벽시대,,,API8_2
3102630,연소,20200510,거,3009296,푸른대왕,3016554,런닝,,,API8_2
3102472,연화왕자,20200227,거,3100061,-,3007249,연화왕비,,,API8_2
3107460,영도번개,20230329,거,3018896,삼다백호,3100048,-,,,API8_2
3018073,영상대부,20170518,거,3012382,쾌속장타,3100883,-,,,API8_2
3107913,영웅대정,20230413,거,3018933,오라태양,3015698,영웅소리,,,API8_2
3101784,영웅변신,20200420,거,3009296,푸른대왕,3013337,태자비,,,API8_2
3103607,영웅본색,20210506,거,3100061,-,3016678,일장춘몽,,,API8_2
3103305,영웅퀸,20210312,암,3009526,백두장사,3017805,강한대로,,,API8_2
3105238,영웅킹,20220328,거,3009526,백두장사,3017805,강한대로,,,API8_2
3103322,영원최고,20210306,거,3015307,명가황제,3009569,늘빛푸른,,,API8_2
3105242,영지신,20220330,암,3013465,개벽신화,3012250,당산봉,,,API8_2
3109196,예쁘다,20240218,암,3100327,-,3016909,희망의질주,,,API8_2
3107371,오도롱,20230316,암,3017074,힐링타운,3016946,트멍,,,API8_2
3104791,오등동,20220205,수,3014974,터보킹,3018083,광명시대,,,API8_2
3018909,오라드림,20190301,거,3100032,-,3100818,-,,,API8_2
3102262,오라정월,20200125,거,3100032,-,3010198,한라산,,,API8_2
3018933,오라태양,20190301,수,3009526,백두장사,3015724,한백황후,,,API8_2
3107631,오룡거,20230426,거,3015597,일대태수,3100007,-,,,API8_2
3107457,오백공주,20230324,암,3017491,러너킹,3018623,제주물결,,,API8_2
3107391,오백선녀,20230518,암,3015597,일대태수,3102144,-,,,API8_2
3107423,온누리,20220408,암,3100061,-,3013363,백호태후,,,API8_2
3107832,온언더,20230427,거,3015597,일대태수,3015260,비룡석탑,,,API8_2
3104141,올인원,20210330,암,3015391,존재감,3100481,-,,,API8_2
3104611,와흘호,20220520,수,3015597,일대태수,3017206,제일일호,,,API8_2
3018812,완벽세대,20180422,암,3100327,-,3013455,명품열차,,,API8_2
3103879,용감무쌍,20210403,수,3009526,백두장사,3009372,은하평정,,,API8_2
3108661,용강,20230210,거,3009296,푸른대왕,3018083,광명시대,,,API8_2
3108125,용강아리아,20230209,암,3009526,백두장사,3014979,진리의힘,,,API8_2
3104610,용달이,20220408,수,3016502,선양호,3016749,당대황후,,,API8_2
3104674,용담챔프,20220415,거,3009296,푸른대왕,3017385,용담여신,,,API8_2
3103864,용담천하,20210405,거,3100061,-,3017385,용담여신,,,API8_2
3109214,용두산,20240315,암,3018002,진선진미,3017920,황후시대,,,API8_2
3107397,용등마,20230520,수,3017565,화룡특급,3018348,소문만래,,,API8_2
3108102,용머루,20230202,거,3014974,터보킹,3014937,선구자,,,API8_2
3109283,용의승천,20240319,암,3019043,사무사,3018674,용병여신,,,API8_2
3018940,용천호우,20190519,거,3016475,빗고을,3100810,-,,,API8_2
3103398,용트림,20210223,거,3009526,백두장사,3100883,-,,,API8_2
3108469,용호지자,20230304,수,3100316,-,3015362,흑단비,,,API8_2
3109120,우공이산,20240602,수,3017565,화룡특급,3018418,신의명성,,,API8_2
3103388,우당대목,20210226,거,3016475,빗고을,3015578,우당거목,,,API8_2
3107299,우대산,20230305,거,3009296,푸른대왕,3018781,성읍대가,,,API8_2
3104713,우승기운,20220601,수,3100327,-,3016783,흥미진진,,,API8_2
3107523,우승맞이,20230511,암,3016994,태흥성,3102152,-,,,API8_2
3104592,우아우아,20220331,암,3016475,빗고을,3016634,교우이신,,,API8_2
3104254,우화,20220419,암,3015597,일대태수,3009541,역대명장,,,API8_2
3109403,운명,20240105,암,3017491,러너킹,3018820,오라해피,,,API8_2
3103963,운주자랑,20210317,거,3016320,청마시대,3012121,선양왕비,,,API8_2
3105515,울란바토르,20220302,거,3017565,화룡특급,3100688,-,,,API8_2
3103557,웅비성,20210512,거,3015307,명가황제,3012697,간드락,,,API8_2
3103937,웅비최강,20210322,거,3013465,개벽신화,3015650,웅비여걸,,,API8_2
3109518,웅지바람,20220605,암,3015391,존재감,3016579,미래창출,,,API8_2
3018067,웅진대성,20170329,거,3005652,제주명성,3100943,-,,,API8_2
3109076,웅진루키,20240224,수,3018669,안덕최고,3019028,오라루키,,,API8_2
3108952,웅진리한,20240226,수,3018933,오라태양,3018572,웅진리더,,,API8_2
3109099,웅진미소,20240329,수,3016475,빗고을,3018345,미소전략,,,API8_2
3104800,웅진불사,20220228,수,3015875,꼬리별,3016929,불꽃여신,,,API8_2
3017563,웅진신화,20160420,거,3014739,설중매,3013388,어승매,,,API8_2
3104801,웅진아성,20220220,수,3015723,만점왕,3017540,아라,,,API8_2
3104805,웅진영웅,20220419,거,3100032,-,3015698,영웅소리,,,API8_2
3104803,웅진한라,20220214,거,3100032,-,3010198,한라산,,,API8_2
3014189,원당봉,20110416,거,3009296,푸른대왕,3100937,-,,,API8_2
3104683,원당불패,20220221,수,3014974,터보킹,3015724,한백황후,,,API8_2
3107845,원더보스,20230531,암,3013465,개벽신화,3008947,황태자비,,,API8_2
3104564,원더풀대양,20220611,거,3017491,러너킹,3011999,한백평정,,,API8_2
3015726,원동파워,20130425,거,3009526,백두장사,3100930,-,,,API8_2
3016744,원동히트,20140327,거,3007168,명문왕자,3011999,한백평정,,,API8_2
3104656,원중원,20220403,거,3009526,백두장사,3014255,멘토링,,,API8_2
3107932,원평가속도,20220407,거,3018064,풍신,3014588,불사신,,,API8_2
3104295,원평여걸,20220206,암,3015307,명가황제,3015916,광명의여신,,,API8_2
3107892,월광,20230521,암,3018906,와일드송,3014942,해파랑,,,API8_2
3107580,월광검,20230401,암,3016994,태흥성,3013021,잎새,,,API8_2
3104766,월평천하,20220519,거,3009526,백두장사,3100941,-,,,API8_2
3109231,위너포스,20240212,거,3017491,러너킹,3016895,한라왕후,,,API8_2
3109119,위대한야망,20240528,수,3009526,백두장사,3017980,제천대성,,,API8_2
3107304,위하여,20230411,수,3018896,삼다백호,3015233,불사조,,,API8_2
3105327,윈드파이터,20220624,거,3009526,백두장사,3018908,젊은미소,,,API8_2
3107591,윙크,20230430,암,3016994,태흥성,3102657,-,,,API8_2
3103920,유달리,20210325,거,3016994,태흥성,3100007,-,,,API8_2
3107303,유린청,20230310,암,3015597,일대태수,3018146,장전열매,,,API8_2
3018862,유명세,20190325,거,3015307,명가황제,3100883,-,,,API8_2
3102316,유비군자,20190523,거,3016475,빗고을,3100524,-,,,API8_2
3107336,유수여신,20230418,암,3015307,명가황제,3013416,유수명물,,,API8_2
3017017,유수히어로,20150503,거,3012382,쾌속장타,3013339,한백명성,,,API8_2
3107582,육탄시대,20230330,거,3009526,백두장사,3012648,좋은올레,,,API8_2
3109420,육탄왕,20240329,거,3014974,터보킹,3012648,좋은올레,,,API8_2
3018186,육탄왕자,20170324,거,3009526,백두장사,3012648,좋은올레,,,API8_2
3104170,육탄질주,20220307,거,3014974,터보킹,3012648,좋은올레,,,API8_2
3104635,윤슬,20220530,암,3014974,터보킹,3012668,천문산,,,API8_2
3015728,으뜸공신,20130312,거,3005652,제주명성,3100943,-,,,API8_2
3104697,으뜸여신,20220504,암,3100327,-,3015211,천주,,,API8_2
3018668,으뜸영웅,20180504,거,3005652,제주명성,3100943,-,,,API8_2
3104603,으뜸천하,20220512,거,3011133,장백산,3016391,천문조,,,API8_2
3105503,은빛강자,20220503,수,3012866,계림동자,3015900,은빛요정,,,API8_2
3107858,은빛여우,20230517,암,3011133,장백산,3100108,-,,,API8_2
3104176,은패명주,20220319,암,3015597,일대태수,3014983,청마독주,,,API8_2
3109154,은하별,20240221,수,3015597,일대태수,3018568,지장샘,,,API8_2
3108943,은하성,20240227,암,3018933,오라태양,3017561,웅진성,,,API8_2
3103835,은하왕자,20210410,거,3017509,명문전설,3013315,은하여왕,,,API8_2
3104143,은하전설,20220425,암,3017509,명문전설,3013315,은하여왕,,,API8_2
3107904,이글스,20230328,암,3100316,-,3016904,스트롱걸,,,API8_2
3107842,이글킹,20230401,거,3017491,러너킹,3017797,정우천신,,,API8_2
3018069,이룰성,20170426,거,3011321,전국비행,3013337,태자비,,,API8_2
3102254,인자무적,20200217,거,3100327,-,3017023,새벽찬가,,,API8_2
3018052,일급비상,20170504,거,3009526,백두장사,3012120,하늘비상,,,API8_2
3102011,일단고,20200501,거,3014974,터보킹,3017008,여제,,,API8_2
3016908,일대강자,20150301,거,3012419,종결자,3009534,백호화랑,,,API8_2
3105283,일대명성,20220521,수,3015597,일대태수,3017284,엄지세상,,,API8_2
3105279,일대왕자,20220129,거,3013465,개벽신화,3017701,일대신화,,,API8_2
3015919,일류어천,20130503,거,3009526,백두장사,3011777,새벽소리,,,API8_2
3104182,일류왕,20220301,거,3016320,청마시대,3010449,일류군왕,,,API8_2
3102568,일류천하,20190426,거,3016475,빗고을,3100648,-,,,API8_2
3018658,일사만리,20180513,거,3015307,명가황제,3012486,한백여장,,,API8_2
3017791,일사십리,20160524,거,3007168,명문왕자,3012486,한백여장,,,API8_2
3108885,일위도강,20220428,거,3015307,명가황제,3016822,제왕오름,,,API8_2
3105244,일진,20220503,거,3018228,남북대로,3100355,-,,,API8_2
3107839,일출봉,20230405,거,3009296,푸른대왕,3012012,여제,,,API8_2
3103770,일품가속,20210418,수,3016502,선양호,3013363,백호태후,,,API8_2
3104649,일품걸,20220520,암,3016994,태흥성,3015581,앙상블,,,API8_2
3103874,일품성,20210404,거,3016994,태흥성,3013109,수은등불,,,API8_2
3104127,일품스톰,20220423,거,3016994,태흥성,3015225,서부대로,,,API8_2
3109274,일품히트,20230325,암,3013465,개벽신화,3015428,일급수,,,API8_2
3107585,자강,20230418,암,3015597,일대태수,3011323,천지세대,,,API8_2
3101569,자유날개,20200330,거,3005652,제주명성,3010732,천지왕,,,API8_2
3103947,자유시대,20210320,거,3015723,만점왕,3014577,포부,,,API8_2
3108104,자유여신,20220516,암,3100061,-,3018746,일대전함,,,API8_2
3105286,자유연대,20220507,암,3017565,화룡특급,3017114,자유천사,,,API8_2
3103951,자유열매,20210320,거,3005652,제주명성,3010732,천지왕,,,API8_2
3107588,자크르,20230420,거,3017509,명문전설,3016338,용연향,,,API8_2
3104249,잘나가,20220410,거,3018061,특급용병,3016759,천마공주,,,API8_2
3104278,장만월,20220410,암,3011133,장백산,3010274,임금바위,,,API8_2
3104300,장인의빛,20220420,암,3015875,꼬리별,3017725,금화,,,API8_2
3107874,장전고수,20230411,거,3018228,남북대로,3012652,행운시간,,,API8_2
3103962,장전공주,20210317,암,3100327,-,3009360,태왕황후,,,API8_2
3109388,장전미래,20240420,암,3018228,남북대로,3011820,초록하늘,,,API8_2
3104309,장타공주,20220405,암,3100316,-,3016387,장타명성,,,API8_2
3103401,장타군주,20210222,수,3009526,백두장사,3011036,제주장타,,,API8_2
3107886,장타로,20230426,암,3018896,삼다백호,3016125,강포,,,API8_2
3107836,장타백호,20230421,암,3018896,삼다백호,3016387,장타명성,,,API8_2
3104211,장타신화,20220227,암,3009526,백두장사,3018306,돌풍신화,,,API8_2
3104299,장타일류,20220327,거,3011133,장백산,3014844,통치자,,,API8_2
3102943,장타최강,20200225,거,3100061,-,3011036,제주장타,,,API8_2
3107483,장타퀸,20230315,암,3016502,선양호,3014844,통치자,,,API8_2
3104302,장타호령,20220416,수,3017565,화룡특급,3013503,정도,,,API8_2
3105022,재게재게,20220504,수,3100219,-,3100228,-,,,API8_2
3107373,적통자,20230515,거,3015307,명가황제,3015727,한줄기,,,API8_2
3107521,전국로,20230510,암,3017491,러너킹,3018055,전국여왕,,,API8_2
3104675,전국챔프,20220422,거,3100327,-,3017452,전국시대,,,API8_2
3109427,전농로,20240320,암,3009526,백두장사,3011797,백록현주,,,API8_2
3102840,전농미르,20190304,거,3100327,-,3011036,제주장타,,,API8_2
3109235,전농볼트,20240406,거,3101680,아자아자,3015748,해와달,,,API8_2
3103384,전농최고,20210227,거,3009526,백두장사,3014844,통치자,,,API8_2
3101904,전농혁신,20190428,거,3100032,-,3014844,통치자,,,API8_2
3107430,전농황제,20230214,거,3009526,백두장사,3015748,해와달,,,API8_2
3107919,전설대로,20230314,암,3009526,백두장사,3017805,강한대로,,,API8_2
3108144,전설마루,20230306,거,3100989,-,3017953,새벽시대,,,API8_2
3018893,전설마을,20190501,거,3015223,제일용사,3008201,용병전사,,,API8_2
3018571,전설무적,20180517,수,3009526,백두장사,3011904,안덕보배,,,API8_2
3104747,전설바람,20220515,수,3015597,일대태수,3018348,소문만래,,,API8_2
3103728,전설신검,20210422,암,3015549,산도롱,3018053,청귤,,,API8_2
3101558,전설파도,20200323,수,3016475,빗고을,3100280,-,,,API8_2
3109163,전승맨,20240403,거,3101680,아자아자,3100579,-,,,API8_2
3104068,전승소녀,20210305,암,3009526,백두장사,3017020,동화로,,,API8_2
3107369,전승스타,20230425,암,3015597,일대태수,3100524,-,,,API8_2
3107394,전승퀸,20230425,암,3015597,일대태수,3014023,공중정원,,,API8_2
3107530,전천후,20230316,수,3015597,일대태수,3013951,을지무적,,,API8_2
3018048,절대권력,20170321,거,3009526,백두장사,3013441,녹원의전사,,,API8_2
3017096,절대적,20150331,거,3009526,백두장사,3100818,-,,,API8_2
3109257,정면대결,20240502,거,3011133,장백산,3018008,정면승부,,,API8_2
3017780,정우일품,20160225,거,3007168,명문왕자,3011036,제주장타,,,API8_2
3105329,정우질주,20220219,거,3014974,터보킹,3017797,정우천신,,,API8_2
3108451,제성로,20230602,암,3017069,대력왕,3012076,빛나,,,API8_2
3109183,제성백호,20240520,수,3017565,화룡특급,3015460,리키파워,,,API8_2
3108453,제성환호,20230420,암,3017069,대력왕,3014087,옥매화,,,API8_2
3107461,제우스,20230223,거,3018896,삼다백호,3015650,웅비여걸,,,API8_2
3103931,제이킹,20210324,거,3014974,터보킹,3012120,하늘비상,,,API8_2
3104097,제일강자,20220101,거,3009526,백두장사,3012491,모두의꿈,,,API8_2
3103831,제일명,20210410,암,3012419,종결자,3015210,진격거인,,,API8_2
3109358,제주미녀,20240424,암,3101445,리스펙,3015756,설화수,,,API8_2
3103420,제주보이,20210523,수,3014517,너울,3012715,광명미소,,,API8_2
3107406,제주소리,20230410,거,3018280,멋진기상,3016358,삼다열전,,,API8_2
3104591,제주전사,20220425,거,3011133,장백산,3008201,용병전사,,,API8_2
3017566,제주제왕,20160511,거,3012382,쾌속장타,3100939,-,,,API8_2
3105267,제주짱,20220309,거,3015597,일대태수,3012877,불면불휴,,,API8_2
3107846,종횡무진,20230515,거,3018228,남북대로,3017200,금비늘,,,API8_2
3108121,좋구나,20230327,거,3015597,일대태수,3100544,-,,,API8_2
3107428,주마녀,20230213,수,3009526,백두장사,3014879,장한기상,,,API8_2
3104099,중문전사,20220220,거,3014974,터보킹,3016707,마법천자,,,API8_2
3105277,지고지상,20220128,암,3100327,-,3100810,-,,,API8_2
3104630,지구,20220504,거,3012866,계림동자,3014986,찬사,,,API8_2
3104678,지구여신,20220417,암,3100327,-,3016954,황해여신,,,API8_2
3104682,지구용사,20220221,거,3100327,-,3013763,광화문,,,API8_2
3104581,지리산,20220508,암,3015597,일대태수,3015460,리키파워,,,API8_2
3104729,지배자,20220429,암,3100989,-,3017990,강한대세,,,API8_2
3107513,지원대장,20230506,거,3017491,러너킹,3013457,느낌표,,,API8_2
3101601,지존무상,20190403,수,3014974,터보킹,3014648,마음이,,,API8_2
3102123,지존보배,20190504,거,3015223,제일용사,3012486,한백여장,,,API8_2
3107536,지존여걸,20230419,암,3015549,산도롱,3015211,천주,,,API8_2
3107442,지존황제,20230317,거,3016320,청마시대,3012121,선양왕비,,,API8_2
3108177,지화자,20230408,암,3018288,강한파도,3016709,세계으뜸,,,API8_2
3107828,직진기,20230517,암,3015597,일대태수,3011200,탐라의영광,,,API8_2
3103622,진검승부,20210504,거,3014739,설중매,3015998,동명왕,,,API8_2
3104814,진격,20220421,암,3015597,일대태수,3011323,천지세대,,,API8_2
3104562,진덕여왕,20220524,암,3100061,-,3015688,명품태후,,,API8_2
3104684,진면목,20220502,거,3016994,태흥성,3017358,용설란,,,API8_2
3107524,진짜로,20230520,암,3016994,태흥성,3018201,올레특급,,,API8_2
3103315,진한파도,20210308,거,3009526,백두장사,3013599,새일꾼,,,API8_2
3103748,질풍태양,20210420,수,3014739,설중매,3015063,순수혈통,,,API8_2
3107897,차크라,20230517,수,3011133,장백산,3100451,-,,,API8_2
3105234,찬누리,20220430,거,3005652,제주명성,3011183,당산군주,,,API8_2
3102279,찬스강,20200301,거,3015223,제일용사,3014255,멘토링,,,API8_2
3018889,찬스왕,20190202,거,3015223,제일용사,3007402,금나라,,,API8_2
3107621,찬슬,20230501,거,3102647,-,3100618,-,,,API8_2
3102106,참나리,20200417,거,3015875,꼬리별,3011624,달공주,,,API8_2
3103743,참돌이,20210420,거,3015307,명가황제,3008201,용병전사,,,API8_2
3107339,창조자,20230409,수,3015597,일대태수,3017207,제일공주,,,API8_2
3107563,처용전사,20230205,암,3100316,-,3015325,본연,,,API8_2
3104643,천년강자,20220517,수,3018228,남북대로,3011048,천년비행,,,API8_2
3104789,천년수,20220505,거,3015597,일대태수,3016401,백년지기,,,API8_2
3018716,천년약속,20170528,거,3100327,-,3011161,멋진우리,,,API8_2
3104672,천년여왕,20220503,암,3100327,-,3100378,-,,,API8_2
3105502,천년의꿈,20220501,거,3016320,청마시대,3011161,멋진우리,,,API8_2
3107907,천도수,20230627,암,3014974,터보킹,3012668,천문산,,,API8_2
3107414,천둥나래,20230330,암,3009526,백두장사,3018769,역대제일,,,API8_2
3104161,천둥소리,20220201,수,3017491,러너킹,3018594,금빛소리,,,API8_2
3107359,천리질주,20230504,암,3016320,청마시대,3012965,와흘찬가,,,API8_2
3107345,천마보배,20230424,암,3018280,멋진기상,3017605,보석코지,,,API8_2
3107318,천마스텝,20230417,거,3015597,일대태수,3016500,굿스텝,,,API8_2
3107356,천마스톰,20230502,거,3100527,-,3017432,탐라제일,,,API8_2
3107599,천마신화,20230419,암,3017491,러너킹,3014427,눈빛발사,,,API8_2
3103900,천마용사,20210331,수,3016994,태흥성,3014983,청마독주,,,API8_2
3107632,천마일호,20230428,거,3015597,일대태수,3017503,한경보배,,,API8_2
3107575,천마특급,20230402,암,3017565,화룡특급,3013711,대비행,,,API8_2
3107433,천명자,20230213,수,3018906,와일드송,3018434,삼광,,,API8_2
3102292,천문신동,20200502,거,3010278,천년의힘,3016391,천문조,,,API8_2
3102752,천비왕자,20200616,거,3014974,터보킹,3007402,금나라,,,API8_2
3103693,천산,20210425,거,3014974,터보킹,3012668,천문산,,,API8_2
3107573,천상비,20230219,암,3015597,일대태수,3017157,달천,,,API8_2
3104812,천상비룡,20220302,거,3100032,-,3011777,새벽소리,,,API8_2
3108236,천상비마,20230502,암,3012419,종결자,3012715,광명미소,,,API8_2
3109215,천상연화,20240227,암,3018934,오라태풍,3011777,새벽소리,,,API8_2
3104790,천상의별,20220324,거,3015875,꼬리별,3017953,새벽시대,,,API8_2
3108145,천상태양,20230126,거,3100032,-,3013338,회천맹주,,,API8_2
3109232,천상패왕,20240308,거,3018934,오라태풍,3013278,불빛여신,,,API8_2
3103901,천억봉,20210331,수,3007357,최고훈장,3012793,불빛세상,,,API8_2
3107410,천왕봉,20230526,거,3015597,일대태수,3015460,리키파워,,,API8_2
3108041,천외천,20230405,암,3014517,너울,3014288,녹의사자,,,API8_2
3017483,천일수,20160413,거,3009526,백두장사,3012668,천문산,,,API8_2
3018559,천지대부,20180420,거,3009526,백두장사,3008948,명문귀족,,,API8_2
3018117,천지대장,20170516,거,3100316,-,3013176,바다풍경,,,API8_2
3105275,천지여왕,20220304,암,3005652,제주명성,3010732,천지왕,,,API8_2
3108677,천지영웅,20240124,거,3018896,삼다백호,3015724,한백황후,,,API8_2
3104599,천지장군,20220512,거,3100327,-,3017066,선광공주,,,API8_2
3102094,천지태왕,20200416,거,3011321,전국비행,3008201,용병전사,,,API8_2
3107609,천지태풍,20230515,거,3015875,꼬리별,3101156,-,,,API8_2
3104084,천추만대,20220204,암,3014974,터보킹,3016286,한라정복,,,API8_2
3107546,천추왕후,20230204,암,3014974,터보킹,3017559,천추태후,,,API8_2
3107417,천태산,20230510,거,3018228,남북대로,3011048,천년비행,,,API8_2
3102482,천하군자,20200512,거,3016320,청마시대,3100938,-,,,API8_2
3102688,천하독존,20200715,거,3016475,빗고을,3100810,-,,,API8_2
3107533,천하무적,20230403,거,3009526,백두장사,3100938,-,,,API8_2
3102958,천하비상,20200405,거,3014974,터보킹,3012120,하늘비상,,,API8_2
3107469,천하여걸,20230310,암,3018906,와일드송,3018827,하얀미소,,,API8_2
3107590,천하일품,20230425,거,3018896,삼다백호,3015578,우당거목,,,API8_2
3107512,천하제일,20230413,거,3018906,와일드송,3017435,특급스타,,,API8_2
3103356,천하제패,20210529,거,3009526,백두장사,3100938,-,,,API8_2
3105264,천하짱,20220308,수,3015597,일대태수,3013951,을지무적,,,API8_2
3109110,천하통일,20240302,거,3019043,사무사,3013560,황제의딸,,,API8_2
3107597,천하평정,20230413,수,3018906,와일드송,3009372,은하평정,,,API8_2
3103645,천황후,20210501,암,3009296,푸른대왕,3016391,천문조,,,API8_2
3103943,철선녀,20210321,암,3100989,-,3014879,장한기상,,,API8_2
3014895,철옹성,20120330,거,3012419,종결자,3100818,-,,,API8_2
3101652,청룡도,20190415,거,3016475,빗고을,3014290,두가시,,,API8_2
3107353,청룡바람,20230324,거,3017491,러너킹,3014944,선덕여왕,,,API8_2
3109147,청룡별,20240422,암,3019043,사무사,3014944,선덕여왕,,,API8_2
3103690,청룡불빛,20210426,거,3009526,백두장사,3014944,선덕여왕,,,API8_2
3018901,청룡시대,20190418,거,3012866,계림동자,3014944,선덕여왕,,,API8_2
3104223,청룡에이스,20220417,암,3009526,백두장사,3014944,선덕여왕,,,API8_2
3101890,청룡여제,20200501,암,3015223,제일용사,3016327,제일여왕,,,API8_2
3103727,청룡왕자,20210422,거,3009526,백두장사,3016327,제일여왕,,,API8_2
3109157,청룡질주,20240421,거,3019043,사무사,3016327,제일여왕,,,API8_2
3104709,청룡챔프,20220519,암,3009526,백두장사,3016327,제일여왕,,,API8_2
3101509,청룡퀸,20200414,암,3015223,제일용사,3014944,선덕여왕,,,API8_2
3103621,청마특급,20210504,거,3016502,선양호,3011906,제주중심,,,API8_2
3103484,청신호,20210519,암,3100989,-,3014178,저글링,,,API8_2
3104298,청암수,20220330,거,3100327,-,3015727,한줄기,,,API8_2
3108168,청운질주,20230522,암,3015723,만점왕,3015573,좌타거포,,,API8_2
3109212,청정소리,20240117,암,3017491,러너킹,3016436,미래여전사,,,API8_2
3017625,청정시대,20160408,거,3014739,설중매,3014724,상록수,,,API8_2
3107910,청풍위너,20230612,거,3018927,천년도시,3016605,흥국강병,,,API8_2
3107826,청풍제주,20230510,거,3018927,천년도시,3016854,천마지존,,,API8_2
3109450,청풍하늘,20240304,암,3014974,터보킹,3015696,하늘소녀,,,API8_2
3104601,청호전설,20220506,수,3016502,선양호,3013003,녹색여걸,,,API8_2
3109182,청호질주,20240330,수,3101680,아자아자,3018735,한백여걸,,,API8_2
3107847,첼레스타,20230518,암,3018228,남북대로,3009796,명가승,,,API8_2
3018614,초강수,20180302,거,3100061,-,3100818,-,,,API8_2
3102945,초고수,20200301,수,3014974,터보킹,3016975,천금산,,,API8_2
3107568,초월비,20230123,거,3014974,터보킹,3016286,한라정복,,,API8_2
3109228,초패왕,20240404,거,3016502,선양호,3018303,통치력,,,API8_2
3109081,총사령관,20240528,수,3100061,-,3100778,-,,,API8_2
3108969,최강선진,20240204,거,3100316,-,3012653,불멸의별,,,API8_2
3102212,최강여제,20200519,암,3100316,-,3100378,-,,,API8_2
3103578,최강지존,20210510,암,3016502,선양호,3016284,당대일마,,,API8_2
3102641,최강터보,20200606,거,3014974,터보킹,3014566,최강전,,,API8_2
3101437,최고권력,20190329,거,3009526,백두장사,3012445,황해나루,,,API8_2
3109265,최고여신,20240512,암,3019043,사무사,3017802,정우신조,,,API8_2
3107595,최고의별,20230429,거,3100316,-,3011830,단미,,,API8_2
3108254,최고의순간,20230515,수,3018064,풍신,3017870,미듬보배,,,API8_2
3108216,최고정점,20230320,거,3013465,개벽신화,3017647,승부처,,,API8_2
3109412,최대치,20240331,암,3101680,아자아자,3015306,녹색신화,,,API8_2
3107537,추격자,20230427,거,3016502,선양호,3016565,에오스,,,API8_2
3107456,출정식,20230306,암,3016502,선양호,3007222,왕실공주,,,API8_2
3017957,충무공,20170314,거,3012382,쾌속장타,3014292,한락궁이,,,API8_2
3107342,칠성특급,20230310,암,3017565,화룡특급,3100282,-,,,API8_2
3107413,칭기스,20230513,거,3017491,러너킹,3016554,런닝,,,API8_2
3101605,카라향,20190411,거,3014974,터보킹,3011432,제주왕자,,,API8_2
3107825,카우초,20230505,거,3017693,아라신화,3015256,보석,,,API8_2
3108669,캐논걸,20230406,암,3100061,-,3014614,새소망,,,API8_2
3107640,캐논여걸,20230430,암,3015597,일대태수,3016701,천연일화,,,API8_2
3104706,캐논왕자,20220415,거,3016994,태흥성,3016653,존경,,,API8_2
3103312,캐논황후,20210309,암,3100989,-,3100925,-,,,API8_2
3108188,캐치온,20230427,암,3017982,아라강자,3015826,장백천지,,,API8_2
3104237,캡틴공주,20220402,암,3017491,러너킹,3014738,명성공주,,,API8_2
3104585,캡틴맨,20220515,거,3016994,태흥성,3100080,-,,,API8_2
3104315,캡틴미소,20220301,수,3016320,청마시대,3015949,한라여왕,,,API8_2
3101706,캡틴전설,20190915,수,3014974,터보킹,3016776,한라퀸,,,API8_2
3109089,케이신화,20240313,거,3018288,강한파도,3018843,신화여걸,,,API8_2
3109096,케이으뜸,20240530,암,3018288,강한파도,3016709,세계으뜸,,,API8_2
3107851,쾌걸,20230401,암,3018906,와일드송,3013560,황제의딸,,,API8_2
3109442,쾌지나칭칭,20240211,거,3017491,러너킹,3014144,황해비호,,,API8_2
3107503,퀸메이드,20230225,암,3018896,삼다백호,3018148,금빛축제,,,API8_2
3107367,킹메이커,20230513,암,3015597,일대태수,3014808,마인드,,,API8_2
3101725,킹코브라,20190213,수,3014974,터보킹,3015326,하늘공주,,,API8_2
3104659,킹콩스텝,20220418,거,3100327,-,3015233,불사조,,,API8_2
3109458,타노스,20240112,거,3009526,백두장사,3018247,신천제일,,,API8_2
3107923,타이산,20230520,암,3015597,일대태수,3100287,-,,,API8_2
3107869,타잔,20230509,거,3015597,일대태수,3018302,블루션샤인,,,API8_2
3109009,탐라강자,20240409,암,3101680,아자아자,3018912,산자수명,,,API8_2
3107385,탐라돌풍,20230421,암,3014517,너울,3018278,탐라고을,,,API8_2
3103575,탐라비상,20210510,암,3014974,터보킹,3011944,백두찬가,,,API8_2
3018576,탐라신화,20180510,거,3014974,터보킹,3009898,일출왕국,,,API8_2
3103297,탐라의빛,20210314,암,3100032,-,3017569,한라강자,,,API8_2
3018629,탐라인기,20180412,암,3100316,-,3011944,백두찬가,,,API8_2
3018734,탐라제국,20180417,거,3100327,-,3006556,청정호수,,,API8_2
3017652,탐라후예,20160330,거,3009296,푸른대왕,3011944,백두찬가,,,API8_2
3109441,탐험대,20240318,암,3101680,아자아자,3014145,대찬걸음,,,API8_2
3104804,태극성,20220508,암,3015723,만점왕,3013337,태자비,,,API8_2
3107567,태백의진,20230210,암,3015875,꼬리별,3018574,태백산,,,API8_2
3018936,태산수,20190609,거,3100327,-,3016282,대산수,,,API8_2
3107335,태양신천,20230420,수,3017491,러너킹,3017360,샛별신화,,,API8_2
3103643,태왁,20210501,암,3013465,개벽신화,3015820,청춘매력,,,API8_2
3109086,태왕,20240405,암,3018934,오라태풍,3013337,태자비,,,API8_2
3016841,태왕건,20150226,거,3009526,백두장사,3011714,황해여걸,,,API8_2
3016416,태왕별,20140310,거,3100061,-,3100818,-,,,API8_2
3107862,태자주니어,20230428,수,3018933,오라태양,3013337,태자비,,,API8_2
3107470,태흥비,20230328,암,3016994,태흥성,3016176,불멸의대가,,,API8_2
3014980,태흥산성,20120314,거,3010278,천년의힘,3008948,명문귀족,,,API8_2
3104752,태흥신공,20220517,거,3016994,태흥성,3100293,-,,,API8_2
3107569,태흥제일,20230303,거,3016994,태흥성,3017920,황후시대,,,API8_2
3107471,텐언더,20230402,수,3100327,-,3016319,송악영웅,,,API8_2
3107617,텐윈,20230401,암,3017565,화룡특급,3102224,-,,,API8_2
3107459,통치퀸,20230320,암,3009526,백두장사,3018303,통치력,,,API8_2
3107908,투혼여제,20230517,암,3015597,일대태수,3017818,흥부세상,,,API8_2
3108441,특천,20230325,거,3018373,아브람,3017478,대왕찬가,,,API8_2
3104156,파벽비거,20220302,거,3018228,남북대로,3015650,웅비여걸,,,API8_2
3107868,파워스타,20230320,암,3007112,산방굴사,3016878,노을천사,,,API8_2
3104632,파워액션,20220323,암,3015597,일대태수,3015912,막강여전사,,,API8_2
3107315,팔도자랑,20230407,거,3100316,-,3014290,두가시,,,API8_2
3019051,팔팔호,20190420,거,3016475,빗고을,3009315,명령자,,,API8_2
3108684,패스트,20230515,거,3009526,백두장사,3017459,풍요의여신,,,API8_2
3104761,팰리스,20220520,거,3017693,아라신화,3015256,보석,,,API8_2
3104248,페이양,20220315,암,3016994,태흥성,3100287,-,,,API8_2
3107629,평화군,20230405,암,3009526,백두장사,3017684,평화대로,,,API8_2
3108959,포윈,20240215,거,3018064,풍신,3013340,달천공주,,,API8_2
3107933,폭풍군단,20230521,거,3015597,일대태수,3016634,교우이신,,,API8_2
3104271,폭풍비,20220417,거,3009526,백두장사,3015081,불멸의여신,,,API8_2
3103709,폭풍일호,20210424,수,3009526,백두장사,3015081,불멸의여신,,,API8_2
3102842,푸른날,20190303,암,3015223,제일용사,3009569,늘빛푸른,,,API8_2
3017000,푸른물결,20150408,거,3009526,백두장사,3013441,녹원의전사,,,API8_2
3102851,푸른신호등,20190308,암,3100327,-,3009360,태왕황후,,,API8_2
3103409,풀체인지,20210526,암,3017693,아라신화,3017142,구오지존,,,API8_2
3105330,프레스토,20220615,암,3017491,러너킹,3017759,제주의꿈,,,API8_2
3103964,피지컬,20210317,수,3009526,백두장사,3017933,힐링파트,,,API8_2
3107550,하늘의문,20230222,거,3100327,-,3017932,스카이런,,,API8_2
3104646,하여가,20220505,수,3014974,터보킹,3012697,간드락,,,API8_2
3109179,한결,20240420,수,3101680,아자아자,3012381,우주세상,,,API8_2
3104184,한도초과,20220322,암,3100527,-,3011624,달공주,,,API8_2
3107382,한라공주,20230217,암,3009526,백두장사,3012509,현무여신,,,API8_2
3107854,한라군자,20230601,수,3017557,광명지존,3016663,대륙소녀,,,API8_2
3108243,한라궁전,20230401,거,3009296,푸른대왕,3014975,환상열차,,,API8_2
3107852,한라드림,20230608,거,3014974,터보킹,3013450,난드르,,,API8_2
3104645,한라보배,20220609,거,3100032,-,3013450,난드르,,,API8_2
3019081,한라왕자,20190517,거,3014974,터보킹,3013450,난드르,,,API8_2
3103938,한라원탑,20210322,거,3014974,터보킹,3100648,-,,,API8_2
3103390,한라장사,20210225,거,3009526,백두장사,3016286,한라정복,,,API8_2
3103652,한라제패,20210430,거,3100327,-,3016860,진성여왕,,,API8_2
3018470,한백돌파,20170530,거,3100989,-,3100891,-,,,API8_2
3014191,한백용장,20110418,거,3009526,백두장사,3100930,-,,,API8_2
3101848,한백제왕,20200504,거,3015223,제일용사,3011999,한백평정,,,API8_2
3107412,한백제일,20230419,암,3017491,러너킹,3012486,한백여장,,,API8_2
3018377,한백챔프,20170515,거,3012382,쾌속장타,3012486,한백여장,,,API8_2
3103626,한백최강,20210504,거,3015723,만점왕,3011999,한백평정,,,API8_2
3109068,한별시대,20240513,암,3019043,사무사,3018119,한별나라,,,API8_2
3104749,한빛제일,20220508,거,3011133,장백산,3012609,한빛세계,,,API8_2
3107341,한판승,20230425,암,3015597,일대태수,3017358,용설란,,,API8_2
3015524,함지박,20130206,거,3008912,참살이,3100941,-,,,API8_2
3101693,항해,20190512,거,3012866,계림동자,3016319,송악영웅,,,API8_2
3109424,해강,20240406,거,3019043,사무사,3017694,장고도,,,API8_2
3105511,해뜨고,20220423,거,3005652,제주명성,3015998,동명왕,,,API8_2
3109234,해무질주,20240205,암,3018934,오라태풍,3018484,오라여걸,,,API8_2
3102027,해상,20200502,거,3014974,터보킹,3012697,간드락,,,API8_2
3103382,해신,20210228,거,3100327,-,3016319,송악영웅,,,API8_2
3104166,해은,20220314,거,3016994,태흥성,3013711,대비행,,,API8_2
3108248,해피초원,20230507,암,3100989,-,3017701,일대신화,,,API8_2
3108253,행복나루,20230406,수,3009526,백두장사,3016607,여왕시대,,,API8_2
3108232,행복덩어리,20230416,수,3013695,황산벌,3017968,소문대로,,,API8_2
3107587,행복여신,20230420,암,3017565,화룡특급,3016363,위미걸,,,API8_2
3108207,행복한미소,20230503,암,3013695,황산벌,3012937,서광여신,,,API8_2
3104140,행운열차,20220424,암,3015597,일대태수,3011200,탐라의영광,,,API8_2
3104743,행운의빛,20220512,암,3009526,백두장사,3016566,행운목,,,API8_2
3108674,헤이호,20230504,거,3018896,삼다백호,3016952,역대상,,,API8_2
3103953,홍의여걸,20210319,암,3015307,명가황제,3013215,특성,,,API8_2
3107594,화이트타이거,20230410,거,3017565,화룡특급,3013188,흐뭇한,,,API8_2
3104215,화중지왕,20220306,암,3014974,터보킹,3012120,하늘비상,,,API8_2
3103519,환상지오,20210121,거,3011142,태산준봉,3009587,번영로,,,API8_2
3105497,환희,20220409,암,3015307,명가황제,3016952,역대상,,,API8_2
3104756,황금누리,20220508,암,3017565,화룡특급,3014966,영주신비,,,API8_2
3104177,황금대박,20220227,암,3013465,개벽신화,3017932,스카이런,,,API8_2
3102587,황금대장,20200304,거,3016320,청마시대,3015724,한백황후,,,API8_2
3104750,황금들녘,20220519,거,3015597,일대태수,3013649,민족통일,,,API8_2
3104660,황금라인,20220701,암,3009526,백두장사,3014942,해파랑,,,API8_2
3107360,황금새,20230411,암,3016994,태흥성,3019085,파워시대,,,API8_2
3102105,황금시대,20200521,거,3014974,터보킹,3016282,대산수,,,API8_2
3107476,황금피리,20230401,암,3018896,삼다백호,3018218,서해맹산,,,API8_2
3103323,황룡강,20210305,암,3100327,-,3015748,해와달,,,API8_2
3107427,황리단,20230207,암,3016320,청마시대,3011925,무한여신,,,API8_2
3014909,황용신화,20120320,거,3008912,참살이,3007249,연화왕비,,,API8_2
3107435,황제대로,20230210,거,3016994,태흥성,3015008,왕도,,,API8_2
3104152,황제천하,20220207,거,3017565,화룡특급,3015008,왕도,,,API8_2
3109085,황태자,20240111,수,3018669,안덕최고,3018910,웅진황후,,,API8_2
3104305,황해,20220320,거,3017491,러너킹,3014144,황해비호,,,API8_2
3103902,황해군,20210331,수,3100327,-,3011714,황해여걸,,,API8_2
3107606,황해랑,20230509,암,3017491,러너킹,3016429,구구절절,,,API8_2
3107542,황해바람,20230105,거,3018228,남북대로,3011714,황해여걸,,,API8_2
3103654,황해비천,20210430,거,3013465,개벽신화,3014551,황해신천,,,API8_2
3107540,황해여제,20230103,암,3009526,백두장사,3012445,황해나루,,,API8_2
3018715,황해장군,20180415,거,3007168,명문왕자,3012506,황해열매,,,API8_2
3018885,황해장사,20180424,거,3100327,-,3013072,신일류,,,API8_2
3109225,황해질주,20240101,암,3018228,남북대로,3012445,황해나루,,,API8_2
3104234,흑룡스타,20220418,암,3017491,러너킹,3009569,늘빛푸른,,,API8_2
3103290,흑룡시대,20210315,거,3013465,개벽신화,3016495,흑룡가문,,,API8_2
3109459,흑룡의별,20240312,수,3017558,상가으뜸,3016495,흑룡가문,,,API8_2
3107592,흑룡질주,20230410,거,3017558,상가으뜸,3009569,늘빛푸른,,,API8_2
3104285,흑룡챔프,20220416,암,3017558,상가으뜸,3017067,흑룡보배,,,API8_2
3107581,흑룡황후,20230322,암,3017558,상가으뜸,3016495,흑룡가문,,,API8_2
3016953,흑호화랑,20150426,거,3011321,전국비행,3008947,황태자비,,,API8_2
3017958,흥국강타,20170303,거,3015307,명가황제,3100810,-,,,API8_2
3109091,흥무대왕,20240517,수,3018669,안덕최고,3015698,영웅소리,,,API8_2
3103288,흥부시대,20210610,거,3015549,산도롱,3013943,흥부의꿈,,,API8_2
3105243,희망찬,20220502,암,3005652,제주명성,3016459,장백행진,,,API8_2
3018956,히든카드,20190521,거,3015307,명가황제,3016020,강한걸,,,API8_2
3107323,히트왕자,20230212,거,3100061,-,3016166,히트,,,API8_2
3108046,힐링누리,20230415,암,3016475,빗고을,3017933,힐링파트,,,API8_2
3104724,힐링대륙,20220430,수,3017565,화룡특급,3014023,공중정원,,,API8_2
3016927,힘찬세상,20150401,거,3007357,최고훈장,3011585,선양찬가,,,API8_2
0045628,가속제일,20200326,수,0036358,애니기븐새터데이,0035366,가속트리플,,,API8_2
0053814,가온보스,20210208,거,6118888,VINO ROSSO,6129349,SERIOUS I CANDY,,,API8_2
0056051,가온제압,20240427,암,0033566,파워블레이드,0044978,세이굿나이트앨리,,,API8_2
0054922,가온퍼펙트,20230409,수,0036732,머스킷맨,0036828,미스퍼펙트,,,API8_2
0050798,감동의돌파,20220331,암,0032990,한센,0023349,최선돌파,,,API8_2
0054131,감동의박수,20230313,수,0038387,콩코드포인트,0041555,레디투파티,,,API8_2
0054285,강녕,20230407,수,0045014,프로스펙티브,0035960,비바빅토리,,,API8_2
0051980,강서자이언트,20200227,암,6969089,UNION RAGS,6982404,LEXINGTON PEARL,,,API8_2
0053261,강서트렌드,20230305,수,0045050,섀클포드,0029421,풀드여,,,API8_2
0053858,강심장,20230421,거,6969075,지몰로지스트,0041971,프라우드오브마이,,,API8_2
0053926,강철역마,20230425,거,0032314,뉴화이트삭스,0028001,라이크더윈드,,,API8_2
0051647,갤럽퀸,20220424,암,0038387,콩코드포인트,0036641,제스프릿,,,API8_2
0060856,게인더서밋,20231024,수,6149613,ZOUSAIN,7169374,TOOK,,,API8_2
0057801,게임메이커,20240424,수,0036732,머스킷맨,0045138,레인보우켑트,,,API8_2
0060356,경복스트레가,20230313,수,6126916,MAXIMUM SECURITY,7081445,ALBEA STAR,,,API8_2
0052932,경복아라미스,20230208,암,0037972,올드패션드,0038335,메니블레이드,,,API8_2
0053478,경복아토스,20230403,수,7000184,BEAU LIAM,0052758,비엔나멜로디,,,API8_2
0053448,경복포르토스,20230411,거,0033566,파워블레이드,0045016,페퍼딘걸,,,API8_2
0055814,고고챔프,20240430,수,6126350,GAME WINNER,0055030,새시세니커,,,API8_2
0055533,고속퀸,20240215,암,0039935,말리부불패,0023457,스탠즈위더피스트,,,API8_2
0053878,고스트문,20220503,암,0032258,트리플나인,0023355,나이트무브스,,,API8_2
0055184,고스트한센,20240110,암,0032990,한센,0036214,스윕이지,,,API8_2
0056074,고스트헌터,20240419,수,0050506,에어포스블루,0044533,마이럴러바이,,,API8_2
0055493,고잉투윈,20240310,수,0050506,에어포스블루,0031500,끝판여왕,,,API8_2
0054089,고트맨,20230426,거,0038387,콩코드포인트,0032129,샤프게일,,,API8_2
0056661,골드러시,20240525,수,0044993,언캡처드,0038496,천년의희망,,,API8_2
0053491,골드로저,20230309,암,0038245,미스치비어슬리,0031853,모닝퀸,,,API8_2
0055800,골드무브,20240423,수,0039737,어플릿익스프레스,0052711,미스틱무브즈,,,API8_2
0054162,골드아치,20230320,암,0036358,애니기븐새터데이,0042416,러브아치,,,API8_2
0053082,골드포켓,20230127,암,0028545,인디밴드,0032986,캔디스골드,,,API8_2
0040903,골든,20170415,수,0036358,애니기븐새터데이,0023889,골든미라지,,,API8_2
0056195,골든밸류,20240415,암,0028224,케이탑,0025983,파워풀미스지,,,API8_2
0051895,골든스폿,20220310,암,0040246,지롤라모,0040121,코럴케이브,,,API8_2
0056365,골든아이,20240429,수,0045050,섀클포드,0023199,동방로즈,,,API8_2
0047156,골든에어,20210409,수,0040086,위드디스팅션,0026254,컨셉리처블,,,API8_2
0052947,골든엠파이어,20230225,암,0044993,언캡처드,0040218,딜라잇펄엠파이어,,,API8_2
0055363,골든코드,20240220,암,0038387,콩코드포인트,0027811,금희,,,API8_2
0055995,골든클로버,20240425,수,0041480,롤러블레이드,0031792,샤인클로버,,,API8_2
0053799,골든티아라,20230425,암,0046317,레이스데이,0035774,빅에이스,,,API8_2
0043750,골든포인트,20190225,거,0041566,투아너앤드서브,0030197,하스타티,,,API8_2
0054671,광복의반석,20220202,거,6115339,MENDELSSOHN,6128400,STREET OF GOLD,,,API8_2
0052942,광선대로,20230227,암,0032258,트리플나인,0019551,이머징선,,,API8_2
0047495,광속마,20210428,거,0038391,카우보이칼,0025773,스마트어드바이스,,,API8_2
0051701,구글카,20220411,거,0032990,한센,0041979,나스티캣,,,API8_2
0045317,구디,20200211,거,0041566,투아너앤드서브,0040143,그레이스라이크레,,,API8_2
0047412,국대스타,20210516,수,0038391,카우보이칼,0034884,돈나구스카,,,API8_2
0047013,국대히어로,20210325,수,0032990,한센,0036722,스윙어웨이,,,API8_2
0047492,굿대디,20210425,거,0040246,지롤라모,0023427,고스틀리갤,,,API8_2
0056568,그대만의블루,20220123,거,6149544,INSTILLED REGARD,6982081,SAFE CROSSING,,,API8_2
0051673,그랑크뤼,20220402,거,0041566,투아너앤드서브,0023919,촐룰라캣,,,API8_2
0053471,그랑트리,20230317,암,0044993,언캡처드,0038503,천년바이킹,,,API8_2
0046355,그랜드드림,20200515,거,0032990,한센,0041539,스테파니갓이븐,,,API8_2
0053497,그랜드라인,20230414,수,0032224,돌아온현표,0038393,퍼스트비트레이얼,,,API8_2
0050817,그랜드모어,20220320,거,0045050,섀클포드,0026886,그랜드특급,,,API8_2
0044647,그랜드선,20190529,수,6306749,DISTORTED HUMOR,0041972,필름참,,,API8_2
0047289,그랜드체이서,20210311,암,0031261,사이먼퓨어,0031853,모닝퀸,,,API8_2
0054586,그랜드히어로,20230325,수,0038227,크리솔라이트,0041972,필름참,,,API8_2
0046827,그레이보스,20210219,수,0032990,한센,0030937,호재너즈송,,,API8_2
0055899,그레이윈드,20240318,암,0046317,레이스데이,0042726,테이크하트,,,API8_2
0062945,그레이트머닝,20240307,수,6964691,MUNNINGS,6128744,JENNIFER'S DREAM,,,API8_2
0047334,그레이트보이,20210423,거,0032990,한센,0027815,스피디퍼스트,,,API8_2
0051300,그레이트스타,20220428,암,6126916,MAXIMUM SECURITY,0050656,델리컷레이디,,,API8_2
0062948,그레이트영,20240209,거,6968995,ADIOS CHARLIE,6130874,COUNTRY QUEEN,,,API8_2
0051504,그레이트챔프,20220323,거,0032219,챔프라인,0037732,천년의바다,,,API8_2
0051824,그레이트톱,20220425,거,0036732,머스킷맨,0031311,어트리비다,,,API8_2
0053274,그레이트파워,20230308,암,6969075,지몰로지스트,0029640,다이아파워,,,API8_2
0053961,그린스톰,20230428,암,0032990,한센,0037749,오션피닉스,,,API8_2
0053700,그린파피아노,20230515,암,0045050,섀클포드,0036823,정꽃,,,API8_2
0053830,그린화이트,20230416,암,0027312,라이언산타,0031493,파워앤스피드,,,API8_2
0053040,글레디모어,20230131,암,0028545,인디밴드,0046499,인델리벌메모리즈,,,API8_2
0047301,글로리강서,20210327,수,0036732,머스킷맨,0040175,파이드어테어,,,API8_2
0056020,글로리모닝,20240331,수,0038391,카우보이칼,0045184,희망의아침,,,API8_2
0053791,글로리스데이,20230408,암,0032224,돌아온현표,0026629,선로들리,,,API8_2
0060847,글로벌고트,20230130,수,6965458,KANTHAROS,6128754,MARIE CURIE,,,API8_2
0056130,글로벌루나,20240420,암,0038245,미스치비어슬리,0032827,레드화이트앤블루,,,API8_2
0055331,글로벌비바,20240210,암,0045082,오버애널라이즈,0035825,달빛질주,,,API8_2
0056633,글로벌서귀,20240523,수,6969075,지몰로지스트,0042179,큐피드여장부,,,API8_2
0056129,글로벌오로라,20240417,암,0052826,쿠르부아지에,0040197,예스잇즈와일드,,,API8_2
0051672,글로벌원더,20220405,수,0038332,커널존,0032006,월드퀵,,,API8_2
0052930,글로벌원픽,20230220,암,0038245,미스치비어슬리,0031706,대왕대비,,,API8_2
0056128,글로벌탑티어,20240420,암,0038245,미스치비어슬리,0023399,로즈라인,,,API8_2
0046913,글로벌태양,20210222,암,0041812,제이에스초이스,0028441,볼륨업,,,API8_2
0056364,글로벌톱티어,20240319,수,0028545,인디밴드,0027156,로열임브레이스,,,API8_2
0050990,글로벌포스,20220220,암,0036732,머스킷맨,0038418,스페셜찬스,,,API8_2
0053895,글로벌프린스,20230422,수,0045050,섀클포드,0041865,사제불이,,,API8_2
0051815,글로벌하이,20220427,수,0037972,올드패션드,0046491,쿠키이,,,API8_2
0051123,글로벌함안,20220322,거,0038387,콩코드포인트,0022759,새로운가문,,,API8_2
0056056,글로벌히로인,20220328,암,0034428,테스타마타,0033685,중앙여제,,,API8_2
0045340,글로벌히트,20200226,수,0041566,투아너앤드서브,0031278,태미즈빅트리스,,,API8_2
0057542,금강캐처,20240216,암,0052826,쿠르부아지에,0033815,금강천하,,,API8_2
0054307,금빛,20230520,암,6103967,GOLDENCENTS,0053047,더나인오,,,API8_2
0054582,금빛스프링,20230330,암,0032258,트리플나인,0035921,금빛공주,,,API8_2
0052139,금빛투데이,20220225,암,0032258,트리플나인,0035921,금빛공주,,,API8_2
0053035,금성,20230227,거,0036732,머스킷맨,0041960,언브라이드소냐,,,API8_2
0055534,금성질주,20240309,수,0039935,말리부불패,0041931,투투리즈,,,API8_2
0055502,금아거티,20220404,수,6338945,SKY MESA,6345427,SALUTE,,,API8_2
0046952,금아디스팅션,20210402,거,6115206,RANSOM THE MOON,0046476,라이트디시전,,,API8_2
0052903,금아어뎁트,20230205,수,6149515,COMPLEXITY,0052748,글로벌하티,,,API8_2
0056573,금아에미넌트,20220307,거,6965389,SMILING TIGER,7081222,RECOILING,,,API8_2
0043698,금아인피니티,20190207,거,0020256,메니피,0031278,태미즈빅트리스,,,API8_2
0051719,금아팬서,20220407,거,0038387,콩코드포인트,0046498,파울플레이,,,API8_2
0047478,금아프리시드,20210430,암,0044993,언캡처드,0030663,월들리듀드,,,API8_2
0055216,꽃대궐,20240228,암,0039935,말리부불패,0024453,댄징샐리,,,API8_2
0050851,끝판여걸,20220119,암,0021079,블루핀,0035983,끝판에어로,,,API8_2
0051196,나라라루아,20220314,수,0036732,머스킷맨,0046495,헥사메테르,,,API8_2
0056446,나린아토,20240430,암,0052316,콘서트투어,0033810,댄싱스타,,,API8_2
0061403,나에게오라,20240423,수,6148175,PINEHURST,6148726,BURNING SECRET,,,API8_2
0050861,나이스걸,20220215,암,0039737,어플릿익스프레스,0037474,핫걸,,,API8_2
0053408,나이스명가,20230316,암,7000060,나이트러스,0033736,명가캠프,,,API8_2
0051402,나이스버디,20220403,암,6993812,CENTRAL BANKER,0050343,히어컴스조디,,,API8_2
0054228,나이스빅가이,20210422,수,0046317,레이스데이,6110300,DESTINY'S REWARD,,,API8_2
0057080,나이스파워,20230311,암,0033566,파워블레이드,0030513,우승이지,,,API8_2
0056464,나인나우,20240513,암,0032258,트리플나인,0044966,파라다이스나우,,,API8_2
0051366,나인티플러스,20220504,거,6149543,INSTAGRAND,0050914,프래니라스트댄스,,,API8_2
0053180,나인틴나인원,20230307,암,7000184,BEAU LIAM,0052749,콰이어트석세스,,,API8_2
0052067,낙동명작,20220322,암,0038387,콩코드포인트,0036289,캔데슨트,,,API8_2
0054865,낙안추억,20230314,암,0041566,투아너앤드서브,0035796,뉴파트너,,,API8_2
0042818,남도일등,20180503,암,0038245,미스치비어슬리,0026294,플라워마운틴,,,API8_2
0051666,남해매직,20220420,수,0034192,제타바이트,0032372,인비엑티브,,,API8_2
1411887,내편,20210426,거,0045082,오버애널라이즈,0040233,크리에이트,,,API8_2
0052856,넌퍼레일,20230210,수,0045050,섀클포드,0037649,메이저엔젤,,,API8_2
0055532,넘버원플레이,20240320,수,0039935,말리부불패,0036672,주스바,,,API8_2
0046831,네버기브업,20210310,수,0025790,피스룰즈,0028518,애즈유원트,,,API8_2
0057621,네버서렌더,20240506,수,7000060,나이트러스,0027815,스피디퍼스트,,,API8_2
0047410,네버스톱희망,20210402,거,0039750,퍼지,0026797,으뜸칸,,,API8_2
0046696,네옴시티,20210204,암,0038245,미스치비어슬리,0040194,퍼시스,,,API8_2
0045807,노던비드,20200325,거,0039750,퍼지,0021832,새로운불패,,,API8_2
0053401,노던퀸,20230305,암,0028545,인디밴드,0021832,새로운불패,,,API8_2
0055139,노바나인,20240123,수,0032258,트리플나인,0036780,블루플래그,,,API8_2
0053731,노블윈드,20230403,거,0036732,머스킷맨,0027304,뉴윈디,,,API8_2
0050974,노스몰레이디,20220217,암,0037972,올드패션드,0036420,노스몰코리아,,,API8_2
0046623,논스톱듀티,20210102,암,0040086,위드디스팅션,0044765,코코즈레디포듀티,,,API8_2
0047173,뉴리더,20210429,암,0039750,퍼지,0045054,블루그래스페스티,,,API8_2
0056730,뉴욕스카이,20240331,수,0036732,머스킷맨,0037886,서울의별,,,API8_2
0052917,뉴월드티아라,20230203,암,0044993,언캡처드,0030449,신세계신화,,,API8_2
0054245,닉스고원,20230212,암,0041819,닉스고,0054248,스레드더니들,,,API8_2
0055595,닉스원,20240221,수,0041819,닉스고,0054248,스레드더니들,,,API8_2
0056068,님의소리,20240405,암,0032990,한센,0024475,님의찬가,,,API8_2
0055826,다날다,20240403,암,0046317,레이스데이,0050655,폴라리제이션,,,API8_2
0054163,다이나믹레몬,20230518,거,0032994,다이나믹대시,0038722,아임유어레몬,,,API8_2
1412295,다이아메이트,20210406,암,0045082,오버애널라이즈,0028581,코러스원,,,API8_2
0052096,다이아엑스,20220313,거,0033566,파워블레이드,0022594,머니트리,,,API8_2
0053907,다이아킹덤,20230515,수,6969075,지몰로지스트,0023921,다이아몬드브리나,,,API8_2
0056844,다크위너,20240419,암,0045681,영웅루이스,0033909,오뚝오뚝이,,,API8_2
0057500,닥터디렉션,20240307,수,0039737,어플릿익스프레스,0033016,디렉션,,,API8_2
0056760,닥터럼프,20240505,수,0044993,언캡처드,0043187,스테디위너,,,API8_2
0051577,닥터루이스,20220329,수,0037972,올드패션드,0032869,여러분의여왕,,,API8_2
0061396,닥터매직,20240329,수,0027443,컬러즈플라잉,0038006,스마트댄서,,,API8_2
0052501,닥터매터스,20220427,암,0036732,머스킷맨,0022127,머시매터스,,,API8_2
0055903,닥터무적,20240318,수,6998418,MUCHO MACHO MAN,0054925,핑크데이지,,,API8_2
0053833,닥터비숍,20230412,수,0044993,언캡처드,0036673,리틀미스플러리,,,API8_2
0051765,닥터솔라,20220428,거,0032990,한센,0031056,바다새,,,API8_2
0056660,닥터스틸리코,20240406,수,0044993,언캡처드,0033573,유비쿼터스,,,API8_2
0053264,닥터스팅,20230306,암,0037972,올드패션드,0044972,캐시미어우즈,,,API8_2
0056676,닥터스파이시,20240212,암,6130177,MITOLE,0055132,인컨템프트,,,API8_2
0051352,닥터시티,20220504,수,0037972,올드패션드,0044970,시티래스,,,API8_2
0055473,닥터애틀랜틱,20240315,암,0046317,레이스데이,0052746,포트라리자,,,API8_2
0053841,닥터에이스,20230412,수,0032990,한센,0041924,하이와이어액트,,,API8_2
0056540,닥터에이트,20240514,수,0032990,한센,0045020,이니쉬에이트,,,API8_2
0053800,닥터챔프,20230426,수,0046317,레이스데이,0039907,행복을찾아,,,API8_2
0053130,닥터캐리,20230210,거,6114915,CUPID,0052694,몰래트럴뷰티,,,API8_2
0051612,닥터캐슬,20220330,수,0038387,콩코드포인트,0029748,행운성,,,API8_2
0047464,닥터캡틴,20210414,수,0044993,언캡처드,0036702,미즈풀프루프,,,API8_2
0056634,닥터케세라,20240128,수,0038387,콩코드포인트,0042451,닥터파피아누,,,API8_2
0053504,닥터크리스,20230408,수,0044993,언캡처드,0045057,포더윈,,,API8_2
0056012,닥터파워,20240404,수,6969075,지몰로지스트,0038678,마이티파워,,,API8_2
0053542,닥터펀치,20230321,암,0027443,컬러즈플라잉,0035124,우주스타,,,API8_2
0055719,닥터포스,20240304,수,0044420,레볼루셔너리,0039638,스톰포스,,,API8_2
0055500,닥터프린스,20240225,수,7000060,나이트러스,0036298,바이스댄서,,,API8_2
0051357,닥터해피,20220424,암,0037972,올드패션드,0039907,행복을찾아,,,API8_2
0053765,닥터헌터,20230505,수,0046317,레이스데이,0033390,니케다이아,,,API8_2
0050744,달빛위에,20220322,거,0033119,선더모카신,0023352,달빛미소,,,API8_2
0051999,당대스타,20220418,수,0032224,돌아온현표,0027163,금빛물결,,,API8_2
0056674,대길대장,20240224,수,6126459,SHARP AZTECA,0055140,뷰티풀이스케이프,,,API8_2
0054096,대길의꿈,20230317,암,0040086,위드디스팅션,0041194,예싸퀸,,,API8_2
0055733,대길환호,20240304,수,0041559,빅스,0038218,담양환호,,,API8_2
0051822,대길히어로,20220423,수,0046317,레이스데이,0040497,조지퀸,,,API8_2
0053009,대로의빛,20230203,암,0026618,경부대로,0032651,라이언갤러퍼,,,API8_2
0053357,대성골드,20230228,수,0044993,언캡처드,0033573,유비쿼터스,,,API8_2
0046902,대성돌풍,20210303,암,0036358,애니기븐새터데이,0026081,돌풍질주,,,API8_2
0056073,대성스카이,20240420,수,0038391,카우보이칼,0039034,동서하늘,,,API8_2
0053930,대성질주,20230424,거,0040086,위드디스팅션,0026081,돌풍질주,,,API8_2
0056382,대영웅,20240430,수,0041566,투아너앤드서브,0037267,설광화,,,API8_2
0053030,대지임팩트,20230127,암,0037972,올드패션드,0033386,프렌치걸,,,API8_2
0044887,대지초이스,20190408,수,0021239,연승대로,0028056,랜드엔젤,,,API8_2
0061910,대풍별,20240320,수,6971452,BEST WARRIOR,7179058,PRIDE MYSELF,,,API8_2
0062946,대한킹,20240405,수,7012481,ALOHA WEST,7123564,GRAVATA,,,API8_2
0046218,대호나라,20200601,암,0031261,사이먼퓨어,0020778,아라미르,,,API8_2
0042912,대호마,20180416,수,6974970,LIAISON,0040143,그레이스라이크레,,,API8_2
1412318,더노미네이트,20210526,암,0033566,파워블레이드,0033909,오뚝오뚝이,,,API8_2
0057061,더라스트위너,20240416,수,0027443,컬러즈플라잉,0036176,비장의무기,,,API8_2
0051820,더스틴마린,20220425,수,0037972,올드패션드,0041538,시어리어슬리,,,API8_2
0050728,더윈드,20220313,거,0039750,퍼지,0041923,하모니윈드,,,API8_2
0052915,더포인트,20230206,거,0038387,콩코드포인트,0033015,더캣,,,API8_2
0053781,데메테르,20230405,암,6993812,CENTRAL BANKER,0052594,로열알파,,,API8_2
0055561,데어투드림,20240301,수,0033566,파워블레이드,0040918,아델퓨펄,,,API8_2
0052842,데이모스,20230120,거,0036732,머스킷맨,0036703,투리브포,,,API8_2
0060355,데이지티아라,20230417,암,6115207,COLLECTED,6848572,SWAMPOODLE,,,API8_2
0053220,델타포스,20230225,수,6149539,HONEST MISCHIEF,0052691,델타딜라이트,,,API8_2
0053374,도끼타이거,20230330,암,0027443,컬러즈플라잉,0038397,라이트그립,,,API8_2
0054473,돈내코,20230417,암,0038245,미스치비어슬리,0045019,백스트리트리사,,,API8_2
0052964,돌격스페셜,20230227,암,0038387,콩코드포인트,0041981,로스바이세,,,API8_2
0047409,돌아온삼손,20210327,거,0039750,퍼지,0025489,엑톤레거시,,,API8_2
0054149,돌풍의중심,20230425,수,0032990,한센,0039384,러브레이스,,,API8_2
0051201,돌핀킥,20220414,암,0029817,금포스카이,0038410,릴리벨비,,,API8_2
0053706,동남걸,20230417,암,0045050,섀클포드,0050568,이그조틱골드,,,API8_2
0052062,동남돌풍,20220516,수,0036735,디바인파크,0046503,재쯔,,,API8_2
0053019,동남석세스,20230228,암,0038387,콩코드포인트,0041554,피스풀타운,,,API8_2
0055866,동방질주,20240325,수,0034709,동방대로,0044130,천년미소,,,API8_2
0043841,동부스타,20190324,수,6106651,LEA,0041984,발랄라,,,API8_2
0056575,두둥,20220405,수,6115207,COLLECTED,6126188,BLASTED BOSS,,,API8_2
0054204,두바이드림,20230401,수,0032224,돌아온현표,0038911,파워어메이징,,,API8_2
0056584,두바이럭키,20240404,암,0045014,프로스펙티브,0037879,럭키코리아,,,API8_2
0056841,두바이루이스,20240509,수,0045681,영웅루이스,0026046,카밀라,,,API8_2
0055288,두바이선더,20240127,암,0046317,레이스데이,0042810,더블블랙,,,API8_2
0052939,두바이선물,20230216,암,6106670,TAPITURE,0052750,판타스틱걸투,,,API8_2
0054385,두바이스타,20230417,수,0041566,투아너앤드서브,0020842,엔젤스타,,,API8_2
0055538,두바이신화,20240214,암,0039935,말리부불패,0045034,프라임타임,,,API8_2
0056843,두바이영웅,20240426,수,0045681,영웅루이스,0020842,엔젤스타,,,API8_2
0054583,두바이캔디,20230309,암,0032258,트리플나인,0043067,노르웨이서드,,,API8_2
0055840,두바이타임,20240415,암,0038387,콩코드포인트,0036396,일류천,,,API8_2
0055526,두바이하트,20240213,암,6969075,지몰로지스트,0029926,심신지려,,,API8_2
0051189,드래곤닌자,20220504,거,0032990,한센,0043296,티즈판타스틱,,,API8_2
0054606,드래곤데빌,20220512,수,6313612,KITTEN'S JOY,6877095,GLITTERING TAX,,,API8_2
0054603,드래곤리벤저,20220430,수,6109242,NYQUIST,6150116,저스트비카인드,,,API8_2
0052101,드르쿰다,20220426,거,0038391,카우보이칼,0036363,프리릴리스,,,API8_2
0046985,드림마,20210317,암,0045048,보이즈앳토스코노,0040143,그레이스라이크레,,,API8_2
0053331,드림블루,20230319,암,6969075,지몰로지스트,0040761,파이널드림,,,API8_2
0050821,디러블리킹,20220127,수,0038387,콩코드포인트,0028948,디러블리캣,,,API8_2
0046518,디먼스파이,20190518,거,6114907,CONNECT,6147742,MISS GOLD BUCKLE,,,API8_2
0055965,디멘션,20230326,거,0027443,컬러즈플라잉,0028091,미라클원더,,,API8_2
0047145,디바인킹덤,20210404,수,0036735,디바인파크,0039578,메니타운십,,,API8_2
0047382,디스웨이,20210202,암,6112208,OUTWORK,0046496,레이디콸러티,,,API8_2
0055537,디스트럭션,20240214,수,0039935,말리부불패,0033102,디너앳나나스,,,API8_2
0053688,디스파이트윈,20210131,수,6964691,MUNNINGS,6113447,ATHEHSA,,,API8_2
0046126,딴봉퀸,20200412,암,0040246,지롤라모,0028197,배다리퀸,,,API8_2
0053665,라니,20230510,암,0033566,파워블레이드,0036843,하이냐,,,API8_2
0055460,라벤더크라운,20240215,암,6149540,HONOR A. P.,0054926,라벤더크리시,,,API8_2
0052252,라스트드래곤,20210305,거,0038391,카우보이칼,0024604,금상어,,,API8_2
0055805,라스트러너,20240403,암,0039737,어플릿익스프레스,0052712,퀵페이,,,API8_2
0053531,라스트부활,20230402,거,0041813,미스터크로우,0043221,토종여왕,,,API8_2
0051163,라온네이티브,20220305,거,0036732,머스킷맨,0030096,라온나리,,,API8_2
0051520,라온더마스커,20220404,거,0036732,머스킷맨,0035252,그레이삭스,,,API8_2
0047356,라온바이브맨,20210325,거,0036732,머스킷맨,0034911,개나리,,,API8_2
0055395,라우더,20240314,수,0039737,어플릿익스프레스,0041622,콰이어트아델,,,API8_2
0053512,라이트닝포스,20230315,수,0050506,에어포스블루,0038360,펀지오네어,,,API8_2
0051498,라이트챔프,20220322,암,0032219,챔프라인,0041975,레이즈드라이트,,,API8_2
0057640,라이프네트,20240301,수,6127228,WAR OF WILL,6105989,PLEDGE PIN,,,API8_2
0060945,라이프저니,20240213,암,0046317,레이스데이,0029675,오버스피드,,,API8_2
0051344,라임트리,20220401,암,0038391,카우보이칼,0036612,엘리사타운,,,API8_2
0052918,램프요정지니,20230225,암,0044993,언캡처드,0031238,프리넙셜,,,API8_2
0057141,랩소디길,20240413,수,0039737,어플릿익스프레스,0040386,탁트인,,,API8_2
0053766,러너스하이,20230328,수,0036732,머스킷맨,0033020,소머치펀,,,API8_2
0054205,러브킹이지,20210228,수,6114915,CUPID,6328489,AVARICITY,,,API8_2
0053729,러블리런,20230520,암,0032314,뉴화이트삭스,0046550,새내포레스트,,,API8_2
0053840,러시와일드,20230412,암,0050008,바이언,0031588,어거스트러쉬,,,API8_2
0053816,럭셔리초이스,20230415,수,6969075,지몰로지스트,0038270,페티코트데이,,,API8_2
0052985,럭키짱,20230208,수,0040246,지롤라모,0031107,레일건,,,API8_2
0055951,런던신사,20240327,수,0040033,런던타운,0050577,온딘,,,API8_2
0056008,런던하버,20240407,수,0040033,런던타운,0045001,스몰무브즈,,,API8_2
0056202,런포미,20240429,수,0032990,한센,0041524,키투더럭키,,,API8_2
0055187,레거시마린,20240225,수,0046317,레이스데이,0046318,라이브옥스레거시,,,API8_2
0056354,레드데블스,20240508,수,0039750,퍼지,0044347,에이스파트라,,,API8_2
0054004,레드킹,20230518,수,0039737,어플릿익스프레스,0040461,불꽃러너,,,API8_2
0060860,레몬킹이지,20230515,거,7003000,TATHQEEF,6111569,LEMON SAKHEE,,,API8_2
0050928,레몬트리,20220329,거,0032990,한센,0045013,시에라포리스트,,,API8_2
0051354,레이스걸,20220409,암,0046317,레이스데이,0044974,커니니스텔,,,API8_2
0055923,레이스나인,20240506,암,0044993,언캡처드,0020193,금빛승리,,,API8_2
0051547,레이스마린,20220430,거,0046317,레이스데이,0032690,뉴욕블루,,,API8_2
0051877,레이스맨,20220421,거,0041566,투아너앤드서브,0033454,대한천왕,,,API8_2
0051867,레인퀸,20220505,암,0046317,레이스데이,0033048,로빈즈레인,,,API8_2
0053767,레저넌스마린,20230425,암,0046317,레이스데이,0045003,레드리본,,,API8_2
0053701,레전드히트,20230409,수,0036732,머스킷맨,0023207,리걸레이디,,,API8_2
0053328,레지나빈치트,20230329,암,0027443,컬러즈플라잉,0034410,퍼스트인디언,,,API8_2
0056569,로널드덕,20220215,거,6149272,ROGUEISH,6147650,DOLL FACE,,,API8_2
0046728,로드스타,20210123,암,0034735,페더럴리스트,0040132,스트로베리베이비,,,API8_2
0054045,로드투넘버원,20230510,암,0044993,언캡처드,0022115,강철나비,,,API8_2
0045600,로드투매직,20200304,수,0038332,커널존,0024632,매직파티,,,API8_2
0050286,로드투미러클,20210320,암,0041566,투아너앤드서브,0040139,딕시마린,,,API8_2
0061397,로드투빅보이,20230403,거,0039737,어플릿익스프레스,0024632,매직파티,,,API8_2
0061398,로드투스텔스,20240330,암,0039737,어플릿익스프레스,0034501,굿투유,,,API8_2
0051795,로드투에이스,20220414,거,0036732,머스킷맨,0025476,우승거탑,,,API8_2
0057584,로드투클레오,20230410,암,0036732,머스킷맨,0034911,개나리,,,API8_2
0051461,로드투파이터,20220314,거,0033566,파워블레이드,0027189,상승거탑,,,API8_2
0053201,로드파이터,20230330,거,0040086,위드디스팅션,0038394,어맨다녹스,,,API8_2
0050250,로맨스블루,20210322,암,0044993,언캡처드,0019642,항구로맨스,,,API8_2
0055640,로맨틱티아라,20240307,암,6969075,지몰로지스트,0036101,주링허우,,,API8_2
0060787,로스트킹덤,20230418,수,0039737,어플릿익스프레스,0026773,하얀누리,,,API8_2
0054284,로열크리스털,20230418,암,0045050,섀클포드,0027350,로열신,,,API8_2
0056547,로열프라이드,20240303,수,0032990,한센,0043332,로열카우,,,API8_2
0051737,로즈버드,20220414,암,0041566,투아너앤드서브,0041949,서전트오르크,,,API8_2
0054084,로지스트퀸,20230520,암,6969075,지몰로지스트,0026306,포리스트퀸,,,API8_2
0056209,록뮤직,20240417,수,0032990,한센,0044958,퍼링투뮤직,,,API8_2
0046145,록앤드롤,20200424,거,0032272,록밴드,0036709,인에스크로,,,API8_2
0050735,록캔디,20220207,암,0032272,록밴드,0041652,초코캔디,,,API8_2
0060839,루나크라운,20231012,암,6114899,CHURCHILL,7171353,ROLE MODEL,,,API8_2
0055646,루비공주,20240222,암,0032990,한센,0039576,한얼불패,,,API8_2
0052443,루피너스,20220319,암,0038391,카우보이칼,0040761,파이널드림,,,API8_2
0051839,룩스굿,20220428,암,0041628,세이브더월드,0034457,진명스나이퍼,,,API8_2
0056088,르메이외르,20240402,암,0041566,투아너앤드서브,0024326,아케자,,,API8_2
0052172,리먼트,20220411,거,0038332,커널존,0038911,파워어메이징,,,API8_2
0054208,리버런,20230424,거,0036366,부활의반석,0034070,캐피리버,,,API8_2
0053546,리스펙팅걸,20230319,암,7000060,나이트러스,0024326,아케자,,,API8_2
0051447,리얼리스펙트,20220322,암,0045050,섀클포드,0040204,라스트일루전,,,API8_2
0053986,리치스카이,20230527,거,0038245,미스치비어슬리,0020778,아라미르,,,API8_2
0053982,리치원,20230515,수,0038387,콩코드포인트,0043502,아라로즈,,,API8_2
0051325,리치트리,20220314,수,0032990,한센,0028341,퀸즈스텝,,,API8_2
0053648,리플즈마린,20230417,암,0050506,에어포스블루,0036176,비장의무기,,,API8_2
0046172,마가리타,20200507,암,0032990,한센,0041982,리퀴드런치,,,API8_2
0053202,마리오킹,20230320,거,0044993,언캡처드,0045058,제시카이즈백어겐,,,API8_2
0055945,마스터오비완,20240328,수,0032994,다이나믹대시,0041602,다이나믹무브,,,API8_2
0054171,마음먹은대로,20230428,암,0038245,미스치비어슬리,0037462,치프리더,,,API8_2
0050931,마이드림데이,20220408,수,0041628,세이브더월드,0036427,커밍순,,,API8_2
0055382,마이럭키데이,20240205,수,0032990,한센,0039282,나키타,,,API8_2
0061611,마이템퍼,20240322,수,6126468,SMOKEM,6108347,WICKED TEMPER,,,API8_2
0050984,마통령,20220328,수,0038387,콩코드포인트,0041977,티즈드리미,,,API8_2
0053039,마하대시,20230210,암,0032994,다이나믹대시,0039222,마하퀸,,,API8_2
0043191,마하타이탄,20180212,수,0032990,한센,0036654,센드앤엔젤,,,API8_2
0052055,만사무사,20220221,수,0036732,머스킷맨,0024681,메니피매직,,,API8_2
0053156,만세호,20230406,거,0027312,라이언산타,0043302,제이알스타,,,API8_2
0055600,말리카,20240306,암,0038245,미스치비어슬리,0020485,큰고리,,,API8_2
0054187,매스터리맨,20210202,거,6114904,MASTERY,6978709,HAPPY NOW,,,API8_2
0054138,매우,20230501,암,0025790,피스룰즈,0024174,최초로,,,API8_2
0053623,매직미러,20230427,거,0044931,센트럴커맨드,0033897,삼바페스티벌,,,API8_2
0054967,매직블루,20230406,암,0045082,오버애널라이즈,0038710,파이트매직,,,API8_2
0051700,매직쇼,20220428,암,0034735,페더럴리스트,0036863,클래식매치,,,API8_2
0053535,매직오브아트,20230320,암,0041559,빅스,0026448,파이널걸,,,API8_2
0053184,매직오브퀸,20230219,암,0039737,어플릿익스프레스,0035880,스톤블레이드,,,API8_2
0055960,매직와일드,20240323,암,0050008,바이언,0052670,마켓매직,,,API8_2
0052812,매직트리,20230119,암,0046317,레이스데이,0046439,노네임스트릿,,,API8_2
0047407,매직해머,20210320,거,0032990,한센,0034070,캐피리버,,,API8_2
0055593,매치리스,20240218,암,6969075,지몰로지스트,0044212,스타캐치,,,API8_2
1412238,맥스더드래건,20210519,암,0036732,머스킷맨,0020882,원더풀투나잇,,,API8_2
0047058,맥스더캣,20210207,거,0041566,투아너앤드서브,0034895,홀리데이탭,,,API8_2
0055323,맥스레벨,20240225,수,0052826,쿠르부아지에,0031706,대왕대비,,,API8_2
0045386,맨오브더킹,20200217,거,0040056,아치아치아치,0025784,코인도르,,,API8_2
0052321,맹용,20220316,거,0044993,언캡처드,0038210,오섬돌,,,API8_2
0052555,머스킷걸,20220404,암,0036732,머스킷맨,0038496,천년의희망,,,API8_2
0055976,머스킷스톰,20240330,수,0036732,머스킷맨,0034631,슈프림매직,,,API8_2
0056264,멋진파트너,20240423,수,0032258,트리플나인,0034413,최고비슬,,,API8_2
0050799,메가머신,20220310,거,0041566,투아너앤드서브,0036333,팜파스팜,,,API8_2
0054097,메가플레이,20220222,수,0039812,모던카우보이,0035794,리틀소시에,,,API8_2
0046464,메이드희망,20200320,거,0028545,인디밴드,0031645,희망퀸,,,API8_2
0055943,메이비퀸,20240327,암,0032994,다이나믹대시,0038428,스위트어게인,,,API8_2
0050670,메이크잇베터,20220309,수,0044931,센트럴커맨드,0033815,금강천하,,,API8_2
0057405,메인타이거,20240412,암,0052826,쿠르부아지에,0025711,메인어브젝티브,,,API8_2
0056245,메타러브,20240520,암,0044993,언캡처드,0024556,코리아캡틴,,,API8_2
0054180,메타월드,20230520,거,0031028,언비터블,0023913,메가폰Ⅱ,,,API8_2
1412245,메타프린세스,20210508,암,0032990,한센,0020015,프린세스섬,,,API8_2
0054762,명품플레이,20220413,암,0043421,일루시브블러프,0032262,쾌한명품,,,API8_2
0050869,모닝듀,20220123,거,0027312,라이언산타,0020516,쿨모닝,,,API8_2
0055434,모닝아리아,20240209,암,0050506,에어포스블루,0040178,올어바웃마이걸즈,,,API8_2
0056301,모던보이,20240330,수,0032990,한센,0039012,터프그린,,,API8_2
0055708,모든것,20240409,수,0027443,컬러즈플라잉,0033897,삼바페스티벌,,,API8_2
0053366,모멘텀,20230303,암,7000060,나이트러스,0035881,테이크포밀즈,,,API8_2
0051764,모스트원티드,20220420,수,0038025,아임유어파더,0038722,아임유어레몬,,,API8_2
0055796,모어댄아이캔,20240407,암,0026213,지금이순간,0052745,루쓰리스퀄리티,,,API8_2
0052500,모어앤드모어,20220306,암,0036732,머스킷맨,0033053,스토미튜스데이,,,API8_2
0053210,모어퀴클리,20230310,암,6969075,지몰로지스트,0038286,인트라넷,,,API8_2
0050002,모토모토,20210330,거,0033566,파워블레이드,0040147,아임프롬딕시,,,API8_2
0046079,무등산,20190311,거,6996390,HE'S HAD ENOUGH,6851656,JACQUELINE GAIL,,,API8_2
0054672,무쌍의반석,20220215,거,6106383,CAIRO PRINCE,7046476,CAUSE LIBBY KNOWS,,,API8_2
0052822,무적이,20230117,수,6101314,HIGHTAIL,0052713,페이엣퀸,,,API8_2
0052954,무한나르샤,20230205,수,0021239,연승대로,0039449,데스플라잉,,,API8_2
0054105,무한대빛,20230517,수,0040246,지롤라모,0041543,캐티베이팅,,,API8_2
0050893,미라주,20220209,암,0046484,도르트문트,0031043,여시,,,API8_2
0056114,미라클브레인,20240410,수,7000060,나이트러스,0033028,클립스어브모허,,,API8_2
0056583,미라클페이스,20240416,암,0045014,프로스펙티브,0026797,으뜸칸,,,API8_2
0047101,미러클마린,20210316,거,0025790,피스룰즈,0022026,질주하라,,,API8_2
0056672,미르머니,20240425,암,0038025,아임유어파더,0031038,헤바,,,API8_2
0053145,미스스나이퍼,20230214,암,0041559,빅스,0034427,제이원,,,API8_2
0053508,미스코코,20230315,암,0038387,콩코드포인트,0026291,클레이사격,,,API8_2
0058202,미스터나인,20230216,거,6971452,BEST WARRIOR,7169416,ARCHANGE AILES,,,API8_2
0062463,미스터비욘드,20240224,거,6149757,IDOL,6114503,SHOWTIME SIS,,,API8_2
0055633,미스터선샤인,20240223,수,6969075,지몰로지스트,0031642,에코블루,,,API8_2
0051773,미스터키맨,20210421,수,0036732,머스킷맨,0034539,대압승,,,API8_2
0060845,미스터프라임,20230316,수,6149543,INSTAGRAND,6141519,DOUBLE HAPPINESS,,,API8_2
0053836,미스터플래시,20230519,수,0046483,플래시백,0050361,코코스스위티,,,API8_2
0053004,미스틱진,20230214,수,0045049,프리덤차일드,0044967,레이디코벤트리,,,API8_2
0055212,미스팰컨,20240201,암,0037972,올드패션드,0040927,킹덤블레이드,,,API8_2
0051894,미주리챔프,20220505,암,0032990,한센,0036654,센드앤엔젤,,,API8_2
0056565,미팅세인트,20220216,암,6106696,LORD NELSON,6128826,INVESTED PROSPECT,,,API8_2
0056059,밀리언트리,20240331,수,0027443,컬러즈플라잉,0039374,호스퀸,,,API8_2
0044888,밀크데이,20190220,수,0036358,애니기븐새터데이,0029781,밀크몬스터,,,API8_2
1411886,바라던바다,20210329,암,0038332,커널존,0028612,무한신뢰,,,API8_2
0057382,바람대로,20230406,거,6148440,COPPER BULLET,6107212,MAJESTIC MARIA,,,API8_2
0054381,바람속,20210321,암,0033566,파워블레이드,0038401,벨라레지나,,,API8_2
0051840,바벨모모,20220427,수,0038025,아임유어파더,0034825,예그리나,,,API8_2
0051736,바벨컴온,20220405,암,0038025,아임유어파더,0039222,마하퀸,,,API8_2
0050898,바벨트로페오,20220301,거,0038387,콩코드포인트,0038260,퍼펙트파인드,,,API8_2
0052112,바빌론폭스,20220311,거,0032258,트리플나인,0046496,레이디콸러티,,,API8_2
0053883,바이럴히트,20230419,암,0038245,미스치비어슬리,0031278,태미즈빅트리스,,,API8_2
0052497,바이스로열,20210308,거,6114915,CUPID,7112847,DAME WICKED,,,API8_2
0056086,발롱도르,20240405,수,0038227,크리솔라이트,0024640,샌드월드,,,API8_2
0054174,밤토리밤밤,20230510,수,0046317,레이스데이,0040031,부활의숨결,,,API8_2
0051682,배다리보석,20220317,암,0027443,컬러즈플라잉,0034511,슈퍼갤럽,,,API8_2
0055185,배럴,20240225,수,0046317,레이스데이,0031295,더로열,,,API8_2
0047203,배틀크라이,20210216,거,0033119,선더모카신,0036928,엘드래곤,,,API8_2
0054168,백투더드림,20230309,암,6969075,지몰로지스트,0037951,보배드림,,,API8_2
0055629,백화산,20240310,수,0039935,말리부불패,0043221,토종여왕,,,API8_2
0051230,밴지,20220228,거,0036732,머스킷맨,0032259,이반질린,,,API8_2
0053329,밸류플레이,20230308,수,0045050,섀클포드,0040189,스푹트,,,API8_2
0055813,뱅가드,20240319,수,0041566,투아너앤드서브,0042177,우승환희,,,API8_2
0061755,뱅가드케이,20240310,암,0040086,위드디스팅션,0040704,조이풀케이,,,API8_2
1411343,뱅뱅뱅,20210312,암,0034835,티즈원더풀,0034538,레이디프레스카,,,API8_2
0045784,버디버디,20200416,수,0038387,콩코드포인트,0024174,최초로,,,API8_2
0045388,버럭,20200310,거,0020256,메니피,0026797,으뜸칸,,,API8_2
0056965,버킷리스트,20240421,수,0040077,스마트프린스,0038710,파이트매직,,,API8_2
0053925,버터크래시,20230429,암,0038245,미스치비어슬리,0024932,버터플라이,,,API8_2
0051312,벌교마법사,20220331,수,0044420,레볼루셔너리,0030384,슈거빅토리,,,API8_2
0051292,벌교마술사,20220330,수,0044420,레볼루셔너리,0029197,대싱플래티넘,,,API8_2
0051317,벌교빌런,20220205,암,0044420,레볼루셔너리,0045044,에브리모멘트,,,API8_2
0047401,벌교사랑,20210325,거,0038332,커널존,0016365,노블파티,,,API8_2
0051264,벌교왕초,20220315,수,6970674,PAYNTER,0050535,플래터링조이,,,API8_2
0045262,벌교의꿈,20200218,거,0038391,카우보이칼,0033092,딜라이트펄송,,,API8_2
0052075,벌교의봄,20220331,거,6971298,PALACE MALICE,0050528,원미시시피,,,API8_2
0051939,벌교의힘,20220406,수,0032990,한센,0033021,빈티지터프,,,API8_2
0052413,벌마브라운,20220228,수,0036732,머스킷맨,0022861,크라운플래그,,,API8_2
0052414,벌마위너,20220520,수,0036732,머스킷맨,0036679,지피얀,,,API8_2
0053279,벌마의강자,20230305,수,0038387,콩코드포인트,0040224,스트리트어페어,,,API8_2
0053734,벌마의거인,20230409,수,0038387,콩코드포인트,0015985,로코모션,,,API8_2
0054322,벌마의랜드,20230329,수,0021239,연승대로,0028056,랜드엔젤,,,API8_2
0046998,벌마의몬스터,20210413,수,0038387,콩코드포인트,0026075,불릿,,,API8_2
0047497,벌마의에이스,20210324,수,0032990,한센,0029748,행운성,,,API8_2
0051454,벌마의엔젤,20220325,수,0032990,한센,0028056,랜드엔젤,,,API8_2
0053668,벌마의영웅,20210115,수,6114923,KLIMT,7000963,IRON MARGARET,,,API8_2
0051457,벌마킹,20220130,수,0037972,올드패션드,0037957,프린세스세실리아,,,API8_2
0054193,벙커버스터,20230326,수,0038387,콩코드포인트,0032413,장풍파랑,,,API8_2
0060857,베가스전투,20230510,수,6127227,LEXITONIAN,6814421,WILDNEXCITABLE,,,API8_2
0045472,베르다,20200211,암,0038391,카우보이칼,0029417,셀시,,,API8_2
0046850,베스트보이,20210205,거,0033566,파워블레이드,0035664,베스트캠프,,,API8_2
0055548,베스트부광,20240218,암,6969075,지몰로지스트,0036596,베스트예지,,,API8_2
0053485,베스트타이거,20230320,거,0041566,투아너앤드서브,0030673,늘푸른타이거,,,API8_2
0055709,베이스타,20240408,암,0036693,토우트,0034457,진명스나이퍼,,,API8_2
0056269,벨라돈나,20240425,암,0044993,언캡처드,0041920,아메리칸오디세이,,,API8_2
0045757,벨로시랩터,20200404,암,0038391,카우보이칼,0023702,은빛투혼,,,API8_2
0053266,벨로시퀸,20230405,암,0038391,카우보이칼,0038947,금스타,,,API8_2
0057363,보디앤드소울,20240328,암,0052316,콘서트투어,0028549,우승데이,,,API8_2
0053571,보령더퀸,20230405,암,0032990,한센,0029921,원더드리머,,,API8_2
0052133,보령라이트퀸,20220324,암,0032272,록밴드,0026503,야호프레즈,,,API8_2
0054088,보령울트라맨,20230517,수,0033566,파워블레이드,0042449,울트라시대,,,API8_2
0053037,보령원로드,20230227,암,0036732,머스킷맨,0040176,로맨티카미아,,,API8_2
0055979,보령의별,20240404,암,0032990,한센,0042490,샴페인걸,,,API8_2
0053154,보령의신용,20230328,암,0046317,레이스데이,0028490,신용퀸,,,API8_2
0054111,보령의쾌속,20230521,암,0044993,언캡처드,0038353,아이스컬린,,,API8_2
0054463,보령의태양,20230430,암,0040246,지롤라모,0038344,뮤지컬참,,,API8_2
0055921,보령의화신,20240321,암,0045050,섀클포드,0036568,당대화신,,,API8_2
0056272,보령의힘,20240427,암,0037972,올드패션드,0035070,백두미르,,,API8_2
0053425,보텍스,20230416,수,0039737,어플릿익스프레스,0038987,초동스트리트,,,API8_2
0046624,본다이아,20210128,암,0040086,위드디스팅션,0040089,티피맥지,,,API8_2
0050920,부경트리플,20220331,수,0032990,한센,0042383,포리스트인디,,,API8_2
0056368,부활의서막,20240430,수,0052316,콘서트투어,0041945,필리매디슨,,,API8_2
0053379,불빛강자,20230407,수,6969075,지몰로지스트,0040241,시크리티브레이디,,,API8_2
0053431,불빛역마,20230306,암,7000060,나이트러스,0027850,테일스트,,,API8_2
0051516,불의신전,20220414,수,0026618,경부대로,0035356,시티위너,,,API8_2
0051508,불의평화,20220503,수,0044931,센트럴커맨드,0039100,피스오브룰즈,,,API8_2
0055392,불패질주,20240331,수,0052826,쿠르부아지에,0038987,초동스트리트,,,API8_2
0055328,뷰티풀라인,20240131,암,0032990,한센,0024771,캐러라인,,,API8_2
0055470,브라보영,20240220,수,0046317,레이스데이,0025018,블랙토네이도,,,API8_2
0056974,브라보퀸,20240418,암,7000060,나이트러스,0026041,오버파워,,,API8_2
0052036,브라운루키,20220317,암,0038391,카우보이칼,0033829,스페셜루키,,,API8_2
0053135,브라운초코,20230211,수,0028545,인디밴드,0041652,초코캔디,,,API8_2
1412179,브라운팰컨,20210316,암,0039750,퍼지,0041975,레이즈드라이트,,,API8_2
0050909,브라이트마린,20220220,암,0033119,선더모카신,0036176,비장의무기,,,API8_2
0056263,브레스리스,20240329,수,0040086,위드디스팅션,0042750,피렌체캐슬,,,API8_2
0047446,브루크킹맨,20210420,수,0026618,경부대로,0029486,송버드투,,,API8_2
0056702,브리도그린,20240419,수,0032990,한센,0046493,스톰커밍,,,API8_2
0052961,브리도삼손,20230125,거,0044420,레볼루셔너리,0032847,빛의여왕,,,API8_2
0053042,브리도솔,20230128,수,0032990,한센,0030645,스피드헤로인,,,API8_2
0052092,브리도아레나,20220314,암,0046317,레이스데이,0038342,패션트렌드,,,API8_2
0055027,브리도추추,20230314,거,6149594,TIZ THE LAW,6124571,STRUM,,,API8_2
0056631,브이라인,20240202,수,6969075,지몰로지스트,0039759,아테나브이,,,API8_2
1412320,블랙볼트,20200401,수,0033119,선더모카신,0025072,볼드가드니스,,,API8_2
0047522,블랙스프링,20210323,수,0032990,한센,0041972,필름참,,,API8_2
0046918,블랙웨이브,20210203,암,0034735,페더럴리스트,0036635,그랜드비전,,,API8_2
0055865,블랙위너,20240415,암,0052316,콘서트투어,0039283,블랙파티,,,API8_2
0050078,블랙질주,20210327,암,0033566,파워블레이드,0022594,머니트리,,,API8_2
0056046,블랙퀸즈,20240402,암,0037972,올드패션드,0038478,블랙재퍼,,,API8_2
0052145,블랙트리,20220324,암,0033119,선더모카신,0039578,메니타운십,,,API8_2
0055337,블레싱걸,20240129,암,0039737,어플릿익스프레스,0035880,스톤블레이드,,,API8_2
0057841,블레싱보이,20240422,수,6106670,TAPITURE,0057649,티즈월들리,,,API8_2
0057440,블레이드마린,20240115,수,0033566,파워블레이드,0031053,부경게이트,,,API8_2
0056361,블루마린,20240428,암,0050506,에어포스블루,0040853,퀸브론스키,,,API8_2
0056467,블루스톤,20240507,수,0050506,에어포스블루,0040746,록하드스톤,,,API8_2
0053115,블루오키드,20230326,암,0050506,에어포스블루,0038366,티즈벗어드림,,,API8_2
0055478,블루튤립,20240330,암,0050506,에어포스블루,0029439,레드튤립,,,API8_2
0053854,블루트리,20230502,암,0046317,레이스데이,0032690,뉴욕블루,,,API8_2
1412074,블루포인트,20210517,수,0037972,올드패션드,0034888,블루제라늄,,,API8_2
0054039,블루헌터,20230512,암,0050506,에어포스블루,0033810,댄싱스타,,,API8_2
0050941,비뢰서브,20220406,수,0041566,투아너앤드서브,0020046,비뢰소나타,,,API8_2
0055381,비밀이야,20240205,수,0045049,프리덤차일드,0046421,새시아그네스,,,API8_2
0054216,비월,20210227,수,6967924,DIALED IN,0057647,키카,,,API8_2
0060859,비월의꿈,20230417,수,6115216,BOLT D'ORO,6103006,ARGENTA,,,API8_2
0044686,비제이치프,20190411,거,0036729,밥앤드존,0023007,레드루비,,,API8_2
0056684,비케이리치,20240528,수,7000060,나이트러스,0050521,디컨니스,,,API8_2
0057404,비케이빅에어,20240418,수,0039737,어플릿익스프레스,0038295,패전트리,,,API8_2
0057140,비케이슈터,20240320,암,0032990,한센,0037857,머니대륙,,,API8_2
0053861,비케이스피릿,20230305,암,0037972,올드패션드,0037957,프린세스세실리아,,,API8_2
0056782,비케이액슬,20240331,수,0037972,올드패션드,0038554,비케이갬블,,,API8_2
0055645,비케이타이칸,20240221,암,0032990,한센,0022127,머시매터스,,,API8_2
0052974,비트보이,20230128,수,0038025,아임유어파더,0037312,조이오브캡틴,,,API8_2
0055874,비트원,20240319,암,0052826,쿠르부아지에,0040135,어윙크앤어스마일,,,API8_2
0050987,빅뮤지컬스타,20220210,거,0038387,콩코드포인트,0044990,뮤지컬무드,,,API8_2
0052165,빅스마일,20220410,암,0033119,선더모카신,0037267,설광화,,,API8_2
0053868,빅스타,20230420,암,0037972,올드패션드,0033046,미스킥,,,API8_2
0054760,빅토리스토리,20220508,거,0045049,프리덤차일드,0035522,경연한질주,,,API8_2
0053372,빅토리아축제,20230328,암,6993812,CENTRAL BANKER,0052593,마이빅토리아로즈,,,API8_2
0055817,빅토리존,20240307,암,0038245,미스치비어슬리,0052716,데인저존,,,API8_2
0056823,빅토리챔프,20240515,수,0037972,올드패션드,0039051,흥오름,,,API8_2
0055180,빅토리콜,20240225,암,6126461,GIRVIN,0055029,헬로로지,,,API8_2
0055469,빅토리타임,20240310,수,0046317,레이스데이,0038352,블리스터링스트라,,,API8_2
0055908,빅토리페어리,20240416,암,0037972,올드패션드,0024343,임페리얼스타,,,API8_2
0050247,빛나는길,20210225,거,0034428,테스타마타,0038275,모테가,,,API8_2
0054170,빠릿빠릿,20230324,암,0039737,어플릿익스프레스,0035427,개천의용,,,API8_2
0047201,사막의꽃,20210316,암,0033119,선더모카신,0038366,티즈벗어드림,,,API8_2
0052884,사일런트헌터,20230223,암,0041800,메디치글로리,0040125,사일런트포에트리,,,API8_2
1412315,상임볼트,20210412,수,0032990,한센,0025552,백만볼트,,,API8_2
0046906,상임스타,20210323,암,0031261,사이먼퓨어,0036149,해성스타,,,API8_2
0047187,상하이선더,20210417,수,0033119,선더모카신,0039072,상하이조던,,,API8_2
0055924,새내다올,20240320,암,0032990,한센,0024514,다이나스퍼트,,,API8_2
0051488,새내헌터,20220316,수,0041566,투아너앤드서브,0044989,에반젤리칼,,,API8_2
0052996,새내힐,20230228,암,0038387,콩코드포인트,0036302,트루스앤아너,,,API8_2
0060858,새시대원,20230429,수,6115213,GUNNEVERA,7001729,WILD EMBRACE,,,API8_2
0053704,샤이니코리아,20230411,거,0032990,한센,0040456,샤이니파이어,,,API8_2
0053100,샤이닝원,20230122,수,0038245,미스치비어슬리,0040489,해피요정,,,API8_2
0053426,샤이닝월드,20230416,암,0039737,어플릿익스프레스,0043782,골든월드,,,API8_2
0053585,샤이닝클러치,20230418,수,0045082,오버애널라이즈,0026665,샤이닝퓨처,,,API8_2
0053634,샴페인위너,20230330,암,6969075,지몰로지스트,0040238,샴페인무드,,,API8_2
0050996,섀클로드,20220220,수,0045050,섀클포드,0038171,로드언드프레이즈,,,API8_2
0051054,섀클선,20220312,거,0045050,섀클포드,0034559,선크래스트,,,API8_2
0053280,섀클타운,20230309,암,0045050,섀클포드,0044989,에반젤리칼,,,API8_2
0053873,서귀그레이트,20230329,암,6993812,CENTRAL BANKER,0052492,갈라드리엘즈라잇,,,API8_2
0051497,서귀레이디,20220428,암,0045050,섀클포드,0019701,배블레이디,,,API8_2
0055812,서귀볼트,20240425,수,6969075,지몰로지스트,0033837,라스트코디,,,API8_2
0055594,서귀브라보,20240321,수,6969075,지몰로지스트,0036306,인티미시미,,,API8_2
0054116,서귀블레이드,20230523,거,0045050,섀클포드,0024441,강한여신,,,API8_2
0046663,서귀오름,20210116,거,0039812,모던카우보이,0027712,푸른에너지,,,API8_2
0050736,서귀오성탑,20220322,암,0032990,한센,0034916,사이치,,,API8_2
0051648,서귀초원,20220413,암,0033566,파워블레이드,0013590,싱그러운,,,API8_2
0053892,서귀크라운,20230428,거,0044993,언캡처드,0023355,나이트무브스,,,API8_2
0053388,서귀크레스트,20230330,암,0041628,세이브더월드,0027707,챔피언홀더,,,API8_2
0053144,서귀클래스,20230318,암,0032990,한센,0036419,슈퍼스타존,,,API8_2
0053864,서귀트러스트,20230410,수,0045050,섀클포드,0032945,후즈퍼펙트,,,API8_2
0052113,서귀트리플,20220308,거,0032258,트리플나인,0032122,대보름달,,,API8_2
0047367,서귀퍼펙트,20210510,수,0034835,티즈원더풀,0032945,후즈퍼펙트,,,API8_2
0053152,서귀포리스트,20230225,암,0033566,파워블레이드,0036905,셔플러너,,,API8_2
0055952,서니와일드,20240325,수,0050008,바이언,0050366,퍼니서니,,,API8_2
0054563,서린빌리프,20230420,암,0032258,트리플나인,0046486,미스벨오즈테일,,,API8_2
0052235,서부갬블,20220325,거,0031261,사이먼퓨어,0036633,갬블링걸,,,API8_2
0052436,서부댄싱,20220505,거,0026618,경부대로,0032012,재퍼댄싱,,,API8_2
0053399,서부리나,20230301,거,0040246,지롤라모,0043045,사브리나,,,API8_2
0054059,서부메달,20230510,거,7000060,나이트러스,0028192,레이디메달,,,API8_2
0047391,서부비전,20210225,거,0032990,한센,0037905,에이스비전,,,API8_2
0045439,서부빅스텝,20200305,거,0032990,한센,0036694,드빌,,,API8_2
0052232,서부이글,20220405,거,0026618,경부대로,0038331,홀리데이트위스트,,,API8_2
0047393,서부캡틴,20210225,거,0039750,퍼지,0024775,신한우먼,,,API8_2
0053586,서부홀리데이,20210410,암,0026618,경부대로,0038331,홀리데이트위스트,,,API8_2
0050674,서울드래곤,20220222,수,0031261,사이먼퓨어,0038413,스핀,,,API8_2
0052418,석세스골드,20220228,암,0036732,머스킷맨,0034396,금캐라,,,API8_2
0053769,석세스데이,20230412,수,0046317,레이스데이,0035252,그레이삭스,,,API8_2
0056940,석세스런,20230506,수,0036732,머스킷맨,0034892,매그니피션이미지,,,API8_2
0050245,석세스백파,20210329,수,0039750,퍼지,0017057,백파,,,API8_2
0051717,석세스카우,20220409,거,0038391,카우보이칼,0021074,메이저걸,,,API8_2
0054313,석세스퀸,20230412,암,0036732,머스킷맨,0020886,골든로즈,,,API8_2
0051221,석세스평화,20220407,거,0032990,한센,0029809,평화포럼,,,API8_2
0055210,선더불릿,20240208,수,0050506,에어포스블루,0036827,경주의두레박,,,API8_2
0062683,선더원,20240403,수,6127013,COLONEL LIAM,6138563,BELLIMBUSTO,,,API8_2
0055181,선더웨이브,20240223,수,0028279,브리그,0037027,니케스트리트,,,API8_2
0055977,선더크러시,20240410,수,0027443,컬러즈플라잉,0032517,지봉사랑,,,API8_2
0046984,선더패션,20210427,거,0033119,선더모카신,0038123,패션데오르,,,API8_2
0053251,선데이퀸,20230325,암,7000177,MODERNIST,0052773,비헤비얼파이낸스,,,API8_2
0054221,선라이즈,20230322,암,6969075,지몰로지스트,0034559,선크래스트,,,API8_2
0051426,선라이트,20220311,암,0038025,아임유어파더,0026630,광야일출,,,API8_2
0052571,섬싱엘스,20220325,수,0039750,퍼지,0028518,애즈유원트,,,API8_2
0055634,성실가자,20240225,암,6969075,지몰로지스트,0032616,프로포즈,,,API8_2
0053500,성실드림,20230407,수,0037610,가온챔프,0040225,팬덜스,,,API8_2
0056700,성실세상,20240502,수,0041566,투아너앤드서브,0040231,스프렌도타운,,,API8_2
0052068,성실시대,20220419,암,0038387,콩코드포인트,0036737,루비즈에스커페이,,,API8_2
0051911,성실월드,20220530,암,0038387,콩코드포인트,0036662,캐리비안레인,,,API8_2
0053148,성실제일,20230331,암,0033566,파워블레이드,0041779,고고비,,,API8_2
0056505,성실좋아좋아,20240520,수,0038387,콩코드포인트,0018828,플라이톱,,,API8_2
0057820,성실질주,20240226,수,0052316,콘서트투어,0041539,스테파니갓이븐,,,API8_2
0056982,성장,20240411,수,0045050,섀클포드,0038210,오섬돌,,,API8_2
0051897,세광라이트,20220309,수,0045050,섀클포드,0034213,반지의여전사,,,API8_2
0047183,세광최강,20210420,암,0032990,한센,0030274,퍼스트워리어,,,API8_2
0056045,세라프,20240409,암,6149770,MYSTIC GUIDE,0055040,클로징딜즈,,,API8_2
0056628,세종미러클,20240519,수,0038245,미스치비어슬리,0032129,샤프게일,,,API8_2
0060357,센세이셔널윈,20230324,수,7000176,SILVER STATE,6323871,CAMPIONESSA,,,API8_2
0056570,셀라이크,20220306,거,6149607,WIN WIN WIN,6143187,MYCRAZYXGIRLFRIEND,,,API8_2
0050702,소드마스터,20220218,수,0034735,페더럴리스트,0046434,트릭오브더테일,,,API8_2
0051328,소드윙,20220313,거,0039737,어플릿익스프레스,0035880,스톤블레이드,,,API8_2
0042439,소리태풍,20180317,거,0032990,한센,0029467,스트리트골드,,,API8_2
0053886,소망의길,20230418,수,0044993,언캡처드,0040343,천년의길,,,API8_2
0051581,소우굿,20220102,수,0026618,경부대로,0036763,스타캣,,,API8_2
0052845,소우패스트,20230130,암,0045014,프로스펙티브,0040719,한센플래쉬,,,API8_2
0053741,소파워풀,20230518,암,6969075,지몰로지스트,0034166,더월드,,,API8_2
0055909,솔내음강,20240320,암,0033566,파워블레이드,0038349,메이저즈걸Ⅱ,,,API8_2
0053954,송골매,20230427,수,0034192,제타바이트,0020927,드림윙즈,,,API8_2
0055134,송정투데이,20230224,암,0041566,투아너앤드서브,0046421,새시아그네스,,,API8_2
0052851,슈퍼에어로,20230131,수,0038245,미스치비어슬리,0035983,끝판에어로,,,API8_2
0060999,슈퍼위크,20240318,암,0033566,파워블레이드,0028635,윈드레토,,,API8_2
0053232,슈퍼크라운,20230324,암,0026213,지금이순간,0046434,트릭오브더테일,,,API8_2
0056561,슈펙스니케,20240408,수,0041566,투아너앤드서브,0038279,시크릿킨,,,API8_2
0057002,슈펙스로열,20240427,수,6969075,지몰로지스트,0041919,프랜저블,,,API8_2
0055830,슈펙스매직,20240404,수,0036732,머스킷맨,0035206,아이스마린,,,API8_2
0061401,슈펙스월드,20240204,수,6126458,ARMY MULE,6111499,STARSHIP AWESOME,,,API8_2
0061255,슛포더선,20231121,거,6115075,TARZINO,7174155,ASHIMA,,,API8_2
0058201,스마트러너,20230417,수,6521487,ROSES IN MAY,7169412,BLUE PRELUDE,,,API8_2
0056265,스마트샤말,20220324,수,6104217,SMART FALCON,7138206,M O PLATINA,,,API8_2
0053429,스마트유림,20230308,거,6969075,지몰로지스트,0038006,스마트댄서,,,API8_2
0050960,스원퀸,20220306,암,0045050,섀클포드,0038264,스원스테이트먼트,,,API8_2
0053636,스위트맨,20230327,수,0036732,머스킷맨,0035830,스위트록,,,API8_2
0061895,스위트불독,20240201,수,7179049,BULLDOG BOSS,7179051,NO FATE,,,API8_2
0056765,스위트파워,20230324,수,0033566,파워블레이드,0041540,스위트테레사,,,API8_2
0053624,스카이넥스,20230323,수,0041566,투아너앤드서브,0029673,새나,,,API8_2
0056261,스카이볼트,20240323,수,0045082,오버애널라이즈,0029061,대산여제,,,API8_2
0061001,스카이원,20240325,암,0027443,컬러즈플라잉,0050581,아라나,,,API8_2
0060824,스카이윈윈,20230126,거,6149607,WIN WIN WIN,6149794,MELROSE BAY,,,API8_2
0046790,스카이질주,20210220,수,0034428,테스타마타,0024326,아케자,,,API8_2
0053421,스카이화이트,20230331,암,0032990,한센,0037855,댄싱블레이드,,,API8_2
0053190,스카일러지유,20230308,수,6149534,글로벌캠페인,0053058,디어리스트원,,,API8_2
1412347,스타대로,20210410,수,0026618,경부대로,0031121,스타볼트,,,API8_2
0044491,스타마타,20190426,수,0034428,테스타마타,0031121,스타볼트,,,API8_2
0061158,스타메이커,20240305,암,0031261,사이먼퓨어,0035983,끝판에어로,,,API8_2
0056239,스타보이,20240420,수,0038391,카우보이칼,0031990,지봉스타,,,API8_2
0046458,스타파크,20200411,거,0020379,인그란디어,0020842,엔젤스타,,,API8_2
0051346,스타포스,20220407,암,0038391,카우보이칼,0040145,탭메이트,,,API8_2
0045831,스타퓨리,20200329,거,0027443,컬러즈플라잉,0038397,라이트그립,,,API8_2
0051564,스테이쿨,20220306,암,0034735,페더럴리스트,0029675,오버스피드,,,API8_2
0047194,스텔스모드,20210421,거,0033119,선더모카신,0041956,라이드더월드,,,API8_2
0052937,스텔스킹맨,20230222,수,0040086,위드디스팅션,0032616,프로포즈,,,API8_2
0054194,스텝포워드,20230415,거,0040246,지롤라모,0034296,채스터티,,,API8_2
0045858,스토미데이,20200301,수,0036358,애니기븐새터데이,0033012,스토미로직,,,API8_2
0051686,스토밍,20220310,수,0032990,한센,0029325,라피네,,,API8_2
0054192,스톰위너,20230427,암,0032314,뉴화이트삭스,0037114,탱고앤탱고,,,API8_2
0055964,스톰캐처,20240329,암,0036732,머스킷맨,0046476,라이트디시전,,,API8_2
0051510,스톰파이터,20220416,수,0031261,사이먼퓨어,0040031,부활의숨결,,,API8_2
0055648,스톰프린스,20240225,거,0038387,콩코드포인트,0033015,더캣,,,API8_2
0053075,스트로베리퀸,20230315,암,0045050,섀클포드,0040132,스트로베리베이비,,,API8_2
0055612,스트로베리킹,20240331,수,0041813,미스터크로우,0040132,스트로베리베이비,,,API8_2
0054360,스트롱위너,20230502,수,0038391,카우보이칼,0036220,하얀민들레,,,API8_2
0055863,스트롱타이거,20240316,수,0041566,투아너앤드서브,0044964,웨이팅포아스파크,,,API8_2
0053314,스파이어,20230418,수,0041566,투아너앤드서브,0040120,엘리즈더보스,,,API8_2
0055877,스페셜록,20240322,수,6969075,지몰로지스트,0041140,스페셜럭키,,,API8_2
0047220,스페셜엔진,20210418,암,0032990,한센,0037249,스페셜스톤,,,API8_2
0044316,스페셜윈드,20190426,거,0033115,유로실버,0023247,스페셜볼포니,,,API8_2
0056781,스페셜퍼스트,20240331,수,0038387,콩코드포인트,0033829,스페셜루키,,,API8_2
0053952,스페이스골드,20230410,거,0050506,에어포스블루,0028441,볼륨업,,,API8_2
0051721,스피드굿,20220429,수,0044993,언캡처드,0030394,마이걸,,,API8_2
0053116,스피드범프,20230318,암,0050506,에어포스블루,0023352,달빛미소,,,API8_2
0055589,스피드에지,20240216,수,0046317,레이스데이,0033879,핑크블레이드,,,API8_2
0055531,스피드엔젤,20240320,암,0039935,말리부불패,0040291,골드캔디,,,API8_2
0045557,스피드영,20200405,수,0020256,메니피,0036315,태피스트리,,,API8_2
0051108,스피드톱,20220411,수,0032990,한센,0038275,모테가,,,API8_2
0047151,승리깃발,20210409,암,0034735,페더럴리스트,0035865,블루댄서,,,API8_2
0050929,승리예약,20220327,암,0038227,크리솔라이트,0036306,인티미시미,,,API8_2
0057541,시너지,20240326,암,0027312,라이언산타,0028518,애즈유원트,,,API8_2
0051348,시애틀드림,20220420,암,0038391,카우보이칼,0029417,셀시,,,API8_2
0053549,시에라골드,20230323,거,0038227,크리솔라이트,0045013,시에라포리스트,,,API8_2
0055476,시크릿포그,20240311,암,0046317,레이스데이,0041797,바램,,,API8_2
0053517,신스타원,20230315,거,0044931,센트럴커맨드,0024889,어맨더,,,API8_2
0056680,신천돌로리스,20240224,수,0038387,콩코드포인트,0050527,바스부사,,,API8_2
0056222,신천스나이퍼,20240422,수,0045050,섀클포드,0041364,투투그레이트,,,API8_2
0051943,신천프리덤,20220425,암,0045050,섀클포드,0031270,폭풍속으로,,,API8_2
0054796,신촌독수리,20220424,거,6130183,YOSHIDA,6148709,BEST INTENTIONS,,,API8_2
0053787,신흥강타자,20230407,거,0038391,카우보이칼,0021074,메이저걸,,,API8_2
0055983,실버메이외르,20240415,암,7000060,나이트러스,0033371,몬스터퀸,,,API8_2
0056501,실버모테가,20240512,암,0038387,콩코드포인트,0038275,모테가,,,API8_2
0052065,실버스톤,20220224,암,0036735,디바인파크,0029600,화이트이글,,,API8_2
0061650,싱크러시,20240418,암,0041813,미스터크로우,0041693,캐논슈터,,,API8_2
0055652,싱크하드,20240315,수,0045050,섀클포드,0030901,멀티럭,,,API8_2
0053909,아너드칸,20210201,수,0039742,테이크차지인디,6104778,QUICK LIL LADY,,,API8_2
0051872,아너로직,20220429,암,0041566,투아너앤드서브,0033012,스토미로직,,,API8_2
0062944,아너스페셜,20240317,수,6149753,GREATEST HONOUR,7004915,SPECIAL ASSISTANT,,,API8_2
0052900,아라미드,20230114,암,0038391,카우보이칼,0037877,스타삭스,,,API8_2
0060823,아라치아라초,20230228,수,6147900,AUTHENTIC,6107196,SENORITA CORREDORA,,,API8_2
0056207,아르크희망,20240331,암,0040086,위드디스팅션,0025929,롱런드림,,,API8_2
0050924,아리드래곤,20220322,암,0036732,머스킷맨,0046476,라이트디시전,,,API8_2
0051705,아리온의검,20220411,수,6115216,BOLT D'ORO,0050527,바스부사,,,API8_2
0051702,아리온의빛,20220423,거,0038387,콩코드포인트,0036659,아이즈온에디,,,API8_2
0046690,아리온킹,20210204,거,0038391,카우보이칼,0037748,미라클한센,,,API8_2
0051048,아리온킹카,20220316,거,0037972,올드패션드,0031236,히어컴즈서머,,,API8_2
0051703,아리온태양,20220411,거,6119755,AUDIBLE,0050526,홀리대즐,,,API8_2
0045399,아무르,20200211,암,0040056,아치아치아치,0024453,댄징샐리,,,API8_2
0053356,아유레디,20230302,암,0032224,돌아온현표,0043332,로열카우,,,API8_2
0062123,아이돌스타,20240314,거,6149757,IDOL,6105259,AQUALANE SHORES,,,API8_2
0053032,아이스바벨,20230208,거,0046317,레이스데이,0035206,아이스마린,,,API8_2
0053788,아이엠퀸,20230424,암,0038025,아임유어파더,0037267,설광화,,,API8_2
0051615,아이케임,20220419,수,0044420,레볼루셔너리,0031862,삼정파이터,,,API8_2
0052875,아임더원,20230126,암,0032224,돌아온현표,0028339,미스퀵,,,API8_2
0047295,아잔타,20210324,암,0036732,머스킷맨,0031901,에이스마린,,,API8_2
0060852,아처하트,20230318,거,6109247,런해피,6989497,WISH WISH WISH,,,API8_2
0057260,아쿠아블루,20240424,암,0050506,에어포스블루,0040081,아쿠아프린세스,,,API8_2
0053178,아트트리,20230307,수,0038245,미스치비어슬리,0046478,쿨리,,,API8_2
0051759,압도적넘버원,20220430,거,0036732,머스킷맨,0036862,금아고스트,,,API8_2
0052906,앙코르,20230209,수,0050506,에어포스블루,0040613,스트롱퀸,,,API8_2
0044639,애니싱스,20190227,암,0036358,애니기븐새터데이,0036288,프리덤싱즈,,,API8_2
0052966,애니윈,20230228,거,0033566,파워블레이드,0035592,장산제패,,,API8_2
0053728,애프터올위너,20230406,수,0038025,아임유어파더,0042372,그레이엔젤,,,API8_2
0055545,액시스스톰,20240301,거,0032990,한센,0039803,트랜스퍼메이션,,,API8_2
0056675,액시스퍼스트,20240212,수,0045050,섀클포드,0041979,나스티캣,,,API8_2
0047171,액티브스타,20210414,암,0045082,오버애널라이즈,0015767,밀리언달러,,,API8_2
0051632,앤버니,20220518,암,0032990,한센,0038365,파이어러츠갈,,,API8_2
0047545,앨리스마린,20210311,암,0041566,투아너앤드서브,0038184,샌디에고마린,,,API8_2
0054172,어메이징원,20230309,수,0041566,투아너앤드서브,0034057,스틸더쇼와이,,,API8_2
0056571,어메이징월드,20220419,수,6118888,VINO ROSSO,6117562,DI MARIA,,,API8_2
0056663,어메이징칸,20220410,수,6102795,JIMMY CREED,7027818,AXE CAPITAL,,,API8_2
0053631,어플리트캡틴,20230326,암,0039737,어플릿익스프레스,0036709,인에스크로,,,API8_2
0054733,어화둥둥,20220317,거,6114924,UNIFIED,6147834,LILLY'S DREAM,,,API8_2
0051541,억새,20220328,암,0037439,더킹,0041852,마이시스터니나,,,API8_2
0053820,언캡쳐드러너,20230414,거,0044993,언캡처드,0023333,스킵러너,,,API8_2
0062075,엉클파크,20240524,수,7000183,UNCLE CHUCK,6130619,ALLYOUNEEDISLOVIN,,,API8_2
0055426,에너지오브선,20240207,거,0025790,피스룰즈,0033423,세라몬드,,,API8_2
0051197,에런다이트,20220417,수,0034835,티즈원더풀,0034296,채스터티,,,API8_2
0056800,에어나이스,20240215,암,7000060,나이트러스,0035964,소중한인연,,,API8_2
0051115,에어시티,20220218,거,0021239,연승대로,0039449,데스플라잉,,,API8_2
0055737,에이스러브,20240407,암,6969075,지몰로지스트,0040234,소우전러브,,,API8_2
0056673,에이스바람,20240320,수,0050506,에어포스블루,0044479,사전통보,,,API8_2
0052014,에이스선,20220520,거,0045050,섀클포드,0035991,비카뮤직,,,API8_2
0055735,에이스크로우,20240405,암,0041813,미스터크로우,0032490,금수봉,,,API8_2
0056668,에이스타이거,20240227,수,0038387,콩코드포인트,0040127,마코마,,,API8_2
0054764,에이스하이,20220301,암,0044420,레볼루셔너리,0037667,모네플라잉,,,API8_2
0050700,에코챔프,20220124,암,0032219,챔프라인,0040296,에코화이트,,,API8_2
0057483,에파사,20230413,수,6149543,INSTAGRAND,6115988,BELLA BAMBINA,,,API8_2
0062965,엘스타윈,20240429,수,6114377,UNCLE VINNY,6798606,BIN QUIET,,,API8_2
0056064,엘에이드림,20240403,암,7000060,나이트러스,0034906,엘에이걸,,,API8_2
0056566,엘카사도르,20220417,거,6106670,TAPITURE,6122560,LA CASADORA,,,API8_2
0056183,엘파트론,20240217,수,0045082,오버애널라이즈,0040194,퍼시스,,,API8_2
0051733,여수룩앳스타,20220420,암,0040086,위드디스팅션,0027539,골든데일,,,API8_2
0050992,여수슈퍼스타,20220212,암,0036732,머스킷맨,0026120,아이리스,,,API8_2
0056419,여수킹파이터,20240430,수,0046317,레이스데이,0023333,스킵러너,,,API8_2
0056442,여수톱스타,20240430,암,0052826,쿠르부아지에,0045053,리브에브리데이,,,API8_2
0055878,여수톱파이터,20240415,수,0038391,카우보이칼,0034511,슈퍼갤럽,,,API8_2
0052997,여운,20230119,암,0036732,머스킷맨,0037824,엑톤스피드,,,API8_2
0057421,역시역시,20240330,암,0034637,라이언메탈,0044229,은혜서브,,,API8_2
1412356,연예인,20210423,거,0038387,콩코드포인트,0035427,개천의용,,,API8_2
0050835,영광의그린,20220130,거,0043421,일루시브블러프,0038793,영광의키스,,,API8_2
0053525,영광의루키,20230328,암,0038387,콩코드포인트,0036396,일류천,,,API8_2
0056976,영광의크라운,20240118,암,6969075,지몰로지스트,0038793,영광의키스,,,API8_2
0047095,영광의클래스,20210317,수,0039812,모던카우보이,0034849,미스개츠비Ⅱ,,,API8_2
0046787,영광의퍼스트,20210224,수,0045048,보이즈앳토스코노,0038793,영광의키스,,,API8_2
0046789,영광의프린스,20210210,거,0038387,콩코드포인트,0038196,영광승리,,,API8_2
0057401,영광의호프,20240417,거,0034428,테스타마타,0027712,푸른에너지,,,API8_2
0056763,영브릴리언트,20240315,암,0038025,아임유어파더,0046437,드라마틱걸,,,API8_2
0051409,영스카이워커,20220324,수,0038025,아임유어파더,0046437,드라마틱걸,,,API8_2
0053529,영영브라보,20230315,거,0039935,말리부불패,0041931,투투리즈,,,API8_2
0044631,영웅로드,20190509,거,0037972,올드패션드,0034111,당대퀸,,,API8_2
0047505,오늘이순간,20210515,거,0033566,파워블레이드,0033973,옥녀봉,,,API8_2
0044387,오르다,20190302,거,0032990,한센,0034725,메이드위너,,,API8_2
0051329,오버레인보우,20220415,거,0045082,오버애널라이즈,0035366,가속트리플,,,API8_2
0060838,오버로드킹,20231009,거,6127349,TRAPEZE ARTIST,7169816,MISS BILLIONAIRE,,,API8_2
0055803,오버올,20240407,수,0028279,브리그,0038410,릴리벨비,,,API8_2
0056039,오션제니스,20240428,암,0032258,트리플나인,0036800,천하일색,,,API8_2
0053336,오아시스기적,20230319,수,6112206,FROSTED,0052755,웁시데이지,,,API8_2
0051069,오아시스레드,20220224,수,0041566,투아너앤드서브,0029926,심신지려,,,API8_2
0055515,오아시스로즈,20240227,수,0038387,콩코드포인트,0038613,제너럴로즈,,,API8_2
0053851,오아시스루비,20230429,암,0046317,레이스데이,0032396,주얼리파티,,,API8_2
0055344,오아시스섀클,20240224,수,0045050,섀클포드,0038506,원더풀이지,,,API8_2
0055283,오아시스셀럽,20240305,암,0038391,카우보이칼,0036979,영천더비,,,API8_2
0055278,오아시스송,20240128,수,0032990,한센,0030937,호재너즈송,,,API8_2
0053662,오아시스스타,20230330,거,0038387,콩코드포인트,0030925,고속성장,,,API8_2
0053960,오아시스아델,20230510,수,0045050,섀클포드,0045046,헤일리즈롤리팝,,,API8_2
0055354,오아시스엔젤,20240303,수,0036732,머스킷맨,0037649,메이저엔젤,,,API8_2
0054051,오아시스영,20230512,수,0036732,머스킷맨,0036630,위키드우노,,,API8_2
0055631,오아시스영천,20240307,수,0041566,투아너앤드서브,0042792,영천어벤저,,,API8_2
0055488,오아시스왕자,20240313,수,6108937,TONALIST,0054902,그랜드페인터,,,API8_2
0055843,오아시스위너,20220509,수,6115339,MENDELSSOHN,6971348,OFF THE STREET,,,API8_2
0051975,오아시스위키,20220517,거,0036732,머스킷맨,0036630,위키드우노,,,API8_2
0053506,오아시스챔프,20230320,수,0038387,콩코드포인트,0027482,프레리타운십,,,API8_2
0055651,오아시스초원,20240315,거,0038387,콩코드포인트,0027002,싱그러운초원,,,API8_2
0056785,오아시스퀸,20240123,암,0027443,컬러즈플라잉,0019808,가야공주,,,API8_2
0053006,오아시스킹덤,20230228,수,0044993,언캡처드,0040162,블랙레이스,,,API8_2
0055365,오아시스타임,20240229,수,0038387,콩코드포인트,0038579,싱그러운타임,,,API8_2
0055901,오아시스한센,20240422,수,0032990,한센,0021560,쾌검,,,API8_2
0054052,오아시스해피,20230517,수,0046317,레이스데이,0030615,가문여장군,,,API8_2
0054102,오아시스환희,20230328,수,0038387,콩코드포인트,0030708,투어캠프,,,API8_2
0055125,오아시스희망,20240110,수,0037674,뉴레전드,0038310,쉬즈어버드걸,,,API8_2
0053363,오케이베이비,20230325,수,0037972,올드패션드,0050482,비너스베러티,,,API8_2
0047272,오크리지,20210301,수,0034428,테스타마타,0036780,블루플래그,,,API8_2
0047366,오픈스카이,20210525,거,0038391,카우보이칼,0041964,타파티아,,,API8_2
0051234,온누리보스,20220329,수,0035285,파이널보스,0037874,그랜드환호,,,API8_2
0053588,온누리파티,20230324,암,7000060,나이트러스,0035031,오호대장군,,,API8_2
0055869,온리포미,20240317,암,0039216,킹삭스,0042415,아쿠아펀치,,,API8_2
0056203,온톱,20240417,암,0041813,미스터크로우,0041471,아너퀸,,,API8_2
0053007,올더베스트,20230222,암,6115215,OSCAR PERFORMANCE,0052753,밸류드스트라이크,,,API8_2
0060855,올데이롱,20231024,암,6130182,MAGNA GRECIA,7169838,OBERNE ROSE,,,API8_2
0051228,올라운드원,20220303,거,0031261,사이먼퓨어,0031853,모닝퀸,,,API8_2
0055994,올오케이,20240326,수,0032990,한센,0026291,클레이사격,,,API8_2
0061896,올클리어,20240330,수,6104211,ESPOIR CITY,7179054,PERFUME BOMB,,,API8_2
0055342,와일드도로,20240203,암,0050008,바이언,0034578,메다글로리아,,,API8_2
0053839,와일드리얼,20230413,수,0050008,바이언,0050365,아이러니오브리얼,,,API8_2
0056007,와일드메이,20240418,암,0050008,바이언,0037560,파크미니스터,,,API8_2
0053385,와일드신기,20230315,거,0038025,아임유어파더,0025754,윌링,,,API8_2
0053391,와일드점프,20230421,암,0050008,바이언,0044996,블랙벳시,,,API8_2
0058483,와일드챔프,20240330,수,0032258,트리플나인,0043169,와일드아델,,,API8_2
0055340,와일드파워,20240206,암,0050008,바이언,0044999,펄파워,,,API8_2
0053395,와일드파크,20230318,수,0050008,바이언,0037560,파크미니스터,,,API8_2
0053285,용비샤크,20230304,거,0044993,언캡처드,0040121,코럴케이브,,,API8_2
0055721,용비선,20240304,수,0037972,올드패션드,0036869,블랙실드,,,API8_2
0053772,용비스카이,20230427,거,0037972,올드패션드,0045113,럭키스카이,,,API8_2
0055720,용비엑스,20240305,수,0052826,쿠르부아지에,0042350,비케이파워,,,API8_2
0056237,용비오추,20240421,수,0038387,콩코드포인트,0030925,고속성장,,,API8_2
0054464,용비짱,20230423,거,6969075,지몰로지스트,0043511,영화의반석,,,API8_2
0056196,용비천마,20240415,수,0032990,한센,0040343,천년의길,,,API8_2
0050988,용비패왕,20220201,거,0038387,콩코드포인트,0032616,프로포즈,,,API8_2
0055816,우한륭,20240311,암,0044420,레볼루셔너리,0041367,우아륭,,,API8_2
0053275,운이좋아,20230329,거,7000060,나이트러스,0025082,스피노,,,API8_2
0050831,운주가이,20220303,수,0045049,프리덤차일드,0034561,헤이퀸,,,API8_2
0055828,운주러너,20240418,수,0037972,올드패션드,0033501,이글삭스,,,API8_2
0047067,운주레전드,20210226,암,6115219,FREE DROP BILLY,0046475,알프레다,,,API8_2
0053056,운주매직,20230305,수,0045049,프리덤차일드,0045005,지아,,,API8_2
1412358,운주위너,20210417,거,6109255,KEEN ICE,0046504,유포어리움,,,API8_2
0046685,운주챌린지,20210124,암,0044420,레볼루셔너리,0036176,비장의무기,,,API8_2
0053377,운주퍼펙트,20230410,수,0027443,컬러즈플라잉,0044994,머니마이허니,,,API8_2
0053710,울트라비전,20230408,암,0038387,콩코드포인트,0036736,레드벅,,,API8_2
0047487,워너비위드유,20210510,암,0038025,아임유어파더,0038400,데인저러스고스트,,,API8_2
0060529,원고,20230518,수,6965458,KANTHAROS,6118558,RAPIDS,,,API8_2
0054743,원대한꿈,20220209,거,6112413,TAPWRIT,6110551,PARTY SMART,,,API8_2
0050754,원더풀그룸,20220325,수,0034428,테스타마타,0038310,쉬즈어버드걸,,,API8_2
0054196,원더풀라라,20230515,암,0045050,섀클포드,0050567,러블리라라,,,API8_2
0050883,원더풀라크,20220124,암,0032990,한센,0034950,나이트퓨리,,,API8_2
0051664,원더풀머드,20220502,암,0034428,테스타마타,0023406,케이랜즈로즈,,,API8_2
0051576,원더풀밴드,20220329,거,0028545,인디밴드,0038363,후사이치스원더풀,,,API8_2
0053326,원더풀뷰,20230307,수,0041868,제이피즈거스토,0033114,스크루이,,,API8_2
0045968,원더풀비더,20200429,수,0039750,퍼지,0038312,매지컬프로미스,,,API8_2
0051306,원더풀스마트,20220409,암,0034428,테스타마타,0023319,예스트라이크,,,API8_2
0047474,원더풀윈드,20210511,암,0039750,퍼지,0038311,라데아,,,API8_2
0051310,원더풀존스,20220330,수,0037674,뉴레전드,0031251,켄덤,,,API8_2
0046715,원더풀케이랜,20210131,암,0033566,파워블레이드,0032522,승리사랑,,,API8_2
0052132,원더풀테민크,20220227,암,0045050,섀클포드,0046500,바이바이버피,,,API8_2
0047477,원더풀팀,20210512,암,0034428,테스타마타,0027451,엔들리스헤로인,,,API8_2
0051302,원더풀파,20220420,암,0034428,테스타마타,0036598,배그대드커페이,,,API8_2
0053885,원더풀패션,20230427,거,0028545,인디밴드,0038363,후사이치스원더풀,,,API8_2
0051304,원더풀펄핏,20220416,수,0039750,퍼지,0026766,천은,,,API8_2
0046712,원더풀포춘,20210131,암,0041868,제이피즈거스토,0036316,론다도르,,,API8_2
0052015,원더풀프리치,20220523,암,0045050,섀클포드,0041964,타파티아,,,API8_2
0060821,원라스트마가리타,20230410,수,6126916,MAXIMUM SECURITY,6111364,MARGARITA SALT,,,API8_2
0054440,원웨이,20210327,암,0034428,테스타마타,0033685,중앙여제,,,API8_2
1411933,원웨이로드,20210430,거,0044993,언캡처드,0040241,시크리티브레이디,,,API8_2
0053805,원플러스원,20230421,거,0037972,올드패션드,0050916,쿠쿠키니아,,,API8_2
0054101,월드고트,20230421,거,6109255,KEEN ICE,0052825,알스마티팬츠,,,API8_2
0053583,월드댄서캣,20230330,암,0036732,머스킷맨,0025783,서프라이징댄서,,,API8_2
0055725,월드라이언맨,20240310,수,0027312,라이언산타,0043142,원더풀머스킷,,,API8_2
0047287,월드루비,20210425,암,0045050,섀클포드,0035291,월드피스,,,API8_2
0051604,월드리스트캣,20220406,암,0034735,페더럴리스트,0028970,라레인델라보어즈,,,API8_2
0053581,월드볼드맨,20230418,수,6969075,지몰로지스트,0035729,볼드룰즈,,,API8_2
0051928,월드블루핀캣,20220512,암,0021079,블루핀,0020345,러빙엔젤,,,API8_2
0053003,월드빅스캣,20230214,암,0041559,빅스,0026633,그레이트엔젤,,,API8_2
0051597,월드선더캣,20220220,암,0033119,선더모카신,0026633,그레이트엔젤,,,API8_2
0047533,월드위너스맨,20210425,거,0036732,머스킷맨,0032176,핫커멘드,,,API8_2
0053582,월드이글캣,20230320,암,0045050,섀클포드,0030202,황금빛지중해,,,API8_2
0055704,월드크라운캣,20240411,암,0036732,머스킷맨,0035729,볼드룰즈,,,API8_2
0051248,월드태양,20220223,암,0041566,투아너앤드서브,0017658,동방최고,,,API8_2
0051060,월드톱티어,20220323,암,0034735,페더럴리스트,0022026,질주하라,,,API8_2
0055691,월드투아너맨,20240201,수,0041566,투아너앤드서브,0030197,하스타티,,,API8_2
0054866,월드트리,20230220,거,0041566,투아너앤드서브,0041945,필리매디슨,,,API8_2
0051596,월드트리플캣,20220328,암,0032258,트리플나인,0035729,볼드룰즈,,,API8_2
0052992,월드파이터맨,20230206,수,7000060,나이트러스,0030197,하스타티,,,API8_2
0055424,월드플라잉,20240225,암,0021239,연승대로,0039449,데스플라잉,,,API8_2
0051726,월드하니,20220411,암,0038227,크리솔라이트,0035784,배다리하니,,,API8_2
0047238,웨이브업,20210430,수,0034735,페더럴리스트,0018679,랭귀사,,,API8_2
0051827,위너스루키,20220415,암,0036732,머스킷맨,0030130,위너스마린,,,API8_2
0055802,위너윈,20240415,암,0039737,어플릿익스프레스,0035563,퀸스퀸,,,API8_2
0052927,위너컵,20230208,암,0038245,미스치비어슬리,0040243,컵오럭,,,API8_2
0051365,위너클리어,20220327,수,6114923,KLIMT,0050911,클리어크리던스,,,API8_2
0055341,위닝와일드,20240205,암,0050008,바이언,0052671,위닝이미지,,,API8_2
0051363,위닝트리,20220403,거,0037972,올드패션드,0040167,러브토어치,,,API8_2
0060846,위닝포스,20230226,거,6126464,AWESOME SLEW,6115528,LADY CARLOTTA,,,API8_2
0044578,위대한선택,20190425,거,0020256,메니피,0040230,미첼즈로즈,,,API8_2
0052896,위대한하트,20230218,암,0036732,머스킷맨,0032113,럭키하트,,,API8_2
0046930,위라이크머니,20210301,암,0026618,경부대로,0041534,라이트마이월드,,,API8_2
0052136,위스트롱,20220328,암,0032272,록밴드,0037895,오스힐,,,API8_2
0061506,위즈덤픽,20240422,수,7000182,GALILEAN,6868770,GOLDEN MISS,,,API8_2
0054220,윈나우,20230530,거,0035285,파이널보스,0018573,부산의별,,,API8_2
0052114,윈드로즈,20220221,암,0045050,섀클포드,0033079,로즈어네이티브,,,API8_2
0051422,윈드미르,20220228,거,0032258,트리플나인,0035070,백두미르,,,API8_2
0050972,윈드불릿,20220222,거,0037972,올드패션드,0038335,메니블레이드,,,API8_2
0054167,윈드소드,20230329,수,0039737,어플릿익스프레스,0038295,패전트리,,,API8_2
0055394,윈드송,20240323,암,0028279,브리그,0029452,너티브리지트,,,API8_2
0043670,윈드위너,20190125,거,0034735,페더럴리스트,0028635,윈드레토,,,API8_2
0051688,윈드타임,20220415,암,0040246,지롤라모,0033837,라스트코디,,,API8_2
0046821,윈윈,20210322,수,0038391,카우보이칼,0036612,엘리사타운,,,API8_2
0050699,유니언챔프,20220202,암,0032219,챔프라인,0036362,유니언채터,,,API8_2
0055275,유니언콜,20240122,수,0036732,머스킷맨,0038662,유니언퀸,,,API8_2
0057142,유니언플래시,20240414,수,0046483,플래시백,0036362,유니언채터,,,API8_2
0056038,유림대로행,20240512,수,0046317,레이스데이,0050916,쿠쿠키니아,,,API8_2
0050930,유림세상,20220308,수,0045050,섀클포드,0040020,쿠바의열정,,,API8_2
0051800,유림스카이,20220410,거,0045082,오버애널라이즈,0032827,레드화이트앤블루,,,API8_2
0053635,유림스페셜,20230323,암,0041566,투아너앤드서브,0024138,스페셜레드,,,API8_2
0056069,유림신궁,20240406,수,0032990,한센,0026254,컨셉리처블,,,API8_2
0052944,유림에이스,20230224,암,0045050,섀클포드,0032317,로열제이,,,API8_2
0053430,유림찬가,20230307,암,6969075,지몰로지스트,0024475,님의찬가,,,API8_2
0054331,은빛,20230423,암,0032990,한센,0034466,으뜸클래식,,,API8_2
0044191,은성영웅,20190318,수,0038332,커널존,0026629,선로들리,,,API8_2
0057305,은하수,20230120,거,6149602,VOLATILE,7044971,AMERICA'S SURPRISE,,,API8_2
0054325,이글마인,20230328,암,0036593,온이글즈윙즈,0032518,골드마인,,,API8_2
0056049,이븐스타,20240505,암,0046317,레이스데이,0041971,프라우드오브마이,,,API8_2
0056113,이십년동행,20240502,암,0041566,투아너앤드서브,0032775,셀럽,,,API8_2
0054140,이십년지기,20230523,수,0044993,언캡처드,0032775,셀럽,,,API8_2
0053832,이지스천마,20230415,거,0032990,한센,0039049,닥터선더,,,API8_2
0054112,이지스크라운,20230518,거,0045050,섀클포드,0031298,더블브릴리언트,,,API8_2
0055870,이클립스비전,20240329,수,0045050,섀클포드,0040979,새만금의비전,,,API8_2
0056767,이클립스호프,20240521,수,0041566,투아너앤드서브,0037888,레이즈미업,,,API8_2
0062949,익스플로러,20240508,수,6109228,LIAM'S MAP,7009108,ADVOCATING,,,API8_2
0050729,인디고스트,20220303,암,0028545,인디밴드,0037952,끝판고스트,,,API8_2
0055560,인디언캐처,20240325,암,0046317,레이스데이,0032261,인디언파크,,,API8_2
0055605,인디에어,20240216,수,0028545,인디밴드,0043342,비제이미스,,,API8_2
0054202,인디타이거,20230412,수,0044993,언캡처드,0031093,인디언블루,,,API8_2
0055680,인빈서블,20240227,수,0041566,투아너앤드서브,0032210,퀸크릭캣,,,API8_2
0053630,인피니트위너,20230421,암,0044931,센트럴커맨드,0028549,우승데이,,,API8_2
0047362,일념신화,20210301,수,0045050,섀클포드,0034091,폭풍신화,,,API8_2
0053025,잇츠릿,20230213,수,0038387,콩코드포인트,0042319,굳센대로,,,API8_2
0054798,장고맨,20230325,수,0041868,제이피즈거스토,0041861,오렌지스텝,,,API8_2
0056273,장고킹,20240328,수,0041868,제이피즈거스토,0041861,오렌지스텝,,,API8_2
0062943,저스티스윈,20240519,수,7029910,JACK CHRISTOPHER,6128675,LASEEN,,,API8_2
0054581,전성시대,20230602,암,0026213,지금이순간,0045022,워리어옵라이트,,,API8_2
0046327,절대보스,20200305,거,0034428,테스타마타,0036509,해야,,,API8_2
0056120,정문골드원,20240409,수,0038391,카우보이칼,0028581,코러스원,,,API8_2
0056223,정문빅스타,20240420,수,0041559,빅스,0026448,파이널걸,,,API8_2
0057762,정문스킵,20230301,거,0027443,컬러즈플라잉,0033096,골든걸슈,,,API8_2
0046088,정문코빗,20200320,거,0041566,투아너앤드서브,0035588,엑톤불패,,,API8_2
0053219,정문큰대박,20230218,거,7000060,나이트러스,0035896,승리스타,,,API8_2
0053651,정문파피아노,20230327,거,0032990,한센,0039437,광목천왕,,,API8_2
0050971,정문펠릭스,20220120,수,0038391,카우보이칼,0044978,세이굿나이트앨리,,,API8_2
0055061,제로포인트,20240107,수,0039737,어플릿익스프레스,0040196,토킨바우트,,,API8_2
0056041,제성마스터,20240429,암,0032258,트리플나인,0033603,모닝제주,,,API8_2
0051796,제이드팰리스,20220421,수,0041566,투아너앤드서브,0033824,좋아라,,,API8_2
0051495,제주스톤,20220324,수,0033119,선더모카신,0037249,스페셜스톤,,,API8_2
0054306,젠젠,20230413,수,0033119,선더모카신,0036730,잰타스틱,,,API8_2
0054181,조이오브퀸,20230403,암,0044993,언캡처드,0050574,원디렉션송,,,API8_2
0055339,조지프린스,20240216,수,0038387,콩코드포인트,0040497,조지퀸,,,API8_2
0050661,즐거운동행,20220314,암,0026213,지금이순간,0036080,아마조네스,,,API8_2
0045245,즐거운여정,20200129,암,0027443,컬러즈플라잉,0040130,새즈미즈엘리자베,,,API8_2
0053628,지롤시대,20230327,암,0040246,지롤라모,0042590,마하시대,,,API8_2
0050734,지타,20220203,암,0033119,선더모카신,0026666,명댄서,,,API8_2
0055400,진격의빛,20240215,암,0031028,언비터블,0032651,라이언갤러퍼,,,API8_2
1412327,진주빛,20210201,암,0032314,뉴화이트삭스,0037312,조이오브캡틴,,,API8_2
0050814,짝사랑,20220403,암,0034835,티즈원더풀,0038358,코르시에라,,,API8_2
0055590,차돌멩이,20240416,암,0039935,말리부불패,0025720,위스콘신걸,,,API8_2
0060851,차밍보스,20230406,수,6119780,ENGAGE,6114794,WILD RIVER CAT,,,API8_2
0060849,차밍스텔라,20230324,수,6149543,INSTAGRAND,7085045,STARSHIP MISSION,,,API8_2
0047466,차밍에이스,20210424,수,0038391,카우보이칼,0029148,해피댄서,,,API8_2
0054166,창공의날개,20230420,수,0036194,인디언킹,0039123,해피하와이,,,API8_2
0056662,채스칸,20220326,수,6109240,모스피릿,7009165,TEMPER MINT GAL,,,API8_2
0051942,챔프걸,20220517,암,0032219,챔프라인,0038425,노르칼,,,API8_2
0044851,챔프고,20190312,거,0024050,엑톤파크,0036362,유니언채터,,,API8_2
0050659,챔프소니,20220124,거,0036732,머스킷맨,0034010,블랙사파이어,,,API8_2
0053556,챔프의사랑,20230327,암,0032219,챔프라인,0036217,에버그린트리,,,API8_2
0051443,챔프의시대,20220323,암,0032219,챔프라인,0036938,영희시대,,,API8_2
0053402,챔프의영광,20230305,거,0032219,챔프라인,0036938,영희시대,,,API8_2
0053237,챔프의전설,20230221,수,0032219,챔프라인,0036362,유니언채터,,,API8_2
0053938,챔프의향기,20230426,암,0032219,챔프라인,0041975,레이즈드라이트,,,API8_2
0053554,챔프의희망,20230407,수,0032219,챔프라인,0038496,천년의희망,,,API8_2
0051712,챔프킹,20220522,거,0039737,어플릿익스프레스,0045055,오너싱,,,API8_2
0057383,천관의반석,20230308,거,6967942,TWIRLING CANDY,6151634,EPISCOPAL,,,API8_2
0051243,천년도르,20220327,암,0046484,도르트문트,0037347,천년동안도,,,API8_2
0055986,천년여제,20240328,암,0034428,테스타마타,0032054,그레이스,,,API8_2
0052953,천다이아,20230222,암,0021239,연승대로,0033423,세라몬드,,,API8_2
0043288,천마파워,20180418,암,0038391,카우보이칼,0031267,쉬저스트마이트,,,API8_2
0057840,천명의질주,20240410,수,0052826,쿠르부아지에,0037957,프린세스세실리아,,,API8_2
0053929,청춘은자유,20230422,수,0040246,지롤라모,0025801,케익브레드,,,API8_2
0060528,초가속,20230401,수,0041819,닉스고,6779860,RENDITION,,,API8_2
0054113,초일류,20230417,수,0040246,지롤라모,0027374,디히어퀸,,,API8_2
0051053,최강루이스,20220225,거,0032990,한센,0040136,브람스톱셸프,,,API8_2
0042163,최강쏜살,20180410,수,0026618,경부대로,0029325,라피네,,,API8_2
0051288,최강트리플,20220311,수,0032990,한센,0029382,어레스티드레이디,,,API8_2
0052902,최강해피,20230123,수,0038391,카우보이칼,0041965,랭귀지오브러브,,,API8_2
0052475,최고의꿈,20210501,수,6115828,BUCCHERO,6130398,BLUTADDA,,,API8_2
0060841,치프블레임,20230130,거,6821213,BLAME,7089593,SYMPTOM,,,API8_2
0054736,카디널포스,20220428,수,6149581,스펀투런,6128624,키튼스카디널,,,API8_2
0055215,카스타디바,20240309,암,0045050,섀클포드,0029166,감동의바다,,,API8_2
0045471,카우라인,20200307,거,0038391,카우보이칼,0035774,빅에이스,,,API8_2
0053028,카우보이룩,20230216,거,0038391,카우보이칼,0040177,사우스바운드,,,API8_2
0055369,카운터펀치,20240131,암,0038391,카우보이칼,0039875,포텐셜,,,API8_2
0060822,카운트리스윈,20230425,거,7003000,TATHQEEF,7093133,ALLSYSTEMSAREAGO,,,API8_2
0056728,카이로스퀸,20240530,암,6969075,지몰로지스트,0038353,아이스컬린,,,API8_2
0053846,카탈리나마린,20210422,거,6127203,CATALINA CRUISER,0050560,폴리원플렉스,,,API8_2
0054734,캄패스트,20220416,암,0050008,바이언,6130610,BIG TIME GIRL,,,API8_2
0052791,캐럿킹,20230105,수,0039737,어플릿익스프레스,0038408,프린세스린,,,API8_2
0050295,캐스트퀸,20210415,암,0045014,프로스펙티브,0038447,스마일걸,,,API8_2
0054677,캔다라,20230402,암,6114907,CONNECT,0054646,야라,,,API8_2
0061402,캔디투발롯,20240509,암,6967942,TWIRLING CANDY,6111436,SECRET BALLOT,,,API8_2
0047339,캡틴다이아,20210411,수,0029817,금포스카이,0033036,미스다이앤,,,API8_2
0051836,캡틴드래곤,20220427,거,0027443,컬러즈플라잉,0029982,리얼파이트,,,API8_2
1412049,캡틴에브리싱,20210514,수,0038391,카우보이칼,0023702,은빛투혼,,,API8_2
0053985,캡틴워리어,20230510,수,0039737,어플릿익스프레스,0033401,와이키키,,,API8_2
0045420,커널플라잉,20200314,거,0038332,커널존,0026083,북대풍,,,API8_2
0053813,커넥트마린,20210309,거,6114907,CONNECT,6148388,TIZ PARADISE,,,API8_2
0046933,컬럼비아챔프,20210306,암,0034428,테스타마타,0031358,골드라인,,,API8_2
0050826,케러비언베이,20220118,거,0028545,인디밴드,0036241,파이어포인트,,,API8_2
0053134,케러비언스톰,20230308,암,0028545,인디밴드,0036241,파이어포인트,,,API8_2
0051617,케이로열,20220328,거,0026618,경부대로,0033086,리쯔걸,,,API8_2
0042360,케이케이원,20180301,수,0026618,경부대로,0031263,스페시픽히트,,,API8_2
0053987,코어타이거,20230409,수,0046317,레이스데이,0036804,코어블레이드,,,API8_2
0047177,코이누르,20210418,암,0036732,머스킷맨,0025833,엑스파일,,,API8_2
0055747,콘서트업,20240315,수,0052316,콘서트투어,0039230,퀸업,,,API8_2
0051626,퀸더골드,20220330,암,0032990,한센,0024989,인터걸스,,,API8_2
0056359,퀸라일라,20240331,암,0028545,인디밴드,0021832,새로운불패,,,API8_2
0051874,퀸레이스,20220426,암,0046317,레이스데이,0044979,세타라,,,API8_2
0047405,퀸로렌스,20210323,암,0045050,섀클포드,0038270,페티코트데이,,,API8_2
0053053,퀸메이커,20230201,암,0038387,콩코드포인트,0031212,퍼펙트스킵,,,API8_2
0051722,퀸스파이시,20220530,암,0033119,선더모카신,0020778,아라미르,,,API8_2
0047091,퀸앤드서브,20210309,암,0041566,투아너앤드서브,0026306,포리스트퀸,,,API8_2
0054544,퀸야라,20210327,암,6114904,MASTERY,0054646,야라,,,API8_2
0050169,퀸오브드래곤,20210428,암,0033566,파워블레이드,0022451,라이파이,,,API8_2
0053434,퀸윈드,20230311,암,0033119,선더모카신,0031456,보자르,,,API8_2
0052104,퀸즈드래곤,20220522,암,0033566,파워블레이드,0031292,시티버드,,,API8_2
0056679,퀸즈엘레강스,20240325,암,0036732,머스킷맨,0036635,그랜드비전,,,API8_2
0055321,퀸클리버,20240211,암,0036732,머스킷맨,0041067,마이퀸,,,API8_2
0051989,퀸티케,20220518,암,0032990,한센,0034876,엠파이어캔디,,,API8_2
0053826,퀸퍼펙트,20230505,암,0044931,센트럴커맨드,0043296,티즈판타스틱,,,API8_2
0056754,큐피드골드,20240314,암,0034637,라이언메탈,0036338,터치마이하트,,,API8_2
0062947,크레이머칸,20240416,수,6965458,KANTHAROS,7122724,OUT OF HOCK,,,API8_2
0046767,크리솔시에라,20210314,거,0038227,크리솔라이트,0045013,시에라포리스트,,,API8_2
0054209,크리스털물결,20230418,암,0044993,언캡처드,0027163,금빛물결,,,API8_2
0053848,클러치러너,20230413,거,0032990,한센,0044958,퍼링투뮤직,,,API8_2
0055602,클러치로드,20240220,수,0045050,섀클포드,0038171,로드언드프레이즈,,,API8_2
0056971,클러치스마일,20240320,수,0046317,레이스데이,0038447,스마일걸,,,API8_2
0057334,클러치위너,20230327,수,6127228,WAR OF WILL,6780133,ZEHOORR,,,API8_2
0055984,클러치윙,20240327,수,0041566,투아너앤드서브,0035190,태후의날개,,,API8_2
0055789,클러치타임,20240316,수,6149515,COMPLEXITY,0055100,아실라,,,API8_2
0055714,클러치포터,20240408,수,0041813,미스터크로우,0036646,템파르니요,,,API8_2
0053534,클리어리위너,20230324,암,0032990,한센,0031041,폭풍히어로,,,API8_2
0055959,클리어퀸,20240417,암,7000060,나이트러스,0038854,클리어검,,,API8_2
0054612,클린원,20220415,수,6771382,BERNARDINI,6120597,노폴트,,,API8_2
0054827,키스더레인,20230409,거,0028545,인디밴드,0028518,애즈유원트,,,API8_2
0053141,킹블랙,20230316,거,0033566,파워블레이드,0038939,이글아이,,,API8_2
0053779,킹스킹,20230502,수,0039737,어플릿익스프레스,0035563,퀸스퀸,,,API8_2
0045630,킹애니데이,20200310,수,0036358,애니기븐새터데이,0026306,포리스트퀸,,,API8_2
0056585,타깃,20240216,수,0032224,돌아온현표,0037009,교학상장,,,API8_2
0056572,타마쿠즈킹,20220203,수,6994066,TAMARKUZ,6993720,HOI AN,,,API8_2
0053988,타이거몬스터,20230418,수,0033566,파워블레이드,0032822,장산칼리,,,API8_2
0055127,타이거블루,20230415,거,0036732,머스킷맨,0024604,금상어,,,API8_2
0053916,타이거어퍼컷,20230428,거,0045050,섀클포드,0029982,리얼파이트,,,API8_2
0057380,타이칸선더,20230410,거,7000178,INDEPENDENCE HALL,6110672,TRULY BOUND,,,API8_2
0055240,타임투런,20240120,수,0045009,자이언트런,0035296,리사,,,API8_2
0051082,탄탄대로,20220331,거,0041813,미스터크로우,0031427,스페셜로드힐,,,API8_2
0054283,탐라브라보,20230222,거,0044993,언캡처드,0036394,탐라퀸,,,API8_2
0050884,탐라슈퍼,20220131,거,0034428,테스타마타,0038312,매지컬프로미스,,,API8_2
0051088,탐라퍼스트,20220221,수,0044993,언캡처드,0038338,톱터치,,,API8_2
0053176,탐라프린세스,20230330,암,0039737,어플릿익스프레스,0046476,라이트디시전,,,API8_2
0053806,태산신화,20230501,거,0037972,올드패션드,0044975,아리치아,,,API8_2
0056302,태양리치,20240402,암,0032314,뉴화이트삭스,0041670,패션플레이어,,,API8_2
0045836,태양으뜸,20200328,암,0039742,테이크차지인디,0034511,슈퍼갤럽,,,API8_2
0054240,태양의열정,20230503,암,6969075,지몰로지스트,0040219,디그리,,,API8_2
0045823,태왕신기,20200324,수,0021239,연승대로,0038256,바르셀로나베이비,,,API8_2
0056627,태평킹,20240420,수,0044743,사우스비치,0050539,티즈퀸,,,API8_2
0053973,태평플렉스,20230517,암,0044743,사우스비치,0050560,폴리원플렉스,,,API8_2
0050666,탱큐포더타임,20220310,암,0045009,자이언트런,0046424,파자마마마,,,API8_2
0052837,테미스,20230212,암,0038245,미스치비어슬리,0030377,에이스더블,,,API8_2
0060885,테이크인디,20230514,거,0039742,테이크차지인디,6106061,러닝데비시,,,API8_2
0053014,텔플레이,20230105,수,0044420,레볼루셔너리,0032137,일망무제,,,API8_2
0061860,토함산닌자,20240425,수,6143433,MISCHEVIOUS ALEX,7179059,MORITO ALLURE HIME,,,API8_2
0053962,토함산드래곤,20230331,수,7000060,나이트러스,0036701,미스원더리,,,API8_2
0062076,토함산보스,20240426,수,6967924,DIALED IN,7021983,CIELO GRIS,,,API8_2
0058203,토함산소닉,20230401,수,6143433,MISCHEVIOUS ALEX,7169417,SAMMARU JOY,,,API8_2
0058485,토함산스타,20240322,수,0036732,머스킷맨,0029072,바람꽃,,,API8_2
0061932,토함산아너,20240308,수,6149539,HONEST MISCHIEF,6130594,MS TRISH S.,,,API8_2
0057206,토함산엔젤,20240424,암,0046317,레이스데이,0050520,얼터너티브에너지,,,API8_2
0055191,토함산타임,20240224,수,0032258,트리플나인,0034887,어메이징서프라이,,,API8_2
0051489,토함산태양,20220315,암,0041566,투아너앤드서브,0032953,불굴의투사,,,API8_2
0054212,톱랭커,20230414,수,0032224,돌아온현표,0035952,이그나이트,,,API8_2
0055872,톱윈드,20240301,수,0052826,쿠르부아지에,0032788,톱애드머럴,,,API8_2
0056205,투윈,20240417,암,0046317,레이스데이,0038413,스핀,,,API8_2
0056028,투투스페이스,20240402,수,6969075,지몰로지스트,0038300,메긴즈홀리데이,,,API8_2
0045997,투투플라잉,20200310,암,6112212,SPEIGHTSTER,0044991,플라잉하모니,,,API8_2
0046806,투혼파이터,20210228,암,0045048,보이즈앳토스코노,0036631,캔디아이,,,API8_2
0057766,트리플강자,20240419,수,0032258,트리플나인,0038947,금스타,,,API8_2
0046852,트리플드림,20210303,암,0045050,섀클포드,0032328,당대천하,,,API8_2
0041633,트리플스톰,20170324,수,0034735,페더럴리스트,0018498,제시즈래스,,,API8_2
0057060,트리플와이,20240205,수,0032258,트리플나인,0034091,폭풍신화,,,API8_2
0051582,트리플제이,20220208,거,0026618,경부대로,0031053,부경게이트,,,API8_2
0053495,트릭샷,20230312,수,0032990,한센,0033909,오뚝오뚝이,,,API8_2
0053441,트윈레인보우,20230322,암,6969075,지몰로지스트,0044976,미미스블링,,,API8_2
0055711,특별한,20240305,수,0038245,미스치비어슬리,0040761,파이널드림,,,API8_2
0055370,티핑포인트,20240131,암,6969075,지몰로지스트,0035356,시티위너,,,API8_2
0051035,팀서프라이즈,20220224,암,0046317,레이스데이,0023903,파워팩,,,API8_2
0051205,팁탑,20220430,수,0039737,어플릿익스프레스,0035563,퀸스퀸,,,API8_2
0054674,파격의반석,20220501,거,0043643,론세일러,6114523,ASTARTE,,,API8_2
0056197,파워드림,20240419,수,6969075,지몰로지스트,0043990,아나스타시아,,,API8_2
0045608,파워사운드,20200304,거,0040246,지롤라모,0029587,미래스타,,,API8_2
0053511,파워인디,20230321,암,0028545,인디밴드,0028493,파워캠프,,,API8_2
0052925,파워타이거,20230117,거,0033566,파워블레이드,0029442,메즈머리징레이디,,,API8_2
0053906,파워트리,20230419,거,6969075,지몰로지스트,0050532,문보우,,,API8_2
0055329,파워풀노던,20240208,수,0037674,뉴레전드,0038311,라데아,,,API8_2
0053327,파워풀데블,20230317,암,0044420,레볼루셔너리,0034950,나이트퓨리,,,API8_2
0053132,파워풀런,20230307,암,0041628,세이브더월드,0034783,블루캐슬,,,API8_2
0055782,파워풀로드,20240414,수,0041868,제이피즈거스토,0033976,머제스틱뷰티,,,API8_2
0053313,파워풀루비,20230308,암,0045050,섀클포드,0029513,큐피드걸,,,API8_2
0053325,파워풀메니피,20230320,수,0037674,뉴레전드,0027451,엔들리스헤로인,,,API8_2
0053844,파워풀배틀,20230505,거,0034428,테스타마타,0044933,매그니피센트마인,,,API8_2
0055330,파워풀브리지,20240303,암,0034428,테스타마타,0038308,콰드릴,,,API8_2
0055784,파워풀블루문,20240314,암,0039750,퍼지,0040778,원더풀피스,,,API8_2
0053487,파워풀선더,20230314,수,6969075,지몰로지스트,0044964,웨이팅포아스파크,,,API8_2
0055324,파워풀시킹,20240216,암,0041868,제이피즈거스토,0042096,선셋멜로디,,,API8_2
0062684,파워풀아너,20240317,수,6149753,GREATEST HONOUR,7139594,ENTRUSTED,,,API8_2
0055124,파워풀워리어,20240127,수,0041868,제이피즈거스토,0027425,빅파워,,,API8_2
0054982,파워풀위너,20230219,수,0039737,어플릿익스프레스,0029675,오버스피드,,,API8_2
0055121,파워풀인디,20240204,수,0039750,퍼지,0024968,레몬펀치,,,API8_2
0055126,파워풀캣,20240125,수,0041868,제이피즈거스토,0031358,골드라인,,,API8_2
0055197,파워풀케이랜,20240203,암,0028545,인디밴드,0023406,케이랜즈로즈,,,API8_2
0053322,파워풀톰,20230407,암,0037674,뉴레전드,0038312,매지컬프로미스,,,API8_2
0056304,파워풀트루,20240525,암,0045050,섀클포드,0039008,원더풀트루스,,,API8_2
0056305,파워풀패싱,20240511,암,0039750,퍼지,0038597,원더풀마리아,,,API8_2
0055783,파워풀할란,20240330,거,0039750,퍼지,0042234,원더풀로맨스,,,API8_2
0053320,파워풀히트,20230411,암,0037674,뉴레전드,0038597,원더풀마리아,,,API8_2
0055581,파워플라잉,20240307,암,0027443,컬러즈플라잉,0038141,플라잉챔프,,,API8_2
0053625,파워히트,20230325,수,0041566,투아너앤드서브,0040890,에이스의기쁨,,,API8_2
0051058,파이널어택,20220228,암,0034835,티즈원더풀,0031375,드림갤러퍼,,,API8_2
0055963,파인애비뉴,20240324,거,0041813,미스터크로우,0021864,애비,,,API8_2
0051138,파차마마,20220327,암,0025790,피스룰즈,0016674,일소천군,,,API8_2
0053403,파초의꿈,20230427,암,0041800,메디치글로리,0046433,히트스윕,,,API8_2
0052876,판타스틱그린,20220401,암,0039737,어플릿익스프레스,0039818,미그레이팅우르술,,,API8_2
0057020,판타스틱러시,20240207,암,0038387,콩코드포인트,0045165,원러시,,,API8_2
0055338,판타스틱로열,20240309,수,0032990,한센,0039578,메니타운십,,,API8_2
0052877,판타스틱밸류,20220328,암,0039737,어플릿익스프레스,0029444,유니언벨,,,API8_2
0057800,판타스틱보스,20230425,거,0038391,카우보이칼,0045138,레인보우켑트,,,API8_2
0054050,판타스틱볼트,20230319,암,0038391,카우보이칼,0035912,서울볼트,,,API8_2
0051669,판타스틱블루,20220326,거,0040246,지롤라모,0045080,포지티보,,,API8_2
0057000,판타스틱비치,20230118,암,0039737,어플릿익스프레스,0038675,영광의시대,,,API8_2
0053186,판타스틱산타,20230213,거,0027312,라이언산타,0035829,판타스틱조이,,,API8_2
0055614,판타스틱선더,20240404,암,0036693,토우트,0030851,선업,,,API8_2
0056973,판타스틱스톰,20240423,암,6969075,지몰로지스트,0044208,판타스틱매직,,,API8_2
0053771,판타스틱시티,20230403,수,0036732,머스킷맨,0031314,백두캣,,,API8_2
0052886,판타스틱원,20230125,암,7000060,나이트러스,0037009,교학상장,,,API8_2
0054800,판타스틱이글,20230207,수,0040246,지롤라모,0038196,영광승리,,,API8_2
0058821,판타스틱치타,20240120,수,0036732,머스킷맨,0042592,사만다치타,,,API8_2
0057001,판타스틱캡틴,20230220,거,0039737,어플릿익스프레스,0038793,영광의키스,,,API8_2
0056032,판타스틱퀸즈,20240428,암,0037972,올드패션드,0036319,포에마,,,API8_2
0045308,판타스틱킹덤,20200228,수,0038387,콩코드포인트,0029444,유니언벨,,,API8_2
0054062,판타스틱패션,20230509,수,0037972,올드패션드,0031311,어트리비다,,,API8_2
0054460,판타스틱포스,20230213,수,0041566,투아너앤드서브,0031547,대호여장군,,,API8_2
0057782,판타스틱해피,20240510,암,0027443,컬러즈플라잉,0035449,해피레이디,,,API8_2
0057561,판타스틱허니,20230221,암,0038245,미스치비어슬리,0045080,포지티보,,,API8_2
0055617,판타스틱호프,20240303,수,0038387,콩코드포인트,0031212,퍼펙트스킵,,,API8_2
0055900,패스트로드,20240507,수,7000060,나이트러스,0037366,명품보배,,,API8_2
0053031,패스트윈드,20230227,수,7000060,나이트러스,0026886,그랜드특급,,,API8_2
0044016,팬텀에이스,20190419,수,0040058,티즈웨이,0030807,골든래스,,,API8_2
0051774,팬텀킹,20220418,거,0031028,언비터블,0025452,퓨앤파비트윈,,,API8_2
0053394,퍼니와일드,20230331,수,0050008,바이언,0050366,퍼니서니,,,API8_2
0057624,퍼스트팰컨,20240416,암,0052316,콘서트투어,0036714,레디플레이어원,,,API8_2
0055727,퍼펙트노던,20240315,암,0050506,에어포스블루,0025175,노던파크,,,API8_2
0061897,퍼펙트라인,20240225,수,6790009,SUZUKA CAUSEWAY,7179056,FRIEND ZONE,,,API8_2
0052171,퍼펙트레전드,20220305,수,0036732,머스킷맨,0034627,지상제일해피,,,API8_2
0053533,퍼펙트베리,20230425,수,0041813,미스터크로우,0036663,컨트리웨이,,,API8_2
0057005,퍼펙트서귀,20240518,수,0052316,콘서트투어,0036828,미스퍼펙트,,,API8_2
0055919,퍼펙트아이,20240420,암,0038227,크리솔라이트,0046489,나우아이노우,,,API8_2
0047445,퍼펙트액션,20210420,암,0041566,투아너앤드서브,0031706,대왕대비,,,API8_2
0053527,퍼펙트포인트,20230402,수,0038387,콩코드포인트,0038260,퍼펙트파인드,,,API8_2
0051743,퍼펙트한,20220509,수,0032990,한센,0045000,프루던스,,,API8_2
0057333,퍼플퀸,20240308,암,0045014,프로스펙티브,0043067,노르웨이서드,,,API8_2
0054081,펀처,20210307,거,6106696,LORD NELSON,6102701,MIMI'S SUGAR,,,API8_2
0056079,펑키타운,20240415,암,6969075,지몰로지스트,0040762,크라운펑키,,,API8_2
0056314,페가수스여왕,20240427,암,0032990,한센,0032869,여러분의여왕,,,API8_2
0055834,페가수스황제,20240310,수,0038245,미스치비어슬리,0046495,헥사메테르,,,API8_2
0055062,페이엣킹,20240110,수,0039737,어플릿익스프레스,0052713,페이엣퀸,,,API8_2
0051713,페이트,20220507,수,0039737,어플릿익스프레스,0044955,퀸오브킹스,,,API8_2
0050977,평대바람,20220216,암,0038391,카우보이칼,0031107,레일건,,,API8_2
0056002,포그레이서,20240415,암,0039737,어플릿익스프레스,0040180,케이프코드걸,,,API8_2
0055810,포그마스터,20240330,수,0032990,한센,0045021,미스티미셸,,,API8_2
0055389,포더빅토리,20240309,수,0032990,한센,0036855,판타스틱스타,,,API8_2
0052874,포더타이틀,20230204,수,0032224,돌아온현표,0020528,탐라히어로,,,API8_2
0051753,포스비위드유,20220421,수,0038025,아임유어파더,0038386,화이트헤븐,,,API8_2
0046863,포스트맨,20210221,수,0033119,선더모카신,0029848,러블리스타,,,API8_2
0053371,포에버로드,20230415,암,6993812,CENTRAL BANKER,0052592,택트풀수잔,,,API8_2
0057641,포인트에이,20240123,거,7004901,NASHVILLE,7022315,SISSONE,,,API8_2
0055219,포춘볼트,20240205,수,0045050,섀클포드,0040151,포추니틀리,,,API8_2
0047369,포켓밀리언,20210410,암,0044993,언캡처드,0031014,천억이,,,API8_2
0061462,포텐쏜살,20240219,거,6968995,ADIOS CHARLIE,7043496,BACKSTAGE,,,API8_2
0054219,포트모어,20230221,거,6969075,지몰로지스트,0024425,수호천사,,,API8_2
0053286,푸른신기,20230323,수,0044993,언캡처드,0043048,푸른장미,,,API8_2
0051940,퓨어마린,20220301,암,0031261,사이먼퓨어,0041861,오렌지스텝,,,API8_2
0054679,프라임록,20220223,거,6106665,MIDNIGHT STORM,6477925,DAISYAGO,,,API8_2
0054678,프라임시크릿,20220316,거,6112213,UPSTART,6813201,LUCKY STRIKER,,,API8_2
0055587,프라임제니,20240305,암,0036732,머스킷맨,0043163,빅허그,,,API8_2
0060772,프레스퀸,20240505,암,0046317,레이스데이,0050656,델리컷레이디,,,API8_2
0055660,플라이스카이,20240226,수,0037972,올드패션드,0034893,실버블로섬,,,API8_2
0050973,플라이투더문,20220218,암,0037972,올드패션드,0034111,당대퀸,,,API8_2
0056567,플라잉글로벌,20220421,거,6149534,글로벌캠페인,6140193,HARDCORE CAT,,,API8_2
0047077,플라잉더럭키,20210410,수,0045048,보이즈앳토스코노,0035522,경연한질주,,,API8_2
0044496,플라잉더챔프,20190526,수,0038391,카우보이칼,0040146,더빅앤배디스트버,,,API8_2
0050975,플라잉더칸,20220327,수,0046317,레이스데이,0044984,시스터칸,,,API8_2
0047062,플라잉더포드,20210310,수,0045050,섀클포드,0035592,장산제패,,,API8_2
0051821,플라잉레이스,20220521,거,0046317,레이스데이,0033871,지봉블루,,,API8_2
0051345,플라잉메니스,20220403,암,0038391,카우보이칼,0041969,머큐리얼메니스,,,API8_2
0055686,플라잉바우,20240228,수,0045050,섀클포드,0041159,마이멤버,,,API8_2
0053545,플라잉스카이,20230503,수,0038227,크리솔라이트,0038790,천상오름,,,API8_2
0051045,플라잉챔피언,20220216,거,0037972,올드패션드,0040146,더빅앤배디스트버,,,API8_2
0054820,플라잉카툰,20230427,암,0036732,머스킷맨,0044984,시스터칸,,,API8_2
0046854,플라잉칸,20210312,거,0037972,올드패션드,0044984,시스터칸,,,API8_2
0055844,플라잉크라운,20220211,거,6127203,CATALINA CRUISER,6150691,STASHA MINASHA,,,API8_2
0050842,플래시런,20220216,암,0046483,플래시백,0031588,어거스트러쉬,,,API8_2
0045154,플래시참,20190224,거,0037972,올드패션드,0036695,플래쉬디만티너,,,API8_2
0051744,플래시코코,20220501,암,0046483,플래시백,0044998,코코넛슈림프,,,API8_2
0053396,플래시투미,20230301,암,0046483,플래시백,0038585,리슨투미,,,API8_2
0051246,플래시파크,20220317,수,0046483,플래시백,0037560,파크미니스터,,,API8_2
0055183,플레임,20240210,수,0029817,금포스카이,0037474,핫걸,,,API8_2
0053204,플렉스위너,20230301,거,0040086,위드디스팅션,0040986,퀸의부활,,,API8_2
0052899,플렉스칸,20230207,수,0046317,레이스데이,0028677,스마트퀸,,,API8_2
0050907,플렉스탑,20220228,암,0032990,한센,0034454,슈퍼플랙스,,,API8_2
0055425,플렉스특급,20240324,수,0021239,연승대로,0031520,특급이,,,API8_2
0050750,플루토,20220319,거,0028279,브리그,0038987,초동스트리트,,,API8_2
1411561,피노파워,20210223,거,0034735,페더럴리스트,0037952,끝판고스트,,,API8_2
0052969,피디스페셜,20230218,암,0045050,섀클포드,0039441,알리바바퀸,,,API8_2
0056686,피디알파,20240528,암,0052316,콘서트투어,0039796,미미즈키턴,,,API8_2
0053490,피스룰업,20230316,수,0025790,피스룰즈,0039230,퀸업,,,API8_2
0053860,피스톨컷,20230427,암,0025790,피스룰즈,0040137,커팅에지,,,API8_2
0055505,피용,20240224,암,0027312,라이언산타,0043798,트리플런,,,API8_2
0046168,핀홀아이,20200419,수,0021239,연승대로,0026716,펠로스글로리,,,API8_2
0060848,필승여제,20230415,암,6149803,ROCK YOUR WORLD,6125676,PINK NIGHTIE,,,API8_2
0053876,필승위너,20230529,암,0038387,콩코드포인트,0041943,페블힐,,,API8_2
0055731,하남명장,20240312,수,0050506,에어포스블루,0035784,배다리하니,,,API8_2
0052076,하늘골드,20220403,거,0034735,페더럴리스트,0037311,애플골드,,,API8_2
0047129,하늘만점,20210325,수,0033119,선더모카신,0029990,동방의새아침,,,API8_2
0055206,하늘명장,20240130,수,0052316,콘서트투어,0028223,다이아찬스,,,API8_2
0051817,하늘보스,20220420,수,0046317,레이스데이,0042315,그레이트펀,,,API8_2
0046391,하늘불패,20200416,수,0038332,커널존,0038401,벨라레지나,,,API8_2
0047359,하늘신화,20210403,수,0033119,선더모카신,0035723,선스마트,,,API8_2
0055831,하늘여신,20240313,암,0036732,머스킷맨,0041960,언브라이드소냐,,,API8_2
0055839,하늘장사,20240410,수,0038387,콩코드포인트,0031633,듀앨폭풍,,,API8_2
0053736,하늘최강,20230430,수,0026618,경부대로,0028954,팜프린세스,,,API8_2
0046763,하늘평정,20210209,암,0039750,퍼지,0032616,프로포즈,,,API8_2
0051028,하늘폭풍,20220131,거,0038391,카우보이칼,0033501,이글삭스,,,API8_2
0050742,하이골드바,20220207,거,0038227,크리솔라이트,0037202,금아선더,,,API8_2
0051500,하이레벨,20220320,암,0031261,사이먼퓨어,0039898,제트스카이,,,API8_2
0055528,하이리턴,20240303,암,0041566,투아너앤드서브,0041005,하이원더풀,,,API8_2
0053252,하이뷰티,20230220,암,0044993,언캡처드,0038180,하이섹시,,,API8_2
0047053,하이브에어,20210409,암,0044993,언캡처드,0018452,에어워크,,,API8_2
0055791,하이캔디,20240318,암,6149805,HIGHLY MOTIVATED,0054905,라스트리조트,,,API8_2
0051602,하이텐션,20220501,암,0038227,크리솔라이트,0020854,버니스,,,API8_2
0053036,한강브라보,20230218,거,0036732,머스킷맨,0033485,서울퀸,,,API8_2
1412236,한강클래스,20210424,수,0036732,머스킷맨,0033454,대한천왕,,,API8_2
0047191,한남퀸,20210421,암,0038391,카우보이칼,0014669,만왕,,,API8_2
0053897,한남파워,20230328,암,0033566,파워블레이드,0033047,서브잇콜드,,,API8_2
0055922,해담이,20240320,암,0041813,미스터크로우,0035896,승리스타,,,API8_2
0055320,해랑루비,20240223,수,0036732,머스킷맨,0027924,허리케인점프,,,API8_2
0051512,해운대파워,20220501,거,0033566,파워블레이드,0041544,캐칭업,,,API8_2
0053763,해월,20230420,암,0050506,에어포스블루,0044966,파라다이스나우,,,API8_2
0053393,해피로열,20230307,암,6109247,런해피,0052743,탈베야,,,API8_2
0055272,해피위드유,20240202,암,6783840,POINT OF ENTRY,0054934,서리얼리스트,,,API8_2
0057281,해피터치,20230323,암,0032258,트리플나인,0031919,울트라매직,,,API8_2
0040653,해피피버,20170227,거,0031261,사이먼퓨어,0036677,피버샴,,,API8_2
0054332,햇볕,20230324,암,0032990,한센,0038210,오섬돌,,,API8_2
0053829,행복트리,20230426,거,0037972,올드패션드,0030084,행복천사,,,API8_2
0057408,헤이대경,20240315,암,6969075,지몰로지스트,0037951,보배드림,,,API8_2
0053445,헤이브라더,20230308,수,0032224,돌아온현표,0026797,으뜸칸,,,API8_2
0054188,헤이브로,20230410,수,0038245,미스치비어슬리,0040209,아엠나우,,,API8_2
0052898,헤이콰드라스,20230213,암,6112208,OUTWORK,0052772,켈리마리,,,API8_2
0053777,헬로우굿,20230511,수,0046317,레이스데이,0038419,헬로우럭키,,,API8_2
0053294,헬리오스,20230225,암,0037972,올드패션드,0050536,백우드베이,,,API8_2
0055182,홀리그레일,20240214,거,0039737,어플릿익스프레스,0041941,한나즈홀리데이,,,API8_2
0053117,홀리니케,20230307,거,0029817,금포스카이,0037027,니케스트리트,,,API8_2
0051550,홀리데이퀸,20220321,암,0040246,지롤라모,0038300,메긴즈홀리데이,,,API8_2
0050871,홀리런,20220226,수,0039737,어플릿익스프레스,0041941,한나즈홀리데이,,,API8_2
0052836,화려한순간,20230201,거,0038245,미스치비어슬리,0036648,올콰이어트,,,API8_2
0055650,화이트레인,20240226,수,0040033,런던타운,0037732,천년의바다,,,API8_2
0054106,화이트스타,20230531,암,7000060,나이트러스,0036462,와우캣,,,API8_2
0047051,화이트오일,20210209,거,0038332,커널존,0015985,로코모션,,,API8_2
0056339,화이트캐슬,20240429,암,0038391,카우보이칼,0039496,만델리나,,,API8_2
0057403,화이트킹,20240405,수,0039737,어플릿익스프레스,0029600,화이트이글,,,API8_2
0053364,화이트플레어,20230326,거,0033566,파워블레이드,0038678,마이티파워,,,API8_2
0057420,환희의길,20240410,수,0038245,미스치비어슬리,0036438,디펜딩챔프,,,API8_2
0054110,황제,20210509,수,6798538,STAR GUITAR,7047176,COMPOSED,,,API8_2
0055220,회색질주,20240204,암,0044743,사우스비치,0033067,스카이라라,,,API8_2
0047536,후이즈넥스트,20210516,수,0038025,아임유어파더,0045081,라알푸자라,,,API8_2
1412043,희망가람,20210417,수,0037972,올드패션드,0040166,호프포,,,API8_2
0055985,희망가을,20240327,수,0037972,올드패션드,0038298,베를린뷰티,,,API8_2
0055739,희망겨울,20240318,수,0032990,한센,0042324,베스트함성,,,API8_2
0051645,희망군주,20220404,거,0033119,선더모카신,0029990,동방의새아침,,,API8_2
0053475,희망단비,20230309,암,0032990,한센,0040226,라인잇업,,,API8_2
0051428,희망라니,20220310,암,0032990,한센,0039576,한얼불패,,,API8_2
0054114,희망로기,20230418,암,0044993,언캡처드,0037021,아멘다,,,API8_2
0056980,희망봄,20240318,수,0041566,투아너앤드서브,0041981,로스바이세,,,API8_2
0053660,희망스피드,20230330,거,6969075,지몰로지스트,0038686,상하이민트,,,API8_2
0057040,희망여름,20240305,수,0037972,올드패션드,0032317,로열제이,,,API8_2
0056081,희망크라운,20240410,암,7000060,나이트러스,0025197,희망북소리,,,API8_2
0051728,희망타요,20220410,거,0032990,한센,0036673,리틀미스플러리,,,API8_2
0053555,히어더윈,20230328,수,0034709,동방대로,0025154,히어더레이디,,,API8_2
0046384,히어로제이,20200419,수,0033119,선더모카신,0030645,스피드헤로인,,,API8_2
0055333,히어로히트,20240203,암,6126458,ARMY MULE,0055098,해들리스히어로,,,API8_2
0054361,히어위고,20230502,암,0038245,미스치비어슬리,0044265,황후마마,,,API8_2
0055706,히트더러닝,20240315,수,0040086,위드디스팅션,0029421,풀드여,,,API8_2
3012533,백록장원,20090321,거,3101043,제주오름,3100808,백록황후,-,-,API42_1
3011939,특등대부,20080513,거,3005576,꿈바위,3007115,검문도,-,-,API42_1
3010300,시무상,20060516,수,3101042,제왕의리더,3100931,디오니소스,-,-,API42_1
1012767,진취,20090522,수,-,-,-,-,-,-,API42_1
3013510,무궁무진,20100604,거,3101043,제주오름,3100808,백록황후,-,-,API42_1
3010277,영상신호,20060426,거,3005576,꿈바위,3100938,해피엔드,-,-,API42_1
3013242,마량,20100205,수,3101050,골든레이스,3100930,유도작전,-,-,API42_1
3016588,행복의문,20140507,거,3012419,종결자,3009315,명령자,3102389,빛의사랑,API42_1
3011862,극찬사,20080401,거,3005576,꿈바위,3100870,판타지스타,-,-,API42_1
3011166,황제대부,20070514,거,3005576,꿈바위,3007115,검문도,-,-,API42_1
3010223,한라명성,20060401,거,3005576,꿈바위,3100941,명성왕비,-,-,API42_1
3015608,세찬,20130331,거,3009526,백두장사,3011595,이사금,3101043,제주오름,API42_1
3012720,제일왕초,20090525,거,3005576,꿈바위,3100937,복실이,-,-,API42_1
3012800,아랑조아,20090612,거,3005576,꿈바위,3100810,반전기대,-,-,API42_1
3013476,백호신천,20100509,수,3005576,꿈바위,3100931,디오니소스,-,-,API42_1
3015134,황금의신,20120415,거,3012419,종결자,3007402,금나라,-,-,API42_1
3012706,헌마공신,20090515,거,3005576,꿈바위,3007115,검문도,-,-,API42_1
3014894,당대가문,20120325,거,3005652,제주명성,3100943,서광일호,-,-,API42_1
3014859,열매,20120301,거,3009526,백두장사,3100928,매직게이트,-,-,API42_1
3015769,새옹지마,20130402,거,3009526,백두장사,3011858,등선나루,3005576,꿈바위,API42_1
0029707,코리아헌터,20110328,거,0025670,원쿨캣,0025672,마운틴즈오브러브,6241001,MT. LIVERMORE,API42_1
3014889,신의장군,20120320,거,3009526,백두장사,3006588,신의기적,-,-,API42_1
3014479,사령관,20110614,거,3008912,참살이,3005897,토종등극,-,-,API42_1
3014984,흑폭풍,20120516,거,3009526,백두장사,3006731,특허일호,-,-,API42_1
3016392,해리킹,20140227,거,3007168,명문왕자,3011380,광명역사,3101050,골든레이스,API42_1
1013022,명마탄생,20090412,암,-,-,-,-,-,-,API42_1
1012449,거가대로,20080517,수,-,-,-,-,-,-,API42_1
3014253,백만장자,20110515,거,3009526,백두장사,3100808,백록황후,-,-,API42_1
1013522,성불신동,20100327,수,-,-,-,-,-,-,API42_1
1013635,유랑극단,20100625,암,-,-,-,-,-,-,API42_1
3016982,판치,20150430,거,3012382,쾌속장타,3012715,광명미소,3008912,참살이,API42_1
0029981,가락공원,20110407,수,0018775,볼포니,0014369,금강공원,0010902,퍼시픽바운티,API42_1
3014987,한라영산,20120516,수,3009526,백두장사,3100802,골드레인,-,-,API42_1
3015532,티로수,20130207,거,3005652,제주명성,3009086,뒷동산용천,3008306,산남호걸,API42_1
3016978,동백동산,20150430,거,3011321,전국비행,3011094,백록왕비,3102390,루카,API42_1
3015645,장백기상,20130306,거,3011133,장백산,3100882,로열블러드,-,-,API42_1
3013287,혼디모영,20100314,수,3101043,제주오름,3100941,명성왕비,-,-,API42_1
3010172,달오름,20060329,거,3005576,꿈바위,3007477,한국돌풍,-,-,API42_1
3013219,산정무한,20100210,거,3005576,꿈바위,3100940,검은노을,-,-,API42_1
3010282,선봉대장군,20060324,수,3005576,꿈바위,3100925,대륙통일,-,-,API42_1
3013990,새벽너울,20110120,거,3009526,백두장사,3100803,천만다행,-,-,API42_1
3015824,태상노군,20130425,거,3100989,진흥바람,3100819,황자매,-,-,API42_1
3017001,탐라불패,20150517,거,3012419,종결자,3009898,일출왕국,3005576,꿈바위,API42_1
0035638,온누리강자,20140330,거,0018206,엑스플로잇,0013892,조이도르,6228112,TOUR D'OR,API42_1
3015823,청록비상,20130520,거,3009526,백두장사,3005897,토종등극,-,-,API42_1
3017822,월출,20160410,거,3011133,장백산,3013838,왕재,3005576,꿈바위,API42_1
3013189,새벽행진,20100123,거,3005576,꿈바위,3100803,천만다행,-,-,API42_1
3015827,절대자,20130327,거,3009526,백두장사,3006599,청유림,-,-,API42_1
3015874,황금가면,20130603,수,3100982,메밀마을,3100615,화이부동,3102390,루카,API42_1
3016827,백호번개,20150207,거,3101050,골든레이스,3100931,디오니소스,-,-,API42_1
3014212,남대문,20110424,거,3005652,제주명성,3100931,디오니소스,-,-,API42_1
0042620,스타티세,20180328,암,0021239,연승대로,0023104,계명의빛,0008710,컨셉트윈,API42_1
0033142,파티파워,20130319,암,6405920,OREWA MATTERUZE,0031190,파스디프라블럼,6205296,DIXIELAND BAND,API42_1
3015511,개선문,20130213,거,3008298,무한야성,3010198,한라산,3005576,꿈바위,API42_1
3013364,다라쿳,20100409,거,3101043,제주오름,3009534,백호화랑,3005576,꿈바위,API42_1
1015786,이쁜이,20130409,암,-,-,-,-,-,-,API42_1
1013239,무등산맥,20090522,암,-,-,-,-,-,-,API42_1
1015616,회룡포,20130419,암,-,-,-,-,-,-,API42_1
3015519,삼다보배,20130212,거,3009526,백두장사,3011714,황해여걸,3005576,꿈바위,API42_1
0038052,서울탱크,20140215,거,6790292,GIANT OAK,6413420,WEDGEFIELD,6254178,PENTELICUS,API42_1
3017232,장전보배,20150604,암,3010278,천년의힘,3011820,초록하늘,3101043,제주오름,API42_1
1014762,보물단지,20110402,암,-,-,-,-,-,-,API42_1
3015470,대왕황제,20120423,수,3100982,메밀마을,3100968,무빙포워드,3102389,빛의사랑,API42_1
0036545,에이스질주,20130118,거,6771802,FAIRBANKS,6106732,SILVER ASHLEE,6260581,RED BULLET,API42_1
3017817,참보배,20160326,거,3012382,쾌속장타,3100064,다랑쉬불패,3100948,한멋,API42_1
3016487,환희타임,20140504,수,3101043,제주오름,3100493,정당한영광,3101045,빛을향해,API42_1
3011091,영상불빛,20070401,거,3005576,꿈바위,3100938,해피엔드,-,-,API42_1
3013343,도총관,20100408,수,3005576,꿈바위,3007169,하늘이,-,-,API42_1
3014939,탐라보물,20120421,수,3009526,백두장사,3006637,초록향기,-,-,API42_1
3016043,삼천지교,20130310,거,3100061,진흥축산,3012445,황해나루,3005576,꿈바위,API42_1
3016492,미래동산,20140503,수,3005652,제주명성,3009598,제주미래,-,-,API42_1
3015167,대천강자,20120408,거,3008912,참살이,3100883,영상왕비,-,-,API42_1
1015785,강력추천,20130401,암,-,-,-,-,-,-,API42_1
3017462,백전불태,20160404,거,3012419,종결자,3100883,영상왕비,-,-,API42_1
3017668,호승고을,20160614,수,3100012,후지전능,3100980,제주매직,3102389,빛의사랑,API42_1
0038943,파이널프런트,20160319,거,0025670,원쿨캣,0036296,런키튼런,6313612,KITTEN'S JOY,API42_1
0028539,새로운신,20100406,암,0018783,야후디,0020494,티저빌,6224242,ZABEEL,API42_1
3015011,누리세상,20120516,수,3009526,백두장사,3100893,사랑책,-,-,API42_1
3014866,장타왕자,20120222,수,3009526,백두장사,3008153,장타소녀,-,-,API42_1
3016984,돈마신화,20150315,수,3012382,쾌속장타,3008207,여걸작,-,-,API42_1
3010105,황해명산,20060119,거,3102389,빛의사랑,3100940,검은노을,-,-,API42_1
3013444,일등공신,20100517,거,3005576,꿈바위,3100937,복실이,-,-,API42_1
3015868,장군멍군,20130420,거,3008912,참살이,3011035,한라세상,3101043,제주오름,API42_1
3017424,금란지교,20160318,거,3009526,백두장사,3013275,밤비,3005576,꿈바위,API42_1
1013809,견인불발,20100624,암,-,-,-,-,-,-,API42_1
3014946,장타력,20120427,거,3012419,종결자,3011036,제주장타,3005576,꿈바위,API42_1
3016148,불멸의태양,20130701,거,3012382,쾌속장타,3012653,불멸의별,3005576,꿈바위,API42_1
0022438,뷰티어스니스,20070429,암,6261076,STAY GOLD,0020240,파인댄서,6208394,GREEN DANCER,API42_1
3015978,클래식,20130420,암,3100061,진흥축산,3006473,성불샘,-,-,API42_1
0035904,가오,20140326,거,0018771,캐피털스팬딩,0018184,후시스,6241707,TREMPOLINO,API42_1
0029683,신흥고수,20110404,거,0020257,비카,0025786,원앤드트웬티,6251238,HONOUR AND GLORY,API42_1
0033010,매력덩어리,20120130,거,6323689,CONGRATS,6801131,TASTE,6224299,GONE WEST,API42_1
1015655,선진공주,20120403,암,-,-,-,-,-,-,API42_1
3015582,탐모라,20130328,암,3012419,종결자,3011944,백두찬가,3005576,꿈바위,API42_1
3016856,타이슨,20150119,거,3005652,제주명성,3011123,안덕명성,3005576,꿈바위,API42_1
1011089,천지호,20070207,수,-,-,-,-,-,-,API42_1
3013175,백룡전설,20090429,거,3100982,메밀마을,3100804,탐라마루,-,-,API42_1
3015826,장백천지,20130519,암,3009526,백두장사,3011183,당산군주,3101050,골든레이스,API42_1
1016700,신촌바람,20140426,암,-,-,-,-,-,-,API42_1
3017013,예스맨,20150501,거,3007357,최고훈장,3011906,제주중심,3005576,꿈바위,API42_1
0030726,위닝넘버,20110228,거,0020379,인그란디어,0015649,행운듬뿍,0011715,글라이드,API42_1
3014848,지상낙원,20120301,수,3009526,백두장사,3011342,동구밭,3101043,제주오름,API42_1
3014998,제주협객,20120315,수,3009526,백두장사,3010374,일자천금,3102389,빛의사랑,API42_1
3015520,백야행,20130223,거,3007168,명문왕자,3100937,복실이,-,-,API42_1
3016335,광명의힘,20140501,거,3012382,쾌속장타,3100803,천만다행,-,-,API42_1
3017121,제주꼬마,20150705,거,3011321,전국비행,3008201,용병전사,-,-,API42_1
3017391,으뜸꿈,20150702,거,3101043,제주오름,3100905,제주마당,-,-,API42_1
3015723,만점왕,20130528,수,3012419,종결자,3100069,신민오름,3101043,제주오름,API42_1
3015654,한라황제,20130506,거,3101050,골든레이스,3100802,골드레인,-,-,API42_1
0035924,다르마,20140310,거,0029317,마이너실렉트,0024651,명서돌풍,0018776,양키빅터,API42_1
0037893,탐라하늘,20150419,암,0025670,원쿨캣,0020802,하늘기상,0015093,듀앨러티,API42_1
3011747,한주보물,20080209,수,3005576,꿈바위,3100925,대륙통일,-,-,API42_1
0029334,미스터카이저,20091109,수,6648288,DE BEERS,6965938,DANELIGHT,6266551,DANEWIN,API42_1
3016833,고공세상,20140517,암,3009296,푸른대왕,3100843,견선여갈,3102390,루카,API42_1
3017310,아르곤,20150206,수,3009526,백두장사,3011490,보금자리,3101043,제주오름,API42_1
3017322,풍류예찬,20150329,거,3012382,쾌속장타,3100891,한백연결,-,-,API42_1
3017367,특기생,20150425,거,3010278,천년의힘,3012250,당산봉,3100948,한멋,API42_1
3018284,강남재벌,20170123,암,3100061,진흥축산,3009372,은하평정,3102389,빛의사랑,API42_1
0027715,그랜드피날레,20100430,암,0021998,피코센트럴,0017026,프라다,6254564,EL PRADO,API42_1
3013432,녹색전사,20100430,거,3005576,꿈바위,3007313,녹색도시,-,-,API42_1
0030761,스트롱샤인,20110214,거,6771704,NOBLE CAUSEWAY,0027539,골든데일,6253457,SAINT BALLADO,API42_1
0032456,햇빛나,20120218,수,0006892,디디미,0016366,초원의꿈,0012684,더그룸이즈레드,API42_1
3016104,보금산,20130415,거,3011133,장백산,3100468,벼락치기,3101045,빛을향해,API42_1
3017195,왕의귀환,20150503,거,3009526,백두장사,3008750,제주의별,-,-,API42_1
3018105,노을질주,20170522,거,3012382,쾌속장타,3010274,임금바위,3005576,꿈바위,API42_1
0031265,성산패총,20110220,수,6323622,FLATTER,6541830,IMMUNE TO GLOOM,6254083,CITIDANCER,API42_1
3017573,가온길,20160411,거,3100327,진흥세상,3013891,송악여신,3101045,빛을향해,API42_1
0040269,페더럴킹,20170215,수,0034735,페더럴리스트,0032940,펠라피네,6310150,INCLUDE,API42_1
0042004,빛나는질주,20180501,수,0031302,채플로열,0031120,어모멘트투라스트,6772779,MIDNIGHT LUTE,API42_1
1015737,진보,20130310,거,-,-,-,-,-,-,API42_1
1016005,두루,20130513,거,-,-,-,-,-,-,API42_1
3017320,탐라신비,20150411,수,3100773,모자오름,3100965,제주불패,3102389,빛의사랑,API42_1
3017940,백두왕자,20160515,수,3009526,백두장사,3008037,얼음꽃,-,-,API42_1
1011625,제갈량,20070304,암,-,-,-,-,-,-,API42_1
3011813,불빛군자,20080317,거,3005576,꿈바위,3100938,해피엔드,-,-,API42_1
3012542,불빛축제,20090318,거,3005576,꿈바위,3100938,해피엔드,-,-,API42_1
3014675,정성으로,20110627,거,3009526,백두장사,3011161,멋진우리,3005576,꿈바위,API42_1
3016049,앵커링,20130606,거,3008298,무한야성,3100898,종사원,-,-,API42_1
3017193,수룡,20150420,거,3012382,쾌속장타,3011788,동보올레,3101043,제주오름,API42_1
3017472,대지스타,20160310,거,3009526,백두장사,3012445,황해나루,3005576,꿈바위,API42_1
1012425,한세기,20080619,암,-,-,-,-,-,-,API42_1
0037934,사키사키,20150325,암,0033115,유로실버,0024651,명서돌풍,0018776,양키빅터,API42_1
3018281,녹원제일,20170517,거,3009526,백두장사,3011765,선양대표,3005576,꿈바위,API42_1
1016595,백록천지,20140402,암,-,-,-,-,-,-,API42_1
3017755,성읍미래,20160411,암,3009296,푸른대왕,3013796,성읍명물,3005576,꿈바위,API42_1
3017855,성읍장군,20160430,수,3009296,푸른대왕,3100836,기복자후,3005576,꿈바위,API42_1
3017931,푸른장군,20160331,거,3009296,푸른대왕,3014695,성공,3008912,참살이,API42_1
0024667,팍스코,20080421,거,0016519,신코싱귤러,0012886,개명,6240991,MAROOF,API42_1
1012839,삼다비호,20090413,수,-,-,-,-,-,-,API42_1
0031293,다이나믹질주,20110204,수,6310103,FORESTRY,6330813,BEAT YOUR FEET,6205296,DIXIELAND BAND,API42_1
1014590,와신상담,20110211,거,-,-,-,-,-,-,API42_1
0032257,강한남자,20120403,거,0024050,엑톤파크,0010926,신상사,6245036,CELESTIAL BOUNTY,API42_1
3016388,붉은매,20140319,거,3012382,쾌속장타,3012445,황해나루,3005576,꿈바위,API42_1
3017466,성산대로,20160327,거,3008298,무한야성,3011057,청춘도시,3102390,루카,API42_1
0043468,선포레,20170416,거,6106676,WICKED STRONG,6994032,HIGHSTAR,6333083,SPEIGHTSTOWN,API42_1
3018531,추적자,20180314,거,3009526,백두장사,3013275,밤비,3005576,꿈바위,API42_1
1010958,담덕,20060907,거,-,-,-,-,-,-,API42_1
0027497,소천하,20081001,암,6771721,DUELLED,6964775,INTERDAME,6253441,SENOR PETE,API42_1
0032848,천마,20110331,거,6258011,LANGFUHR,6803398,RASH DECISION,6241001,MT. LIVERMORE,API42_1
0030273,담양천사,20110424,암,0018775,볼포니,0016707,파스타프라임드,6252236,FORMAL DINNER,API42_1
0030166,강자대로,20110507,수,0018775,볼포니,0010918,푸틴퍼머니,6251311,IRISH OPEN,API42_1
0034709,동방대로,20120518,수,6771774,CURLIN,6382768,WILLA JOE,6240827,EL GRAN SENOR,API42_1
3016962,시오름,20150424,거,3012419,종결자,3100422,챔스,3100989,진흥바람,API42_1
1016971,국내성,20150407,암,-,-,-,-,-,-,API42_1
3017222,황금제국,20150622,거,3009526,백두장사,3013551,대천문,3101045,빛을향해,API42_1
3017902,불사용사,20160418,거,3100982,메밀마을,3011876,불사신궁,3005576,꿈바위,API42_1
3018635,황금로,20180323,암,3012382,쾌속장타,3012744,황금평,3101045,빛을향해,API42_1
0024630,올수,20080403,수,0020178,퍼펙트비전Ⅱ,0016701,선림원,6310416,WHEATON,API42_1
0027510,천재보고,20081006,거,6517605,ROYAL GEM,6964788,FUELLED,6241216,TANKER PORT,API42_1
3014083,부활,20110329,거,3009526,백두장사,3100809,사라여왕,-,-,API42_1
0029869,머제스틱파워,20110312,암,0016567,트릭오브페이트,0015329,에이스위너,6240936,GREEN PERFUME,API42_1
0032083,윈고맨,20120404,거,0020256,메니피,0027480,나필리베이,6479517,KATAHAULA COUNTY,API42_1
3015924,함성,20130422,수,3009526,백두장사,3011906,제주중심,3005576,꿈바위,API42_1
3016290,최대공약수,20140318,거,3009526,백두장사,3006378,성공일호,-,-,API42_1
0022348,빅토리,20070413,거,0018724,오스미제트,0009656,검은태풍,0007464,로드오브워,API42_1
3011227,백록담,20070531,거,3005576,꿈바위,3100811,녹산장,-,-,API42_1
0027157,명품탄생,20080202,암,6340178,CANDY RIDE,6964728,HORTENSE,6314523,HUSSONET,API42_1
1012468,입소문,20080521,암,-,-,-,-,-,-,API42_1
3013391,엄지,20100410,거,3101043,제주오름,3008283,대탄성,-,-,API42_1
0028504,우박이,20100226,거,0020256,메니피,0013850,캐더랙케이퍼,6252250,AN ELDORADO,API42_1
3015691,광명일품,20130503,거,3012419,종결자,3011300,황용태후,3101050,골든레이스,API42_1
3016437,봉성자랑,20140502,암,3012382,쾌속장타,3100608,미르가온,-,-,API42_1
3016928,아라장군,20150328,거,3007168,명문왕자,3012647,사위존,3101050,골든레이스,API42_1
3017375,중문신화,20150223,수,3007168,명문왕자,3011252,일자수,3101050,골든레이스,API42_1
0040607,인디언파티,20170305,수,0021999,포리스트캠프,0026402,차이밍비카,0020257,비카,API42_1
3019029,로미오,20190506,거,3015307,명가황제,3012904,삼다명성,3005652,제주명성,API42_1
0022560,뉴앤드베스트,20070403,수,0016567,트릭오브페이트,0008694,용운천,6215678,PHIZAM,API42_1
1011149,제일승자,20070304,수,-,-,-,-,-,-,API42_1
0026949,상승모드,20090217,거,0020257,비카,0011776,버라이어티레이디,6252387,VARIETY ROAD,API42_1
3015370,미래대전,20120422,암,3009296,푸른대왕,3100806,보마드림,-,-,API42_1
3015444,마의질주,20120530,거,3012419,종결자,3100872,용두전사,-,-,API42_1
3015837,날개,20130426,거,3009526,백두장사,3008242,코지바람,-,-,API42_1
3015776,전승왕자,20130505,거,3009526,백두장사,3010233,전승독주,3005576,꿈바위,API42_1
3016014,신새벽,20130504,거,3009526,백두장사,3011130,풍요의여신,3005576,꿈바위,API42_1
3016271,한라신화,20140403,수,3012419,종결자,3100802,골드레인,-,-,API42_1
3016983,강호일등,20150504,거,3012419,종결자,3013338,회천맹주,3005576,꿈바위,API42_1
3017629,백점여왕,20160602,암,3012382,쾌속장타,3100069,신민오름,3101043,제주오름,API42_1
3017962,구비전승,20160406,거,3009526,백두장사,3012121,선양왕비,3005576,꿈바위,API42_1
3018162,미래강자,20170427,암,3009296,푸른대왕,3100843,견선여갈,3102390,루카,API42_1
0041372,천마하서,20170519,거,0036738,플랜,0015177,아이언바디,6306298,DR. CATON,API42_1
3018784,무한공간,20180318,거,3012382,쾌속장타,3014235,적토마,3009526,백두장사,API42_1
0019949,차밍걸,20050304,암,0010902,퍼시픽바운티,0008882,트웨들스,6208105,GOLDEN JUGGLER,API42_1
3011808,동보생각,20080217,수,3005576,꿈바위,3100941,명성왕비,-,-,API42_1
0027306,비바에이스,20080328,거,6307064,MACHO UNO,6412434,DANCING LAKE,6253446,MEADOWLAKE,API42_1
0024417,파워이즈칸,20080516,수,0018775,볼포니,0009816,쉬즈빅트러블,6228209,WARD OFF TROUBLE,API42_1
1014152,람바다,20100524,수,-,-,-,-,-,-,API42_1
0032560,아워캣,20120319,거,0020441,애드캣,0018824,아워램블링로즈,6306829,DEMALOOT DEMASHOOT,API42_1
3015517,황룡전설,20130226,거,3012419,종결자,3007249,연화왕비,-,-,API42_1
3016217,청마대부,20140123,거,3008912,참살이,3011070,고도화,3005576,꿈바위,API42_1
0037373,낭만전사,20150328,거,0031229,어플리트어게인,0033086,리쯔걸,6313602,GHOSTZAPPER,API42_1
0043183,청마황후,20180212,암,6106676,WICKED STRONG,0040170,티즈어다이나포머,6250563,DYNAFORMER,API42_1
0042701,투투라임,20180318,암,0033119,선더모카신,0029673,새나,0025790,피스룰즈,API42_1
0026202,락슈미,20090406,암,0009337,포트스톡턴,0012967,빛나라,0005331,피어슬리,API42_1
0028317,승리그랜드,20100129,수,0020256,메니피,0022176,인디아마,6247992,A.P. INDY,API42_1
3014063,산수유,20110223,거,3009526,백두장사,3009659,무혈입성,3005576,꿈바위,API42_1
0037976,슈퍼이글,20131016,수,6323689,CONGRATS,6857821,FUNICULAR,6286130,JADE ROBBERY,API42_1
3016435,영웅군단,20140606,거,3007168,명문왕자,3010449,일류군왕,3101042,제왕의리더,API42_1
3016587,선행후명,20140430,거,3101050,골든레이스,3011585,선양찬가,3005576,꿈바위,API42_1
3016853,태왕수,20150310,거,3009296,푸른대왕,3012445,황해나루,3005576,꿈바위,API42_1
3016977,미래군주,20150416,거,3007357,최고훈장,3100876,봉성호,-,-,API42_1
3018398,최고강풍,20170426,거,3012382,쾌속장타,3013634,꽃봉오리,3007849,대단해요,API42_1
1011977,옥동자,20080521,암,-,-,-,-,-,-,API42_1
0026698,금각이,20090501,거,0011903,포티튜드,0022158,윈록스시스터메리,6241725,WOODMAN,API42_1
0029332,초광,20091111,수,6313614,LION HEART,6498022,COLONIAL DANCER,6215864,PLEASANT COLONY,API42_1
0031133,원더볼트,20100217,거,6488455,DESERT WARRIOR,6657101,LITTLE CHAMP,6208356,GREAT GLADIATOR,API42_1
0031436,골드마운틴,20120303,거,6964694,SUMMER BIRD,0029460,프라이빗부트,6257003,STORM BOOT,API42_1
0034431,원더풀캡틴,20120418,수,6315226,RULE OF LAW,6787453,MONA,6285590,FUJI KISEKI,API42_1
3015597,일대태수,20130323,수,3012419,종결자,3009534,백호화랑,3005576,꿈바위,API42_1
3016498,무한가속,20140602,수,3011133,장백산,3101024,하늘빛꿈,3102386,클라시카,API42_1
3018013,실력행사,20160509,거,3009526,백두장사,3013911,삼진세상,3101043,제주오름,API42_1
3018688,진격의힘,20180404,거,3014974,터보킹,3009375,선양요격기,3005576,꿈바위,API42_1
0028279,브리그,20100426,수,0020256,메니피,0024031,델리시아스,6205084,DEPUTY MINISTER,API42_1
0028808,코리아킹,20100414,거,0021998,피코센트럴,0007649,문장대,0002895,킹스뷰우,API42_1
0029749,소통시대,20110319,거,0014056,골드머니,0018788,명가의후예,6309983,BLACK MINNALOUSHE,API42_1
0032857,천적,20110308,거,6506329,SHAKESPEARE,6789691,CELTIC SONG,6269832,GIANT'S CAUSEWAY,API42_1
0034638,나가신다,20120417,거,6771685,LATENT HEAT,6104255,A STAR IS GORN,6771404,ARAGORN,API42_1
0031914,쏜살같이,20120326,암,0020257,비카,0027485,캔들글로우,6254566,CARSON CITY,API42_1
1015401,기적바람,20120415,암,-,-,-,-,-,-,API42_1
0034243,어록,20130306,암,0029482,와이와이와이,0019803,최대풍속,0013913,나이트드리머,API42_1
3016252,한라고원,20140304,거,3009526,백두장사,3013551,대천문,3101045,빛을향해,API42_1
3017342,세종도시,20150501,거,3007357,최고훈장,3009600,선양황후,3005576,꿈바위,API42_1
0036796,로열골드,20150120,거,0024050,엑톤파크,0032986,캔디스골드,6254271,SEEKING THE GOLD,API42_1
0037688,기적의적토마,20150419,거,0031261,사이먼퓨어,0020528,탐라히어로,0012808,크릭캣,API42_1
3018459,우리자랑,20160407,거,3011321,전국비행,3011169,광명왕,3102390,루카,API42_1
0043400,금세다,20180407,거,0034428,테스타마타,0031685,금순이검지,0020256,메니피,API42_1
3011374,고랑몰라,20070715,거,3005576,꿈바위,3100939,당오름,-,-,API42_1
3011873,광야,20080421,거,3101043,제주오름,3008275,급발진,-,-,API42_1
0029323,배다리대부,20091103,거,6772155,STRADA,6642750,JURLIQUE,6256958,JEUNE,API42_1
0036488,샴로커,20130320,수,6964705,DUBLIN,6959361,PORTERA,6259767,LEMON DROP KID,API42_1
0034090,쾌속볼트,20130303,수,0029482,와이와이와이,0016392,쾌속탄,0010902,퍼시픽바운티,API42_1
3015860,쾌속비행,20130519,거,3009526,백두장사,3010716,납읍명가,3005576,꿈바위,API42_1
3016264,인기최고,20140305,거,3007168,명문왕자,3007402,금나라,-,-,API42_1
1016234,지인달사,20130623,거,-,-,-,-,-,-,API42_1
3016440,낙천여제,20140422,암,3009526,백두장사,3006599,청유림,-,-,API42_1
3016606,최후강자,20140427,거,3012382,쾌속장타,3011830,단미,3005576,꿈바위,API42_1
0039724,영봉산,20160410,거,0034886,클리어어템프트,0019414,즐거운미소,0007672,리비어,API42_1
3018179,엔트리,20170201,수,3009526,백두장사,3011490,보금자리,3101043,제주오름,API42_1
3018240,용병신화,20170606,거,3100009,진흥제일,3013241,미래여신,3008298,무한야성,API42_1
0042549,선더호스,20180315,수,0034428,테스타마타,0028962,노블만료,6266942,DANCE IN THE DARK,API42_1
3102497,차차웅,20190111,거,3011133,장백산,3011925,무한여신,3005576,꿈바위,API42_1
3010256,황용군,20060405,거,3005576,꿈바위,3007249,연화왕비,-,-,API42_1
3012008,검은비,20080607,거,3101043,제주오름,3100923,어정,-,-,API42_1
0024216,한라불패,20080409,암,0006162,해피째즈밴드,0007107,용곡,6211805,LOOSEN UP,API42_1
0029204,여왕벌,20090224,암,0031302,채플로열,0025718,카사보니카,6248317,ARCH,API42_1
0025818,강한서울,20090330,암,0020379,인그란디어,0015409,메이비투나잇,6277974,MEJIRO RYAN,API42_1
0026206,구만석,20090427,거,0020257,비카,0013194,퍼펙트스톰,0006892,디디미,API42_1
1013163,우승돌파,20090504,암,-,-,-,-,-,-,API42_1
0030983,파랑주의보,20100412,거,0040086,위드디스팅션,6529109,SPICY SOUFFLE,6272661,FRENCH DEPUTY,API42_1
0032747,다이샨,20110424,거,0031305,록하드텐,6856527,MY CATRIONA,6310369,TACTICAL CAT,API42_1
0029567,퍼펙트샤인,20110418,수,0025670,원쿨캣,0014038,더빅씨,6256765,DEPUTED TESTAMONY,API42_1
0030867,골리앗마린,20110202,거,0018775,볼포니,0021706,퀴니비,6310115,GERI,API42_1
0032743,젠테너리,20110331,거,6772781,FIRST DEFENCE,6524937,CELESTIC,6254571,SKY CLASSIC,API42_1
0034614,아이언트레인,20120401,거,6312528,MINESHAFT,6514212,BANDEAU,6231944,QUIET AMERICAN,API42_1
1016450,진주만,20140608,수,-,-,-,-,-,-,API42_1
3017204,세계여왕,20150529,암,3009296,푸른대왕,3012610,장타세계,3005576,꿈바위,API42_1
3017117,유랑별,20150508,수,3009526,백두장사,3011891,동화소리,3101045,빛을향해,API42_1
3018280,멋진기상,20170428,수,3100061,진흥축산,3013315,은하여왕,3005576,꿈바위,API42_1
3018777,고공시대,20180516,암,3009296,푸른대왕,3013896,성읍명성,3007989,빙호,API42_1
3102365,낭만세상,20200404,암,3014974,터보킹,3013604,낭만소녀,3007259,신비한꿈,API42_1
0025246,싱그러운아침,20080418,수,0018206,엑스플로잇,0013590,싱그러운,0004760,미스터아도라블,API42_1
0027044,대동천하,20090409,거,0009337,포트스톡턴,0020316,골드루어,6248332,TOUCH GOLD,API42_1
1012777,사라여걸,20090322,암,-,-,-,-,-,-,API42_1
0031028,언비터블,20100513,수,6313941,EDDINGTON,0034915,백스터홀,6253079,RAHY,API42_1
0031194,기막힌선택,20101025,거,6963657,FLYING PEGASUS,6968882,CONSPIRE,6253436,TURTLE ISLAND,API42_1
3014056,와흘대장,20110221,거,3008912,참살이,3010729,선양공주,3005576,꿈바위,API42_1
3014085,다도해,20110316,거,3005652,제주명성,3009598,제주미래,-,-,API42_1
0030676,스트롱로드,20110328,거,6771305,A. P. WARRIOR,0027428,루키로키,6305987,CHEROKEE RUN,API42_1
0033205,엘리트퀸,20130318,암,0023201,천년대로,0022962,아침사랑,6309990,BROKEN VOW,API42_1
3016539,계림미소,20140615,암,3012382,쾌속장타,3005897,토종등극,-,-,API42_1
1016530,충용비마,20140521,암,-,-,-,-,-,-,API42_1
1017601,광산대로,20160530,수,-,-,-,-,-,-,API42_1
0041253,에이피파텍,20170511,수,0036742,사담파테크,0027425,빅파워,6771305,A. P. WARRIOR,API42_1
3018275,거서간,20170204,거,3100316,진흥상어,3011925,무한여신,3005576,꿈바위,API42_1
0029098,실버클래식,20090209,암,0031302,채플로열,6560250,PSYCHIC FRIEND,6219745,STAR DE NASKRA,API42_1
0028385,사금파리,20100426,거,0007672,리비어,0008602,칼리드,6210369,KARENSKY,API42_1
3014690,풍운아,20110528,거,3009526,백두장사,3011130,풍요의여신,3005576,꿈바위,API42_1
1014649,무병장수,20110402,암,-,-,-,-,-,-,API42_1
1015667,헬로우,20130330,거,-,-,-,-,-,-,API42_1
3016338,용연향,20140419,암,3009526,백두장사,3013388,어승매,3005576,꿈바위,API42_1
0035823,부산볼트,20140516,암,0024050,엑톤파크,0015217,사이블,6306476,HERMES,API42_1
3018249,아라질주,20170416,암,3009526,백두장사,3012647,사위존,3101050,골든레이스,API42_1
3018573,무적수,20180513,거,3015223,제일용사,3006599,청유림,-,-,API42_1
0044100,새내파워풀,20190311,수,0021999,포리스트캠프,0036324,서머오페라,6312528,MINESHAFT,API42_1
3018979,특급열차,20190326,암,3014974,터보킹,3013634,꽃봉오리,3007849,대단해요,API42_1
3011480,또바위,20070610,거,3005576,꿈바위,3100907,탐라마신,-,-,API42_1
0025347,블루레이,20080425,수,0018229,리설인스트러먼트,0021707,라쉐,6313307,JACK LIVINGSTON,API42_1
0024455,명수재,20080331,거,0012683,소셜차터,0013897,파이토베이브,6256286,BOCA RIO,API42_1
0026824,금빛총알,20090314,수,0012684,더그룸이즈레드,0011703,미스아치모너크,6252013,WAVERING MONARCH,API42_1
0026252,다링퀸,20090304,암,0008710,컨셉트윈,0015105,그룸즈다링,6228366,RUNAWAY GROOM,API42_1
0028828,오색명장,20100328,거,0018775,볼포니,0020316,골드루어,6248332,TOUCH GOLD,API42_1
3014425,봉성명가,20110528,암,3007112,산방굴사,3100876,봉성호,-,-,API42_1
0032999,퍼스트무버,20120310,거,6526909,GIACOMO,6622128,RALLA,6310300,ROAR,API42_1
0031918,레이디차터드,20120424,암,0021998,피코센트럴,0020087,레이디엘,6254552,FLYING SPUR,API42_1
0034646,로열훼이버,20120211,거,6332347,DEPUTY STORM,6811310,CHANNING,0031302,채플로열,API42_1
3015997,주말평정,20130608,암,3100989,진흥바람,3011489,안덕여신,3007191,소년장사,API42_1
3016372,전국일호,20140513,거,3011321,전국비행,3011094,백록왕비,3102390,루카,API42_1
3016119,명마대장,20130417,거,3009526,백두장사,3010283,미니비행,3005576,꿈바위,API42_1
0033558,베가칸,20130510,거,0011355,무비한,0021880,베가나인,6261888,ADMIRE VEGA,API42_1
0038211,그레이트킹,20140401,수,6772778,MAJESTIC WARRIOR,6845907,MARGARET SMILE,6256441,CONCERTO,API42_1
3017220,혈기방장,20150601,암,3012382,쾌속장타,3005897,토종등극,-,-,API42_1
3017879,미래왕,20160303,거,3012382,쾌속장타,3009932,자유도시,3102389,빛의사랑,API42_1
0040483,알파하트,20170307,암,0025790,피스룰즈,0025751,토쿄히트,6252720,FUSAICHI PEGASUS,API42_1
0024186,천하강적,20080325,수,0005331,피어슬리,0010862,탑버드,6216860,RAVENSTONE,API42_1
0026467,커플,20090216,암,6566349,POMEROY,0023924,치치댄서,6208394,GREEN DANCER,API42_1
3013504,흑룡강성,20090330,거,3005576,꿈바위,3008262,행복질주,-,-,API42_1
0028628,가든파티,20100419,암,0008710,컨셉트윈,0012790,노블히어로,6240151,SEA HERO,API42_1
3014075,광명으뜸,20110305,거,3100989,진흥바람,3100941,명성왕비,-,-,API42_1
0032862,번개마,20110405,수,6784425,NOONMARK,6527606,GREE LEE DEE,6256164,MR. GREELEY,API42_1
1015292,매직,20120712,암,-,-,-,-,-,-,API42_1
0032485,오션라인,20120219,수,6771780,EINSTEIN,0029398,유노우쉬즈라이트,6307010,SMART STRIKE,API42_1
1015618,질풍가도,20120429,암,-,-,-,-,-,-,API42_1
3015869,미래용사,20130502,거,3007112,산방굴사,3100876,봉성호,-,-,API42_1
0036479,모닝대로,20130504,수,0040086,위드디스팅션,6515475,STOCK TIP,6240160,THUNDER GULCH,API42_1
0036551,황금들판,20130514,암,6310277,PRECISE END,6106918,TEFUTEFU,6261076,STAY GOLD,API42_1
0037662,머니지프,20150419,거,0018206,엑스플로잇,0019326,그랜드지프,0006893,무자지프,API42_1
3017867,강한보스,20160415,거,3009526,백두장사,3012539,효과만점,3101045,빛을향해,API42_1
0041204,대망의길,20170417,수,6772788,RUN AWAY AND HIDE,0038275,모테가,6310433,YONAGUSKA,API42_1
3102099,우듬지,20200420,암,3014974,터보킹,3007222,왕실공주,-,-,API42_1
0023636,풀포리스트,20060415,수,6323623,FULL MANDATE,6381490,GAZELLA FOREST,6310102,FOREST GAZELLE,API42_1
3011964,명장의별,20080516,거,3100948,한멋,3008750,제주의별,-,-,API42_1
0027307,샌드하이,20080207,거,6310361,STORMY ATLANTIC,6681434,HAY LAUREN,6254445,HAY HALO,API42_1
0026109,로열스텝,20090405,암,0020257,비카,0023413,캣발라도,6253457,SAINT BALLADO,API42_1
0028434,알라딘,20100302,거,0018775,볼포니,0020072,엘란태리,6224242,ZABEEL,API42_1
3013404,유수평정,20100420,암,3101043,제주오름,3008756,비행소년,3102389,빛의사랑,API42_1
0027920,와일드버닝,20100517,수,0012684,더그룸이즈레드,0013898,버닝이슈,6254079,RUBIANO,API42_1
1013893,무극광산,20100328,암,-,-,-,-,-,-,API42_1
0029941,모닝강자,20110325,거,6309978,BERNSTEIN,0028949,말티즈러버즈,6240160,THUNDER GULCH,API42_1
0034712,새로운법칙,20120426,거,6323115,CITY PLACE,6610472,GRAY TRICK,6310090,FAVORITE TRICK,API42_1
3015363,성읍전사,20120426,암,3009296,푸른대왕,3100836,기복자후,3005576,꿈바위,API42_1
0034394,배다리보배,20130312,수,0027443,컬러즈플라잉,0014369,금강공원,0010902,퍼시픽바운티,API42_1
3015551,금빛모래,20130307,거,3009526,백두장사,3009659,무혈입성,3005576,꿈바위,API42_1
3016485,용쟁호투,20140527,수,3012382,쾌속장타,3011489,안덕여신,3007191,소년장사,API42_1
1016301,송악찬가,20140401,암,-,-,-,-,-,-,API42_1
0038155,모닝코리아,20140513,거,6771654,HENNY HUGHES,6108542,BORROWING BASE,6215562,PERSONAL FLAG,API42_1
0037858,스카이돌풍,20150301,수,0025670,원쿨캣,0025742,로사로즈,6231958,CRYPTOCLEARANCE,API42_1
3017358,용설란,20150522,암,3100012,후지전능,3100618,내강외유,3102389,빛의사랑,API42_1
0039422,백색광채,20160509,거,0015477,백광,0019935,연지꽃,0015032,알나바,API42_1
3018528,사라공주,20180530,암,3100032,성읍오름,3014883,철의여신,3009526,백두장사,API42_1
3018722,서부여걸,20180418,암,3100316,진흥상어,3013190,팔도명산,3007191,소년장사,API42_1
0043414,최강무지개,20180326,수,0036358,애니기븐새터데이,0026046,카밀라,0020256,메니피,API42_1
0044361,제트캐시,20190412,수,0038332,커널존,0027850,테일스트,0021999,포리스트캠프,API42_1
0046221,스마트삭스,20200427,암,0038391,카우보이칼,0025773,스마트어드바이스,6307010,SMART STRIKE,API42_1
0023607,걸프그루퍼,20060321,거,6310133,GULF STORM,6772142,JUST LIKE A LADY,6256600,MINER'S MARK,API42_1
0024554,장산,20080404,암,0018783,야후디,0014888,충렬사,0007671,사일런트워리어,API42_1
3012437,여걸명장,20090116,암,3101043,제주오름,3100931,디오니소스,-,-,API42_1
3012608,승승백호,20090426,거,3101050,골든레이스,3008207,여걸작,-,-,API42_1
0026468,머니바다,20090323,거,6771697,SILENT NAME,0023922,패뷸러스썬더,6240160,THUNDER GULCH,API42_1
0026482,태산마루,20090527,거,0018206,엑스플로잇,0020426,라이크어우먼,6253079,RAHY,API42_1
0030948,신흥으뜸,20100429,거,6323281,CONSOLIDATOR,6526567,BULLAGIO,6256079,HOLY BULL,API42_1
0031077,맥스이펙티부스,20100308,거,6254461,MONARCHOS,6893149,LITTLE HUSSY,6310147,HORSE CHESTNUT,API42_1
0027758,배다리에이스,20100325,암,0024050,엑톤파크,0009578,한라용장,0006162,해피째즈밴드,API42_1
0032737,갈라캣,20110507,거,6529192,D'WILDCAT,6970760,FROM BEHIND,6310022,CLOUD HOPPING,API42_1
0032715,필드스캠퍼,20110529,수,6338945,SKY MESA,6376832,DESIGNATOREE,6240066,ALYSHEBA,API42_1
1014067,초원의빛,20100727,거,-,-,-,-,-,-,API42_1
0030326,밸리스타,20110409,수,0018771,캐피털스팬딩,0018183,커피로얄,6256468,SWORD DANCE,API42_1
0030306,스페이스타,20110326,암,0009337,포트스톡턴,0015151,벌런트히어로,6306190,ALWAYS A CLASSIC,API42_1
3014683,열혈강국,20110607,거,3007989,빙호,3100804,탐라마루,-,-,API42_1
0032416,월드러브,20120424,수,0020256,메니피,0023889,골든미라지,6310123,GOLDEN MISSILE,API42_1
1015448,활력소,20120520,암,-,-,-,-,-,-,API42_1
0036402,태권챔프,20130414,거,6490150,UTOPIA,6384764,BUDDY'S BIRD,6229335,BUDDY,API42_1
0036410,영웅일기,20130402,수,6323622,FLATTER,6345228,LIB,6240166,UNBRIDLED,API42_1
0038153,대왕봉,20140422,거,6772779,MIDNIGHT LUTE,6828668,SLEEPIN IN,6259885,LOUIS QUATORZE,API42_1
3017069,대력왕,20150503,수,3100773,모자오름,3101051,극기복례,3102389,빛의사랑,API42_1
0041297,톱파이어,20170228,거,0038391,카우보이칼,0038365,파이어러츠갈,6310150,INCLUDE,API42_1
3018046,미래황제,20170401,수,3013695,황산벌,3100876,봉성호,-,-,API42_1
0043627,바벨히트,20170405,거,6107519,CAN THE MAN,6127061,ABERFORTH,6310250,ONE WAY LOVE,API42_1
3011609,은빛전설,20070411,수,3101043,제주오름,3100946,패왕천마,3102389,빛의사랑,API42_1
0025208,마이에너지,20080429,수,0020257,비카,0010967,이히빈,6246817,JADE HUNTER,API42_1
3012548,천년국왕,20090331,거,3005576,꿈바위,3007169,하늘이,-,-,API42_1
0024184,원석발굴,20081023,수,6718168,PLATINUM SCISSORS,0023758,커쿤즈,6240823,DESERT SUN,API42_1
0026016,글로벌퓨전,20090404,거,0020256,메니피,0006117,모닝레드스카이,6203759,CHISOS,API42_1
3012804,회색탄환,20090627,거,3101043,제주오름,3100914,-,-,-,API42_1
0028774,조광,20100312,암,0009337,포트스톡턴,0023424,차밍로망,6241321,GADABOUT,API42_1
3013680,용병신동,20100609,수,3005576,꿈바위,3008201,용병전사,-,-,API42_1
0031089,스페이스포트,20100315,수,6256294,PLEASANT TAP,6328625,SPACE CITY,6254566,CARSON CITY,API42_1
0032776,미스히어로,20110205,암,6256454,HALO'S IMAGE,6912891,ART'S LADY,6228130,THEATRICAL,API42_1
0032076,야호선샤인,20120327,수,0023957,호크윙,0027478,미스리더블드,6247995,ALPHABET SOUP,API42_1
0031448,키마,20120322,수,0020379,인그란디어,0017365,어서가,0012682,샤프어필,API42_1
0031370,소박한인생,20120221,수,0028997,리미트리스비드,0020237,프론트하야부사,6260268,OPERA HOUSE,API42_1
0034535,영웅불패,20120412,거,6771683,CORINTHIAN,6854440,ROYAL CORREDOR,6310072,EL CORREDOR,API42_1
0036510,돌아온포경선,20130118,수,6965458,KANTHAROS,0038362,스마티비곤,6313642,SMARTY JONES,API42_1
0033384,배다리고수,20130314,암,0025670,원쿨캣,0022175,치얼스어게인,6248320,AWESOME AGAIN,API42_1
0035662,예상백승,20140223,암,0018206,엑스플로잇,0017470,예상백,0010902,퍼시픽바운티,API42_1
3016354,힘찬꿈,20140428,수,3100982,메밀마을,3100990,에비뉴,3102389,빛의사랑,API42_1
0035658,장한질주,20140403,암,0020257,비카,0019527,바람퀸,0006892,디디미,API42_1
3017012,왕건,20150501,거,3007357,최고훈장,3101044,동방희망,3102389,빛의사랑,API42_1
0039909,모르피스,20150411,거,6310354,STEPHEN GOT EVEN,6110280,CHINCHILLA,6254079,RUBIANO,API42_1
0037316,정상으뜸,20150316,거,0031229,어플리트어게인,0020641,정상천지,0006892,디디미,API42_1
3017258,흑탄,20150319,거,3008912,참살이,3009932,자유도시,3102389,빛의사랑,API42_1
0037927,블레싱로드,20150410,암,0021999,포리스트캠프,0020977,축복의통로,0009337,포트스톡턴,API42_1
0037481,해피매직,20150425,암,0029487,샤프휴머,0019701,배블레이디,0007463,사이코배블,API42_1
0039028,천년의구름,20160406,암,0032990,한센,0033022,그리자이,6254564,EL PRADO,API42_1
0040621,봄날의기억,20170320,수,0027443,컬러즈플라잉,0034843,젠틀먼즈로킷,6269808,GENTLEMEN,API42_1
0043585,정상킹덤,20170420,거,6781702,LOOKIN AT LUCKY,6111095,NASH'S JOY,6313612,KITTEN'S JOY,API42_1
3018478,미소공주,20170325,암,3101043,제주오름,3014975,환상열차,3009526,백두장사,API42_1
0042346,그레이트원,20180323,거,0034428,테스타마타,0016345,발화점,0009336,타임스타,API42_1
0042342,어메이징풋,20180227,거,0032990,한센,0026629,선로들리,0020257,비카,API42_1
3019049,동백미인,20190322,암,3015307,명가황제,3011094,백록왕비,3102390,루카,API42_1
0044432,언제나영웅,20190228,수,0032990,한센,0012084,기모아,0004759,랜드러쉬,API42_1
3019012,노을사랑,20180609,암,3100061,진흥축산,3013241,미래여신,3008298,무한야성,API42_1
1011486,소리샘,20070506,암,-,-,-,-,-,-,API42_1
3011321,전국비행,20070614,수,3101043,제주오름,3100624,구사일생,3102387,고속생명수,API42_1
3011845,탐라대군,20080331,거,3101043,제주오름,3007169,하늘이,-,-,API42_1
0027135,시크릿무브,20090313,수,0007671,사일런트워리어,0006597,플린스노우,6219187,SNOW CHIEF,API42_1
3013417,위대한강,20100302,거,3101043,제주오름,3009659,무혈입성,3005576,꿈바위,API42_1
0031038,헤바,20100403,암,0025790,피스룰즈,6386243,SUE'S TEMPER,6220790,TEMPERENCE HILL,API42_1
0028202,럭키스위트,20100213,거,6327292,WILKO,0025745,스위트메리티,6306877,SIPHON,API42_1
0031049,밧세바파크,20100311,수,6345405,HARLINGTON,6781869,LUCAS STREET,6218857,SILVER DEPUTY,API42_1
3014353,준평원,20110409,거,3007112,산방굴사,3009539,기록행진,3006679,천리추종,API42_1
0030250,강호드라이브,20110510,암,0023493,시에로골드,0025763,쇼어워크드라이브,6310104,FORMAL GOLD,API42_1
0031882,신규강자,20120216,거,0021748,매켄지패스,0016227,탐라비바리,0006892,디디미,API42_1
0032994,다이나믹대시,20120403,수,6307071,PLEASANTLY PERFECT,6995473,SEE ROCK CITY,6313649,TAPIT,API42_1
0031547,대호여장군,20120313,암,0021816,더비키퍼,0020778,아라미르,0006892,디디미,API42_1
0032494,곤설,20120415,거,0027420,오피서,0009511,건곤청기,0005332,프로포슈어,API42_1
0035865,블루댄서,20140106,암,0020379,인그란디어,0020735,원더유니콘,6310129,GRAEME HALL,API42_1
3016433,일출정복,20140608,거,3012419,종결자,3009898,일출왕국,3005576,꿈바위,API42_1
3016773,가거도,20140610,수,3100982,메밀마을,3100953,탐라비체,3102389,빛의사랑,API42_1
3016634,교우이신,20140428,암,3009526,백두장사,3012020,오복선,3005576,꿈바위,API42_1
3017094,모래비행,20150510,거,3012382,쾌속장타,3009315,명령자,3102389,빛의사랑,API42_1
1017438,황금구슬,20150815,암,-,-,-,-,-,-,API42_1
3017691,흑룡부대,20160409,거,3012419,종결자,3009569,늘빛푸른,3006679,천리추종,API42_1
3017823,달빛요정,20160405,암,3009296,푸른대왕,3013634,꽃봉오리,3007849,대단해요,API42_1
0041069,스타러시,20170404,수,6783840,POINT OF ENTRY,0038300,메긴즈홀리데이,6256908,HARLAN'S HOLIDAY,API42_1
0041045,땡큐대천,20170531,수,0036299,프라이빗보우,0029393,시홀리,6256074,HENNESSY,API42_1
3017960,오라군주,20170318,거,3009526,백두장사,3012445,황해나루,3005576,꿈바위,API42_1
0043124,클라우터,20180403,거,0036358,애니기븐새터데이,0020193,금빛승리,6244595,BITE THE BULLET,API42_1
3018579,승전소식,20180423,암,3011133,장백산,3014145,대찬걸음,3008298,무한야성,API42_1
3018549,스탭킹,20180313,거,3015307,명가황제,3015325,본연,3009526,백두장사,API42_1
0042065,트리플질주,20180531,거,6969076,THE FACTOR,0040231,스프렌도타운,6333083,SPEIGHTSTOWN,API42_1
3018945,제주돌콩,20180411,수,3100316,진흥상어,3013188,흐뭇한,3102390,루카,API42_1
0043666,화랑에이스,20190216,수,0031261,사이먼퓨어,0024718,나이스터치,0018733,비와신세이키,API42_1
0044473,한강보스,20190415,거,0038391,카우보이칼,0038430,블루그라스아타튜,6228477,TWO PUNCH,API42_1
3011432,제주왕자,20070717,암,3102390,루카,3006473,성불샘,-,-,API42_1
0023717,최대걸작품,20060411,거,6260581,RED BULLET,6347003,SUMMER DREAM,6310424,WILD RUSH,API42_1
0020698,천지스타,20060402,거,0015093,듀앨러티,0007699,커프리셔스플럿,6221850,UNPREDICTABLE,API42_1
0026513,블랙다이아,20090406,암,0020257,비카,0022173,블로섬어게인,6248320,AWESOME AGAIN,API42_1
0029271,톱스프링,20090416,수,6256647,NORTHERN AFLEET,6512124,NORTH PATTERSON,6256305,SEPTIEME CIEL,API42_1
0032745,천년유산,20110309,수,6323689,CONGRATS,6900980,SWEETTAY,6256447,CRAFTY FRIEND,API42_1
0030720,스트롱필드,20110116,수,0018723,필드아스카,0022018,사이킥걸,6239849,GENEROUS,API42_1
0030248,무한스피드,20110413,암,0018776,양키빅터,0015767,밀리언달러,0006891,로스트마운틴,API42_1
0030639,벌마소년,20110421,수,0020256,메니피,0015071,레이디산다이도,6289917,SANDRIGO,API42_1
3014944,선덕여왕,20120424,암,3012419,종결자,3007115,검문도,-,-,API42_1
0034647,슈퍼라이트닝,20120411,암,6795075,SUPER SAVER,6522385,CHASING LIGHTNING,6254101,BELONG TO ME,API42_1
0031374,백만돌이,20120405,거,0015204,에디터인치프,0023908,그린메일,6250547,RED RANSOM,API42_1
0033411,브이맨,20130420,수,0018775,볼포니,0018735,카템바,6240830,FALTAAT,API42_1
0033564,사려니킹,20130215,거,0025670,원쿨캣,0011363,정보왕,0008710,컨셉트윈,API42_1
0036387,장산카우보이,20130306,거,0038391,카우보이칼,6605437,SAMMY AMMY,6352103,HENBANE,API42_1
3016361,삼다지존,20140310,거,3101050,골든레이스,3013363,백호태후,3005576,꿈바위,API42_1
3016760,선양제일,20140528,거,3009526,백두장사,3011765,선양대표,3005576,꿈바위,API42_1
0036945,마패봉,20150314,수,0024050,엑톤파크,0028962,노블만료,6266942,DANCE IN THE DARK,API42_1
0041292,에코선,20170304,거,0038391,카우보이칼,0038368,네오렉시아,6620030,AFLEET ALEX,API42_1
3018102,마마공주,20170308,암,3012866,계림동자,3012509,현무여신,3005576,꿈바위,API42_1
0040571,시선집중,20170228,거,0018775,볼포니,0010574,토종고수,0005333,글로리화이,API42_1
0043589,글로벌럭키,20170215,암,6969080,STAY THIRSTY,6125842,SHORT IRON,6307336,TALE OF THE CAT,API42_1
3018304,최고장사,20170330,거,3012419,종결자,3009569,늘빛푸른,3006679,천리추종,API42_1
0045045,발베니,20180209,수,6980256,WILL TAKE CHARGE,0050366,퍼니서니,0029487,샤프휴머,API42_1
3018753,솔져,20180510,거,3015451,튼튼세상,3011788,동보올레,3101043,제주오름,API42_1
3102626,얼룩동자,20190601,수,3014974,터보킹,3013443,겸비,3005576,꿈바위,API42_1
3102583,새세상,20190303,암,3009526,백두장사,3013838,왕재,3005576,꿈바위,API42_1
1011420,수사대,20070508,수,-,-,-,-,-,-,API42_1
0024839,등태산,20080421,수,0020256,메니피,0020083,콘벌루션,6265771,ENCOSTA DE LAGO,API42_1
0024421,대성지존,20080419,거,0013914,웍스라이크어덕,0013194,퍼펙트스톰,0006892,디디미,API42_1
0025331,산호세,20080414,암,0020441,애드캣,0020442,앤트버티,6229273,LEAR FAN,API42_1
0025870,돌풍처럼,20090228,거,0020379,인그란디어,0020237,프론트하야부사,6260268,OPERA HOUSE,API42_1
0029134,황금비율,20090520,거,6344315,INDIAN OCEAN,6334214,DIXIELAND GULCH,6240108,GULCH,API42_1
1013967,신흥호걸,20100323,수,-,-,-,-,-,-,API42_1
0030251,로열임팩트,20110411,수,0023493,시에로골드,0018099,스키모,6253446,MEADOWLAKE,API42_1
3014522,문학소녀,20110717,암,3005652,제주명성,3008788,고전문학,-,-,API42_1
0029854,푸른에이스,20110324,수,0012808,크릭캣,0021731,클루,6255064,BOUNDARY,API42_1
0034497,자이언트홀드,20120403,거,6790306,HOLD ME BACK,6522087,SAYHELLOWAVEGOODBY,6254079,RUBIANO,API42_1
3015172,맑은가람,20120420,수,3008912,참살이,3011888,태후독주,3101043,제주오름,API42_1
0031750,자유대로,20120402,수,0027420,오피서,0021315,뜨거운환호,0007672,리비어,API42_1
0032211,슈퍼스톰,20120504,수,0012808,크릭캣,0025771,화이브스타수잔,6254178,PENTELICUS,API42_1
0032621,소리쳐,20120403,수,0018206,엑스플로잇,0014077,캐스케이드베이,6210628,KINGDOM BAY,API42_1
0036412,생일기쁨,20130408,수,6339061,PARADING,6514168,MINNY'S NIECE,6231944,QUIET AMERICAN,API42_1
1015995,장엄,20130504,수,-,-,-,-,-,-,API42_1
0034398,해피스트,20130327,거,0027443,컬러즈플라잉,0021908,러브스퀸,6257807,VALID EXPECTATIONS,API42_1
0034247,해가람,20130521,암,0021998,피코센트럴,0017966,골든벨,0006892,디디미,API42_1
3016373,소록바람,20140519,암,3009526,백두장사,3008242,코지바람,-,-,API42_1
0036082,샤프벨,20140512,거,0029487,샤프휴머,0017966,골든벨,0006892,디디미,API42_1
0035919,정안킹덤,20140420,거,6780148,COURAGEOUS CAT,0033116,와키어페어,6213475,MISWAKI,API42_1
3016607,여왕시대,20140508,암,3100037,넥타르,3011129,조롱벌,3101050,골든레이스,API42_1
0035607,사이먼리치,20140521,수,0031261,사이먼퓨어,0020067,스티글리츠,6309864,DESERT PRINCE,API42_1
0037840,대변화,20150606,거,0029487,샤프휴머,0029062,대화합,6771698,STORMELLO,API42_1
0039949,킹오브글로리,20150327,거,6313602,GHOSTZAPPER,6968794,GOLDFIELD,6310432,YES IT'S TRUE,API42_1
0037343,브이아이피킹,20150327,거,0024050,엑톤파크,0027156,로열임브레이스,0031302,채플로열,API42_1
0036943,스트롱러너,20150408,수,0034428,테스타마타,0022570,남한산성,0006893,무자지프,API42_1
0036858,강한질주,20150316,거,0018206,엑스플로잇,0023426,앤타크티카,6310059,DIXIE UNION,API42_1
3017328,초인전설,20150517,수,3100989,진흥바람,3012314,초록바위,3101045,빛을향해,API42_1
3017546,독주시대,20160407,암,3009526,백두장사,3013996,미래사,3101043,제주오름,API42_1
3017521,장백질주,20160406,거,3009526,백두장사,3011183,당산군주,3101050,골든레이스,API42_1
0041667,돌격앞으로,20160417,암,6969041,MACLEAN'S MUSIC,6347049,LONE PEAK,6310424,WILD RUSH,API42_1
0043544,소머치고,20170304,거,6771699,STREET SENSE,6991875,SUROOF,6306756,EMPIRE MAKER,API42_1
3018601,장타왕,20180313,수,3100032,성읍오름,3011036,제주장타,3005576,꿈바위,API42_1
0043738,트로트퀸,20190215,암,0033119,선더모카신,0040235,아가워,6771774,CURLIN,API42_1
0044846,아치메모리,20190515,암,0040056,아치아치아치,0015402,러브리메모리즈,6256074,HENNESSY,API42_1
0044516,쌍옥루,20190405,거,0033119,선더모카신,0028867,프리실라,0018733,비와신세이키,API42_1
0045514,서귀플래시,20200330,암,0039742,테이크차지인디,0041953,퍼스널리유어즈,6256908,HARLAN'S HOLIDAY,API42_1
0045401,삼바스텝,20200330,암,0026618,경부대로,0040191,월들리참,6310199,MALIBU MOON,API42_1
0022519,골든임팩트,20070511,수,0018206,엑스플로잇,0008818,터니즈골드,6220795,TEN GOLD POTS,API42_1
3011140,동보명성,20070417,거,3005576,꿈바위,3100810,반전기대,-,-,API42_1
0021210,갈매기꿈,20060324,암,6323146,PARKER'S STORM CAT,0018679,랭귀사,6258011,LANGFUHR,API42_1
3011966,엄선,20080525,암,3101043,제주오름,3008283,대탄성,-,-,API42_1
0024940,사랑드림,20080429,수,0039750,퍼지,0022144,허리케인워닝,6240160,THUNDER GULCH,API42_1
3012671,걸사비,20090512,거,3005576,꿈바위,3007249,연화왕비,-,-,API42_1
3012963,성불자랑,20090425,거,3101045,빛을향해,3100986,평이담백,3102389,빛의사랑,API42_1
0030950,동반자의기적,20100307,수,6771687,HALF OURS,0031247,파이스티체로키,6305987,CHEROKEE RUN,API42_1
0027803,영광의레이스,20100327,거,0021999,포리스트캠프,0016463,프라우드걸,6306829,DEMALOOT DEMASHOOT,API42_1
0032855,위닝앤디,20110515,수,0038391,카우보이칼,6498194,BELVEDERE MISS,6215864,PLEASANT COLONY,API42_1
0032742,서창비호,20110327,거,6323851,SUAVE,6334452,IMASTORMING,6256074,HENNESSY,API42_1
0030038,파인드림,20110307,수,0025670,원쿨캣,0011606,명가희,0007672,리비어,API42_1
0030002,해마루,20110503,거,0020257,비카,0020084,포리스트플라워,6248062,TIMBER COUNTRY,API42_1
0030210,양키드림,20110307,거,0018776,양키빅터,0023473,서그워커,6228139,SKYWALKER,API42_1
0030783,퍼펙트클론,20110204,거,0018206,엑스플로잇,0015438,만수무강,6284681,HALF TERM,API42_1
0029995,상승물결,20110430,거,0015093,듀앨러티,0015985,로코모션,0005331,피어슬리,API42_1
3014927,별빛축제,20120419,암,3012419,종결자,3100938,해피엔드,-,-,API42_1
0031643,해피투데이,20120312,암,0021999,포리스트캠프,0015715,와이번,0006892,디디미,API42_1
0031533,파워풀포스,20120320,수,0023493,시에로골드,0011359,울트라댄서,0004761,큐리아레기스,API42_1
1015590,사라보배,20120501,암,-,-,-,-,-,-,API42_1
0033485,서울퀸,20130205,암,0040056,아치아치아치,0031307,젤러스문,6310199,MALIBU MOON,API42_1
3016496,소패왕,20140427,암,3012382,쾌속장타,3011820,초록하늘,3101043,제주오름,API42_1
0035364,광마힐,20140301,암,0018206,엑스플로잇,0017380,조이라이드,0009338,퓨처퀘스트,API42_1
0038194,당대거함,20140325,수,6307076,REPENT,6981551,LUCKY FLYER,6252720,FUSAICHI PEGASUS,API42_1
0035404,넵튠,20140329,거,0023957,호크윙,0012919,비황등답,0004760,미스터아도라블,API42_1
0036808,유로공주,20150221,암,0033115,유로실버,0020148,마필레,6254101,BELONG TO ME,API42_1
3017061,공자,20150328,수,3100032,성읍오름,3013891,송악여신,3101045,빛을향해,API42_1
3017123,중앙비행,20150413,거,3011948,해모수,3100007,암브로시아,3101050,골든레이스,API42_1
0039982,슈퍼삭스,20150130,거,6830611,TWO STEP SALSA,6104354,MS LUCILLE,6310254,ORIENTATE,API42_1
3017418,비바악센트,20150304,거,3100061,진흥축산,3100378,쉼표,3009526,백두장사,API42_1
3017502,광명일호,20160422,거,3100327,진흥세상,3010822,광명의빛,3102390,루카,API42_1
3017838,금맥,20160414,암,3011948,해모수,3010198,한라산,3005576,꿈바위,API42_1
3017873,수류화개,20160415,암,3101050,골든레이스,3100378,쉼표,3009526,백두장사,API42_1
0041885,아메리칸포스원,20170417,거,6969075,지몰로지스트,6981655,RUFUS RUTH,6240160,THUNDER GULCH,API42_1
3018122,개과천선,20170510,수,3009526,백두장사,3011218,노마지지,3101043,제주오름,API42_1
3018111,광아의여걸,20170606,암,3009526,백두장사,3014942,해파랑,3007168,명문왕자,API42_1
0040622,럭셔리캡틴,20170404,거,0032970,윈체스터,0027760,카이제린,0020256,메니피,API42_1
3018042,달빛신화,20170424,거,3009526,백두장사,3011928,달빛사자,3005576,꿈바위,API42_1
3018610,우리시대,20180320,암,3012382,쾌속장타,3014725,사랑터울,3009526,백두장사,API42_1
3018577,얼룩보배,20180529,거,3014974,터보킹,3013443,겸비,3005576,꿈바위,API42_1
3018515,천제선,20180519,거,3009526,백두장사,3011906,제주중심,3005576,꿈바위,API42_1
0042293,빅에너지,20180116,수,0038391,카우보이칼,0020318,패브포,6310432,YES IT'S TRUE,API42_1
3018880,파천황,20180504,거,3100032,성읍오름,3010180,변화무적,3102389,빛의사랑,API42_1
0022787,카이트,20070401,암,0018775,볼포니,0008736,라피날레,6205642,DUNBEATH,API42_1
1011578,강렬의지,20070404,암,-,-,-,-,-,-,API42_1
3010421,영상세계,20060601,거,3101043,제주오름,3100883,영상왕비,-,-,API42_1
3011143,천년기재,20070501,거,3005576,꿈바위,3010732,천지왕,-,-,API42_1
1009510,호신술,20050511,수,-,-,-,-,-,-,API42_1
0023855,중원제패,20061216,수,6718295,AL MAHER,6772712,L'EXTRALUCHE,6211476,LEO CASTELLI,API42_1
0024442,블랙치프,20080510,거,0018206,엑스플로잇,0020285,투비트루,6312253,WEST BY WEST,API42_1
0024677,서울정상,20080428,거,0018771,캐피털스팬딩,0012696,르브노아,6222503,WESTMINSTER,API42_1
0024561,하늘문,20080422,수,0008710,컨셉트윈,0010622,앨리샤즈어클래식,6240809,CLASSIC FAME,API42_1
0026089,더비프로포즈,20090305,암,0016561,치프피트,0016316,무적군단,0007672,리비어,API42_1
0026655,행운축제,20090309,거,0018206,엑스플로잇,0012692,스페셜크래프트,6204497,CRAFTY PROSPECTOR,API42_1
0026570,와하하,20090226,거,0009337,포트스톡턴,0016581,예쁜꿈,6253114,HURRICANE SKY,API42_1
0026669,시타델,20090524,거,0020253,사쿠라시킹,0018458,트로픽,6240818,DANEHILL,API42_1
1013148,쾌속행,20090421,수,-,-,-,-,-,-,API42_1
3013372,거대한,20100411,거,3005576,꿈바위,3007314,산길물길,-,-,API42_1
0029297,강호시대,20100210,수,6323622,FLATTER,6965919,MAMA I'M HOME,6310416,WHEATON,API42_1
0027828,과천대왕,20100411,거,0018206,엑스플로잇,0011693,칼리스에밀리,6213771,MR. REDOY,API42_1
0029930,순간의선택,20110225,암,0018733,비와신세이키,0020366,허그앤드키스,6239834,COMMANDER IN CHIEF,API42_1
0029650,영광의축복,20110411,거,0009337,포트스톡턴,0012818,브레클린즈참,6240155,SPEND A BUCK,API42_1
0030398,중앙대해,20110312,거,0020257,비카,0014754,프라이즈탑,0008710,컨셉트윈,API42_1
0032516,영광의바다,20120330,암,0025670,원쿨캣,0025746,레요나,6310008,CATIENUS,API42_1
0032423,신천여망,20120226,수,0025790,피스룰즈,0019664,순풍에돛단배,0006892,디디미,API42_1
3015609,선율,20130322,암,3009526,백두장사,3011924,만찬,3101039,진솔파워,API42_1
0034401,시선포착,20130220,수,0027443,컬러즈플라잉,0018768,명서공주,6314388,CARRY THE FLAG,API42_1
0033376,영광의신화,20130402,암,0020256,메니피,0020400,짐키드,6250563,DYNAFORMER,API42_1
0035384,리채,20140228,암,0031302,채플로열,0018119,리걸멕,6254580,REGAL CLASSIC,API42_1
0035305,베이킹즈,20140316,거,0020257,비카,0018451,매덤위네트,6266551,DANEWIN,API42_1
0034123,댄싱블레이즈,20130327,암,0023493,시에로골드,0018635,블루밴드퀸,6280944,ROSSINI,API42_1
0037212,제주의흑선,20150420,암,0025670,원쿨캣,0024712,빅터우먼,0018776,양키빅터,API42_1
3017606,역작,20160424,거,3100009,진흥제일,3014196,문스톤,3007168,명문왕자,API42_1
3018155,명성올레,20170429,암,3012382,쾌속장타,3011788,동보올레,3101043,제주오름,API42_1
3018296,세계스타,20170418,암,3009526,백두장사,3012610,장타세계,3005576,꿈바위,API42_1
0040627,그레이스퀸,20170319,암,0025790,피스룰즈,0021635,가문공주,6310399,UNBRIDLED TIME,API42_1
3018438,달빛찬가,20180309,거,3009526,백두장사,3014328,달빛여신,3007849,대단해요,API42_1
0043407,럭셔리킹,20180430,수,0028997,리미트리스비드,0017518,럭셔리퀸,0012684,더그룸이즈레드,API42_1
3018588,제주정상,20180426,수,3100032,성읍오름,3013951,을지무적,3101050,골든레이스,API42_1
0042292,카우보이탱고,20180215,거,0038391,카우보이칼,0022890,탱고스텝,6310162,JUMP START,API42_1
0042391,청마영웅,20180215,거,0038245,미스치비어슬리,0032652,해피한걸,6771654,HENNY HUGHES,API42_1
3018766,담대한,20180409,수,3012419,종결자,3010234,산의여신,3005576,꿈바위,API42_1
3018541,대성대왕,20180418,수,3009526,백두장사,3008947,황태자비,-,-,API42_1
0044497,올포유어드림,20190321,수,0029287,맘보트레인,0031067,스마트체스넛,6771683,CORINTHIAN,API42_1
0044215,은성위너,20190322,암,0020256,메니피,0022962,아침사랑,6309990,BROKEN VOW,API42_1
0021348,브라더스,20060221,거,0020257,비카,0018706,스트러티직리워드,6479383,BOLD REVENUE,API42_1
1011193,세계명성,20070509,수,-,-,-,-,-,-,API42_1
0022528,베스트스피드,20070418,수,0018775,볼포니,0018117,로우스스피릿,6306732,SOUVENIR COPY,API42_1
0019095,카오산,20050428,거,0015444,선데이웰,0010961,모가웅,6246817,JADE HUNTER,API42_1
0022308,추월추풍,20070420,암,0012683,소셜차터,0008762,스톤로우즈,6215529,PERSIAN BOLD,API42_1
1011602,청룡열차,20070606,수,-,-,-,-,-,-,API42_1
0025344,가람,20080329,암,0020441,애드캣,0013860,허니케익스,6256074,HENNESSY,API42_1
1012918,금강의별,20090624,암,-,-,-,-,-,-,API42_1
3013543,선진일류,20100427,거,3008298,무한야성,3100870,판타지스타,-,-,API42_1
3014208,당첨번호,20110324,거,3009526,백두장사,3011238,검은전사,3008912,참살이,API42_1
0032748,아르고브레인,20110401,수,0036729,밥앤드존,6970791,LOUISIANA SALT,6354561,ROBIN DES PINS,API42_1
0030774,보헤미안,20110209,거,6310254,ORIENTATE,0027566,오버웰름드,6240166,UNBRIDLED,API42_1
0032877,에스로즈,20110315,수,6323851,SUAVE,6970947,NEW ROSE,6321696,EASY MINER,API42_1
0029926,심신지려,20110310,암,0020256,메니피,0018720,서클페렌스,6256089,TWINING,API42_1
0029908,질주화신,20110527,거,0018206,엑스플로잇,0011363,정보왕,0008710,컨셉트윈,API42_1
3015069,파워,20120518,수,3009526,백두장사,3100912,몰소랑,-,-,API42_1
3014936,매화,20120420,거,3008912,참살이,3011035,한라세상,3101043,제주오름,API42_1
3015063,순수혈통,20120530,암,3012419,종결자,3008201,용병전사,-,-,API42_1
3015272,빛의정원,20120518,수,3100009,진흥제일,3010798,금성옥진,3101050,골든레이스,API42_1
0032216,런스타,20120410,거,0007672,리비어,0017681,서광신화,0012683,소셜차터,API42_1
3015709,한마음,20130411,수,3101043,제주오름,3011624,달공주,3007120,운명의한판,API42_1
0033231,두만강,20130313,암,0018206,엑스플로잇,0023888,캡쳐어스타,6248006,CAPOTE,API42_1
0033512,메이저선,20130308,수,0025670,원쿨캣,0015985,로코모션,0005331,피어슬리,API42_1
3015729,제주열풍,20130416,거,3100012,후지전능,3008750,제주의별,-,-,API42_1
0036262,울트라로켓,20140310,거,0019951,심포니소나타,0018768,명서공주,6314388,CARRY THE FLAG,API42_1
0038129,유에스맨,20140228,거,6309990,BROKEN VOW,6834093,ANNABILL,6256494,OUTFLANKER,API42_1
0036066,담양태양,20140522,거,0024050,엑톤파크,0031287,마리나디쉐본,0018206,엑스플로잇,API42_1
0035246,정상만세,20140418,수,0031302,채플로열,0025544,용산황룡,6307065,MILWAUKEE BREW,API42_1
3016811,무대바람,20140503,거,3009526,백두장사,3010329,항몽군장,3101050,골든레이스,API42_1
3016815,긍정맨,20141007,수,3100982,메밀마을,3100623,오리무중,3102387,고속생명수,API42_1
1016967,반전,20150215,암,-,-,-,-,-,-,API42_1
0034981,늘푸른드래곤,20140211,수,0023493,시에로골드,0025755,코로시,6305987,CHEROKEE RUN,API42_1
0037886,서울의별,20150401,암,0028997,리미트리스비드,0018573,부산의별,6239849,GENEROUS,API42_1
3017029,불멸의신화,20150526,거,3009296,푸른대왕,3012653,불멸의별,3005576,꿈바위,API42_1
3016884,태산여왕,20140512,암,3011142,태산준봉,3011876,불사신궁,3005576,꿈바위,API42_1
1017196,절대패왕,20150528,수,-,-,-,-,-,-,API42_1
0038766,영광의파이트,20160325,수,0027420,오피서,0029982,리얼파이트,6248320,AWESOME AGAIN,API42_1
0039615,앨버트킹,20160525,수,0027443,컬러즈플라잉,0025808,캡티브,6310235,MUTAKDDIM,API42_1
0038511,심장의고동,20160314,수,0026213,지금이순간,0021715,하우아유,0029482,와이와이와이,API42_1
3018001,성산대장,20160829,수,3100009,진흥제일,3100483,오라요정,3101045,빛을향해,API42_1
3018059,안덕군주,20170304,거,3005652,제주명성,3009086,뒷동산용천,3008306,산남호걸,API42_1
0040862,퍼스트스타,20170315,암,0031261,사이먼퓨어,0031317,텐자스팔미라,6309953,AFTERNOON DEELITES,API42_1
0040310,미라클드리밍,20170317,거,0034735,페더럴리스트,0028091,미라클원더,0020256,메니피,API42_1
3018456,작은별,20180320,암,3009526,백두장사,3011797,백록현주,3101050,골든레이스,API42_1
0042285,바이킹하트,20180218,거,0038391,카우보이칼,0031277,커리어타임,6210758,KRIS S.,API42_1
3018616,최고대장,20180320,수,3009526,백두장사,3012437,여걸명장,3101043,제주오름,API42_1
0042968,갤럽보이,20180511,수,0036299,프라이빗보우,0029676,포트레이,0009337,포트스톡턴,API42_1
3018554,양대산,20180611,수,3100032,성읍오름,3100422,챔스,3100989,진흥바람,API42_1
0042773,우승강자,20180315,암,0026618,경부대로,0015903,열혈강자,0006892,디디미,API42_1
0042218,퍼스트파크,20180101,암,0034735,페더럴리스트,0028635,윈드레토,0020257,비카,API42_1
0044362,원평광야,20190413,암,0040246,지롤라모,0026630,광야일출,0021999,포리스트캠프,API42_1
0046084,테이아,20200224,암,0032990,한센,0038364,프로이디안휴머,6310109,FREUD,API42_1
3101669,황해여왕,20200421,암,3013465,개벽신화,3014144,황해비호,3007259,신비한꿈,API42_1
3103308,입춘,20210310,암,3013465,개벽신화,3016601,군림천하,3007718,특별도시,API42_1
0022407,제트블리스,20070302,암,0018724,오스미제트,0018611,블리스,6350736,MORNING BOB,API42_1
0022216,한얼검,20070413,수,6548829,MORLUC,0020450,스패니시데이코,6310391,TRIPPI,API42_1
0023462,기쁜세상,20060401,수,6309976,BEHRENS,6340782,BELLUS,6253457,SAINT BALLADO,API42_1
1010954,후세자,20070207,수,-,-,-,-,-,-,API42_1
3010406,봉성으뜸,20060801,거,3101043,제주오름,3100876,봉성호,-,-,API42_1
0022874,엔젤갈라,20070319,암,0018769,에이피댄서,0010867,드러리즈프라스펙,6251194,MUKDDAAM,API42_1
0023138,검은나비,20070417,암,0018837,뉴스프린트,0019966,나디아,6217026,REGAL INTENTION,API42_1
0021512,이시대강자,20060330,거,0006891,로스트마운틴,0008525,엔젤,0004759,랜드러쉬,API42_1
3011948,해모수,20080507,수,3101032,데스티노,3101041,탐라스타,3102389,빛의사랑,API42_1
0024724,무브먼트,20080407,수,0020253,사쿠라시킹,0015168,현모,6231943,REAL QUIET,API42_1
0026697,햇살가득,20090501,암,0023493,시에로골드,0022145,위켄드레이츠,6241544,PHONE TRICK,API42_1
0025338,오에이기적,20080503,암,0020441,애드캣,0018191,지상의별,6251238,HONOUR AND GLORY,API42_1
0029107,미스터와이,20090401,수,0029482,와이와이와이,6813418,STAY ON POINT,6254613,POINT GIVEN,API42_1
0028639,놀부시대,20100510,거,0023957,호크윙,0023455,소사이어티커맨더,6305909,DEPUTY COMMANDER,API42_1
0027680,하이파이브,20100307,수,0012808,크릭캣,0018539,남스걸치,6240108,GULCH,API42_1
0028783,검탄,20100319,거,0009337,포트스톡턴,0013968,알찬우승,6254198,WHITNEY TOWER,API42_1
0028661,볼포니스윙,20100413,암,0018775,볼포니,0014037,스윙이지,6257029,RUN SOFTLY,API42_1
3013650,계림영광,20100523,거,3005576,꿈바위,3005897,토종등극,-,-,API42_1
0028280,무패대왕,20100404,거,0018775,볼포니,0009672,무패가도,0006891,로스트마운틴,API42_1
0028879,특별소녀,20100211,암,0013915,아처시티슬루,0021704,세이브더모먼트,6310357,STORM CREEK,API42_1
1014478,신천돌채,20110710,수,-,-,-,-,-,-,API42_1
3014769,푸른여걸,20110506,암,3009296,푸른대왕,3100836,기복자후,3005576,꿈바위,API42_1
3014778,거룩,20110821,수,3012419,종결자,3011101,재벌공주,3101043,제주오름,API42_1
3014883,철의여신,20120401,암,3009526,백두장사,3010449,일류군왕,3101042,제왕의리더,API42_1
0032962,슈팅브라운,20110923,수,6772772,BIG BROWN,6103790,YERBABUENA,6310171,KING CUGAT,API42_1
3014872,라스트,20120215,거,3005652,제주명성,3010071,역사공원,-,-,API42_1
0034685,체이싱달러즈,20120224,수,6770613,VALID REPRIZED,6886612,WILDFIRE RUBY,6254176,WILD EVENT,API42_1
0034738,골드호라,20120428,암,6771300,BROTHER DEREK,6965434,HORAH,6309706,MI CIELO,API42_1
0034612,콰이어트랩터,20120208,수,6231944,QUIET AMERICAN,6809911,GILDED MIRACLE,6253447,GILDED TIME,API42_1
0032063,영암아리랑,20120516,거,0023957,호크윙,0022189,캐러멜캔디,6248320,AWESOME AGAIN,API42_1
3015540,제일호,20130220,거,3009526,백두장사,3010729,선양공주,3005576,꿈바위,API42_1
0034870,선제일격,20130323,거,6790306,HOLD ME BACK,6106303,SILVER CROSS,6341525,BADGE OF SILVER,API42_1
3015730,메아리,20120422,암,3009526,백두장사,3100911,탐라비,-,-,API42_1
0036450,브라보마린,20121112,수,6772800,CASINO PRINCE,6106749,CUCHURITA,6355464,DUSHYANTOR,API42_1
0036021,아델스타,20140313,거,0025670,원쿨캣,0023920,럭앤드페임,6310412,WESTERN FAME,API42_1
0035122,서클댄서,20140419,암,0020257,비카,0017672,우리바다,0015032,알나바,API42_1
3016486,포르티우스,20140615,암,3100061,진흥축산,3100460,흰둥이,3101045,빛을향해,API42_1
0035763,무한열정,20140319,수,0027420,오피서,0029416,라이드미투더문,6310199,MALIBU MOON,API42_1
0038209,월드넘버원,20140602,수,6779759,EYE OF THE LEOPARD,6310501,GARIMPEIRO,6213768,MR. PROSPECTOR,API42_1
3016395,고공행진,20140428,거,3011133,장백산,3100007,암브로시아,3101050,골든레이스,API42_1
0040006,오섬킹이지,20150207,거,6986669,OXBOW,6986724,RAVIONETTA,6248332,TOUCH GOLD,API42_1
3017411,광아의보스,20160113,거,3007168,명문왕자,3100937,복실이,-,-,API42_1
0039005,스트롱벌처,20160410,거,0034428,테스타마타,0022166,스피드백,6309947,ABAGINONE,API42_1
0039094,님의향기,20160507,수,0021999,포리스트캠프,0024712,빅터우먼,0018776,양키빅터,API42_1
0041707,프로칸설,20160507,거,0045049,프리덤차일드,6845605,ILLUSION OF SPEED,6310391,TRIPPI,API42_1
0041796,더스파이커,20160426,수,0044993,언캡처드,6334245,POPULARAFTERSCHOOL,6240108,GULCH,API42_1
1017428,완벽한,20150314,암,-,-,-,-,-,-,API42_1
0038666,인듀어런스,20160326,수,0031305,록하드텐,0024453,댄징샐리,0016504,워존,API42_1
0039525,선마운틴,20160429,수,0031261,사이먼퓨어,0016365,노블파티,0006893,무자지프,API42_1
0041041,만세,20170410,거,6620030,AFLEET ALEX,0038414,라스트워드,6306756,EMPIRE MAKER,API42_1
0043510,황금럭키,20170404,수,6109230,CONSTITUTION,6997129,INCLUDING,6310150,INCLUDE,API42_1
3018175,강남소년,20170523,거,3009526,백두장사,3013604,낭만소녀,3007259,신비한꿈,API42_1
3018564,시대의별,20180502,거,3101043,제주오름,3013388,어승매,3005576,꿈바위,API42_1
3018644,불꽃질주,20180529,거,3014974,터보킹,3012576,바다여행,3005576,꿈바위,API42_1
0043864,아마존킹,20190406,거,0033119,선더모카신,0036473,시크릿랩소디,6964152,STORM WOLF,API42_1
0044272,스마트별,20190412,암,0026618,경부대로,0021906,해동의별,6310432,YES IT'S TRUE,API42_1
0022290,튼튼제일,20070410,암,0012684,더그룸이즈레드,0008730,샤자니,6205665,DURGAM,API42_1
0021509,배틀빙고,20060323,암,0007672,리비어,0006341,슈퍼크라운,6219433,SOUTHERN APPEAL,API42_1
0022388,강철장사,20070430,거,0011880,슬루오그린,0008255,고명딸,6214630,NURELY,API42_1
1010366,모든열정,20060209,수,-,-,-,-,-,-,API42_1
0018128,군함,20020825,거,6309009,ANZIYAN,6280238,KAAPTURE THE HEART,6210290,KAAPSTAD,API42_1
0023048,신흥대장군,20070421,거,0006162,해피째즈밴드,0006563,맥싱고,6219257,SOCIETY MAX,API42_1
0022537,슈퍼초콜릿,20070501,거,0007671,사일런트워리어,0015420,메니스윗리워즈,6219187,SNOW CHIEF,API42_1
0021216,위닝맨,20060923,거,0030884,스트롬버그칼슨,0020072,엘란태리,6224242,ZABEEL,API42_1
1011629,명성자랑,20070304,거,-,-,-,-,-,-,API42_1
1011903,용눈이,20070404,수,-,-,-,-,-,-,API42_1
3012134,자유명성,20080716,거,3101043,제주오름,3006378,성공일호,-,-,API42_1
3012142,적벽가,20080609,수,3102390,루카,3100970,선공후사,3102389,빛의사랑,API42_1
0024863,이벤트퀸,20080430,암,0019963,스트로디스크리크,0018679,랭귀사,6258011,LANGFUHR,API42_1
0026053,아비처럼,20090301,수,0020256,메니피,0021945,아미티스,6251238,HONOUR AND GLORY,API42_1
0026215,총알공주,20090410,암,0020257,비카,0015809,이시스,0006892,디디미,API42_1
0026844,당찬미소,20090502,암,0008710,컨셉트윈,0013144,추월자신,0007464,로드오브워,API42_1
1012891,백화만발,20080410,암,-,-,-,-,-,-,API42_1
0026736,선더스카이,20090515,수,0009337,포트스톡턴,0015243,첸지드마이웨이즈,6231874,INCINDERATOR,API42_1
0025864,연주대군,20090515,거,0020379,인그란디어,0013875,올더라이트무브즈,6225517,SKIP TRIAL,API42_1
3013292,월평대부,20100318,거,3101050,골든레이스,3100883,영상왕비,-,-,API42_1
0028124,불패의바람,20100305,수,0020178,퍼펙트비전Ⅱ,0020338,사라토가캠페인,6241001,MT. LIVERMORE,API42_1
0031146,완승불패,20100416,거,6347070,WILD DESERT,6968172,DARE ABOUT,6306494,DARE AND GO,API42_1
0028758,베니윈,20100324,거,0018206,엑스플로잇,0007834,엔젤스초이스,6218524,SETTLEMENT DAY,API42_1
0028928,파워불릿,20100223,수,0013915,아처시티슬루,0018179,파워풀러너,6324537,BERTOLINI,API42_1
0030640,레이스질주,20110313,암,0023957,호크윙,0020329,올햇,6210758,KRIS S.,API42_1
0032843,프로페서실버,20110429,거,6345926,ROCKPORT HARBOR,6792077,ATLANTIC STORM,6310361,STORMY ATLANTIC,API42_1
0029823,돌진,20110420,암,0025670,원쿨캣,0008817,스누키리오,6200211,AFERD,API42_1
0030281,바다강자,20110320,수,0025790,피스룰즈,0015228,레컨다이트,6218857,SILVER DEPUTY,API42_1
0031991,모멘트,20120412,거,0018733,비와신세이키,0018541,석정문,6253447,GILDED TIME,API42_1
0031624,씨에프스타,20120422,거,0027443,컬러즈플라잉,0025698,바잔키티,6333083,SPEIGHTSTOWN,API42_1
0032188,정상오름,20120318,거,0012808,크릭캣,0016685,러브댓스마일,6253088,NOT FOR LOVE,API42_1
0032468,초원볼트,20120430,거,0018206,엑스플로잇,0008774,바로니스블릭슨,6204698,CYRANO DE BERGERAC,API42_1
0033164,바로가,20130222,수,0006892,디디미,0028960,후지노코하기,6770289,FUJINO FUUN,API42_1
0035871,사려니힐링,20140329,거,0021999,포리스트캠프,0031275,벨어브더문,6310199,MALIBU MOON,API42_1
0036247,리드머니,20140307,암,0018206,엑스플로잇,0020311,미스퍼스낼러티,6254564,EL PRADO,API42_1
0036124,태양의신화,20140425,거,0029487,샤프휴머,0012717,리브더네스트,6251192,EUCLASE,API42_1
1016717,햇살처럼,20140225,수,-,-,-,-,-,-,API42_1
0035661,와와여장부,20140326,암,0029482,와이와이와이,0020388,언브라이들드로렌,6248064,UNBRIDLED'S SONG,API42_1
0036120,낭만스타,20140501,거,0018775,볼포니,0014637,낭만질주,0012853,아워포에틱프린스,API42_1
3016921,선양으뜸,20150317,거,3009526,백두장사,3012121,선양왕비,3005576,꿈바위,API42_1
3017025,서귀명가,20150520,거,3009526,백두장사,3100336,미약오름,3100989,진흥바람,API42_1
0036930,천년의강,20150224,거,0033119,선더모카신,0023506,프라이빗플레인,6229273,LEAR FAN,API42_1
0040017,위너골드,20150503,수,6529374,WILDCAT HEIR,6506292,DANCE SPECIAL,6228130,THEATRICAL,API42_1
0037599,제왕의별,20150423,수,0024050,엑톤파크,0025717,런라이트스루,6254179,MONTBROOK,API42_1
0037703,강토마,20150420,거,0034428,테스타마타,0026148,무한신조,0018776,양키빅터,API42_1
3017257,칸의제왕,20150519,거,3009526,백두장사,3008037,얼음꽃,-,-,API42_1
3017380,신천샛별,20140515,거,3011133,장백산,3100896,탐라도,-,-,API42_1
0041662,센스쟁이,20160216,거,6964691,MUNNINGS,6111259,BALANSENSE,6771699,STREET SENSE,API42_1
0038992,스트라이드업,20160326,거,0028997,리미트리스비드,0020155,자벨라,6224242,ZABEEL,API42_1
0039133,페더럴캣,20160405,수,0034735,페더럴리스트,0020238,벨몬트그레이스,6256541,ADJUDICATING,API42_1
0039469,체인지백,20160525,거,0016783,동서대로,0028949,말티즈러버즈,6240160,THUNDER GULCH,API42_1
0043514,히든삭스,20170406,수,6772788,RUN AWAY AND HIDE,6114549,DELIGHTFUL DAWN,6322032,ACT OF DUTY,API42_1
0040327,글로벌선,20170201,암,0032990,한센,0034605,그라운드룰러,6310008,CATIENUS,API42_1
0042593,럭키월드,20180322,수,0032990,한센,0024094,프리트인그란,0020379,인그란디어,API42_1
3018493,천년고도,20180319,거,3009526,백두장사,3011048,천년비행,3005576,꿈바위,API42_1
0043177,베스트윈드,20180304,암,0036358,애니기븐새터데이,0029775,베스트걸,0025670,원쿨캣,API42_1
0045130,스피디루키,20180414,거,6795075,SUPER SAVER,6995473,SEE ROCK CITY,6313649,TAPIT,API42_1
0042738,터프맨,20180307,거,0039742,테이크차지인디,0033032,패티즈스위트송,6248064,UNBRIDLED'S SONG,API42_1
3018680,봉성대로,20180507,거,3013695,황산벌,3014425,봉성명가,3007112,산방굴사,API42_1
0042341,함안여항산,20180204,암,0025790,피스룰즈,0036635,그랜드비전,6310132,GRAND SLAM,API42_1
3018911,백두찬가,20180506,거,3009526,백두장사,3008037,얼음꽃,-,-,API42_1
0043717,스텔루나,20190222,암,0033119,선더모카신,0036346,리틀딕시미스,6310059,DIXIE UNION,API42_1
0043872,리버태양,20190311,거,0020256,메니피,0034070,캐피리버,0018771,캐피털스팬딩,API42_1
0044392,천은총,20190416,암,0033119,선더모카신,0025780,선골드스키피,6225516,SKIP AWAY,API42_1
0044084,성실시화,20190421,암,0032990,한센,0030615,가문여장군,0007672,리비어,API42_1
0044817,새로운빛깔,20190504,거,0033119,선더모카신,0036618,그레노블,6620030,AFLEET ALEX,API42_1
3101591,도담,20190406,거,3014974,터보킹,3006473,성불샘,-,-,API42_1
0022439,슈퍼리치,20070307,수,0018724,오스미제트,0018607,패스트페어,6312253,WEST BY WEST,API42_1
0022813,리얼빅터,20070325,수,0018733,비와신세이키,0015168,현모,6231943,REAL QUIET,API42_1
0023828,그린엠파이어,20061117,거,6324537,BERTOLINI,6772694,KALAPANA BLACK,6286130,JADE ROBBERY,API42_1
0022606,데프콘,20070508,수,0012683,소셜차터,0006143,레이디스카페이스,6208031,GOLD PLATED LEADER,API42_1
1010843,겨울맞이,20060507,거,-,-,-,-,-,-,API42_1
3011300,황용태후,20070601,암,3101050,골든레이스,3100931,디오니소스,-,-,API42_1
1011137,광명공주,20070207,암,-,-,-,-,-,-,API42_1
0023721,킬리안즈타이거,20060312,수,6310382,TIGER RIDGE,6660480,TELEGRAM,6306678,THORN DANCE,API42_1
0027298,어캣아웃오브박스,20080209,수,6771297,BLUEGRASS CAT,6802291,BOX OF DREAMS,6254179,MONTBROOK,API42_1
0024094,프리트인그란,20080410,암,0020379,인그란디어,0011716,카야즈레전드,6252073,PRETE KHALE,API42_1
0024952,퍼펙트질주,20080405,거,6272191,PARADISE CREEK,0023412,필드부케,6239849,GENEROUS,API42_1
0024522,제너럴카,20080410,수,0018206,엑스플로잇,0008822,더치스니콜,6204160,COMPLIANCE,API42_1
0025323,고적대,20080429,수,0020441,애드캣,0013858,마이초이스,6200427,ALLEGED,API42_1
1012398,탐라갑부,20080317,수,-,-,-,-,-,-,API42_1
0027086,마이티홍콩,20090416,거,0013915,아처시티슬루,0023509,마그네틱플레이스,6252200,OUT OF PLACE,API42_1
0026688,로켓삭스,20090327,수,0018206,엑스플로잇,0007858,명지,6211805,LOOSEN UP,API42_1
0026287,노던스카이,20090413,수,6315224,NORTH LIGHT,0023938,솔트에스테,6309478,OLD TRIESTE,API42_1
0026207,골든하트,20090426,수,0013915,아처시티슬루,0023507,프롤리,0020257,비카,API42_1
0026692,보성제일,20090410,암,0021999,포리스트캠프,0018099,스키모,6253446,MEADOWLAKE,API42_1
0026479,에쓰보이,20090319,거,0016504,워존,0008733,핫립스홀리한,6217308,RISK ME,API42_1
0029166,감동의바다,20090119,암,6345664,WERBLIN,6965310,RADYLA,6310731,COUNTRY PINE,API42_1
0026543,맥시멈스피드,20090425,암,0018776,양키빅터,0008074,여유,6219541,SPECTACULAR SPY,API42_1
1013130,사라여신,20090307,암,-,-,-,-,-,-,API42_1
3013249,공자천주,20090509,거,3101050,골든레이스,3100899,제주랑,-,-,API42_1
3013604,낭만소녀,20100612,암,3007259,신비한꿈,3008153,장타소녀,-,-,API42_1
0028213,퍼펙트딜,20100328,암,0018206,엑스플로잇,0018186,퍼펙트에이티,6251773,KING OF KINGS,API42_1
0028832,임페투스,20100402,수,0018206,엑스플로잇,0021941,미스스트라빈스키,6309923,STRAVINSKY,API42_1
0031196,스타워프,20101005,수,6963834,ZIZOU,6968885,FOILISSIO,6259304,HELISSIO,API42_1
3014118,탁월,20110214,암,3012419,종결자,3100896,탐라도,-,-,API42_1
0029601,천지거탑,20110316,암,6772787,ELITE SQUADRON,0028956,슬루티니,6310080,EVANSVILLE SLEW,API42_1
0031205,로열플라잉,20101115,거,6530403,PATAPAN,6968892,MIDSUMMER'S DREAM,6308291,FOUR SEASONS,API42_1
0032698,고지정벌,20110130,거,6323689,CONGRATS,6970665,I LOVE CINDY,6309952,ADONIS,API42_1
3014495,에이스왕,20110401,거,3007259,신비한꿈,3006581,기대만발,-,-,API42_1
0030447,비케이킹,20110613,암,0023957,호크윙,0025765,화이어브레스,6253916,SALT LAKE,API42_1
3014847,파트너,20120225,수,3009526,백두장사,3010729,선양공주,3005576,꿈바위,API42_1
0032371,새재사랑,20120228,수,0013330,무패강자,0016100,용비천리,0009339,라시그니,API42_1
0031704,상감마마,20120326,거,0025790,피스룰즈,0022153,미스메리트,6309478,OLD TRIESTE,API42_1
3015114,시대영웅,20120530,거,3009526,백두장사,3007101,바리오름,-,-,API42_1
0031502,포스타,20120507,거,0020256,메니피,0021729,오션쿠키,6248001,BOSTON HARBOR,API42_1
1015216,가온해,20120526,암,-,-,-,-,-,-,API42_1
0032167,손오공,20120320,수,0018207,커멘더블,0019642,항구로맨스,6310268,PIN STRIPE,API42_1
3015521,선봉전설,20130212,암,3012419,종결자,3100925,대륙통일,-,-,API42_1
0036504,프로마테우스,20130416,거,6772809,READY'S IMAGE,6485562,GRETTA'S DREAM,6229080,COZZENE,API42_1
0033274,리얼리원,20130331,수,0006892,디디미,0013854,제이슨즈젬,6241549,PREMIERSHIP,API42_1
3015574,딩거,20130301,거,3009526,백두장사,3010355,거목,3101043,제주오름,API42_1
0034015,케이프매직,20130424,수,0022032,니혼필로닐,0029017,케이프하트,6207245,FORTY NINER,API42_1
0033200,운악하비오,20130509,거,0021999,포리스트캠프,0025767,메시지레드,6231958,CRYPTOCLEARANCE,API42_1
3016133,남도비행,20130427,수,3009526,백두장사,3101027,노랑굴,3005652,제주명성,API42_1
3015697,오관왕,20130403,수,3009526,백두장사,3100884,단기필승,-,-,API42_1
3016445,대지보배,20130618,거,3009526,백두장사,3012196,한혈보마,3005576,꿈바위,API42_1
3016430,찬란한별,20140325,거,3007168,명문왕자,3011858,등선나루,3005576,꿈바위,API42_1
0038033,반야동행,20140307,수,0036358,애니기븐새터데이,0040150,큐트앤새시,6323281,CONSOLIDATOR,API42_1
3016436,미래여전사,20140422,암,3101043,제주오름,3100876,봉성호,-,-,API42_1
3016561,동방전설,20140510,암,3012419,종결자,3100935,탐라나래,-,-,API42_1
1016353,청금세상,20140413,암,-,-,-,-,-,-,API42_1
1016574,대지일호,20140514,암,-,-,-,-,-,-,API42_1
3016291,새벽비,20140330,암,3100773,모자오름,3100629,최고속도,3102389,빛의사랑,API42_1
0038082,굿캐스팅,20140321,수,6772778,MAJESTIC WARRIOR,0041937,홀리데이즈,6258011,LANGFUHR,API42_1
3016679,광명의새벽,20140221,암,3100061,진흥축산,3100872,용두전사,-,-,API42_1
0038133,역전의우승,20140531,거,0037972,올드패션드,6101982,NEHALENNIA,6269832,GIANT'S CAUSEWAY,API42_1
1016752,회색등불,20140401,암,-,-,-,-,-,-,API42_1
1017444,미래역사,20150528,암,-,-,-,-,-,-,API42_1
1017598,신촌로,20160402,암,-,-,-,-,-,-,API42_1
1017862,제주자랑,20160505,암,-,-,-,-,-,-,API42_1
0043515,옥룡,20170405,거,0044993,언캡처드,6927078,WILD MEGGIE MEG,6256495,WILD ZONE,API42_1
0041395,경부도령,20170516,수,0026618,경부대로,0023396,아임레전드,6309771,SMOKE GLACKEN,API42_1
0040837,한라누리,20170413,암,0032990,한센,0036610,섬스타,6284611,SIBERIAN SUMMER,API42_1
0042576,바이스로이,20180330,거,0037972,올드패션드,0034062,유성타이거,6771817,DISCREET CAT,API42_1
0043014,루카스선,20180414,거,0039750,퍼지,0031121,스타볼트,6252720,FUSAICHI PEGASUS,API42_1
3018582,임명장,20170418,암,3100304,천기무상,3100378,쉼표,3009526,백두장사,API42_1
0042564,그린필스타,20180422,암,0041566,투아너앤드서브,0041534,라이트마이월드,6331787,PURIM,API42_1
0042321,투에이스,20180223,거,0024452,탐라에이스,0031901,에이스마린,0027420,오피서,API42_1
0044371,영천솔레미오,20190417,거,0039742,테이크차지인디,0024475,님의찬가,0018206,엑스플로잇,API42_1
0046916,피엔에스파,20210126,암,0026618,경부대로,0035595,로열파크,0036735,디바인파크,API42_1
0022922,위너초이스,20070326,암,0018776,양키빅터,0018677,그랜드초이스,6310132,GRAND SLAM,API42_1
1011534,녹색지대,20070505,암,-,-,-,-,-,-,API42_1
3011298,적사신궁,20070205,거,3005576,꿈바위,3100870,판타지스타,-,-,API42_1
0017423,보령불빛,20040312,수,0007672,리비어,0008834,윈디루키,6222680,WIND AND WUTHERING,API42_1
0022510,황금전사,20070222,수,0015093,듀앨러티,0011822,플레인벨벳,6252651,MISTER C.,API42_1
0025630,브래깅라이츠,20070919,거,6771716,FEROCITY,6806215,BARANESS,6247998,BARATHEA,API42_1
1010728,왕궁의별,20060712,수,-,-,-,-,-,-,API42_1
0024520,원코리아,20080210,거,0012808,크릭캣,0014068,미스티메이커,6257752,HAYMAKER,API42_1
0023479,센트럴코스트,20071105,암,6262374,AMALFI,0021958,알파인시티,6254113,END SWEEP,API42_1
0027240,싱싱캣,20080323,수,6529192,D'WILDCAT,6476826,FREDDY FENTER,6631738,FENTER,API42_1
0025340,에모리퀸,20080211,암,0018206,엑스플로잇,0018826,풀리어프루브드,6253931,WITH APPROVAL,API42_1
0024865,금아챔프,20080410,수,0020257,비카,0020315,스톰클라우드라이,6310361,STORMY ATLANTIC,API42_1
0024081,아라가야,20080515,거,0019963,스트로디스크리크,0018726,실버메테오르,6312769,CREATOR,API42_1
0025984,그랜드키,20090329,암,0020257,비카,0018665,슈거키스드,6253457,SAINT BALLADO,API42_1
3013634,꽃봉오리,20100413,암,3007849,대단해요,3006581,기대만발,-,-,API42_1
0028633,간다이,20100514,수,6770889,DON'T GET MAD,0025791,갬블투빅토리,6216396,PROSPECTORS GAMBLE,API42_1
0028584,카디프환희,20100502,수,0023957,호크윙,0016531,팬시스트,6229273,LEAR FAN,API42_1
0027961,힐톱,20100424,거,0020253,사쿠라시킹,0014031,일롭위드미,6228366,RUNAWAY GROOM,API42_1
0031216,러시포스,20100508,거,6485572,RUSH BAY,6968900,FOURTH QUEST,6214527,NORQUESTOR,API42_1
0030051,해피러브,20110307,암,0025670,원쿨캣,0008851,에브리미셸,6206222,EVERY INTENT,API42_1
0030804,쿨런,20110226,거,0025670,원쿨캣,0018701,렌드,6248324,CORONADO'S QUEST,API42_1
0030407,질풍,20110514,거,0009337,포트스톡턴,0016797,프린세스켈리,6310168,KELLY KIP,API42_1
0029806,유지경성,20110218,거,0014056,골드머니,0013137,대천풍,0005331,피어슬리,API42_1
0030420,번개파워,20110423,암,0023957,호크윙,0023933,슈타쿠아벨,6256901,JOHANNESBURG,API42_1
0030063,미라클캣,20110315,거,0025670,원쿨캣,0014417,필승기원,0007671,사일런트워리어,API42_1
0029817,금포스카이,20110430,수,0020257,비카,0013194,퍼펙트스톰,0006892,디디미,API42_1
0030673,늘푸른타이거,20110205,암,0017021,래비츠,0025754,윌링,6241725,WOODMAN,API42_1
3014824,평정,20120214,거,3008298,무한야성,3100882,로열블러드,-,-,API42_1
0032194,유성드림,20120331,수,6526909,GIACOMO,0029446,선데이센세이션,6248051,ROYAL ACADEMY,API42_1
3015072,별빛나래,20120516,암,3012419,종결자,3011048,천년비행,3005576,꿈바위,API42_1
0031525,화려한함성,20120402,수,0007672,리비어,0018176,마이키나블러프,6253452,PINE BLUFF,API42_1
3015223,제일용사,20120806,수,3009526,백두장사,3011218,노마지지,3101043,제주오름,API42_1
0034601,아주푸짐한,20120208,암,6331787,PURIM,6104150,IN YOUR EYES,6310405,VISION AND VERSE,API42_1
0032055,천지파크,20120419,수,0024050,엑톤파크,0023919,촐룰라캣,6248064,UNBRIDLED'S SONG,API42_1
0034863,천행,20130204,거,6258011,LANGFUHR,6893216,M'LADY CHESTNUT,6310147,HORSE CHESTNUT,API42_1
0034049,강성대국,20130219,수,0020379,인그란디어,0019382,포토스톤,0009337,포트스톡턴,API42_1
0036382,번개라이언,20130203,수,6864014,AMERICAN LION,6922115,LIL' HOTTIE,6254461,MONARCHOS,API42_1
0036383,황금비상,20130202,수,6771774,CURLIN,0033055,문베리,6309993,BUROOJ,API42_1
0033911,아이엠스타,20130329,거,6967942,TWIRLING CANDY,0031246,윈터로즈,6309977,BENCHMARK,API42_1
0034033,창성진주,20130504,암,0020379,인그란디어,0023882,러블리샤인,6272661,FRENCH DEPUTY,API42_1
3015576,한수위,20130207,거,3012419,종결자,3011070,고도화,3005576,꿈바위,API42_1
0034025,초원의찬가,20130509,수,0023957,호크윙,0017728,한강제일,0006162,해피째즈밴드,API42_1
0036562,아주최강,20130217,거,6815274,YESBYJIMMINY,6521464,HOSTILITY,6253934,DEVIL HIS DUE,API42_1
0034314,응립여수,20130512,거,0023957,호크윙,0015519,전정만리,0007463,사이코배블,API42_1
0033866,상비군,20130420,거,0029482,와이와이와이,0018703,엔젤비그레이트,6254581,NOTEBOOK,API42_1
3016195,사소취대,20140126,거,3007168,명문왕자,3100937,복실이,-,-,API42_1
0038073,돌아온날리,20140318,수,6969068,ALGORITHMS,6816190,WHITELACENPROMISES,6310228,MORE THAN READY,API42_1
0038187,슬블리,20140415,암,6866735,TIME TO GET EVEN,6109615,SHOW'EM SUSIE,6323126,HOLD THAT TIGER,API42_1
0037206,스토미,20150314,수,0033119,선더모카신,0028965,스털링스트라이드,6218857,SILVER DEPUTY,API42_1
3016862,구시구중,20150313,암,3009296,푸른대왕,3007402,금나라,-,-,API42_1
3017042,진출행,20150410,암,3100010,칠오름,3014236,신의여왕,3007259,신비한꿈,API42_1
3016946,트멍,20150414,암,3012419,종결자,3012697,간드락,3100989,진흥바람,API42_1
0036790,스피드이즈칸,20150228,수,0029482,와이와이와이,0033099,캔트레지스트,6312518,ACTION THIS DAY,API42_1
0039502,해들뫼,20160423,거,0034428,테스타마타,0027480,나필리베이,6479517,KATAHAULA COUNTY,API42_1
0038949,레이먼드,20160401,수,0029482,와이와이와이,0029417,셀시,6309728,PULPIT,API42_1
0038964,월드슬램,20160326,거,6969080,STAY THIRSTY,0036637,암어자이언트스타,6269832,GIANT'S CAUSEWAY,API42_1
0038680,메니스피드,20160414,수,0020256,메니피,0034849,미스개츠비Ⅱ,6218852,SILVER CHARM,API42_1
0041710,쏜살,20160513,수,6968995,ADIOS CHARLIE,6930461,WINK AT THE BOYS,6310129,GRAEME HALL,API42_1
3017981,민영신화,20150204,거,3009199,여름파도,3011169,광명왕,3102390,루카,API42_1
0039118,승리의불길,20160419,암,0023957,호크윙,0020149,밸리데이션,6241024,PRIZED,API42_1
0041019,밀키셰리,20170407,암,0020379,인그란디어,0034879,밀키스마일,6337480,SYMBOLI KRIS S,API42_1
1017995,빛의영광,20170405,거,-,-,-,-,-,-,API42_1
3018116,대상군,20170223,거,3101050,골든레이스,3014178,저글링,3005652,제주명성,API42_1
0041356,에이스함성,20170515,수,0036735,디바인파크,0015225,러세미러,6201492,BATONNIER,API42_1
3018395,제주영웅,20170306,거,3011133,장백산,3010348,오백장군,3102390,루카,API42_1
0040286,아침빛,20170212,암,0026618,경부대로,0015903,열혈강자,0006892,디디미,API42_1
0041530,신진강호,20170410,수,0033115,유로실버,0019414,즐거운미소,0007672,리비어,API42_1
0043411,그레이캣,20180312,수,0038391,카우보이칼,0036695,플래쉬디만티너,6772152,FLASHY BULL,API42_1
0043291,닥터페이스,20180321,거,6965458,KANTHAROS,0040153,페이스홀,6771469,HIGH COTTON,API42_1
3018698,장전여신,20180514,암,3009526,백두장사,3011820,초록하늘,3101043,제주오름,API42_1
3018815,아라으뜸,20180406,암,3100061,진흥축산,3012647,사위존,3101050,골든레이스,API42_1
3018926,명작품,20190419,암,3009526,백두장사,3100941,명성왕비,-,-,API42_1
3102810,웅진기상,20190606,거,3014739,설중매,3013996,미래사,3101043,제주오름,API42_1
0046072,창창대로,20200405,수,0038391,카우보이칼,0041920,아메리칸오디세이,6307010,SMART STRIKE,API42_1
0046600,메니참,20200312,암,0020256,메니피,0025293,머스탱퀸,0008710,컨셉트윈,API42_1
0025537,아담원,20070404,거,6307097,SLIGO BAY,6585881,TODDLES,6364211,REAL COURAGE,API42_1
0022929,빅토리캠프,20070220,암,6332179,GIMMEAWINK,0020315,스톰클라우드라이,6310361,STORMY ATLANTIC,API42_1
3010218,순황태자,20060403,수,3005576,꿈바위,3008947,황태자비,-,-,API42_1
0021448,위너스텝,20060306,거,0008710,컨셉트윈,0011029,스텝린,6211380,LE BELVEDERE,API42_1
0025138,용왕스프린트,20080415,거,0018837,뉴스프린트,0013527,불세지용,0006162,해피째즈밴드,API42_1
0024807,스트롱초이스,20080317,수,0007672,리비어,0020326,애니스시스터,6305942,POLISH NUMBERS,API42_1
0025309,수성비에프,20080407,거,0018775,볼포니,0020318,패브포,6310432,YES IT'S TRUE,API42_1
0024681,메니피매직,20080413,암,0020256,메니피,0020376,매직뷰,6307044,DISTANT VIEW,API42_1
0027159,최고찬사,20080225,암,6328809,KAFWAIN,6382506,LIL'S GATE,6246095,GATE DANCER,API42_1
0026832,베스트인올,20090317,거,0012684,더그룸이즈레드,0013887,유캔콜미베티,6202881,BUCKAROO,API42_1
0027122,엘캄페온,20090217,거,0020256,메니피,0014065,히어컴스미미,6256199,KIPPER KELLY,API42_1
0025833,엑스파일,20090324,암,0018206,엑스플로잇,0020077,도로시디,6241725,WOODMAN,API42_1
0029111,놀부만세,20090323,수,0031261,사이먼퓨어,6337424,REASON TO FEAR,6210758,KRIS S.,API42_1
1012778,독고진,20090222,수,-,-,-,-,-,-,API42_1
3012845,고들배,20090524,거,3005576,꿈바위,3100891,한백연결,-,-,API42_1
0027992,마이데이,20100223,암,6248332,TOUCH GOLD,0025773,스마트어드바이스,6307010,SMART STRIKE,API42_1
0031026,스탠더카메라맨,20100319,거,0040086,위드디스팅션,6829055,ALWAYS ON THE GO,6306800,LORD CARSON,API42_1
0031046,우승찬스,20100407,암,0036358,애니기븐새터데이,6307104,BOLD BURST,6204713,DAHAR,API42_1
0028307,사이버킹,20100514,거,0021999,포리스트캠프,0020352,벨몬트채플,6257228,ARCANGUES,API42_1
0030775,푸른거탑,20110205,암,0020256,메니피,0022168,참인스트라이크,6307010,SMART STRIKE,API42_1
0030421,선더캣,20110413,거,0025670,원쿨캣,0022064,엘치카,6240108,GULCH,API42_1
0030662,퀸파슬리,20110227,암,6309816,FASLIYEV,0027451,엔들리스헤로인,6257863,OATH,API42_1
0030364,해란강자,20110322,거,0018206,엑스플로잇,0011100,해란강,0007672,리비어,API42_1
0032505,화이트큐피드,20120423,암,0018775,볼포니,0012704,카페후,6253505,KENVAIN,API42_1
3014938,화이팅,20120417,수,3009526,백두장사,3009932,자유도시,3102389,빛의사랑,API42_1
0032189,환희의순간,20120321,수,0020253,사쿠라시킹,0025769,마홈캣,6310383,TOMORROWS CAT,API42_1
0034662,신기파랑,20120513,수,6313638,SILVER WAGON,6965366,MISS ATLANTIS,6310787,PICK UP THE PHONE,API42_1
0034671,디플러메틱미션,20120419,거,6306937,SWISS YODELER,6105058,MOSCOW RISING,6250611,MOSCOW BALLET,API42_1
3015434,획기적,20120707,거,3005652,제주명성,3012147,참빛,3008306,산남호걸,API42_1
0032998,팡팡히어로,20120424,거,6964802,MAJESTICPERFECTION,6613791,COPA DE ORO,6248324,CORONADO'S QUEST,API42_1
0031939,인더백,20120402,거,0025790,피스룰즈,0028953,인더리,6253446,MEADOWLAKE,API42_1
1015718,중원대부,20130531,암,-,-,-,-,-,-,API42_1
0033774,스마트젠틀맨,20130221,수,0020256,메니피,0029474,헤네시엔라임,6313613,LIMEHOUSE,API42_1
0036469,리워드하이,20130503,암,6964690,WARRIOR'S REWARD,6856964,MISS ROSEMARY,6310140,HIGH YIELD,API42_1
0033762,웰빙스토리,20130407,수,0023493,시에로골드,0017121,웰빙시대,0007463,사이코배블,API42_1
0036405,아리온메탈,20130424,거,6771297,BLUEGRASS CAT,6793801,DESAFINADO,6309728,PULPIT,API42_1
0036605,배다리삼총사,20140124,수,6323689,CONGRATS,6989824,DARLING CIANA,6313614,LION HEART,API42_1
0038061,코팔레로,20140208,거,6847906,TALENT SEARCH,6331654,DYNARHYTHM,6250563,DYNAFORMER,API42_1
0035457,한일매직,20140510,수,0031302,채플로열,0023921,다이아몬드브리나,6250544,BROAD BRUSH,API42_1
0038090,플레이시스투고,20140408,거,6310228,MORE THAN READY,6621231,POLA'S PLACE,6252200,OUT OF PLACE,API42_1
0038150,소중한만남,20140518,수,6256647,NORTHERN AFLEET,6460523,DIVINE HONOR,6240949,HONOR GRADES,API42_1
0035652,초오롱마,20140420,암,6964805,LINE OF DAVID,0033047,서브잇콜드,6310354,STEPHEN GOT EVEN,API42_1
0037040,마스크,20150310,수,0034428,테스타마타,0031268,파이어앤바이스,6771685,LATENT HEAT,API42_1
0039811,영광의팩터,20150201,거,6969076,THE FACTOR,6878674,PREVENTION,6309963,APTITUDE,API42_1
0037146,트리플실버,20150405,거,0033115,유로실버,0027079,와이어와이어,0018207,커멘더블,API42_1
3017330,봉성미래,20150419,암,3007357,최고훈장,3100608,미르가온,-,-,API42_1
3017290,삼다전설,20150505,암,3012382,쾌속장타,3006637,초록향기,-,-,API42_1
1017576,황용의별,20150412,암,-,-,-,-,-,-,API42_1
1017654,천년바위,20160407,암,-,-,-,-,-,-,API42_1
0039087,매직플라잉,20160416,수,0027443,컬러즈플라잉,0024681,메니피매직,0020256,메니피,API42_1
3017980,제천대성,20170328,암,3011321,전국비행,3011797,백록현주,3101050,골든레이스,API42_1
3017955,광아의명성,20170127,거,3012382,쾌속장타,3100809,사라여왕,-,-,API42_1
3017961,오라전설,20170212,거,3009526,백두장사,3011714,황해여걸,3005576,꿈바위,API42_1
1018032,전농왕,20170504,거,-,-,-,-,-,-,API42_1
1018016,천마재림,20170409,암,-,-,-,-,-,-,API42_1
0041607,위너블루,20170319,거,0037972,올드패션드,0021457,매직치프,6254176,WILD EVENT,API42_1
3017781,개성강국,20160726,거,3005652,제주명성,3012847,안덕미인,3008306,산남호걸,API42_1
3018245,청마챔프,20160527,수,3014582,미래,3014095,백호일호,3010278,천년의힘,API42_1
0040831,하바나제인,20170507,암,0033119,선더모카신,0029003,제너럴제인,6321933,MOUNT MCKINLEY,API42_1
0041489,그레이트보스,20170417,거,6772779,MIDNIGHT LUTE,0038423,모셀라,6256901,JOHANNESBURG,API42_1
0044742,베링맨,20180208,거,0046317,레이스데이,6525165,BLUEYED LASS,6254571,SKY CLASSIC,API42_1
0044940,로열함성,20170828,거,6112085,MONGOLIAN KHAN,6130170,TINKERMIA,6307167,JOHAR,API42_1
0041460,판타스틱맨,20170601,수,0034735,페더럴리스트,0029464,퀘일런,6248314,WAGON LIMIT,API42_1
3018490,장군대좌,20180406,거,3100061,진흥축산,3011094,백록왕비,3102390,루카,API42_1
3018500,미래세상,20180517,수,3009526,백두장사,3013996,미래사,3101043,제주오름,API42_1
0042376,불화산,20180312,거,0032990,한센,0018451,매덤위네트,6266551,DANEWIN,API42_1
3018633,꿈의황제,20180322,암,3009296,푸른대왕,3013560,황제의딸,3100982,메밀마을,API42_1
3018760,원더걸,20180120,암,3009296,푸른대왕,3010449,일류군왕,3101042,제왕의리더,API42_1
0041010,원더풀월드,20170324,수,0024050,엑톤파크,0027374,디히어퀸,6254561,DEHERE,API42_1
0042625,연승글로리,20180303,거,0021239,연승대로,0026716,펠로스글로리,0020253,사쿠라시킹,API42_1
0045658,티즈에너지,20180306,거,6986086,STRONG MANDATE,6107867,WIND ENERGY,6345945,UNBRIDLED ENERGY,API42_1
0046505,노던타임,20180315,거,6112209,NOT THIS TIME,6783092,STELLA PRIMA,6254564,EL PRADO,API42_1
0044527,포에버드림,20190328,거,0041547,에치드,0030708,투어캠프,0021999,포리스트캠프,API42_1
3102119,누마루,20190412,암,3013465,개벽신화,3014145,대찬걸음,3008298,무한야성,API42_1
0043936,블루인디,20190224,수,0039742,테이크차지인디,0024408,새벽천사,0020257,비카,API42_1
0045359,그로우,20200326,암,0033119,선더모카신,0019415,대효,0006162,해피째즈밴드,API42_1
3102530,행운대통,20200425,암,3016320,청마시대,3015698,영웅소리,3101043,제주오름,API42_1
0022690,풀스텝,20070415,거,0006892,디디미,0013884,폭스댄스,6256235,FOXTRAIL,API42_1
0025532,터프윈,20070312,거,6310433,YONAGUSKA,0027549,매기메이즈소드,6256468,SWORD DANCE,API42_1
1009522,성불신기,20050407,수,-,-,-,-,-,-,API42_1
0022820,라이크히어로,20070327,수,0018206,엑스플로잇,0018600,매그네틱,6248051,ROYAL ACADEMY,API42_1
0022936,선더클랩,20070202,거,6337854,WANDO,0020343,와일드라이프,6241722,WILD AGAIN,API42_1
0020215,부경최강,20041011,수,6254552,FLYING SPUR,6581624,TIME FOR BED,6214360,NIGHT SHIFT,API42_1
0020386,블랙밀리언,20060312,거,6241725,WOODMAN,6518124,UPCOMING,6248061,SUMMER SQUALL,API42_1
0027230,아메리칸리바이벌,20080315,거,6310288,PUT IT BACK,6340673,AMERICAN SAINT,6253457,SAINT BALLADO,API42_1
0024326,아케자,20080518,암,0006892,디디미,0011698,모닝자바,6241356,JAVA GOLD,API42_1
0025045,천둥번쩍,20080410,암,0018771,캐피털스팬딩,0018184,후시스,6241707,TREMPOLINO,API42_1
0024815,대제의밀사,20080402,수,0020253,사쿠라시킹,0018199,라이트허티드래스,6212289,MAJESTIC LIGHT,API42_1
3012187,제주명장,20080627,수,3005652,제주명성,3100903,용눈이으뜸,-,-,API42_1
3012130,가보,20080709,암,3005576,꿈바위,3006473,성불샘,-,-,API42_1
0025349,터프타이거,20080506,수,6770583,TANNERSMYMAN,0023519,레이디에식스,6376477,SHARP VICTOR,API42_1
1012334,빛의산맥,20080619,거,-,-,-,-,-,-,API42_1
0024179,웨스트윈드,20080512,수,0009337,포트스톡턴,0013405,두터운정,0009336,타임스타,API42_1
0025020,길운,20080415,암,0012684,더그룸이즈레드,0009679,길몽,0004760,미스터아도라블,API42_1
0029143,마니인컴,20090609,거,6345708,IRISH ROAD,6807425,LEMON ZEST,6259767,LEMON DROP KID,API42_1
0026725,배다리영웅,20090406,암,0018783,야후디,0015228,레컨다이트,6218857,SILVER DEPUTY,API42_1
0026860,시크릿포스,20090218,암,0008710,컨셉트윈,0013948,미스솔티레이크,6253916,SALT LAKE,API42_1
0026084,신명산,20090115,암,0018775,볼포니,0016724,감동적,6254198,WHITNEY TOWER,API42_1
0026591,봉암사,20090426,암,0012684,더그룸이즈레드,0012201,한라여제,6253132,TECHNOLOGY,API42_1
3013215,특성,20090420,암,3100989,진흥바람,3100608,미르가온,-,-,API42_1
0026649,로드투프린스,20090220,수,0021998,피코센트럴,0020162,랜섬베이,6250547,RED RANSOM,API42_1
0026372,올데이,20090319,거,0020257,비카,0013885,세인츠얼라이브,6256248,ST. JOVITE,API42_1
0030908,비바타이푼,20100313,수,6771654,HENNY HUGHES,6809100,CELTIC SUNSHINE,6231953,VICTORY GALLOP,API42_1
0027713,천지히어로,20100418,거,0018775,볼포니,0012804,코모런츠허니,6204325,CORMORANT,API42_1
0028194,가람산성,20100310,수,0018775,볼포니,0021936,커맬라,6266191,COMMANDS,API42_1
0027729,로열빅토르,20100313,거,0018775,볼포니,0021957,유니콘스타,6241725,WOODMAN,API42_1
0031137,빛의왕자,20100427,수,6770748,ROMAN RULER,6616239,QUIET DELIGHT,6240107,GRINDSTONE,API42_1
0028872,폴라이트,20100415,수,6323851,SUAVE,0025813,스타어폰스타,6312532,ALDEBARAN,API42_1
0028704,빅토리블루,20100509,수,0020178,퍼펙트비전Ⅱ,0006585,제사라브루크,6208503,GUARDS,API42_1
0031121,스타볼트,20100302,암,6252720,FUSAICHI PEGASUS,6807636,D'ORO DOLL,6248332,TOUCH GOLD,API42_1
0028566,노피어스,20100507,수,0012808,크릭캣,0015767,밀리언달러,0006891,로스트마운틴,API42_1
0031075,아라아자,20100329,거,6254101,BELONG TO ME,6968163,BENITA,6239825,BENNY THE DIP,API42_1
0028447,필꽃,20100225,수,0020458,에브리데이이즈,0023684,댄싱낸시즈,6217949,SADLER'S WELLS,API42_1
0032692,황금가속,20110425,거,6771297,BLUEGRASS CAT,6526021,LOVELY BEAUTY,6254586,ROBYN DANCER,API42_1
1014112,검호,20100610,암,-,-,-,-,-,-,API42_1
0030439,건파이터,20110216,수,0024050,엑톤파크,0017644,사트야,0012684,더그룸이즈레드,API42_1
0030460,배다리대왕,20110509,거,0018733,비와신세이키,0011770,미스윅,6252350,THE WICKED NORTH,API42_1
0031564,루나챔프,20120412,거,0025670,원쿨캣,0025428,루나사,6252720,FUSAICHI PEGASUS,API42_1
3014812,한백전설,20110421,거,3010278,천년의힘,3100819,황자매,-,-,API42_1
0032219,챔프라인,20120414,수,6771774,CURLIN,0029418,언브라이들프라잇,6240166,UNBRIDLED,API42_1
0031804,원더풀청해,20120223,암,0025790,피스룰즈,0014949,마스코트,0008710,컨셉트윈,API42_1
0031700,볼트사인,20120222,수,0006892,디디미,0012158,하비동주,0007671,사일런트워리어,API42_1
0032162,우승최고,20120314,거,0018206,엑스플로잇,0020072,엘란태리,6224242,ZABEEL,API42_1
3015547,전력향상,20130312,암,3008298,무한야성,3011925,무한여신,3005576,꿈바위,API42_1
0033474,강철시대,20130225,거,0023957,호크윙,0020286,레드머리너,6310324,SEA OF SECRETS,API42_1
0034352,스텔스,20130217,수,0027443,컬러즈플라잉,0023949,미스드더타워,6241725,WOODMAN,API42_1
0033324,용총,20130502,거,0018206,엑스플로잇,0025773,스마트어드바이스,6307010,SMART STRIKE,API42_1
0034029,위닝길리,20130426,암,0020379,인그란디어,0020484,광속처럼,0024050,엑톤파크,API42_1
0034194,이시대영광,20130412,수,0025790,피스룰즈,0021828,미주패밀리,6323102,YANKEE GENTLEMAN,API42_1
0033413,금테,20130327,암,0029482,와이와이와이,0013275,화려한축제,0006163,빅서,API42_1
0033486,스마트마린,20130427,거,0029487,샤프휴머,0027488,체니아,6310316,SAHM,API42_1
3016134,기네스북,20130406,거,3100061,진흥축산,3100045,산방용사,3102390,루카,API42_1
0036113,특별스타,20140320,암,0029376,에어쉐이디,0025522,특별환희,6284362,WHITE MUZZLE,API42_1
3016511,동부여걸,20140418,암,3100989,진흥바람,3100883,영상왕비,-,-,API42_1
1016612,소원천하,20140607,수,-,-,-,-,-,-,API42_1
3016709,세계으뜸,20140216,암,3009526,백두장사,3012538,눈맞춤,3008912,참살이,API42_1
3016775,월드트레인,20140423,거,3012419,종결자,3013829,동심동력,3101043,제주오름,API42_1
0038069,리턴오브더킹,20140526,수,6307073,POSSE,0036685,볼드어라이벌,6253447,GILDED TIME,API42_1
0039791,문학치프,20150313,수,6964308,PIONEEROF THE NILE,6107248,TALULLAH LULA,6309478,OLD TRIESTE,API42_1
3016998,각시바위,20150414,거,3009526,백두장사,3012150,세계의보물,3101045,빛을향해,API42_1
0037227,아람나래,20150324,암,0034426,스파이큘,0021838,딕시비카,0020257,비카,API42_1
0036914,미사일캔디,20150130,수,6967942,TWIRLING CANDY,0036351,코지포나우,6229080,COZZENE,API42_1
0039554,피렌체힐,20160507,수,0031302,채플로열,0031067,스마트체스넛,6771683,CORINTHIAN,API42_1
0041714,예스퍼펙트,20160214,수,6772778,MAJESTIC WARRIOR,0050537,토탈워,6772774,WAR PASS,API42_1
0041835,말리부별,20160319,수,6310199,MALIBU MOON,6862369,PUSSYCAT DOLL,6231943,REAL QUIET,API42_1
0041251,베스트럭키,20170427,수,0027443,컬러즈플라잉,0027538,스트링밴드,6309858,SPINNING WORLD,API42_1
0040603,선더킹,20170327,수,0033119,선더모카신,0020355,어걸네임드필,6306749,DISTORTED HUMOR,API42_1
0041124,원더풀스마티,20170418,암,0034428,테스타마타,0023319,예스트라이크,6310432,YES IT'S TRUE,API42_1
0043631,문학드림,20170506,수,6969075,지몰로지스트,6848561,RIVOLTELLA,6309990,BROKEN VOW,API42_1
0043436,장산몬스터,20170402,거,6970674,PAYNTER,6124635,PEGASUS PRINCESS,6252720,FUSAICHI PEGASUS,API42_1
3018488,서부파워,20180327,수,3100316,진흥상어,3012937,서광여신,3007191,소년장사,API42_1
3018483,청룡스타,20180507,암,3014974,터보킹,3007115,검문도,-,-,API42_1
3018951,리듬스타,20190506,수,3100210,천기폭발,3016650,리듬,3101043,제주오름,API42_1
3018937,백두산,20190514,거,3015307,명가황제,3100819,황자매,-,-,API42_1
0044515,대박스타,20190406,거,0033115,유로실버,0036198,나라오름,0021999,포리스트캠프,API42_1
0046117,메니샤크,20200223,암,0020256,메니피,0034584,쇼킹데이,6888903,SHOCKING,API42_1
0046744,마루별,20210120,암,0038025,아임유어파더,0036704,캐롤라이나문댄스,6310199,MALIBU MOON,API42_1
0022995,듀얼미사일,20070405,거,0015093,듀앨러티,0013582,안정성,0009337,포트스톡턴,API42_1
0023002,칸초댄서,20070310,거,0018769,에이피댄서,0008821,칸초스미스,6208991,HEY ROB,API42_1
1011212,과오름,20070508,암,-,-,-,-,-,-,API42_1
3011600,유수천리,20070510,거,3101043,제주오름,3100612,하늘영광,3102389,빛의사랑,API42_1
1010226,힘찬기세,20060405,암,-,-,-,-,-,-,API42_1
3011882,대항마,20080328,수,3101043,제주오름,3007249,연화왕비,-,-,API42_1
3011987,달빛열전,20080414,암,3005576,꿈바위,3100898,종사원,-,-,API42_1
1011972,옹달샘,20080417,수,-,-,-,-,-,-,API42_1
3012013,포효,20080513,거,3005576,꿈바위,3100811,녹산장,-,-,API42_1
0024074,카퍼레이드,20080410,수,0019963,스트로디스크리크,0019965,솔퀸,6256541,ADJUDICATING,API42_1
0024498,마이드림,20080523,암,0018206,엑스플로잇,0018147,대디즈골드,6488794,DEVIL'S ROCK,API42_1
3012654,와흘용사,20090503,수,3008912,참살이,3100893,사랑책,-,-,API42_1
0026704,드림타워,20090410,거,0021999,포리스트캠프,0022144,허리케인워닝,6240160,THUNDER GULCH,API42_1
0026136,영원한친구,20090318,수,0012684,더그룸이즈레드,0009405,황색바람,0007672,리비어,API42_1
0025858,골드백,20090310,수,0020379,인그란디어,0022166,스피드백,6309947,ABAGINONE,API42_1
0024594,강산무적,20080428,거,0018207,커멘더블,0018120,와일드게스,6310424,WILD RUSH,API42_1
0027112,무악,20090328,거,0007672,리비어,0015155,고다이버즈댄서,6208394,GREEN DANCER,API42_1
3012685,강한반전,20090220,거,3101043,제주오름,3100859,쉬머링스타,3102390,루카,API42_1
0026972,초원여제,20090508,암,0021999,포리스트캠프,0010500,네비게이션,0006163,빅서,API42_1
3013103,태평시대,20090423,수,3101045,빛을향해,3100618,내강외유,3102389,빛의사랑,API42_1
0029345,컬러미골드,20090915,거,6772231,PERFECTLY READY,6965946,INDIAN LOVE CALLS,6248051,ROYAL ACADEMY,API42_1
0027866,장수파티,20100225,거,0020256,메니피,0018320,그랜드패스,6310132,GRAND SLAM,API42_1
0031022,최강전사,20100308,수,6345945,UNBRIDLED ENERGY,6408235,AT THE ALTAR,6228366,RUNAWAY GROOM,API42_1
0030917,애니기븐액트,20100323,수,0036358,애니기븐새터데이,6807436,ONE KID ACT,6259767,LEMON DROP KID,API42_1
0028005,선시커,20100224,수,0020256,메니피,0008817,스누키리오,6200211,AFERD,API42_1
0031016,일생무패,20100409,거,6258011,LANGFUHR,6344853,DREAM AFFAIR,6248332,TOUCH GOLD,API42_1
0028580,라떼이천,20100315,암,0018771,캐피털스팬딩,0018183,커피로얄,6256468,SWORD DANCE,API42_1
3013818,꼬마대장,20100303,거,3101043,제주오름,3100884,단기필승,-,-,API42_1
0028530,노벨신화,20100419,암,0024050,엑톤파크,0023437,어리틀포크,6256294,PLEASANT TAP,API42_1
0028084,무비소나타,20100316,거,0011355,무비한,0020046,비뢰소나타,6310150,INCLUDE,API42_1
3014294,명문신화,20110417,거,3012419,종결자,3009796,명가승,3005576,꿈바위,API42_1
3014481,음풍농월,20110413,거,3009526,백두장사,3010449,일류군왕,3101042,제왕의리더,API42_1
0032755,베스트런,20110306,수,6490150,UTOPIA,6323532,CHARADE QUEEN,6247992,A.P. INDY,API42_1
0032759,한라축제,20110405,암,6613904,GOTTCHA GOLD,6338299,C D PLAYER,6254179,MONTBROOK,API42_1
0030418,일기당천,20110429,수,0025790,피스룰즈,0022067,무하프리사,6241722,WILD AGAIN,API42_1
0029808,슈퍼탱크,20110413,수,0014056,골드머니,0025787,메이크마인미니,6251238,HONOUR AND GLORY,API42_1
3014432,한백승자,20110520,거,3008912,참살이,3008756,비행소년,3102389,빛의사랑,API42_1
0032893,마이윌리엄,20110414,거,6506329,SHAKESPEARE,6414507,MT. SUNAPEE,6256608,MOUNTAIN CAT,API42_1
0030393,메이저우승,20110309,암,0006892,디디미,0023432,가이사랴,6256164,MR. GREELEY,API42_1
0030308,다크레이디,20110521,암,0018206,엑스플로잇,0015153,시작,6256379,LINE IN THE SAND,API42_1
0030245,돌체비타,20110329,암,0023493,시에로골드,0023491,고헬렌고,6209826,ISLAND WHIRL,API42_1
3014648,마음이,20110412,암,3009526,백두장사,3010810,여왕국,-,-,API42_1
0032667,사이클링히트,20111016,거,6771699,STREET SENSE,6718025,SOUTH SEA PEARL,6240818,DANEHILL,API42_1
0032945,후즈퍼펙트,20110408,암,6323916,SCIPION,6828726,PERFECT QUEEN,6259885,LOUIS QUATORZE,API42_1
0030189,이기쁨그대로,20110515,암,0020379,인그란디어,0021861,레이첼스초이스,6268229,GOLD FEVER,API42_1
0031491,큰바다,20120303,수,0020256,메니피,0020485,큰고리,6338867,ESSENCE OF DUBAI,API42_1
0034484,노벰버모닝,20120408,거,6964691,MUNNINGS,6784815,BERKSHIRE CAT,6307336,TALE OF THE CAT,API42_1
0031978,베스트테이커,20120330,거,0020257,비카,0008850,슬루즈샤피,6219110,SLEW'S ROYALTY,API42_1
0032584,강호아이언,20120226,암,6771780,EINSTEIN,0029439,레드튤립,6315224,NORTH LIGHT,API42_1
0032492,지상거탑,20120402,수,0015093,듀앨러티,0015180,화이트알로아,6284362,WHITE MUZZLE,API42_1
0032535,파티타임,20120311,암,0023957,호크윙,0013062,풀타임,0005331,피어슬리,API42_1
0034679,절묘한선택,20120309,수,6771817,DISCREET CAT,6816299,STARLIGHT TIARA,6310228,MORE THAN READY,API42_1
0031808,포제이,20120412,암,0018207,커멘더블,0012152,우리천하,0009338,퓨처퀘스트,API42_1
0032570,당찬모습,20120330,암,0020441,애드캣,0020150,캐너피스,6248062,TIMBER COUNTRY,API42_1
0034287,차세대,20130407,거,0018207,커멘더블,0025747,메릴즈스피릿,6257003,STORM BOOT,API42_1
0034857,추카추카,20130320,거,6790306,HOLD ME BACK,6621003,CATNABOUT,6252200,OUT OF PLACE,API42_1
0033179,끝판부스터,20130405,거,0020257,비카,0011112,이른아침,0007463,사이코배블,API42_1
0033144,데블맨,20130213,거,0028958,어드마이어돈,0027447,그로우스벨벳,6310551,DIABLO,API42_1
0034071,미스터스팬딩,20130413,수,0018771,캐피털스팬딩,0029425,브리짓스드림,6240108,GULCH,API42_1
0038020,청담도끼,20140517,거,0041566,투아너앤드서브,6534537,ELUSIVE GOLD,6220003,STRIKE THE GOLD,API42_1
0035201,바운드코리아,20140220,거,0025790,피스룰즈,0023949,미스드더타워,6241725,WOODMAN,API42_1
0035215,아델의축제,20140330,거,0038391,카우보이칼,0033084,이스트햄튼,6253446,MEADOWLAKE,API42_1
0038154,정상코리아,20140410,수,6771297,BLUEGRASS CAT,6794042,AQUALINA,6256079,HOLY BULL,API42_1
0035866,위대한광경,20140407,거,0020725,칸의제국,0016521,웨스트슬루,6310035,CORSLEW,API42_1
0036104,퍼스티지,20140408,암,0031274,래칸터,0025796,드레스투임프레스,6310104,FORMAL GOLD,API42_1
1016802,포인트,20140303,암,-,-,-,-,-,-,API42_1
1016766,명문군단,20140410,암,-,-,-,-,-,-,API42_1
0037056,백년시대,20150303,수,0031302,채플로열,0018768,명서공주,6314388,CARRY THE FLAG,API42_1
0037216,엄지여왕,20150308,암,0029482,와이와이와이,0018619,베터데이즈,6256073,GLITTERMAN,API42_1
1016923,경성불패,20140515,암,-,-,-,-,-,-,API42_1
0036871,재색명리,20150222,거,0021079,블루핀,0027353,루나스파이크,6310199,MALIBU MOON,API42_1
1017130,천사표,20150328,암,-,-,-,-,-,-,API42_1
0036822,유로신화,20150220,수,0033115,유로실버,0012840,킨빌리프,6201697,BELIEVE IT,API42_1
3017191,금사자,20150218,거,3009526,백두장사,3012395,꽃송이,3101043,제주오름,API42_1
0037714,히든챔프,20150504,거,0031305,록하드텐,0033053,스토미튜스데이,6310199,MALIBU MOON,API42_1
3017182,대표선발,20150512,거,3012419,종결자,3013829,동심동력,3101043,제주오름,API42_1
0039113,천년의바람,20160322,거,0031261,사이먼퓨어,0022122,베스트코리안,6266191,COMMANDS,API42_1
0041685,마이티윙,20160419,거,6323689,CONGRATS,6988327,GREENBACK FOREST,6310103,FORESTRY,API42_1
0041723,싱싱메리,20160422,암,0040086,위드디스팅션,6106949,AMYLIMEHOUSE,6313613,LIMEHOUSE,API42_1
0038998,성산파워,20160323,암,0034426,스파이큘,0032976,골드도브,6252909,MADE OF GOLD,API42_1
0039565,일마레,20160520,수,0033115,유로실버,0018613,쉬저핫디시,6254079,RUBIANO,API42_1
1017789,레버넌트,20160427,암,-,-,-,-,-,-,API42_1
0039119,호크의영광,20160430,거,0023957,호크윙,0021996,샤프터레인,6278382,MONTJEU,API42_1
0041767,느닷,20160422,거,6107521,ATREIDES,6103978,CHERRY ROYALE,6323281,CONSOLIDATOR,API42_1
0043482,문학보스,20170208,거,0046317,레이스데이,6111566,LADY DAPHNE,6256908,HARLAN'S HOLIDAY,API42_1
0040301,쾌한황금,20170303,수,0031305,록하드텐,0033029,로렌브레이,6256454,HALO'S IMAGE,API42_1
0040968,최강라이거,20170413,거,0036735,디바인파크,0020353,와키레드,6250547,RED RANSOM,API42_1
0040452,캡틴브라보,20170315,거,0041566,투아너앤드서브,0038271,다이나믹퀄리티,6803043,QUALITY ROAD,API42_1
0044949,할리우드퀸,20170525,암,0024050,엑톤파크,0017702,더블프리미엄,0013915,아처시티슬루,API42_1
0042898,닥터테이크,20180405,수,0039742,테이크차지인디,0029148,해피댄서,6313647,STRONG HOPE,API42_1
0045121,스프링꿈,20180408,수,6112210,TOURIST,0041919,프랜저블,6309990,BROKEN VOW,API42_1
0042443,울트라킹,20180406,거,0039742,테이크차지인디,0017672,우리바다,0015032,알나바,API42_1
0040736,위닝댄서,20170330,거,0036358,애니기븐새터데이,0013884,폭스댄스,6256235,FOXTRAIL,API42_1
0042638,아침함성,20180303,암,0036358,애니기븐새터데이,0022962,아침사랑,6309990,BROKEN VOW,API42_1
3018551,추상열일,20180305,거,3009526,백두장사,3012445,황해나루,3005576,꿈바위,API42_1
0043168,브이퀸,20180510,암,0032990,한센,0036640,그랜드데임,6310132,GRAND SLAM,API42_1
0042489,스카이모어,20180303,거,0032990,한센,0017057,백파,0007672,리비어,API42_1
0042291,쇠와꽃,20180221,암,0037972,올드패션드,0025308,여왕폐하,0018776,양키빅터,API42_1
0042634,디러블리퀸,20180330,암,0038391,카우보이칼,0028948,디러블리캣,6248064,UNBRIDLED'S SONG,API42_1
0043682,바람살,20190214,암,6109255,KEEN ICE,0041930,히치슬랩,6261339,TIZNOW,API42_1
0044166,닥터시저,20190318,수,0039742,테이크차지인디,0033573,유비쿼터스,0006892,디디미,API42_1
3019074,금룡포,20190613,암,3015307,명가황제,3011035,한라세상,3101043,제주오름,API42_1
0044570,청호보스,20190420,암,0034735,페더럴리스트,0018221,코퍼레잇로맨스,6256969,CORPORATE REPORT,API42_1
0043999,데블케이,20190319,수,0040246,지롤라모,0031483,플리트비체,0007672,리비어,API42_1
3101700,캡틴파도,20190321,거,3012419,종결자,3015979,태산봉,3100061,진흥축산,API42_1
0045776,세명레이디,20200316,암,0040086,위드디스팅션,0040087,토마토레이디,6310433,YONAGUSKA,API42_1
0046694,천행챗,20210208,암,0038245,미스치비어슬리,0038394,어맨다녹스,6771305,A. P. WARRIOR,API42_1
0022701,실버웨이,20070322,거,0018206,엑스플로잇,0008760,벨라콰,6214551,NORTHERN FLAGSHIP,API42_1
0022781,볼드윈즈,20070513,거,0018206,엑스플로잇,0009854,하이니윈즈,6213980,NAEVUS,API42_1
0023228,보아이디얼,20070324,수,0009337,포트스톡턴,0007835,유즈거미,6208524,GUMBOY,API42_1
0025458,레오커맨더,20070505,거,6305909,DEPUTY COMMANDER,6814607,DANCING NANCIES,6211476,LEO CASTELLI,API42_1
0022402,댄랜드,20070410,거,0016504,워존,0012895,배저링섀리,6254403,BADGER LAND,API42_1
0022613,즈믄둥이,20070524,거,0016504,워존,0015442,터랙서컴,6253446,MEADOWLAKE,API42_1
0020891,새맹주,20060302,거,0012808,크릭캣,0012633,비연,6241079,VAL D'ARNO,API42_1
0023679,행복드림,20060506,수,6239876,LAMMTARRA,6772242,SISTER SLEW,6351126,SLEW THE DRAGON,API42_1
0022812,주피터,20070307,거,0011880,슬루오그린,0010934,플루이드,6246817,JADE HUNTER,API42_1
0022697,블루밴드제트,20070411,암,0006892,디디미,0018695,닥티크스퀘스트,6248324,CORONADO'S QUEST,API42_1
0025636,포천즈달링,20070911,암,6290082,IGLESIA,6964274,MISS NORMA JEAN,6254552,FLYING SPUR,API42_1
3010130,쾌재,20060223,거,3005576,꿈바위,3100870,판타지스타,-,-,API42_1
0023068,청운태후,20070409,암,0018771,캐피털스팬딩,0011020,청운봉,6251532,T. V. HEART THROB,API42_1
0025396,미미의딸,20080227,암,0020257,비카,0014065,히어컴스미미,6256199,KIPPER KELLY,API42_1
0025377,태양광채,20080508,거,6315224,NORTH LIGHT,0023434,두다데이,6241725,WOODMAN,API42_1
0024196,희망초이스,20080214,암,0018206,엑스플로잇,0020320,오르간트랜스플랜,6241001,MT. LIVERMORE,API42_1
0027167,데이브스트레인,20080331,거,6338505,SILVER TRAIN,6486181,THAT'S IT DOC,6204497,CRAFTY PROSPECTOR,API42_1
0024182,팔라딘,20080415,수,0018206,엑스플로잇,0020346,스파이시수프,6247995,ALPHABET SOUP,API42_1
0025127,불패강자,20080330,거,0020178,퍼펙트비전Ⅱ,0015834,네오라이프,0012684,더그룸이즈레드,API42_1
0024478,빌리브,20080209,거,0018206,엑스플로잇,0007806,소프틀리이즈더나이트,6217904,RUTHIE'S NATIVE,API42_1
0024606,크립토벨,20080327,거,0018775,볼포니,0008760,벨라콰,6214551,NORTHERN FLAGSHIP,API42_1
0024788,리얼퀸,20080221,암,0018206,엑스플로잇,0018601,버추얼,6256093,VYING VICTOR,API42_1
0025241,새벽날개,20080401,수,0020226,메이세이오페라,0015142,막크스걸,6306154,RIVER SPECIAL,API42_1
0025203,미스윈,20080229,암,0020178,퍼펙트비전Ⅱ,0011770,미스윅,6252350,THE WICKED NORTH,API42_1
0024436,마이티포에버,20080508,암,0018776,양키빅터,0020286,레드머리너,6310324,SEA OF SECRETS,API42_1
0025370,희망대작전,20080412,거,0018771,캐피털스팬딩,0011035,커피엣에잇,6241073,TRUSTFUL,API42_1
0026782,아름다운신화,20090301,거,0018775,볼포니,0018705,리버브룩,6254179,MONTBROOK,API42_1
0024806,창공일로,20080410,암,0009337,포트스톡턴,0013390,새우주,0008710,컨셉트윈,API42_1
0026308,백전필승,20090328,거,0015095,디스틸드,0012794,체인지인타임,6241703,TIME FOR A CHANGE,API42_1
0029091,오르세,20090403,수,6309771,SMOKE GLACKEN,0031224,헤븐리스플렌더,6254613,POINT GIVEN,API42_1
0026354,럭키빅터,20090424,암,0018776,양키빅터,0006885,압승,0004760,미스터아도라블,API42_1
0026441,톱랜드,20090218,수,0018771,캐피털스팬딩,0015434,유니랜드,6309805,DAGGERS DRAWN,API42_1
1013055,삼다유산,20080526,암,-,-,-,-,-,-,API42_1
0026568,스카이문,20090220,암,0006892,디디미,0013891,미즈스카이워커,6228139,SKYWALKER,API42_1
0027050,부스터,20090505,수,0020226,메이세이오페라,0018680,프레시스트라이크,6307010,SMART STRIKE,API42_1
0027596,롱스피드,20100329,수,0018207,커멘더블,0022166,스피드백,6309947,ABAGINONE,API42_1
0027740,퍼스트터치,20100328,수,0018775,볼포니,0023757,벨테인릴,6253609,DANZERO,API42_1
0030919,하이터치,20100301,수,0027420,오피서,6522739,SHEBELONGSTOYOU,6254101,BELONG TO ME,API42_1
0027899,더센걸,20100227,암,0021998,피코센트럴,0018609,재스터라합,6324065,DMITRI,API42_1
0031057,오칼라캡틴,20100228,거,6252720,FUSAICHI PEGASUS,6384865,BELLA MADAME,6369903,DANCING GROOM,API42_1
0027930,수석,20100210,수,0018229,리설인스트러먼트,0013135,대천여왕,0008710,컨셉트윈,API42_1
0031138,행운번쩍,20100504,수,6772152,FLASHY BULL,6351894,STROLLIN SLEW,6218392,SEATTLE SLEW,API42_1
3013636,대륙군왕,20100608,암,3101050,골든레이스,3100956,너나들이,3102389,빛의사랑,API42_1
0028020,베스트가이,20100422,거,0006892,디디미,0018451,매덤위네트,6266551,DANEWIN,API42_1
0027598,남산축제,20100325,암,0018775,볼포니,0018616,심플참,6248006,CAPOTE,API42_1
1013776,천억봉,20100526,수,-,-,-,-,-,-,API42_1
0030048,강자,20110301,수,0020257,비카,0009854,하이니윈즈,6213980,NAEVUS,API42_1
0030630,통일의함성,20110304,수,6310150,INCLUDE,0027528,스타릿바운드,6224299,GONE WEST,API42_1
0032688,미즈마고,20110305,암,6772779,MIDNIGHT LUTE,6485427,SIXTYONE MARGAUX,6229080,COZZENE,API42_1
0029917,미래영웅,20110214,수,6771404,ARAGORN,0028966,윌링미스,6310228,MORE THAN READY,API42_1
0032767,누리나래,20110223,수,0040086,위드디스팅션,6965294,P. J.'S ESKIMO,6312199,ESKIMO,API42_1
0029598,헬로피스,20110411,암,0025790,피스룰즈,0022160,헬로다이너,6250563,DYNAFORMER,API42_1
0029642,엄지손가락,20110501,암,0020257,비카,0022127,머시매터스,6229080,COZZENE,API42_1
0032833,다크스트나이트,20110308,거,6488288,GHOSTLY MINISTER,6782706,GLITTER DANCER,6258011,LANGFUHR,API42_1
0030591,빙고라지오,20110409,거,6334713,BLAZONRY,0029000,노게싱,6310235,MUTAKDDIM,API42_1
0029888,스페셜조이,20110317,거,6313612,KITTEN'S JOY,0027525,에센스어브라이프,6256647,NORTHERN AFLEET,API42_1
3014808,마인드,20110520,암,3100989,진흥바람,3100770,-,3102390,루카,API42_1
0030832,재간둥이,20110306,암,0013263,가야산성,0016100,용비천리,0009339,라시그니,API42_1
3014974,터보킹,20120501,수,3012419,종결자,3101030,꼭두,3005652,제주명성,API42_1
0031352,조계산,20120514,수,0028958,어드마이어돈,0020148,마필레,6254101,BELONG TO ME,API42_1
0032534,장산제왕,20120229,거,0009337,포트스톡턴,0020318,패브포,6310432,YES IT'S TRUE,API42_1
3015549,산도롱,20120521,수,3100989,진흥바람,3100623,오리무중,3102387,고속생명수,API42_1
3015571,검룡,20130311,암,3009526,백두장사,3006556,청정호수,-,-,API42_1
0034092,퍼스트킹,20130211,거,0038391,카우보이칼,0031317,텐자스팔미라,6309953,AFTERNOON DEELITES,API42_1
0034085,비욘드리미트,20130118,암,6772778,MAJESTIC WARRIOR,0031316,알라프리마,6218857,SILVER DEPUTY,API42_1
0034322,닐의바다,20130430,수,0022032,니혼필로닐,0028950,다이나룩,6250563,DYNAFORMER,API42_1
0036500,토탈워커,20130209,수,6771683,CORINTHIAN,6332353,FALL FASHION,6310103,FORESTRY,API42_1
0033756,테마등극,20130409,수,0020256,메니피,0014417,필승기원,0007671,사일런트워리어,API42_1
0034261,천년호령,20130410,수,0018733,비와신세이키,0027003,동해야,0018776,양키빅터,API42_1
3015515,빛의날개,20130204,거,3007168,명문왕자,3010739,상왕,3006679,천리추종,API42_1
0036366,부활의반석,20130418,수,0040058,티즈웨이,6488316,AIM FOR THE MOON,6205084,DEPUTY MINISTER,API42_1
0033605,당찬질주,20130427,거,0018775,볼포니,0019336,달려라공주,0006892,디디미,API42_1
3016188,호재,20130608,암,3009526,백두장사,3100894,눈오름,-,-,API42_1
0033210,주극성,20130306,암,0010426,쾌도난마,0018584,해피고,6309863,XAAR,API42_1
3016319,송악영웅,20140416,암,3012382,쾌속장타,3100819,황자매,-,-,API42_1
0034958,파크맨,20140214,거,0024050,엑톤파크,0029313,큐트트릭스,6336683,KING KAMEHAMEHA,API42_1
0035172,센타포바,20140501,거,0021999,포리스트캠프,0012352,신청파,0006891,로스트마운틴,API42_1
0035934,벙글벙글,20140205,암,0029317,마이너실렉트,0011368,청마루,0004759,랜드러쉬,API42_1
0035293,축복의열매,20140413,암,0020256,메니피,0020977,축복의통로,0009337,포트스톡턴,API42_1
3016878,노을천사,20150304,암,3005652,제주명성,3100943,서광일호,-,-,API42_1
3016854,천마지존,20150130,암,3012419,종결자,3100925,대륙통일,-,-,API42_1
0036827,경주의두레박,20150305,암,0033119,선더모카신,0029397,그레이트소트,6306756,EMPIRE MAKER,API42_1
0039816,적벽신화,20150424,거,6313613,LIMEHOUSE,6784371,RIVER KENMARE,6248064,UNBRIDLED'S SONG,API42_1
3016987,한백보배,20150410,암,3007168,명문왕자,3011999,한백평정,3005576,꿈바위,API42_1
0039855,청담제왕,20150511,수,0045050,섀클포드,6325259,SEEK EASY,6254271,SEEKING THE GOLD,API42_1
0037087,라온돌풍,20150404,거,6969132,VICTOIRE PISA,0034775,미스콘체르토,6256441,CONCERTO,API42_1
3017156,고수천하,20150318,거,3012382,쾌속장타,3013021,잎새,3101045,빛을향해,API42_1
3017241,군함조,20150503,거,3100032,성읍오름,3100078,장무상망,3010882,금란지계,API42_1
0037593,위닝어게인,20150410,수,0027443,컬러즈플라잉,0031266,칠리크래커,6770661,LARGESSE,API42_1
0036989,백두정기,20150308,수,0024050,엑톤파크,0033079,로즈어네이티브,6205296,DIXIELAND BAND,API42_1
0037561,그레이트록,20150413,거,0024050,엑톤파크,0023437,어리틀포크,6256294,PLEASANT TAP,API42_1
3017207,제일공주,20150520,암,3009526,백두장사,3100016,봉총,3102390,루카,API42_1
0037930,티즈파워,20150721,암,6261339,TIZNOW,0034889,컨테서즈모멘트,6328809,KAFWAIN,API42_1
0037349,정수시대,20150326,거,0034428,테스타마타,0031301,태스틸컬,6313618,MEDAGLIA D'ORO,API42_1
3017404,불빛영웅,20160228,수,3009526,백두장사,3013278,불빛여신,3005576,꿈바위,API42_1
0038834,파워윈디,20160306,거,0024050,엑톤파크,0027304,뉴윈디,6306667,FOREST WILDCAT,API42_1
0038693,미르스톰,20160229,거,0029487,샤프휴머,0023893,이츠트루블루,6310432,YES IT'S TRUE,API42_1
0039641,세명기상,20160327,수,0034886,클리어어템프트,0020802,하늘기상,0015093,듀앨러티,API42_1
1017541,핫블루,20160411,암,-,-,-,-,-,-,API42_1
0039577,사이먼퀸,20160514,암,0031261,사이먼퓨어,0026083,북대풍,0018206,엑스플로잇,API42_1
0041061,바디스타,20170403,수,0036735,디바인파크,0036662,캐리비안레인,6333083,SPEIGHTSTOWN,API42_1
0041928,이스트반,20170220,거,6109230,CONSTITUTION,6111768,MOORED,6256164,MR. GREELEY,API42_1
0043466,더트서퍼,20170515,거,6781702,LOOKIN AT LUCKY,6815062,MIDTOWN MISS,6310432,YES IT'S TRUE,API42_1
3018110,푸른황제,20170402,암,3009296,푸른대왕,3013560,황제의딸,3100982,메밀마을,API42_1
0041346,야호골든캣,20170504,수,0025790,피스룰즈,0026737,축제,6770018,BELLAMY ROAD,API42_1
0040628,화씨벽,20170327,암,0025790,피스룰즈,0030615,가문여장군,0007672,리비어,API42_1
0043574,아이언삭스,20170501,수,6312528,MINESHAFT,6867003,CENTURIAN LADY,6250769,CAT THIEF,API42_1
3018265,은둔고수,20170415,수,3009526,백두장사,3012539,효과만점,3101045,빛을향해,API42_1
3018248,갈색물결,20170328,암,3012382,쾌속장타,3011489,안덕여신,3007191,소년장사,API42_1
3018388,예스원,20170430,거,3007357,최고훈장,3011906,제주중심,3005576,꿈바위,API42_1
0041903,천군,20170209,거,6103967,GOLDENCENTS,6818038,RAPID DECISION,6309923,STRAVINSKY,API42_1
3018496,백호군자,20170505,거,3100316,진흥상어,3011129,조롱벌,3101050,골든레이스,API42_1
3018578,무명돌풍,20180515,거,3011133,장백산,3015428,일급수,3101050,골든레이스,API42_1
0045656,도깨비,20180219,거,6992315,PALACE,6147388,POMPOUS LADY,6566349,POMEROY,API42_1
0042514,남도퀸,20180330,암,0038245,미스치비어슬리,0038395,날리걸,6254561,DEHERE,API42_1
0042923,연승브라보,20180405,거,0021239,연승대로,0031761,해운대기상,0021999,포리스트캠프,API42_1
3018630,일류시대,20180303,암,3009526,백두장사,3011858,등선나루,3005576,꿈바위,API42_1
0044132,예술이야,20190310,거,0033115,유로실버,0032054,그레이스,0020257,비카,API42_1
3018765,매력투혼,20180602,거,3009526,백두장사,3015820,청춘매력,3100982,메밀마을,API42_1
0044128,알사이먼,20190309,암,0031261,사이먼퓨어,0022797,알드라이크,6312532,ALDEBARAN,API42_1
0043867,하늘전사,20190308,수,0036732,머스킷맨,0033019,레디포코트,6310228,MORE THAN READY,API42_1
0043324,부미스타,20180520,거,0020256,메니피,0034921,래피즈걸,6310291,RAFFIE'S MAJESTY,API42_1
0044033,베스트전사,20190324,수,0038387,콩코드포인트,0033528,베트파티,6771683,CORINTHIAN,API42_1
0042847,함안봉화산,20180425,암,0027312,라이언산타,0031046,우승찬스,0036358,애니기븐새터데이,API42_1
3102920,황금대,20200512,거,3100527,천기영웅,3100953,탐라비체,3102389,빛의사랑,API42_1
0022641,미스터록키,20070301,거,0018206,엑스플로잇,0018174,설트리앤새시,6240160,THUNDER GULCH,API42_1
0020478,제왕탄생,20060208,수,6310266,PETIONVILLE,6327179,AWESOME JOY,6248320,AWESOME AGAIN,API42_1
0022630,서해아침,20070223,수,0018206,엑스플로잇,0008824,헌트포드링크,6204384,COUGAR,API42_1
0025479,마들렌그레이스,20070221,암,6307076,REPENT,6814617,FAYSTON,6206785,FIRE DANCER,API42_1
0025486,백리향,20070506,암,0033115,유로실버,6457075,SABREEN,6207151,FOOLISH PLEASURE,API42_1
0022273,해뜨는기상,20070325,거,0007463,사이코배블,0007942,코파카바나,6214541,NORTHERLY NATIVE,API42_1
0023255,새벽하늘,20070307,암,0018775,볼포니,0012817,채트,6241287,DISTINCTIVE PRO,API42_1
0022445,심금,20070420,암,0018733,비와신세이키,0018465,버베어리어,6248051,ROYAL ACADEMY,API42_1
3011770,행복가득,20080305,거,3005576,꿈바위,3100806,보마드림,-,-,API42_1
0027210,에이피플러스,20080411,거,6323689,CONGRATS,6964545,PRIDE OF THE HUNT,6255249,HUNTING HARD,API42_1
3011998,봉성소식,20080614,거,3101043,제주오름,3006682,둥치,-,-,API42_1
0024903,스페셜윈,20080228,수,0010691,다함께,0014710,웰빙캣,0012808,크릭캣,API42_1
0024771,캐러라인,20080308,암,6310123,GOLDEN MISSILE,0022189,캐러멜캔디,6248320,AWESOME AGAIN,API42_1
0027212,맥스밸류,20080428,수,6345143,DREWMAN,6337568,ROMACA,6210758,KRIS S.,API42_1
0024509,환상연주,20080409,거,0007463,사이코배블,0020068,프릴스,6240818,DANEHILL,API42_1
0024820,킹오브더킹,20080315,거,0020253,사쿠라시킹,0020317,와일드앤시덕티브,6241722,WILD AGAIN,API42_1
0024380,시공을넘어서,20080401,암,0018206,엑스플로잇,0015221,타임앤드스페이스,6209767,IRISH RIVER,API42_1
0025300,굿무브먼트,20080516,수,0018206,엑스플로잇,0018688,타위티피,6305987,CHEROKEE RUN,API42_1
0024534,매직라이트,20080502,수,0018206,엑스플로잇,0020265,서배너미스,6250544,BROAD BRUSH,API42_1
3012704,만석군주,20090408,암,3008912,참살이,3008947,황태자비,-,-,API42_1
0027121,시크릿포켓,20090222,수,0007671,사일런트워리어,0007488,푸르미,0005333,글로리화이,API42_1
0025829,강대국,20090427,수,0020379,인그란디어,0013876,크리스티나즈스타,6256185,KISSIN KRIS,API42_1
0029155,담양축제,20090325,수,6323215,GOOD REWARD,6323850,STRATEGY,6247992,A.P. INDY,API42_1
3012937,서광여신,20090613,암,3007191,소년장사,3008788,고전문학,-,-,API42_1
0026690,금호강자,20090407,수,0036729,밥앤드존,0023956,베이브즈,6248006,CAPOTE,API42_1
0026301,스프링걸,20090328,암,0018775,볼포니,0014949,마스코트,0008710,컨셉트윈,API42_1
0026389,가우초,20090409,수,0007672,리비어,0008755,세이크리드미러,6218537,SHAADI,API42_1
0026552,천마산,20090527,수,0016675,개츠비,0016771,만화당,6257916,SAKURA CHITOSE O,API42_1
0026941,드림카,20090426,수,0012684,더그룸이즈레드,0006165,네키드리가시,6213995,NAKED SKY,API42_1
0026495,트위스트댄서,20090227,암,0012684,더그룸이즈레드,0009795,트위스트앤샤웃,6221851,UNREAL ZEAL,API42_1
1013135,고갈산,20090607,암,-,-,-,-,-,-,API42_1
0029329,천지불패,20091029,수,6771382,BERNARDINI,6529914,PURRFECTION,6307336,TALE OF THE CAT,API42_1
0026969,강철비마,20090513,수,0020458,에브리데이이즈,0006090,플라워퀸,6201688,BEL BOLIDE,API42_1
0026825,포리스트볼드,20090526,거,0021999,포리스트캠프,0023439,볼드디바,6503815,CONTE DI SAVOYA,API42_1
0030946,성미산,20100213,암,6330115,FLOWER ALLEY,6784594,SONG OF THE LYNX,6248064,UNBRIDLED'S SONG,API42_1
3012942,백호웅,20090505,거,3005652,제주명성,3100900,태극한라,-,-,API42_1
0028789,라스트무대,20100318,수,0012684,더그룸이즈레드,0015180,화이트알로아,6284362,WHITE MUZZLE,API42_1
0031018,담양정신,20100220,수,0036358,애니기븐새터데이,6379239,VERMONT CONNECTION,6240066,ALYSHEBA,API42_1
0028735,천년시대,20100331,거,0020256,메니피,0008525,엔젤,0004759,랜드러쉬,API42_1
3013695,황산벌,20100629,수,3101050,골든레이스,3100944,해가온,3102389,빛의사랑,API42_1
0028284,한반도정복,20100511,암,0018776,양키빅터,0013964,아워캅스태드,6210290,KAAPSTAD,API42_1
0031091,스톰히트,20100409,수,6310358,STORM DAY,6329005,CONFORMAL,6254561,DEHERE,API42_1
0028918,중앙최강,20100305,거,0018776,양키빅터,0015071,레이디산다이도,6289917,SANDRIGO,API42_1
0032705,부경시대,20110214,수,6313941,EDDINGTON,6460469,MARIAMME,6222049,VERBATIM,API42_1
0032851,스텔스킹,20110220,거,6310123,GOLDEN MISSILE,6519452,WATRALS LADY HANNE,6252266,DIXIE BRASS,API42_1
0032810,대한장군,20110211,거,6772785,ZANJERO,0038306,캐쥬얼프라이데이,6206860,FIT TO FIGHT,API42_1
0030806,석세스스토리,20110201,거,0025790,피스룰즈,0023903,파워팩,6306892,LIL'S LAD,API42_1
0030508,매직퀸,20110330,암,0018771,캐피털스팬딩,0012713,매직레인빔,6203467,CENTAINE,API42_1
1014199,추종불허,20110408,암,-,-,-,-,-,-,API42_1
0030310,더블제이,20110528,거,0009337,포트스톡턴,0010974,영산,6246817,JADE HUNTER,API42_1
3014829,순간이동,20110524,거,3012419,종결자,3100894,눈오름,-,-,API42_1
0031883,무한도마,20120224,수,0020256,메니피,0018476,폴리쉬코트,6258011,LANGFUHR,API42_1
0031905,좋은인연,20120325,거,0025670,원쿨캣,0016521,웨스트슬루,6310035,CORSLEW,API42_1
0032224,돌아온현표,20120402,수,0027443,컬러즈플라잉,0020160,킬코캐슬,6224299,GONE WEST,API42_1
0031343,무패동자,20120305,수,0028958,어드마이어돈,0028962,노블만료,6266942,DANCE IN THE DARK,API42_1
0032408,유성파이팅,20120315,수,0006892,디디미,0022062,매기즈프레어,6310347,SONGANDAPRAYER,API42_1
3015143,가리왕산,20120515,수,3010882,금란지계,3011057,청춘도시,3102390,루카,API42_1
0032403,야호스카이캣,20120415,거,0025790,피스룰즈,0022071,더릴렌틀리스캣,6241691,STORM CAT,API42_1
1015372,은하특급,20120630,암,-,-,-,-,-,-,API42_1
0032248,청춘열차,20120318,암,0024050,엑톤파크,0021708,노미스터리히어,6256988,MYSTERY STORM,API42_1
0031591,더스타즈,20120502,암,0020379,인그란디어,0020484,광속처럼,0024050,엑톤파크,API42_1
0032522,승리사랑,20120521,암,0018775,볼포니,0023406,케이랜즈로즈,6310156,JAMBALAYA JAZZ,API42_1
3014849,힘찬기운,20110804,거,3009526,백두장사,3008536,명물창조,-,-,API42_1
0034853,붕마드림,20130214,거,6323560,INDYGO SHINER,6787931,SPARE PILLOW,6310132,GRAND SLAM,API42_1
0034413,최고비슬,20130403,암,0006892,디디미,0014900,둥지여왕,0007463,사이코배블,API42_1
0033199,퍼펙트빅씨,20130216,암,0012808,크릭캣,0014038,더빅씨,6256765,DEPUTED TESTAMONY,API42_1
0033894,골드패션,20130228,암,0023493,시에로골드,0014032,하이패션부츠,6257003,STORM BOOT,API42_1
3015849,창세기,20130630,수,3007168,명문왕자,3008201,용병전사,-,-,API42_1
0033977,에이스파워,20130509,거,0020256,메니피,0019622,절호찬스,0006892,디디미,API42_1
0033273,순간의법칙,20130302,거,0018206,엑스플로잇,0029382,어레스티드레이디,6240160,THUNDER GULCH,API42_1
0033158,헤네시댄서,20130131,암,0023957,호크윙,0018608,줄리아존,6256074,HENNESSY,API42_1
0033648,메인비카,20130310,암,0021889,비카러브,0023260,메인플라워,0008710,컨셉트윈,API42_1
0034113,슈퍼노바이지,20130323,암,0024050,엑톤파크,0029390,베리패스트레이디,6256164,MR. GREELEY,API42_1
1016083,힘나래,20130624,수,-,-,-,-,-,-,API42_1
0034397,영롱,20130530,수,0027443,컬러즈플라잉,0023948,러브마이와일드캣,6306667,FOREST WILDCAT,API42_1
0033249,황금거탑,20130505,암,0029487,샤프휴머,0029428,레이디스트라스벅,6256624,GOLD CASE,API42_1
3016051,성읍시대,20130513,암,3009296,푸른대왕,3100843,견선여갈,3102390,루카,API42_1
0035942,우사인너트,20140219,거,0027443,컬러즈플라잉,0023950,스페셜플레이시즈,6256164,MR. GREELEY,API42_1
0035231,시티챔프,20140228,거,0020379,인그란디어,0021902,시티본,6310017,CITY ZIP,API42_1
3016459,장백행진,20140526,암,3009526,백두장사,3011183,당산군주,3101050,골든레이스,API42_1
0038115,브라이트캣,20140503,수,6529374,WILDCAT HEIR,6815373,HONESTLY,6310432,YES IT'S TRUE,API42_1
0035552,드림질주,20140427,수,0025079,광야제일,0020927,드림윙즈,0018206,엑스플로잇,API42_1
3016310,백호군주,20140306,거,3100989,진흥바람,3100931,디오니소스,-,-,API42_1
0038329,에이스코리아,20150425,거,6965389,SMILING TIGER,0037961,퀸롤렉스,6309990,BROKEN VOW,API42_1
0036933,아일캣,20150312,암,0025670,원쿨캣,0031245,아일,6310266,PETIONVILLE,API42_1
0037256,호크킹,20150321,거,0023957,호크윙,0018829,플라이우먼,0027420,오피서,API42_1
0037234,스트롱캡틴,20150320,거,0031302,채플로열,0025580,사토시,6285590,FUJI KISEKI,API42_1
0037375,메이저알파,20150328,거,0029482,와이와이와이,0021074,메이저걸,0015093,듀앨러티,API42_1
3016758,삼다소식,20140512,거,3009526,백두장사,3006581,기대만발,-,-,API42_1
0037683,화이트포인트,20150420,거,0034426,스파이큘,0024984,금수옥주,0009337,포트스톡턴,API42_1
3017265,명마지존,20150509,암,3005652,제주명성,3009488,진실,3008306,산남호걸,API42_1
3017272,미래도시,20150402,암,3012382,쾌속장타,3009659,무혈입성,3005576,꿈바위,API42_1
0040077,스마트프린스,20150421,수,6104217,SMART FALCON,6826454,MIRACLE PRINCESS,6284869,TAIKI SHUTTLE,API42_1
0041689,다크플레이어,20160302,수,6772778,MAJESTIC WARRIOR,6332398,SMOKEY GLACKEN,6310103,FORESTRY,API42_1
0038894,원더풀루비,20160321,암,0034428,테스타마타,0020372,애너즈코즈,6269832,GIANT'S CAUSEWAY,API42_1
0039653,부산미소,20160428,수,0025670,원쿨캣,0031055,미소천사,6310132,GRAND SLAM,API42_1
0038457,금아애크미,20160222,거,0015625,홍지,0013969,미스트래블린,6253115,LYCIUS,API42_1
1017533,성읍세상,20160520,수,-,-,-,-,-,-,API42_1
0041871,릴패트론,20160425,거,6772322,FIBER SONDE,6126367,TEQUILA N' LIME,6313613,LIMEHOUSE,API42_1
0039300,히든보이,20160323,거,0023201,천년대로,0021731,클루,6255064,BOUNDARY,API42_1
3017821,대천대세,20160512,거,3100327,진흥세상,3015211,천주,3009526,백두장사,API42_1
0041900,더검푸,20170331,거,6986086,STRONG MANDATE,6110133,JESTER,6310176,KIRI'S CLOWN,API42_1
0041718,블루파워,20170310,수,0021079,블루핀,0030627,비익연리,0018776,양키빅터,API42_1
0040901,메니챔프,20170420,수,0020256,메니피,0023921,다이아몬드브리나,6250544,BROAD BRUSH,API42_1
0040633,흥행질주,20170222,거,0027443,컬러즈플라잉,0036312,패션드,6307010,SMART STRIKE,API42_1
0041915,별나라신사,20170217,거,0046317,레이스데이,6105139,TIZ MERRY,6261339,TIZNOW,API42_1
0041258,다이아키,20170517,수,0015477,백광,0033835,골드럭키,0023493,시에로골드,API42_1
0040608,금아굿포인트,20170307,거,0025790,피스룰즈,0026487,캠핑포인트,0021999,포리스트캠프,API42_1
0044747,크레이지콘티,20170131,거,6109230,CONSTITUTION,6107042,GHOSTLY DARKNESS,6313602,GHOSTZAPPER,API42_1
0042925,에이스포텐,20180408,거,0026618,경부대로,0036655,칸딜레하스,6340178,CANDY RIDE,API42_1
0042326,톱메이트,20180217,거,0039750,퍼지,0038424,리걸인게이지먼트,6250769,CAT THIEF,API42_1
0040999,일념통천,20170328,암,0037972,올드패션드,0023317,고운짓,6254613,POINT GIVEN,API42_1
0042248,갤럭시로드,20180228,수,0039737,어플릿익스프레스,0038409,하우바웃투나잇,6256898,PROUD CITIZEN,API42_1
0045208,남산의별,20180222,수,6967924,DIALED IN,6782685,CALL THE KITTY,6258011,LANGFUHR,API42_1
0045135,클린샷,20180312,수,6106691,FIRING LINE,6486188,CANDOR,6204497,CRAFTY PROSPECTOR,API42_1
0045453,블랙머스크,20180319,수,6103311,FLAT OUT,0050522,업점프드더데블,6863953,TIZDEJAVU,API42_1
3018721,경성스타,20180508,암,3014974,터보킹,3014551,황해신천,3009526,백두장사,API42_1
0042503,미라쿨룸,20180227,거,0036358,애니기븐새터데이,0038287,제스민,6312528,MINESHAFT,API42_1
3018847,황산도,20180330,수,3009526,백두장사,3013710,먹황새,3101045,빛을향해,API42_1
0044465,글로벌매직,20190429,수,0038391,카우보이칼,0034888,블루제라늄,6526909,GIACOMO,API42_1
0044864,아이윌비프리,20190509,수,0045048,보이즈앳토스코노,0043300,사칼리나,6218857,SILVER DEPUTY,API42_1
3018985,삼관우승,20190429,거,3100061,진흥축산,3014077,선봉여신,3012419,종결자,API42_1
0045281,더베스트에버,20200305,거,0039750,퍼지,0028948,디러블리캣,6248064,UNBRIDLED'S SONG,API42_1
0046031,아치러너,20200426,암,0040056,아치아치아치,0017586,드림러너,0012853,아워포에틱프린스,API42_1
0045919,강철여걸,20200425,암,0038391,카우보이칼,0018681,원신다임,6256264,TACTICAL ADVANTAGE,API42_1
3102642,직진프린스,20200605,수,3014974,터보킹,3016708,승리요정,3012419,종결자,API42_1
1011134,사제불이,20070508,수,-,-,-,-,-,-,API42_1
1010447,망포의꿈,20060306,수,-,-,-,-,-,-,API42_1
0022724,트럼벨,20070105,수,0012808,크릭캣,0012838,로스트렐릭,6254104,LOST CODE,API42_1
0019853,에버니스톰,20050415,거,0015094,버스터즈데이드림,0012811,소너러티재즈,6205296,DIXIELAND BAND,API42_1
0022591,빅노이즈,20070312,거,0029482,와이와이와이,0021728,노이지레이디,6231943,REAL QUIET,API42_1
0022767,위닝퍼펙트,20070221,수,6356160,DOYEN,0020377,미스뷰티,6213475,MISWAKI,API42_1
0020851,세계대작,20060320,거,0012682,샤프어필,0012786,쿠카이,6214873,OREGON,API42_1
1011684,저력,20070602,암,-,-,-,-,-,-,API42_1
1011610,대지자랑,20070508,거,-,-,-,-,-,-,API42_1
1011893,동방시대,20070304,거,-,-,-,-,-,-,API42_1
3011908,일지매,20080503,거,3005576,꿈바위,3100819,황자매,-,-,API42_1
0024974,스위트레인,20080404,수,0018783,야후디,0015229,트윙클링케이티,6253898,MARQUETRY,API42_1
0022343,최고로,20070227,거,0018206,엑스플로잇,0010040,언지퍼,6240798,BIO,API42_1
0025343,사하라,20080317,암,0020441,애드캣,0013861,프리티릴포이즌,6256402,HANSEL,API42_1
1012189,대지주자,20080619,수,-,-,-,-,-,-,API42_1
3012543,폭주전차,20080528,거,3102390,루카,3100821,십벌지목,3102389,빛의사랑,API42_1
0029186,물안개,20090511,거,6771758,SUNRIVER,6616135,MERRILL GOLD,6268229,GOLD FEVER,API42_1
0025892,샌드레이디,20090207,암,0012808,크릭캣,0010667,신성,6205583,DRUMS OF TIME,API42_1
0026801,로열갤러퍼,20090430,수,0018207,커멘더블,0020314,익스플리시틀리,0018206,엑스플로잇,API42_1
0026702,물꽃,20090415,암,0018776,양키빅터,0015181,팬시칙스,6286130,JADE ROBBERY,API42_1
0025876,통제사,20090310,수,0012808,크릭캣,0019975,남도의강자,6306413,GREENWOOD LAKE,API42_1
0028623,시종일여,20100203,암,0021999,포리스트캠프,0020489,펌프킨러브,6250563,DYNAFORMER,API42_1
0029301,톱번스타인,20100323,수,6309978,BERNSTEIN,6325315,PERFECT SOLUTION,6254271,SEEKING THE GOLD,API42_1
0028099,성산가야,20100313,거,0009337,포트스톡턴,0015143,어스토리포유,6253864,PRESS CARD,API42_1
0031095,붉은기상,20100326,수,0036358,애니기븐새터데이,6610706,GRANDSTONE,6240107,GRINDSTONE,API42_1
0031182,왕관의주인,20101107,암,6939319,HOST,6968877,CARA,6252659,DOLPHIN STREET,API42_1
3014073,초연,20110217,거,3010882,금란지계,3100882,로열블러드,-,-,API42_1
0030408,대돌풍,20110304,거,0025790,피스룰즈,0025758,로우지즈걸로어,6307065,MILWAUKEE BREW,API42_1
3014234,왕좌,20110415,거,3009526,백두장사,3006473,성불샘,-,-,API42_1
0032710,마루온,20110308,수,6251238,HONOUR AND GLORY,6785049,TAILTAILS,6307336,TALE OF THE CAT,API42_1
0029635,케이웰,20110331,암,0023957,호크윙,0006512,레스트리스패트리샤,6202539,BORN RESTLESS,API42_1
0029592,무상대복,20110405,거,0023957,호크윙,0025575,살라미,6266551,DANEWIN,API42_1
0032764,강남스타,20110330,수,6523700,GAFF,6337211,APPROPRE,6210758,KRIS S.,API42_1
1014389,귀추,20110426,암,-,-,-,-,-,-,API42_1
3014303,굿앤럭,20110602,거,3008298,무한야성,3100885,마지막처럼,-,-,API42_1
0032834,원일지존,20110329,거,6771297,BLUEGRASS CAT,6893192,CHESTNUT LADY,6310147,HORSE CHESTNUT,API42_1
0032835,정상제압,20110201,거,6772785,ZANJERO,6864514,WILD CHANT,6310406,WAR CHANT,API42_1
0032968,산타마리,20111023,암,6771826,BEL DANORO,6103810,PRISAGE,6238356,SNIPPETS,API42_1
1014672,평생기쁨,20110423,수,-,-,-,-,-,-,API42_1
0029785,가이스타트,20110510,거,0020253,사쿠라시킹,0023897,틴젤비츠,6248064,UNBRIDLED'S SONG,API42_1
0033123,큐피드보이,20120315,거,6257134,AGNES DIGITAL,6906577,YUTAKA PRINCESS,6254635,SAKURA YUTAKA O,API42_1
3014986,찬사,20120424,암,3009526,백두장사,3006473,성불샘,-,-,API42_1
0034572,일진화랑,20120310,수,6613904,GOTTCHA GOLD,6968080,STAR RAINBOW,6313726,STRUGGLER,API42_1
0032113,럭키하트,20120516,암,6964691,MUNNINGS,0030875,실버파운틴,6306667,FOREST WILDCAT,API42_1
0031743,킹어헤드,20120404,거,0016972,이터널챔피언,0015108,어헤드어브더타임,6254599,GOLD ALERT,API42_1
0034744,실버울프,20120918,암,6717688,ORATORIO,6815552,READY FOR MORE,6310228,MORE THAN READY,API42_1
0032065,골드스카이,20120509,거,6323689,CONGRATS,0029462,스톰브레이킹,6241691,STORM CAT,API42_1
0031765,피스베리,20120505,거,0025790,피스룰즈,0023729,카베리,6290082,IGLESIA,API42_1
3015595,절대묵향,20130312,수,3010278,천년의힘,3011252,일자수,3101050,골든레이스,API42_1
0034392,샛별이,20130409,암,0015093,듀앨러티,0014077,캐스케이드베이,6210628,KINGDOM BAY,API42_1
0034187,쌩쌩돌이,20130401,수,0018206,엑스플로잇,0022064,엘치카,6240108,GULCH,API42_1
0033832,미라클볼트,20130303,암,0029487,샤프휴머,0020434,컴온마리아,6254462,MARIA'S MON,API42_1
0033663,찬마,20130404,수,0020256,메니피,0027485,캔들글로우,6254566,CARSON CITY,API42_1
0034288,헤일로버드,20130330,암,0028997,리미트리스비드,0025535,스톰이글,6323115,CITY PLACE,API42_1
0033570,본위너,20130315,수,0021998,피코센트럴,0029480,골드퓨처즈,6310123,GOLDEN MISSILE,API42_1
0036491,전승대세,20130214,수,6784653,MIDSHIPMAN,6106604,SISTER DESIREE,6310405,VISION AND VERSE,API42_1
0033211,무적신화,20130423,거,0029176,델라고브롬,0018425,미러큐러스메달,0020441,애드캣,API42_1
0033288,천리,20130406,암,0025670,원쿨캣,0013889,미아빅토리아,6207121,FLYING VICTOR,API42_1
0033834,맘보천하,20130508,암,0029287,맘보트레인,0016585,천하질주,6309808,DANGEROUS,API42_1
0033248,마초명운,20130218,거,6307064,MACHO UNO,0031231,라펨,6224299,GONE WEST,API42_1
0035818,브라하,20140126,수,0024050,엑톤파크,0024562,동방의미소,0020256,메니피,API42_1
0038097,스모키베일,20140220,수,0040058,티즈웨이,6516243,SMOKIN AFFAIR,6248000,BLACK TIE AFFAIR,API42_1
0035603,비케이세이,20140220,암,6310223,MIZZEN MAST,0033062,세이완,6252720,FUSAICHI PEGASUS,API42_1
0035025,늘해랑,20140508,수,0029287,맘보트레인,0025730,스위트크라이,6310364,STREET CRY,API42_1
0035867,뉴해피데이,20140407,암,0020725,칸의제국,0023700,차차,6336524,BLACK MAMBO,API42_1
0035356,시티위너,20140506,암,0031302,채플로열,0014949,마스코트,0008710,컨셉트윈,API42_1
0034954,트루팀버,20140216,암,0028958,어드마이어돈,0023319,예스트라이크,6310432,YES IT'S TRUE,API42_1
0035333,델타케이,20140331,거,0029287,맘보트레인,0026108,쇼우타임,0020257,비카,API42_1
1016547,바르미,20140521,암,-,-,-,-,-,-,API42_1
0035058,광야불기둥,20140227,암,0025790,피스룰즈,0022148,미소수프,6247995,ALPHABET SOUP,API42_1
0035418,엄지척,20140507,암,0031305,록하드텐,0027351,전국무쌍,6771654,HENNY HUGHES,API42_1
0035813,윈디파크,20140519,거,0024050,엑톤파크,0027304,뉴윈디,6306667,FOREST WILDCAT,API42_1
3016870,일류무대,20140603,수,3100982,메밀마을,3100768,만사다원,3102390,루카,API42_1
0035980,미오,20140217,거,0020379,인그란디어,0025713,레인어브타라,6254589,BEAU GENIUS,API42_1
0037817,메인이벤트,20150523,수,0029487,샤프휴머,0012084,기모아,0004759,랜드러쉬,API42_1
0036829,리빙스턴,20150211,수,0017832,제이에스홀드,0027003,동해야,0018776,양키빅터,API42_1
0040011,선라이팅,20150308,수,6969074,CREATIVE CAUSE,6941969,DATTTS LADY DI,6256898,PROUD CITIZEN,API42_1
0037167,에이스캔트,20150325,거,6969070,ASTROLOGY,0036289,캔데슨트,6218857,SILVER DEPUTY,API42_1
3017356,한백무적,20150330,거,3007168,명문왕자,3013416,유수명물,3005576,꿈바위,API42_1
0038969,그린다르크,20160306,암,0036358,애니기븐새터데이,0034892,매그니피션이미지,6310199,MALIBU MOON,API42_1
0038738,명품축제,20160322,수,0034735,페더럴리스트,0020735,원더유니콘,6310129,GRAEME HALL,API42_1
1017591,바람이,20160612,암,-,-,-,-,-,-,API42_1
0039553,글로벌천하,20160523,수,0021999,포리스트캠프,0024332,블랙선더,0018776,양키빅터,API42_1
0038781,최강파티,20160325,거,0020256,메니피,0017057,백파,0007672,리비어,API42_1
0039899,바람의약속,20160228,암,6620030,AFLEET ALEX,0038425,노르칼,6306756,EMPIRE MAKER,API42_1
0041659,우리,20160330,수,6782484,ALTERNATION,6794752,MY FAVORITE TUNE,6254462,MARIA'S MON,API42_1
3017986,협객,20170405,거,3007357,최고훈장,3009600,선양황후,3005576,꿈바위,API42_1
0043383,브리가디어제너럴,20160920,수,6313649,TAPIT,6928552,AMATURE'S PRIZE,6310287,PURE PRIZE,API42_1
3018025,제주돌풍,20170225,암,3100982,메밀마을,3007249,연화왕비,-,-,API42_1
3017982,아라강자,20150511,수,3100773,모자오름,3100646,귤림풍악,3101043,제주오름,API42_1
0040261,원더풀캣,20170301,암,0036742,사담파테크,0021682,황금키,6307336,TALE OF THE CAT,API42_1
0040482,황금해,20170223,거,0031302,채플로열,0036704,캐롤라이나문댄스,6310199,MALIBU MOON,API42_1
0041501,베스트탑,20170506,수,0034886,클리어어템프트,0026075,불릿,0020256,메니피,API42_1
0040946,록라인,20170415,거,0031305,록하드텐,0011119,구룡령,0007672,리비어,API42_1
3018041,달빛세상,20170415,거,3009526,백두장사,3014880,달특선,3008912,참살이,API42_1
0040734,킹브라더,20170330,수,0036358,애니기븐새터데이,0026108,쇼우타임,0020257,비카,API42_1
3018447,천지타임,20180322,암,3012382,쾌속장타,3013416,유수명물,3005576,꿈바위,API42_1
0042499,영원파워,20180223,거,0039742,테이크차지인디,0032918,공동천하,6617143,BWANA CHARLIE,API42_1
0042893,고고스타,20180326,암,0038391,카우보이칼,0038345,마이패션,6256908,HARLAN'S HOLIDAY,API42_1
0042723,비케이룩스,20180319,수,6964802,MAJESTICPERFECTION,0040171,업타운다운타운,6333083,SPEIGHTSTOWN,API42_1
0043427,대지의여걸,20180210,암,0034428,테스타마타,0024025,총알처럼,6272337,KEEPER,API42_1
0043215,캐치더빅토리,20180220,거,0032990,한센,0029095,칼마,6254561,DEHERE,API42_1
0042703,찬란한날,20180406,수,0039750,퍼지,0033077,어번쇼커,6250761,CHARISMATIC,API42_1
3018485,장전물결,20180406,거,3014739,설중매,3014122,장전세상,3009526,백두장사,API42_1
0042256,원더풀보브캣,20180217,거,0039750,퍼지,0029170,노블볼트,6771704,NOBLE CAUSEWAY,API42_1
0046257,투혼의반석,20180324,수,6988001,VERRAZANO,0050573,센스오브뷰티,6771699,STREET SENSE,API42_1
0043659,승부사,20190103,수,0038245,미스치비어슬리,0040089,티피맥지,6323622,FLATTER,API42_1
0044161,아델보스,20190320,거,0020256,메니피,0022301,신천여걸,0018776,양키빅터,API42_1
0043712,용암보스,20190318,수,0038391,카우보이칼,0036612,엘리사타운,6333083,SPEIGHTSTOWN,API42_1
3019042,청부사,20190412,거,3009526,백두장사,3011765,선양대표,3005576,꿈바위,API42_1
0044675,펀크레이지,20190405,거,0038391,카우보이칼,0040166,호프포,6253079,RAHY,API42_1
0044014,하이러너,20190309,암,0045082,오버애널라이즈,0041924,하이와이어액트,6344814,MEDALLIST,API42_1
0044411,행복한함안,20190529,암,0036732,머스킷맨,0020651,눈부신성장,0015094,버스터즈데이드림,API42_1
0046466,톱프렌드,20200320,수,0033119,선더모카신,0039748,엘포인트,6306749,DISTORTED HUMOR,API42_1
0047543,신의운명,20210402,거,0039750,퍼지,0036267,로켓퀸,0020257,비카,API42_1
0022790,탐라선택,20070309,수,0016504,워존,0008851,에브리미셸,6206222,EVERY INTENT,API42_1
0021777,미스터러빙라이프,20050309,수,6323623,FULL MANDATE,6622996,INDEED YES,6218539,SHADEED,API42_1
3011506,꼬마왕,20070623,수,3101043,제주오름,3100952,늘찬나래,3102389,빛의사랑,API42_1
1011524,동서축제,20070703,암,-,-,-,-,-,-,API42_1
0022729,극락황제,20070401,거,0012808,크릭캣,0018462,스타라,6219810,STAR WAY,API42_1
0023634,금빛누리,20060409,수,6307073,POSSE,6489225,DEVIL'S TERRITORY,6241283,DEVIL'S BAG,API42_1
0022772,글로리엔젤,20070325,암,0015093,듀앨러티,0009886,갈색폭격기,6241230,VYNER'S ORB,API42_1
1011242,탐라승자,20070404,암,-,-,-,-,-,-,API42_1
1011698,용광검,20070404,수,-,-,-,-,-,-,API42_1
0024348,킹필드,20080308,거,0018723,필드아스카,0006455,안성호,6210579,KING DELAMERE,API42_1
0024867,프라임갤러퍼,20080405,거,0019963,스트로디스크리크,0018675,애플지,6254566,CARSON CITY,API42_1
1011958,밸리스,20080521,암,-,-,-,-,-,-,API42_1
0024091,애니위너,20080328,암,0019963,스트로디스크리크,0018728,주디트라움,6256541,ADJUDICATING,API42_1
0024698,드림버드,20080302,거,6313585,BIRDSTONE,0022151,퍼펙트실렉션,6310140,HIGH YIELD,API42_1
0027312,라이언산타,20080214,수,6313614,LION HEART,0029356,산타페스트립,6241544,PHONE TRICK,API42_1
0025242,천지호령,20080331,수,0015094,버스터즈데이드림,0012811,소너러티재즈,6205296,DIXIELAND BAND,API42_1
1011947,옥새,20080317,암,-,-,-,-,-,-,API42_1
0025371,지수사,20080306,암,0015100,언어카운티들리,0006201,탑스,6210579,KING DELAMERE,API42_1
1012321,돌풍행진,20080220,수,-,-,-,-,-,-,API42_1
0025070,하늘의축복,20080325,거,0007672,리비어,0010699,미나드오로,6200224,AFLEET,API42_1
3012540,적멸보궁,20090330,거,3005576,꿈바위,3100922,탐라지존,-,-,API42_1
1012504,왕초황제,20080522,암,-,-,-,-,-,-,API42_1
3012610,장타세계,20090427,암,3005576,꿈바위,3008153,장타소녀,-,-,API42_1
0029085,버닝웨이,20090506,수,6307028,BURNING ROMA,6460327,BOWER'S WAY,6628292,RHINFLO,API42_1
0026461,프리딕트,20090402,수,0012684,더그룸이즈레드,0008424,무한승리,0006163,빅서,API42_1
0026886,그랜드특급,20090318,암,0020256,메니피,0020338,사라토가캠페인,6241001,MT. LIVERMORE,API42_1
0026976,백운산성,20090424,거,0013915,아처시티슬루,0006582,바룸히트,6218945,SINGH AMERICA,API42_1
0029067,억만돌이,20090318,수,6331787,PURIM,6965169,ALLBOW,6312534,RAINBOW BLUES,API42_1
0029249,황금케이,20090316,거,0031261,사이먼퓨어,6965412,REGAL BEAUTY,6306248,EXPLOSIVE RED,API42_1
1012801,고려명장,20090413,수,-,-,-,-,-,-,API42_1
0026116,키토산,20090418,수,0020379,인그란디어,0015126,디어존레터,6241030,RHYTHM,API42_1
1013223,미래공주,20090422,암,-,-,-,-,-,-,API42_1
0028678,베스트하이,20100410,암,0020256,메니피,0013902,아라비안플라이트,6256294,PLEASANT TAP,API42_1
0028030,부전자전,20100505,수,0017832,제이에스홀드,0022130,미셸위드원엘,6351523,PACIFIC WAVES,API42_1
0029052,스페셜스카이,20091108,수,6718295,AL MAHER,6383083,RACING QUEEN,6240066,ALYSHEBA,API42_1
3013641,여걸탄생,20100508,암,3101043,제주오름,3100804,탐라마루,-,-,API42_1
0027701,레이스헌터,20100313,거,0020256,메니피,0023745,저스트제다,6253609,DANZERO,API42_1
0028197,배다리퀸,20100214,암,6771704,NOBLE CAUSEWAY,0025738,루시판드,6307149,ELUSIVE QUALITY,API42_1
0031101,천년특급,20100319,수,6256294,PLEASANT TAP,6914265,SPINDERELLA,6309858,SPINNING WORLD,API42_1
3013314,전설예찬,20100204,거,3005576,꿈바위,3010810,여왕국,-,-,API42_1
0031103,라이즈앤드샤우트,20100513,수,6490150,UTOPIA,6968167,OOH YEAH,6567951,DISMISSED,API42_1
0028239,피노누아,20100425,암,0018771,캐피털스팬딩,0017828,능력충만,0010902,퍼시픽바운티,API42_1
0027843,캐논스파이더,20100327,암,0012808,크릭캣,0018718,바틀리,6254462,MARIA'S MON,API42_1
0028314,홀리플라잉,20100315,암,6772152,FLASHY BULL,0025810,시코트,6256164,MR. GREELEY,API42_1
0028775,해피니스,20100418,암,0006892,디디미,0012802,칠즈어브네팔,6253882,NEPAL,API42_1
1014025,천혜향,20100327,수,-,-,-,-,-,-,API42_1
0030087,블랙트레인,20110320,수,6338505,SILVER TRAIN,0028940,윙드스플렌더,6252720,FUSAICHI PEGASUS,API42_1
0030366,큰하늘땅,20110227,수,0015093,듀앨러티,0023467,웨이팅포소피아,6241352,IN THE WINGS,API42_1
3014146,깜찍이,20110409,암,3012419,종결자,3006556,청정호수,-,-,API42_1
1014262,하늘재,20110523,수,-,-,-,-,-,-,API42_1
3014186,한라히어로,20110402,암,3012419,종결자,3009534,백호화랑,3005576,꿈바위,API42_1
0030071,레이스신,20110317,수,0012808,크릭캣,0017121,웰빙시대,0007463,사이코배블,API42_1
0032866,빛의정상,20110205,암,6529374,WILDCAT HEIR,6970854,PERSIMMON HONEY,6251038,COLONIAL AFFAIR,API42_1
0029820,카튼프린스,20110302,수,0009337,포트스톡턴,0007712,블리치트카튼,6206709,FIGHTING FIT,API42_1
0030202,황금빛지중해,20110228,암,0020256,메니피,0016788,퍼스트클래스캣,6310008,CATIENUS,API42_1
0030811,장산호랑이,20110226,거,0021999,포리스트캠프,0025705,스틸더쇼,6250769,CAT THIEF,API42_1
0032671,몰리두커,20110906,수,6771699,STREET SENSE,6318885,PAUSE,6251199,BRIEF TRUCE,API42_1
0030595,골드피버,20110406,거,0018775,볼포니,0021704,세이브더모먼트,6310357,STORM CREEK,API42_1
0030411,미스블루,20110423,암,0006892,디디미,0013902,아라비안플라이트,6256294,PLEASANT TAP,API42_1
1014876,명문천사,20110426,암,-,-,-,-,-,-,API42_1
3014907,대양의별,20120305,거,3008912,참살이,3100925,대륙통일,-,-,API42_1
0034571,천망,20120309,거,6784425,NOONMARK,6493425,BOATMAN ROAD,6211811,LORD AT WAR,API42_1
0034503,리드어게인,20120203,거,6313633,READ THE FOOTNOTES,6968148,AGAINST THE GRAIN,6310279,PRIME TIMBER,API42_1
0032091,대왕신,20120219,거,0020178,퍼펙트비전Ⅱ,0013527,불세지용,0006162,해피째즈밴드,API42_1
1014930,신기명장,20120415,암,-,-,-,-,-,-,API42_1
0032478,미라클라인,20120206,수,6771685,LATENT HEAT,0029397,그레이트소트,6306756,EMPIRE MAKER,API42_1
0031368,오대박,20120516,암,0022032,니혼필로닐,0018367,퍼디도우드,6241725,WOODMAN,API42_1
3015257,낭만시대,20120628,수,3010882,금란지계,3100046,광야일호,3102389,빛의사랑,API42_1
0031944,동광제일,20120401,수,0015444,선데이웰,0020017,퀸오브퀸,6310086,EXPLICIT,API42_1
3015144,영도자,20120519,거,3009526,백두장사,3007314,산길물길,-,-,API42_1
3015365,한라장군,20120610,수,3100982,메밀마을,3101031,-,3005652,제주명성,API42_1
0034460,큐피드파워,20120326,수,6313646,STROLL,6529688,TOUCH OF CLASSIC,6307010,SMART STRIKE,API42_1
0031732,해누리,20120506,암,0023493,시에로골드,0018186,퍼펙트에이티,6251773,KING OF KINGS,API42_1
3015381,꼬마황제,20120423,거,3009526,백두장사,3011157,너랑나랑,3101050,골든레이스,API42_1
0032122,대보름달,20120407,암,0006892,디디미,0016875,언큐어드디자이어,6306413,GREENWOOD LAKE,API42_1
0032177,청마대장군,20120417,수,0015094,버스터즈데이드림,0023684,댄싱낸시즈,6217949,SADLER'S WELLS,API42_1
0032388,아름다운여왕,20120324,암,0020226,메이세이오페라,0021327,아름다운빛,0006891,로스트마운틴,API42_1
0033289,바운드명운,20130129,거,6771817,DISCREET CAT,0031227,바운드투해픈,6261339,TIZNOW,API42_1
0034864,카이젠포스,20130320,암,0038391,카우보이칼,6620545,MONTARAZ,6253912,NUMEROUS,API42_1
0033733,천하비,20130222,수,0018775,볼포니,0024039,이스터에코,6306939,EASTERN ECHO,API42_1
3015696,하늘소녀,20130507,암,3009526,백두장사,3012120,하늘비상,3100948,한멋,API42_1
0036475,골드문,20130428,거,6771305,A. P. WARRIOR,6506340,THEATRICAL REVIEW,6228130,THEATRICAL,API42_1
0031453,제이백,20120325,거,0018206,엑스플로잇,0010106,소백수,0004760,미스터아도라블,API42_1
0034053,지상비행,20130329,수,6790292,GIANT OAK,0031275,벨어브더문,6310199,MALIBU MOON,API42_1
0036536,바람속으로,20130506,거,6964211,WEIGELIA,6926250,ANOTHER JEWEL,6310056,DIAMOND,API42_1
3016052,성읍사랑,20130529,암,3101043,제주오름,3100836,기복자후,3005576,꿈바위,API42_1
0033743,동방불패,20130404,거,0029487,샤프휴머,0025481,홀리버드,6313740,VINDICATION,API42_1
3016068,특종,20130511,암,3100773,모자오름,3100944,해가온,3102389,빛의사랑,API42_1
0033234,부경돌풍,20130409,암,0025670,원쿨캣,0014737,선발승,0012683,소셜차터,API42_1
0036419,슈퍼스타존,20130306,암,0038332,커널존,6379124,LADY ALOMA,6229080,COZZENE,API42_1
0034340,백산아일랜드,20130515,거,0020441,애드캣,0013863,아일랜드메이든,6256145,GENERAL SILVER,API42_1
0033451,미스터킹,20130502,거,0015093,듀앨러티,0022509,햇빛찬란,0018775,볼포니,API42_1
3016390,덕산공주,20140314,암,3011321,전국비행,3012609,한빛세계,3005576,꿈바위,API42_1
3016329,사랑가득,20140420,암,3009526,백두장사,3013441,녹원의전사,3101050,골든레이스,API42_1
0038095,마이챔프,20140412,수,6964690,WARRIOR'S REWARD,6865292,SISTER SURVIVOR,6310184,LEESTOWN,API42_1
0038065,신라의전설,20140208,거,6770018,BELLAMY ROAD,6989992,CANDLE MAKER,6313649,TAPIT,API42_1
3016506,여왕하트,20140527,암,3100012,후지전능,3008927,달의정기,3005766,백두평정,API42_1
0035631,화랑의후예,20140330,거,0025790,피스룰즈,0029470,퀸조셉핀,6241544,PHONE TRICK,API42_1
0038053,어울더울,20140313,거,0038391,카우보이칼,6794977,MONREGALE,6254462,MARIA'S MON,API42_1
3016683,황이명성,20140606,암,3012382,쾌속장타,3013337,태자비,3005652,제주명성,API42_1
0035031,오호대장군,20140328,암,0020257,비카,0023603,마이티히어로,6256913,BUDDHA,API42_1
0037699,피오레,20150508,암,0020379,인그란디어,0023931,불릿드주르,6260581,RED BULLET,API42_1
1017137,품위,20140616,암,-,-,-,-,-,-,API42_1
0036920,세런디피터,20150220,거,0021079,블루핀,0024718,나이스터치,0018733,비와신세이키,API42_1
0037096,배다리케이퍼,20150331,거,0031229,어플리트어게인,0013850,캐더랙케이퍼,6252250,AN ELDORADO,API42_1
0037745,타임스펙,20150430,거,0029482,와이와이와이,0013062,풀타임,0005331,피어슬리,API42_1
0040023,치프타임,20150525,거,6783253,PADDY O'PRADO,6965702,KISS THE KING,6770748,ROMAN RULER,API42_1
3017384,천년유혼,20150318,거,3007168,명문왕자,3100924,원주율,-,-,API42_1
0037475,골드의인연,20150403,암,0023493,시에로골드,0023910,스킵앤더윙크,6225516,SKIP AWAY,API42_1
3017523,가성비,20160430,거,3014739,설중매,3011026,진주보배,3101050,골든레이스,API42_1
0041733,조우니가,20160317,암,6103967,GOLDENCENTS,6842338,DIXIE STAMP,6310059,DIXIE UNION,API42_1
3017784,한백왕초,20160320,암,3012419,종결자,3011999,한백평정,3005576,꿈바위,API42_1
0041606,문학파이어,20160411,수,0040086,위드디스팅션,6968104,SHANGHAI ROSE,6260581,RED BULLET,API42_1
0039616,대호질주,20160604,수,0036299,프라이빗보우,0020778,아라미르,0006892,디디미,API42_1
0039166,파인트럼펫,20160429,거,0032990,한센,0027560,집시로우즈,6248064,UNBRIDLED'S SONG,API42_1
3018036,해찬나래,20170423,암,3012382,쾌속장타,3010283,미니비행,3005576,꿈바위,API42_1
0040297,머니챔프,20170212,거,0026618,경부대로,0027000,기적의천사,0009337,포트스톡턴,API42_1
0041268,큐피드비상,20170425,암,0033119,선더모카신,0020579,화려한비상,0015093,듀앨러티,API42_1
0041892,엘리트라인,20170303,수,6964805,LINE OF DAVID,6677561,COUNTTHEBLESSINGS,6309729,COUNT THE TIME,API42_1
0041409,퀸오브더퀸,20170421,암,0031302,채플로열,0029181,해광,6310361,STORMY ATLANTIC,API42_1
1018127,쾌남시대,20170625,수,-,-,-,-,-,-,API42_1
0041287,파인의꿈,20170505,수,0037972,올드패션드,0023242,파인질주,0015093,듀앨러티,API42_1
0043452,돌아온뽀빠이,20170520,거,6109230,CONSTITUTION,6112673,NAUGHTY HOLIDAY,6256908,HARLAN'S HOLIDAY,API42_1
0040551,원퍼트,20170310,거,0021999,포리스트캠프,0021315,뜨거운환호,0007672,리비어,API42_1
0041867,스프링킹,20170331,거,0041566,투아너앤드서브,0041919,프랜저블,6309990,BROKEN VOW,API42_1
0042297,나인아이,20180319,수,0020256,메니피,0036587,럼시더,6405977,ZENNO ROB ROY,API42_1
0041325,아로마,20170429,수,0029419,스트라이크어게인,0024138,스페셜레드,0012808,크릭캣,API42_1
0043176,최강두드림,20180208,암,6969068,ALGORITHMS,0040218,딜라잇펄엠파이어,6306756,EMPIRE MAKER,API42_1
0041021,오메가걸,20170515,암,0034735,페더럴리스트,0031187,오메가스타라이트,6269817,GENUINE,API42_1
0043109,글로벌영웅,20180413,수,0039742,테이크차지인디,0038275,모테가,6310433,YONAGUSKA,API42_1
0042309,영웅대마,20180219,거,0034735,페더럴리스트,0020734,커멘섀리,0018207,커멘더블,API42_1
0043408,아델머스탱,20180213,수,0020256,메니피,0025293,머스탱퀸,0008710,컨셉트윈,API42_1
0042278,쿨프린세스,20180226,암,0037972,올드패션드,0038392,쿨치킨,6256084,TABASCO CAT,API42_1
3018609,제일강산,20180305,수,3100032,성읍오름,3012491,모두의꿈,3005576,꿈바위,API42_1
0042552,얼라이브캡틴,20180401,거,0039750,퍼지,0031834,연승불패,0018733,비와신세이키,API42_1
0042460,라온더파워,20180302,거,0036732,머스킷맨,0034820,숍인밀라노,6272661,FRENCH DEPUTY,API42_1
0042554,원더풀데블,20180406,암,0034428,테스타마타,0030663,월들리듀드,0018775,볼포니,API42_1
3018764,송악공주,20180304,암,3100032,성읍오름,3013876,한송이,3006672,황금로,API42_1
0043993,청산영웅,20190425,거,0020256,메니피,0040229,트위즈,6261339,TIZNOW,API42_1
0043755,함평파이터,20190212,암,0040086,위드디스팅션,0035079,믿음의빛,6770018,BELLAMY ROAD,API42_1
3102504,검은맹주,20190220,거,3100327,진흥세상,3013338,회천맹주,3005576,꿈바위,API42_1
3019046,천우신조,20190402,거,3009526,백두장사,3016429,구구절절,3100061,진흥축산,API42_1
0044399,대물,20190430,거,0020256,메니피,0027534,아이즈어글로우,6250544,BROAD BRUSH,API42_1
0043793,캡틴골드,20190303,거,0027312,라이언산타,0029451,블루판타지,6313602,GHOSTZAPPER,API42_1
0045764,행복한문막,20200327,암,0038391,카우보이칼,0039907,행복을찾아,6964685,HAYNESFIELD,API42_1
0046188,금빛마,20200409,수,0038391,카우보이칼,0031241,스피닝얀,6652755,FREE HOUSE,API42_1
0046160,위드스타,20200427,암,0039750,퍼지,0033973,옥녀봉,0029487,샤프휴머,API42_1
3101805,남송이,20200920,암,3005652,제주명성,3011123,안덕명성,3005576,꿈바위,API42_1
3102606,대명성,20200326,암,3009296,푸른대왕,3100941,명성왕비,-,-,API42_1
3103924,대치,20210325,암,3015875,꼬리별,3017953,새벽시대,3009526,백두장사,API42_1
0047463,비케이벨,20210427,암,0041566,투아너앤드서브,0028989,가쉬호크케이턴,6256647,NORTHERN AFLEET,API42_1
0022968,은빛전사,20070325,수,0011903,포티튜드,0018459,플리트칼라,6200224,AFLEET,API42_1
0022713,함성질주,20070430,수,0012808,크릭캣,0015423,비보텔비,6219187,SNOW CHIEF,API42_1
0022434,세븐티나이너,20070415,수,0018723,필드아스카,0011154,퀸호크,0006893,무자지프,API42_1
3011039,선양전사,20070315,거,3101039,진솔파워,3100862,제주하트,-,-,API42_1
0022957,명불허전,20070420,수,0027420,오피서,0020389,미스글리터,6256073,GLITTERMAN,API42_1
0025496,더스티스코드,20070508,거,6307148,OMEGA CODE,6700353,DUSTY SPARKLE,6310065,DUSTY SCREEN,API42_1
0016809,애드머럴리가트,20020408,수,6310114,GENERAL ROYAL,6395185,ENTORIA,6219942,STOP THE MUSIC,API42_1
0022226,퍼펙트타이거,20070911,거,6771734,NOT A SINGLE DOUBT,0021893,소노레이,6224299,GONE WEST,API42_1
0022533,연속연승,20070427,암,0012683,소셜차터,0018116,타퍼즈,6254571,SKY CLASSIC,API42_1
0022890,탱고스텝,20070418,암,6310162,JUMP START,0020319,주웰데어,6241725,WOODMAN,API42_1
1011597,천년비색,20070508,암,-,-,-,-,-,-,API42_1
0023069,포리스트윈드,20070322,수,0018771,캐피털스팬딩,0018183,커피로얄,6256468,SWORD DANCE,API42_1
0022805,스페셜싱,20070415,거,0018206,엑스플로잇,0005654,아흔아홉칸,0001144,킹스키,API42_1
0025247,대왕거미,20080320,수,0018775,볼포니,0007808,아말리아바티스타,6218688,SHIPPING MAGNATE,API42_1
0025094,고려대장,20080229,수,6490083,SUNDAY BREAK,0023456,문페더,0018206,엑스플로잇,API42_1
0024356,위네트댄서,20080402,암,0012683,소셜차터,0018451,매덤위네트,6266551,DANEWIN,API42_1
3011875,복불복,20080402,암,3005652,제주명성,3100901,탐라신,-,-,API42_1
0024371,샤프컨셉,20080502,암,0008710,컨셉트윈,0018471,샤프아이드,6253609,DANZERO,API42_1
0024095,베스트롱,20080407,수,0019962,댄싱서패스,0018727,캄퍼턴스,6260268,OPERA HOUSE,API42_1
0024226,예스트리플,20080309,수,0018775,볼포니,0007681,베스티드프리빌리지,6206268,EXECUTIVE ORDER,API42_1
0024553,승리의함성,20080419,암,0020257,비카,0020366,허그앤드키스,6239834,COMMANDER IN CHIEF,API42_1
0024889,어맨더,20080403,암,0020256,메니피,0008600,몬스터,6222299,WAIKIKI STAR,API42_1
0027364,플로리다의별,20080420,수,6310391,TRIPPI,6334527,VIRTUOUS LASS,6256074,HENNESSY,API42_1
0027177,우승전사,20080329,거,6313619,MIDAS EYES,6785000,NITE CAT,6307336,TALE OF THE CAT,API42_1
0026288,레이카,20090305,암,0018206,엑스플로잇,0013896,엑스퀴지트니스,6229273,LEAR FAN,API42_1
0027059,대마형,20090205,거,6526909,GIACOMO,0024042,레인체크,6240160,THUNDER GULCH,API42_1
1012379,국제도시,20080417,암,-,-,-,-,-,-,API42_1
3012661,산호초,20090503,암,3101050,골든레이스,3100871,빛의질주,-,-,API42_1
0025941,백호장군,20090325,수,0021998,피코센트럴,0023409,오크스피버,6309478,OLD TRIESTE,API42_1
0029119,노시크릿모어,20090327,수,6771654,HENNY HUGHES,6613844,TASH DASH,6248324,CORONADO'S QUEST,API42_1
0026402,차이밍비카,20090315,암,0020257,비카,0021938,차이밍인,6309816,FASLIYEV,API42_1
0026947,미스에브리,20090424,암,0020458,에브리데이이즈,0011770,미스윅,6252350,THE WICKED NORTH,API42_1
0027083,명운제왕,20090331,거,0021999,포리스트캠프,0018826,풀리어프루브드,6253931,WITH APPROVAL,API42_1
0029250,스크램제트,20090329,거,6310132,GRAND SLAM,6493857,MOMENTS OF JOY,6254104,LOST CODE,API42_1
0026218,선주공주,20090510,암,0018733,비와신세이키,0008816,피타볼라,6202448,BOLGER,API42_1
0025958,킹프라다,20090311,거,0020257,비카,0017026,프라다,6254564,EL PRADO,API42_1
0026637,골드킹,20090512,거,0020458,에브리데이이즈,0023476,골드버즈,6248332,TOUCH GOLD,API42_1
0026326,마이위너,20090501,거,0020257,비카,0018698,브라이들링브라이,6248064,UNBRIDLED'S SONG,API42_1
0026705,흑기사,20090430,거,0018769,에이피댄서,0015438,만수무강,6284681,HALF TERM,API42_1
0025910,다비,20090329,암,6526909,GIACOMO,0023985,스위트스마일,6254564,EL PRADO,API42_1
3013104,자연,20090514,암,3101045,빛을향해,3102833,무궁한라,3102387,고속생명수,API42_1
0026933,왕송,20090207,거,0018783,야후디,0023490,립스아실드,6254552,FLYING SPUR,API42_1
0026561,부경드림,20090531,거,0012684,더그룸이즈레드,0008436,용사위,0006893,무자지프,API42_1
0026466,레이크선더,20090506,거,0006162,해피째즈밴드,0022150,워터스트리트,6219946,STORM BIRD,API42_1
0026728,필걸,20090518,암,0012684,더그룸이즈레드,0013722,부바버라,6255195,JUMRON,API42_1
3013455,명품열차,20100523,암,3005576,꿈바위,3005843,만사정통,-,-,API42_1
0028283,스팅레이,20100425,거,0021999,포리스트캠프,0018267,스트레이트캐시,6310362,STRAIGHT MAN,API42_1
0030923,벌마의꿈,20100316,수,6310288,PUT IT BACK,0031286,와일드딕시갤,6254176,WILD EVENT,API42_1
1013299,금강의신,20090412,수,-,-,-,-,-,-,API42_1
0028608,채구,20100311,거,0007672,리비어,0023773,서던샐,6241058,STARK SOUTH,API42_1
0030985,가속비상,20100403,거,6529192,D'WILDCAT,6411851,PYRITE BONDS,6252236,FORMAL DINNER,API42_1
0028914,올위드미,20100228,암,0018775,볼포니,0014065,히어컴스미미,6256199,KIPPER KELLY,API42_1
0027891,날쌘아띠,20100222,암,0020379,인그란디어,0022037,사쿠세츠피츠,6254648,MILL GEORGE,API42_1
0027839,로맨틱퀸,20100314,암,0023957,호크윙,0020060,지바니아,6254079,RUBIANO,API42_1
0027756,새약진,20100304,암,0018775,볼포니,0013854,제이슨즈젬,6241549,PREMIERSHIP,API42_1
0031118,갤럭틱파워,20100317,수,6310132,GRAND SLAM,6968169,FORESEEN,6310103,FORESTRY,API42_1
0028073,클레이건,20100323,암,0023957,호크윙,0023937,스피닝윈드,6254561,DEHERE,API42_1
0027592,두승산,20100319,암,6325196,QUEST,0025715,세이버리,6228139,SKYWALKER,API42_1
0028410,아크라이트,20100425,거,0012808,크릭캣,0018201,필로토크,6229273,LEAR FAN,API42_1
1014040,여신탄생,20100513,암,-,-,-,-,-,-,API42_1
3014144,황해비호,20110404,암,3007259,신비한꿈,3007249,연화왕비,-,-,API42_1
3014188,유명세,20110413,거,3012419,종결자,3100883,영상왕비,-,-,API42_1
0030657,좋은데이,20110306,암,0020379,인그란디어,0007554,네버다이,0005333,글로리화이,API42_1
0030387,옥천지,20110330,암,0017832,제이에스홀드,0010999,그린트리,6240809,CLASSIC FAME,API42_1
0032815,월드짱,20110525,거,6620279,KELA,6520912,LAKER GIRL,6253916,SALT LAKE,API42_1
0030318,딕시이천,20110331,수,0018771,캐피털스팬딩,0013952,딕시스노우,6252266,DIXIE BRASS,API42_1
0029531,동남천하,20110320,거,0015204,에디터인치프,0018462,스타라,6219810,STAR WAY,API42_1
0030105,아리송,20110305,암,0020256,메니피,0022162,스마티미,6307149,ELUSIVE QUALITY,API42_1
0030347,금포미라클,20110426,암,0018775,볼포니,0021899,본언엔젤,6240160,THUNDER GULCH,API42_1
3014237,으뜸소식,20110326,거,3009526,백두장사,3100050,천년만마,3101039,진솔파워,API42_1
0030484,초원파티,20110224,암,0007672,리비어,0007836,쿨타키,6219007,SIRTAKI,API42_1
0029670,금포엔젤,20110407,암,0020256,메니피,0021712,엠엘댄서,6240160,THUNDER GULCH,API42_1
0031354,천일,20120122,수,0028958,어드마이어돈,0023688,뮤트,6309923,STRAVINSKY,API42_1
0030649,넓은벌,20110313,암,0016783,동서대로,0016807,감화력,6310063,DOWN THE AISLE,API42_1
0029547,스테파노,20110413,수,0024033,러닝스태그,0023990,마르벨라걸,6231958,CRYPTOCLEARANCE,API42_1
0031438,올웨이즈위너,20120215,거,0012808,크릭캣,0008496,한라특급,0004759,랜드러쉬,API42_1
0031362,여의킹,20120210,거,0028958,어드마이어돈,0014730,여의나루,0007464,로드오브워,API42_1
1014902,쾌속소녀,20110309,암,-,-,-,-,-,-,API42_1
0032422,삼다공주,20120416,암,0023957,호크윙,0020327,뱀부메모리,6255098,REGAL REMARK,API42_1
1015136,세계일주,20120628,암,-,-,-,-,-,-,API42_1
3015065,남수문,20110524,수,3009526,백두장사,3100869,천정,-,-,API42_1
0032479,인수재,20120416,수,0012808,크릭캣,0025796,드레스투임프레스,6310104,FORMAL GOLD,API42_1
3015116,안덕황제,20120417,거,3005652,제주명성,3009086,뒷동산용천,3008306,산남호걸,API42_1
1014993,시계탑,20120520,수,-,-,-,-,-,-,API42_1
0032263,비카사랑,20120317,거,0020257,비카,0023900,캔버라,6239926,SILVER HAWK,API42_1
3015429,푸른기상,20120523,수,3009526,백두장사,3011245,한라제왕,3005576,꿈바위,API42_1
0032019,레이디챔프,20120510,암,0012808,크릭캣,0028940,윙드스플렌더,6252720,FUSAICHI PEGASUS,API42_1
1015711,마리아,20130506,암,-,-,-,-,-,-,API42_1
3015720,파란마음,20130310,암,3007112,산방굴사,3100001,아롱별,3008298,무한야성,API42_1
0034069,선빅터,20130329,수,0018771,캐피털스팬딩,0015402,러브리메모리즈,6256074,HENNESSY,API42_1
0033150,허니버터니노,20130421,거,0029318,이글카페,0029316,마미즈주얼리,6254631,BRIAN'S TIME,API42_1
0033778,킹플러키,20130530,거,0023957,호크윙,0027531,플러키브로드,6256079,HOLY BULL,API42_1
3015880,인기감동,20130505,거,3100061,진흥축산,3012250,당산봉,3100948,한멋,API42_1
0033371,몬스터퀸,20130407,암,0029287,맘보트레인,0023414,마마캣,6241691,STORM CAT,API42_1
0034859,대박이다,20130204,거,6783253,PADDY O'PRADO,6864529,FIRST SETTLER,6310406,WAR CHANT,API42_1
0034370,고대,20130224,암,0027420,오피서,0023368,코리안경축,6315224,NORTH LIGHT,API42_1
0033133,라이징프린스,20130426,거,0020379,인그란디어,0024341,센걸,0019963,스트로디스크리크,API42_1
0034336,상하이팡팡,20130422,암,0013970,다이스댄서,0015188,상하이플라워,6279514,SHANGHAI,API42_1
0034877,골드블루,20130424,암,6405730,GOLD ALLURE,6816815,BLEU DE ROI,6207245,FORTY NINER,API42_1
3015810,계림공주,20130331,암,3009526,백두장사,3100809,사라여왕,-,-,API42_1
0035513,와일드선더,20140407,수,0020257,비카,0015257,플레티넘와일드캣,6306667,FOREST WILDCAT,API42_1
0036223,현무,20140304,거,0027420,오피서,0018285,일보경천,6251075,CRYPTIC RASCAL,API42_1
1016315,낙천자랑,20140420,암,-,-,-,-,-,-,API42_1
0035699,환한세상,20140328,암,0023957,호크윙,0021254,스피드볼트,0011903,포티튜드,API42_1
0035208,세기강자,20140217,거,0040246,지롤라모,0033020,소머치펀,6333083,SPEIGHTSTOWN,API42_1
0035628,어린여왕,20140331,암,0031302,채플로열,0027478,미스리더블드,6247995,ALPHABET SOUP,API42_1
3016497,한라비행,20140317,암,3011133,장백산,3010198,한라산,3005576,꿈바위,API42_1
0035820,로열루비,20140426,거,0031302,채플로열,0023007,레드루비,0018783,야후디,API42_1
0038138,어나더스마트원,20140217,거,6313642,SMARTY JONES,6328812,LELANDER,6305987,CHEROKEE RUN,API42_1
3016546,우월성,20140428,거,3100989,진흥바람,3006473,성불샘,-,-,API42_1
3016565,에오스,20140702,암,3008912,참살이,3012653,불멸의별,3005576,꿈바위,API42_1
0036426,도도한,20140419,암,6259885,LOUIS QUATORZE,6822820,MOTHERLY,6253898,MARQUETRY,API42_1
0035137,대호시대,20140426,수,0031261,사이먼퓨어,0020778,아라미르,0006892,디디미,API42_1
0035879,아델의진주,20140304,암,0020256,메니피,0031277,커리어타임,6210758,KRIS S.,API42_1
0035943,장산파워,20140503,수,0020256,메니피,0031292,시티버드,6254566,CARSON CITY,API42_1
0035733,재도약의반석,20140325,거,0022032,니혼필로닐,0023429,스트레잇프럼마위,6253847,BANKBOOK,API42_1
0035537,서강대로,20140329,수,0020257,비카,0029493,로지즈엣선셋,6221950,VALID APPEAL,API42_1
0035264,럭셔리해피,20140326,암,0031302,채플로열,0017518,럭셔리퀸,0012684,더그룸이즈레드,API42_1
3016855,참매,20150301,암,3012419,종결자,3013278,불빛여신,3005576,꿈바위,API42_1
0037472,한센바로우즈,20150421,수,0032990,한센,0023434,두다데이,6241725,WOODMAN,API42_1
1016930,신가속도,20150419,수,-,-,-,-,-,-,API42_1
3017019,일류명성,20150519,거,3007168,명문왕자,3010449,일류군왕,3101042,제왕의리더,API42_1
0039873,백문백답,20150419,거,6967938,TAPIZAR,6514364,SHINING VICTORY,6231953,VICTORY GALLOP,API42_1
0039834,두바이특급,20140903,거,6968009,POET'S VOICE,6112133,PENTELIKON,6285611,VETTORI,API42_1
0036129,골든나이트,20140415,거,0031274,래칸터,0025066,라이징우먼,6312532,ALDEBARAN,API42_1
0037891,해후,20150325,수,0025790,피스룰즈,0029181,해광,6310361,STORMY ATLANTIC,API42_1
0037497,로열복순이,20150427,암,0031305,록하드텐,0025698,바잔키티,6333083,SPEIGHTSTOWN,API42_1
3017024,대지여왕,20150319,암,3011321,전국비행,3012609,한빛세계,3005576,꿈바위,API42_1
0036955,퀸오브캡틴,20150224,암,0024050,엑톤파크,0029464,퀘일런,6248314,WAGON LIMIT,API42_1
0039912,불멸의제왕,20150322,거,6968995,ADIOS CHARLIE,6382478,ENNUHWAY,6254581,NOTEBOOK,API42_1
3017074,힐링타운,20150430,수,3011133,장백산,3100456,유희,3101045,빛을향해,API42_1
3017016,홈런강자,20150420,거,3009526,백두장사,3011928,달빛사자,3005576,꿈바위,API42_1
0039929,파샤,20150501,수,6964685,HAYNESFIELD,0040150,큐트앤새시,6323281,CONSOLIDATOR,API42_1
0040013,선스타트,20150129,수,6969075,지몰로지스트,6104688,BRUSH STROKES,6771297,BLUEGRASS CAT,API42_1
0037038,일여하여,20150330,암,0018775,볼포니,0022640,큰마마,0021998,피코센트럴,API42_1
0037697,황금주머니,20150530,거,0024050,엑톤파크,0022424,칸의별,0013977,찰리스카즈,API42_1
0036946,스피드황룡,20150322,거,0034428,테스타마타,0029170,노블볼트,6771704,NOBLE CAUSEWAY,API42_1
0036791,황금벌마,20150216,거,0020256,메니피,0033098,하버걸,6248001,BOSTON HARBOR,API42_1
0037864,팔팔빅토리,20150526,거,0027443,컬러즈플라잉,0027534,아이즈어글로우,6250544,BROAD BRUSH,API42_1
0039655,천년의질주,20160428,거,0032990,한센,0017728,한강제일,0006162,해피째즈밴드,API42_1
0041729,리틀보이플래시,20160421,거,0046483,플래시백,6572066,AZUCAA,6306207,FUTURE STORM,API42_1
0041697,엠제이파워,20160310,거,6993812,CENTRAL BANKER,6115276,MAKING A POINT,6310109,FREUD,API42_1
0041784,알파킹이지,20160514,거,0044420,레볼루셔너리,6863681,MISSING MISS,6260776,UNACCOUNTED FOR,API42_1
0039730,내가새강자,20160426,거,0032990,한센,0024919,바람의힘,0006892,디디미,API42_1
0038851,금로열,20160320,수,0031302,채플로열,0027002,싱그러운초원,0020256,메니피,API42_1
1017580,동서제왕,20150327,거,-,-,-,-,-,-,API42_1
0040797,초인강자,20170323,수,0020256,메니피,0025738,루시판드,6307149,ELUSIVE QUALITY,API42_1
1017890,오름,20160630,암,-,-,-,-,-,-,API42_1
0040778,원더풀피스,20170420,암,0025790,피스룰즈,0029513,큐피드걸,0020257,비카,API42_1
0040795,에이스잭팟,20170130,암,0027443,컬러즈플라잉,0025782,킵유어윗어바웃유,6253098,TORRENTIAL,API42_1
0041648,심플스타일,20170119,수,0027443,컬러즈플라잉,0029800,펠리시티,0020257,비카,API42_1
0043532,제이에스군주,20170331,거,6108972,DANZA,6783501,TICO BREEZE,6254566,CARSON CITY,API42_1
0041016,맨오브더월드,20170428,거,0032990,한센,0024031,델리시아스,6205084,DEPUTY MINISTER,API42_1
0041018,알찬누리,20170410,거,0034735,페더럴리스트,0036589,루시엔,6405913,NEO UNIVERSE,API42_1
3018137,탐라신사,20170516,거,3012382,쾌속장타,3009898,일출왕국,3005576,꿈바위,API42_1
0041280,안양호랑이,20170420,암,6803043,QUALITY ROAD,0038274,인디트러블,6247992,A.P. INDY,API42_1
3018334,성공스타,20170226,암,3012382,쾌속장타,3006378,성공일호,-,-,API42_1
0042881,배다리캔디,20180328,암,6310150,INCLUDE,0040187,롤링트루,6310432,YES IT'S TRUE,API42_1
0042070,네임드,20180227,암,0040056,아치아치아치,0040188,신즈실버댄서,6408304,NAJRAN,API42_1
0042799,그린폭주,20180407,암,0037972,올드패션드,0033871,지봉블루,0020256,메니피,API42_1
0043416,논스톱기상,20180325,거,0039742,테이크차지인디,0020802,하늘기상,0015093,듀앨러티,API42_1
3018585,봉개자랑,20170216,거,3012382,쾌속장타,3012076,빛나,3101043,제주오름,API42_1
0042722,머니가락,20180316,거,0015477,백광,0034861,럭키샤이니,6310109,FREUD,API42_1
0041986,대완구,20180603,거,0025790,피스룰즈,0023937,스피닝윈드,6254561,DEHERE,API42_1
0043313,엑톤질주,20180415,수,0024050,엑톤파크,0028490,신용퀸,0008710,컨셉트윈,API42_1
0042337,플랫베이브,20180211,암,6103311,FLAT OUT,0040179,브와나베이브,6617143,BWANA CHARLIE,API42_1
0043193,데스크탑,20180227,수,0033119,선더모카신,0033120,키튼즈프라이드,6256898,PROUD CITIZEN,API42_1
0046513,천지광풍,20190331,수,6969041,MACLEAN'S MUSIC,6994069,THICKER THAN WATER,6333083,SPEIGHTSTOWN,API42_1
0042601,매직주니어,20180305,거,0028533,매직댄서,0030277,헤이주드,0024050,엑톤파크,API42_1
0044895,대호전설,20190604,거,0037972,올드패션드,0020778,아라미르,0006892,디디미,API42_1
0044488,터치나인,20190524,수,6102222,FED BIZ,0041967,골든로즈Ⅱ,6310228,MORE THAN READY,API42_1
0044645,원평퀸,20190411,암,0039742,테이크차지인디,0040137,커팅에지,6218857,SILVER DEPUTY,API42_1
0044618,휘파람,20190519,암,0034735,페더럴리스트,0029065,초원의별,6345926,ROCKPORT HARBOR,API42_1
0046587,문학태핏,20190430,수,6114938,BEHESHT,0045067,바운드포이든,6313649,TAPIT,API42_1
0043728,원더풀큐티,20190303,암,0034428,테스타마타,0029513,큐피드걸,0020257,비카,API42_1
0043781,러닝워리어,20190327,암,0039737,어플릿익스프레스,0038406,셔윈포레스트,0021999,포리스트캠프,API42_1
0047044,엑톤파워,20190315,수,0024050,엑톤파크,0031919,울트라매직,0006892,디디미,API42_1
3101827,아라미소,20190411,암,3009526,백두장사,3008666,영광의미소,3102390,루카,API42_1
0045885,네모프린스,20200409,수,0026618,경부대로,0033121,스테인드글라스,6256494,OUTFLANKER,API42_1
0046102,피플파워,20200213,암,0034735,페더럴리스트,0037952,끝판고스트,0020256,메니피,API42_1
0045946,탑드림,20200225,암,0041566,투아너앤드서브,0036308,버클버니베이브,6310354,STEPHEN GOT EVEN,API42_1
0045947,스카이샷,20200417,암,0034735,페더럴리스트,0023603,마이티히어로,6256913,BUDDHA,API42_1
0045291,시크릿왕자,20200305,거,0038332,커널존,0032601,클린업시드,0020256,메니피,API42_1
0045867,에브리킹이지,20200228,수,0038387,콩코드포인트,0033013,스위틀리,6310406,WAR CHANT,API42_1
0047090,퍼지킹,20210307,수,0039750,퍼지,0032602,클린업비전,0020256,메니피,API42_1
3101565,청마여제,20200724,암,3007112,산방굴사,3014293,안덕천사,3005652,제주명성,API42_1
0046766,비케이제나,20210219,암,0045050,섀클포드,0044989,에반젤리칼,6333083,SPEIGHTSTOWN,API42_1
0047307,플라잉에이스,20210415,암,0039750,퍼지,0032517,지봉사랑,0027420,오피서,API42_1
0047364,골든나이스,20210518,암,0041813,미스터크로우,0010574,토종고수,0005333,글로리화이,API42_1
0022039,무한투혼,20051108,거,6321951,TRADITIONALLY,6512051,ALMAZ,6212560,MARSCAY,API42_1
0023326,굿메시지,20070420,거,0015444,선데이웰,0007786,소냐라이트,6204910,DAUPHIN FABULEUX,API42_1
0020883,장비사랑,20060316,거,0015095,디스틸드,0007717,키씬킴,6214983,OUR MICHAEL,API42_1
3011595,이사금,20070628,암,3101043,제주오름,3102729,봉수대지,3102387,고속생명수,API42_1
3011184,쌍용굴,20070416,수,3005576,꿈바위,3100809,사라여왕,-,-,API42_1
1010258,시화연풍,20060405,수,-,-,-,-,-,-,API42_1
3011284,극비밀,20070414,거,3005576,꿈바위,3100884,단기필승,-,-,API42_1
3009591,멋진속도,20050508,수,3005576,꿈바위,3100884,단기필승,-,-,API42_1
0022595,딥디자이어,20070408,거,6310162,JUMP START,0021733,바이유블루스,6204648,CURE THE BLUES,API42_1
0021239,연승대로,20060301,수,0012808,크릭캣,0012693,센세이셔널크리스,6231958,CRYPTOCLEARANCE,API42_1
0021466,듀앨하트,20060328,수,0015093,듀앨러티,0013849,벨리샤,6256364,BLEVIC,API42_1
0022570,남한산성,20070328,암,0006893,무자지프,0011734,위빗오브스카치,6209076,HIGHLAND BLADE,API42_1
0022594,머니트리,20070427,암,6344814,MEDALLIST,0021732,머니트러스트,6256074,HENNESSY,API42_1
0023243,노피어,20070225,암,0018206,엑스플로잇,0008779,댄싱도트,6205665,DURGAM,API42_1
0025653,서울영웅,20070928,거,6530257,KEENINSKY,6964282,PROPERTY BROKER,6253441,SENOR PETE,API42_1
0022686,태왕성,20070331,거,6310433,YONAGUSKA,0020355,어걸네임드필,6306749,DISTORTED HUMOR,API42_1
0022214,장군이,20070417,거,6310206,MAX'S PAL,0020451,부두칠레,6254104,LOST CODE,API42_1
0024906,경희만세,20080420,암,0012808,크릭캣,0011175,탐라제일봉,0006891,로스트마운틴,API42_1
0024924,피렌체,20080211,암,0018776,양키빅터,0020160,킬코캐슬,6224299,GONE WEST,API42_1
1011863,격파,20070520,암,-,-,-,-,-,-,API42_1
3011856,서광명성,20080404,거,3005576,꿈바위,3100943,서광일호,-,-,API42_1
0024353,에버마스터,20080321,거,0016533,본비반트,0018607,패스트페어,6312253,WEST BY WEST,API42_1
3012057,일등행진,20080501,거,3101043,제주오름,3100912,몰소랑,-,-,API42_1
0024217,세계최강,20080410,암,0018207,커멘더블,0013523,융프라우,0006893,무자지프,API42_1
0024127,레인즈캣,20080408,거,0012808,크릭캣,0014106,이터널레인즈,6260782,ETERNAL ORAGE,API42_1
0024197,에이스볼트,20080305,수,6307065,MILWAUKEE BREW,0022156,오섬리,6248320,AWESOME AGAIN,API42_1
0025011,누볼라,20080504,암,0015095,디스틸드,0006563,맥싱고,6219257,SOCIETY MAX,API42_1
1011981,대한낭자,20080217,암,-,-,-,-,-,-,API42_1
0027247,테킬러스로,20080302,거,6333375,ALKE,6382255,COURT OF LAW,6369614,MR. JUSTICE,API42_1
0027305,다라니,20080411,암,6313635,SAARLAND,6868693,DUSTY'S LEGACY,6310123,GOLDEN MISSILE,API42_1
0027374,디히어퀸,20080520,암,6254561,DEHERE,6412524,CINNAMON GIRL,6253446,MEADOWLAKE,API42_1
0024711,두솔장군,20080319,수,0020226,메이세이오페라,0014572,두솔봉,0006892,디디미,API42_1
0025012,강손,20080429,거,0005331,피어슬리,0015151,벌런트히어로,6306190,ALWAYS A CLASSIC,API42_1
0027184,위대한투혼,20080428,거,6771404,ARAGORN,6515536,THUNDERING IRISH,6240160,THUNDER GULCH,API42_1
0024707,스프린터,20080304,거,0006892,디디미,0008851,에브리미셸,6206222,EVERY INTENT,API42_1
0024425,수호천사,20080324,암,0020257,비카,0008817,스누키리오,6200211,AFERD,API42_1
0025084,선오브뷰티,20080403,수,0020256,메니피,0014812,아름다운강산,0006892,디디미,API42_1
0024776,대시보이,20080510,수,0016504,워존,0020433,애플주스,6256294,PLEASANT TAP,API42_1
0024115,남도특급,20080322,거,0011102,고려방,0020073,시크릿윈드,6248062,TIMBER COUNTRY,API42_1
0027499,디지털스크린,20081014,수,6529843,FALKIRK,6964779,LA MONTREUX,6257882,GOLAN,API42_1
3012438,화랑명장,20090117,거,3101043,제주오름,3100925,대륙통일,-,-,API42_1
3012490,동그라미,20090208,거,3005576,꿈바위,3008245,은빛천사,-,-,API42_1
0024054,뉴선더,20080228,거,0019963,스트로디스크리크,0012897,그랜드유니언,6215562,PERSONAL FLAG,API42_1
0026618,경부대로,20090312,수,0020256,메니피,0022128,프린세스라니크,6305987,CHEROKEE RUN,API42_1
0026829,어필링제일,20090305,거,0018206,엑스플로잇,0023438,어필링새턴,6221950,VALID APPEAL,API42_1
1012771,대천기,20090422,암,-,-,-,-,-,-,API42_1
3012715,광명미소,20090413,암,3008912,참살이,3100819,황자매,-,-,API42_1
0026864,천하대장군,20090415,거,0008710,컨셉트윈,0011029,스텝린,6211380,LE BELVEDERE,API42_1
0025960,대장정,20090331,거,0020256,메니피,0022159,레지,6210758,KRIS S.,API42_1
0029142,올라영웅,20090408,수,6330115,FLOWER ALLEY,6527767,KEDA B,6256164,MR. GREELEY,API42_1
1012350,시대의별,20080522,수,-,-,-,-,-,-,API42_1
0025826,알토란,20090319,암,0020379,인그란디어,0018727,캄퍼턴스,6260268,OPERA HOUSE,API42_1
0026629,선로들리,20090405,암,0020257,비카,0020315,스톰클라우드라이,6310361,STORMY ATLANTIC,API42_1
0029206,번개처럼,20090327,거,6328809,KAFWAIN,6635251,DANCEOFTHEFLAGS,6289885,AVENUE OF FLAGS,API42_1
0029135,에스퀸,20090330,암,0036358,애니기븐새터데이,6923778,EURYDICE,6310074,ELTISH,API42_1
0029222,챔프스토리,20090504,거,6771305,A. P. WARRIOR,6384146,SHEZA SHARP DANZA,6204826,DANZATORE,API42_1
0026960,눈부신발전,20090425,거,0012683,소셜차터,0012074,천수,0005333,글로리화이,API42_1
0025944,슬러거이천,20090306,수,0016504,워존,0013514,치솟아,0005332,프로포슈어,API42_1
1013362,소원대로,20090925,수,-,-,-,-,-,-,API42_1
0029339,비룡,20091120,거,6283263,PINS,6965941,ABRACADABRA,6268969,O'REILLY,API42_1
0030968,비바엔코스타,20091117,암,6265771,ENCOSTA DE LAGO,6968160,EMBRACEABLE YOU,6260699,RODRIGO DE TRIANO,API42_1
0031106,대발,20100304,수,6225516,SKIP AWAY,6897564,FAIR GAME,6310411,WESTERN EXPRESSION,API42_1
0031061,동급최강,20100428,수,6309978,BERNSTEIN,6324943,RESURGE,6254271,SEEKING THE GOLD,API42_1
0027925,이그니스퀸,20100323,암,0006892,디디미,0018454,커시브,6254561,DEHERE,API42_1
0028833,포트카,20100407,수,0009337,포트스톡턴,0020156,바라카,6240830,FALTAAT,API42_1
0027852,감동비행,20100130,거,0023957,호크윙,0016724,감동적,6254198,WHITNEY TOWER,API42_1
0031125,대호장군,20100316,거,6490150,UTOPIA,6477832,SHAKE ON IT,6200218,AFFIRMED,API42_1
0031132,더블샤이닝,20100305,거,6345926,ROCKPORT HARBOR,6860076,LEMAIRE,6306877,SIPHON,API42_1
0028119,블루캠프,20100326,수,0021999,포리스트캠프,0020332,마이애미블루,6306399,AMERICAN CHANCE,API42_1
0028520,여름새,20100307,암,6254561,DEHERE,0025750,댄싱위드스타즈,6248324,CORONADO'S QUEST,API42_1
0028757,중문사랑,20100510,암,0009337,포트스톡턴,0008479,승전봉,0004382,야마노스키,API42_1
0027975,명작,20100320,거,0018775,볼포니,0017518,럭셔리퀸,0012684,더그룸이즈레드,API42_1
3014009,은빛여신,20110206,암,3007168,명문왕자,3008245,은빛천사,-,-,API42_1
3014214,쾌속무적,20110314,암,3009526,백두장사,3010338,가을향기,3102390,루카,API42_1
0027591,블랙파로스,20100411,암,0017832,제이에스홀드,0013077,선라이즈,0009337,포트스톡턴,API42_1
1014281,새벽햇살,20110423,거,-,-,-,-,-,-,API42_1
0030122,아르고에셋,20110308,암,0020256,메니피,0023746,허니팟,6252720,FUSAICHI PEGASUS,API42_1
0029951,마볼트,20110512,암,0021999,포리스트캠프,0015670,황금물결,0007464,로드오브워,API42_1
0029559,젠틀짱,20110303,거,0021998,피코센트럴,0025475,다이아몬드드라고,6265771,ENCOSTA DE LAGO,API42_1
0032802,서울강자,20110502,거,6309771,SMOKE GLACKEN,6482314,COUNTESS CLEVER,6203956,CLEVER TRICK,API42_1
0032883,티나브라더,20110413,수,6771300,BROTHER DEREK,6478172,TINA FLEET,6200224,AFLEET,API42_1
0031318,바다질주,20110224,수,6341525,BADGE OF SILVER,6957091,NUGENT'S CROSSROAD,0018776,양키빅터,API42_1
0032785,중앙챔프,20110227,수,6323689,CONGRATS,0033088,닉키앤미,6310254,ORIENTATE,API42_1
0029774,베스트나인,20110430,수,0018775,볼포니,0017990,해일,0006893,무자지프,API42_1
0029950,피코나이스,20110428,수,0021998,피코센트럴,0014470,해브나이스,0005331,피어슬리,API42_1
0032954,클린업스타,20110907,수,6268756,FALVELON,6999922,SHIREEN,6287701,REENACT,API42_1
0030765,금포리안,20110313,암,0020458,에브리데이이즈,0022125,케이티즈저널,6307149,ELUSIVE QUALITY,API42_1
0028240,송암스타,20100530,거,0018771,캐피털스팬딩,0022182,디스코레이디,6255805,PETESKI,API42_1
0030654,한계질주,20110314,거,0016735,한계극복,0020074,스트러티지컬,6245678,EL MOXIE,API42_1
3014937,선구자,20120417,암,3100061,진흥축산,3008242,코지바람,-,-,API42_1
1014732,미라클,20110527,암,-,-,-,-,-,-,API42_1
0032599,선봉,20120309,수,0015093,듀앨러티,0018121,메가벅겔,6254179,MONTBROOK,API42_1
0031427,스페셜로드힐,20120422,암,0027420,오피서,0025788,소오리지널,6269832,GIANT'S CAUSEWAY,API42_1
0031529,굿모닝퓨전,20120402,암,0025790,피스룰즈,0020353,와키레드,6250547,RED RANSOM,API42_1
0034568,안양타이거,20120315,수,6772773,HENRYTHENAVIGATOR,6533500,BEST OF THE SEA,6441499,LORD OF THE SEA,API42_1
0031570,엄지강호,20120228,암,0007672,리비어,0015160,델타드림,6241001,MT. LIVERMORE,API42_1
3015329,백록여제,20120626,암,3008298,무한야성,3100811,녹산장,-,-,API42_1
0032006,월드퀵,20120225,암,0006892,디디미,0023478,부다즈걸,6256913,BUDDHA,API42_1
0032536,이광사석,20120319,수,0006892,디디미,0021185,헤이스트,6310344,SNOW RIDGE,API42_1
0032544,메를린뉴스,20120311,암,6964704,DISCREETLY MINE,0029422,그랜디스트어브올,6310132,GRAND SLAM,API42_1
0034585,레디칸,20121012,수,6772231,PERFECTLY READY,6104450,ACCIDENTALLYINLOVE,6309800,CAPE CROSS,API42_1
0032262,쾌한명품,20120407,암,0024050,엑톤파크,0015243,첸지드마이웨이즈,6231874,INCINDERATOR,API42_1
0031733,탄성연발,20120326,암,0018206,엑스플로잇,0019647,포리스트리버,6310375,TEXAS GLITTER,API42_1
3014352,자유터치,20110522,거,3008912,참살이,3100921,선양일호,-,-,API42_1
3015639,당대인류,20130420,암,3100061,진흥축산,3010449,일류군왕,3101042,제왕의리더,API42_1
0034057,스틸더쇼와이,20130220,암,0029482,와이와이와이,0025705,스틸더쇼,6250769,CAT THIEF,API42_1
0033375,에바로드,20130310,암,0023957,호크윙,0024458,주암별,6313614,LION HEART,API42_1
0034228,트리플파티,20130327,거,0025670,원쿨캣,0016365,노블파티,0006893,무자지프,API42_1
0033606,고짱,20130326,암,0025790,피스룰즈,0012919,비황등답,0004760,미스터아도라블,API42_1
0034095,도치,20130222,수,0020256,메니피,0020290,글로리어스돈,6307149,ELUSIVE QUALITY,API42_1
0036445,달려라레오,20130920,암,6968975,BENFICA,6106747,REVIEWED,6205475,DOUBLE CENTURY,API42_1
3016166,히트,20130520,암,3007112,산방굴사,3100608,미르가온,-,-,API42_1
3015986,일진월보,20130514,거,3012382,쾌속장타,3011157,너랑나랑,3101050,골든레이스,API42_1
3016174,큰손,20130418,거,3009526,백두장사,3006581,기대만발,-,-,API42_1
0034795,가을의전설,20131016,수,6772800,CASINO PRINCE,6348467,CHINESE WHISPERS,6241725,WOODMAN,API42_1
0035203,어린왕자,20140401,수,0021999,포리스트캠프,0027535,소사이어티차일드,6200218,AFFIRMED,API42_1
3016179,신의보물,20140113,거,3007168,명문왕자,3009372,은하평정,3102389,빛의사랑,API42_1
0035452,슈퍼트릭,20140204,거,6406031,HAT TRICK,0033016,디렉션,6313649,TAPIT,API42_1
0035955,신비한질주,20140331,거,0018775,볼포니,0025791,갬블투빅토리,6216396,PROSPECTORS GAMBLE,API42_1
3016417,보리달마,20140215,암,3100989,진흥바람,3100941,명성왕비,-,-,API42_1
0036114,스타퍼펙트,20140412,암,0029376,에어쉐이디,0012260,퍼펙트비전,0007463,사이코배블,API42_1
0035764,영스톰,20140402,수,0029482,와이와이와이,0023698,레드영,0031302,채플로열,API42_1
0038110,관악함성,20140404,거,6772812,BENNY THE BULL,6109143,ESKIMO MOM,6312199,ESKIMO,API42_1
3016736,제주바다,20140505,거,3005652,제주명성,3012847,안덕미인,3008306,산남호걸,API42_1
1016821,파천신군,20140421,암,-,-,-,-,-,-,API42_1
0037099,이천쌀,20150227,거,0018771,캐피털스팬딩,0013958,리치이모션즈,6254208,RIZZI,API42_1
0037813,굿초이스,20150528,수,0034428,테스타마타,0023919,촐룰라캣,6248064,UNBRIDLED'S SONG,API42_1
0040012,탭패션드,20150510,거,0037972,올드패션드,6996099,ELLA MARIE,6313649,TAPIT,API42_1
0037806,아스테르,20150316,거,0034426,스파이큘,0027143,위너트로피,6529374,WILDCAT HEIR,API42_1
0037075,캡틴가이,20150319,거,0029487,샤프휴머,0015670,황금물결,0007464,로드오브워,API42_1
0036949,최고비상,20150325,거,0033115,유로실버,0028960,후지노코하기,6770289,FUJINO FUUN,API42_1
0037389,글로리번,20150328,암,0031305,록하드텐,0015715,와이번,0006892,디디미,API42_1
0039934,말리부진저,20150221,거,6310199,MALIBU MOON,6528765,QUANAH COUNTY,6257807,VALID EXPECTATIONS,API42_1
0037735,다크템플러,20150430,암,0018206,엑스플로잇,0018199,라이트허티드래스,6212289,MAJESTIC LIGHT,API42_1
0037835,와니케이,20150512,암,0029482,와이와이와이,0011776,버라이어티레이디,6252387,VARIETY ROAD,API42_1
0038873,동작,20160322,거,0032990,한센,0025786,원앤드트웬티,6251238,HONOUR AND GLORY,API42_1
0039388,해피게이트,20160504,거,0036358,애니기븐새터데이,0013876,크리스티나즈스타,6256185,KISSIN KRIS,API42_1
0038554,비케이갬블,20160205,암,6964802,MAJESTICPERFECTION,0036633,갬블링걸,6307167,JOHAR,API42_1
0041754,아르폰스,20160522,수,6964691,MUNNINGS,6996099,ELLA MARIE,6313649,TAPIT,API42_1
0039523,바람을그리다,20160531,수,0021079,블루핀,0036347,토피어리,6248317,ARCH,API42_1
0041745,글로벌캡틴,20160421,수,6964691,MUNNINGS,6980329,QUEEN MERCURY,6258011,LANGFUHR,API42_1
3017727,추격전,20160505,거,3014739,설중매,3011906,제주중심,3005576,꿈바위,API42_1
0038628,흑전사,20160210,수,6103311,FLAT OUT,0036698,밸러드어브버티,6253457,SAINT BALLADO,API42_1
0039067,로열티켓,20160418,거,0034428,테스타마타,0025609,흑상어,6310364,STREET CRY,API42_1
0039308,제주의요정,20160412,암,0031302,채플로열,0022327,검은요정,0006891,로스트마운틴,API42_1
3017885,강남대가,20160503,암,3007168,명문왕자,3012349,무인왕국,3101043,제주오름,API42_1
3017956,금촌대부,20170316,거,3012382,쾌속장타,3012381,우주세상,3101045,빛을향해,API42_1
0041898,금자유,20170220,암,6864050,MORNING LINE,6108093,FREEDOM FIRE,6256908,HARLAN'S HOLIDAY,API42_1
1018031,산왕거미,20160813,암,-,-,-,-,-,-,API42_1
3018101,라이칸,20160107,수,3011133,장백산,3008213,무한꿈터,-,-,API42_1
0041149,열린문,20170525,수,0036358,애니기븐새터데이,0036696,히어즈벨라,6256908,HARLAN'S HOLIDAY,API42_1
0038774,코코윈,20160319,수,6284869,TAIKI SHUTTLE,0036588,에펠스파크,6275388,TANINO GIMLET,API42_1
0043608,어마어마,20170418,수,6969068,ALGORITHMS,6105827,LIGNITE,6772788,RUN AWAY AND HIDE,API42_1
0040842,어메이징위즈,20170429,암,0031305,록하드텐,0027062,어메이징파티,6939381,HUSSON,API42_1
0042652,두무산,20180228,수,0038332,커널존,0036679,지피얀,6310017,CITY ZIP,API42_1
0045147,두손멍군,20180413,수,6977170,RAISON D'ETAT,0046503,재쯔,6313649,TAPIT,API42_1
0042498,원더풀조이,20180305,거,6313612,KITTEN'S JOY,0040215,더블앤티,6331787,PURIM,API42_1
0042404,갤런트워리어,20180304,수,0027420,오피서,0036331,해피하야,6323878,DANCE WITH RAVENS,API42_1
0043314,더퀸저스티스,20180326,암,0020256,메니피,0029130,꽃마루,6310150,INCLUDE,API42_1
0045115,몬스터케이,20180214,거,6969070,ASTROLOGY,6108650,ARI THE ADVENTURER,6964308,PIONEEROF THE NILE,API42_1
3018384,태양신공,20170411,암,3009526,백두장사,3100924,원주율,-,-,API42_1
0042577,블랙루키,20180315,암,0037972,올드패션드,0036619,잇메익스헐민,6256074,HENNESSY,API42_1
0042594,아이스스타,20180410,거,0036358,애니기븐새터데이,0027005,별기,0021999,포리스트캠프,API42_1
0043211,선라이트보이,20180314,수,0032990,한센,0026757,와일드카드,6313618,MEDAGLIA D'ORO,API42_1
0042419,태양타고,20180308,암,0036735,디바인파크,0024174,최초로,0008710,컨셉트윈,API42_1
0043053,마에스트로,20180422,수,0038332,커널존,0025767,메시지레드,6231958,CRYPTOCLEARANCE,API42_1
0042335,배다리아이콘,20180208,암,0037972,올드패션드,0038396,홈포더홀리데이즈,6256904,CAME HOME,API42_1
0042826,베스트천상,20180507,암,0039742,테이크차지인디,0026143,토치,0006892,디디미,API42_1
0046252,퀵실버키튼,20180112,거,6313612,KITTEN'S JOY,6975506,SILVER UNION,6310059,DIXIE UNION,API42_1
0042633,운주으뜸,20180315,거,6306749,DISTORTED HUMOR,0040222,플라멘바,6254575,KINGMAMBO,API42_1
3018602,자태,20180423,암,3100061,진흥축산,3013943,흥부의꿈,3101050,골든레이스,API42_1
3018903,청마제일,20190425,수,3016502,선양호,3015820,청춘매력,3100982,메밀마을,API42_1
3018948,세기등극,20190116,암,3100327,진흥세상,3014255,멘토링,3008912,참살이,API42_1
0044507,선더플래시,20190330,수,0033119,선더모카신,0032214,행운누리,0006892,디디미,API42_1
0044270,더페이버릿,20190420,암,0032990,한센,0038267,레이디즈안트레몬,6259767,LEMON DROP KID,API42_1
0044546,금성환희,20190417,수,0036358,애니기븐새터데이,0027166,레모니시마,6259767,LEMON DROP KID,API42_1
3019058,제주요격기,20190427,수,3014974,터보킹,3016501,요격호,3009526,백두장사,API42_1
0044167,레이디골든,20190223,암,0036358,애니기븐새터데이,0036625,레이디데릭,6771300,BROTHER DEREK,API42_1
0043663,에코존,20190211,거,0025790,피스룰즈,0023195,동방미인,0018783,야후디,API42_1
3101289,명성질주,20180513,암,3100032,성읍오름,3100069,신민오름,3101043,제주오름,API42_1
0043707,하늘질주,20190224,암,0039742,테이크차지인디,0031295,더로열,6717459,EXCEED AND EXCEL,API42_1
0044198,빛의카,20190425,수,0028224,케이탑,0030960,마리카,6770088,RESET,API42_1
0044881,골든아너,20190331,수,0041566,투아너앤드서브,0020886,골든로즈,0015094,버스터즈데이드림,API42_1
0045680,로켓소리,20180226,거,6106652,SUMMER FRONT,6125395,CHECK THE SPELLING,6248317,ARCH,API42_1
0045434,천마챗,20200301,수,0036358,애니기븐새터데이,0034894,토니투스완,6255873,BLACK MOONSHINE,API42_1
0045808,신의반전,20200326,암,0034428,테스타마타,0029193,상류,6309990,BROKEN VOW,API42_1
0046308,솔레다드,20200303,암,0033119,선더모카신,0038365,파이어러츠갈,6310150,INCLUDE,API42_1
0046560,성은크라운,20200519,수,0027443,컬러즈플라잉,0022861,크라운플래그,0018775,볼포니,API42_1
0045872,상상그이상,20200406,수,6965458,KANTHAROS,0045046,헤일리즈롤리팝,6313589,CUVEE,API42_1
0046598,찬란한불꽃,20200503,암,0032990,한센,0017728,한강제일,0006162,해피째즈밴드,API42_1
3102483,신황태자,20200511,거,3016320,청마시대,3008947,황태자비,-,-,API42_1
0045410,큐피드시크,20200226,암,0025790,피스룰즈,0033118,미네하하시크,0018206,엑스플로잇,API42_1
0045928,골든스나이퍼,20200520,수,0034735,페더럴리스트,0034902,에스키모즈베스트,6256650,BEST OF LUCK,API42_1
0046207,태평무,20200414,암,0036358,애니기븐새터데이,0029393,시홀리,6256074,HENNESSY,API42_1
0046553,모로,20200405,암,0038025,아임유어파더,0031102,그레이트마하,6306441,SUCCESSFUL APPEAL,API42_1
0045937,모닝플로우,20200415,수,0026618,경부대로,0035400,모닝바람세,0031261,사이먼퓨어,API42_1
0046264,모스트래피드,20200323,거,0020256,메니피,0032937,시크릿에센스,6254179,MONTBROOK,API42_1
0022628,앤디스러너,20070315,수,0012684,더그룸이즈레드,0010316,천마총,0006891,로스트마운틴,API42_1
0022877,장군포,20070327,수,0016504,워존,0015133,스위트키드,6306120,UNZIPPED,API42_1
0022796,한얼도,20070601,거,0015095,디스틸드,0005054,동해,6223008,ZEPHYR ACE,API42_1
3011195,천마도,20070411,수,3101043,제주오름,3102740,-,3102386,클라시카,API42_1
3011277,태풍경보,20070618,수,3101043,제주오름,3102736,천하군림,3102386,클라시카,API42_1
0023796,새로운신화,20060926,암,6309981,BIANCONI,6374499,LYONIA,6212075,LYPHARD,API42_1
0023811,태풍질주,20061105,수,6290082,IGLESIA,6772671,KEEP ON DREAMING,6260226,OCTAGONAL,API42_1
0021215,리스펙트,20060415,거,6333375,ALKE,0018675,애플지,6254566,CARSON CITY,API42_1
0021207,히든메신저,20060429,거,0015032,알나바,0015177,아이언바디,6306298,DR. CATON,API42_1
0023342,퍼펙트메이드,20070430,수,0012808,크릭캣,0018824,아워램블링로즈,6306829,DEMALOOT DEMASHOOT,API42_1
0023062,올마이티히트,20070410,수,0008710,컨셉트윈,0013952,딕시스노우,6252266,DIXIE BRASS,API42_1
0021214,어사화,20060318,암,6310302,ROCK AND ROLL,0018678,아워밀플라워,6309744,BOONE'S MILL,API42_1
0023254,풀메이드,20070322,수,0006892,디디미,0012449,어키쓰윈,0008710,컨셉트윈,API42_1
0025536,솔레전드,20070129,암,6307318,TEN MOST WANTED,6432456,REGAL BABY,6214544,NORTHERN BABY,API42_1
0022722,스윙맘보,20070410,암,0015204,에디터인치프,0018181,라이블리앤러브리,6256832,LIVELY ONE,API42_1
3010997,호야,20070201,거,3102390,루카,3100882,로열블러드,-,-,API42_1
3011763,한빛탑,20080216,수,3005576,꿈바위,3007924,검은진주,3102390,루카,API42_1
0021465,빅데이,20060418,수,0007672,리비어,0013905,미스티시,6256302,JUDGE T C,API42_1
0023329,슈퍼선데이,20070317,거,0016519,신코싱귤러,0009512,주노,0007671,사일런트워리어,API42_1
0027228,임페리얼걸,20080412,암,6313610,IMPERIALISM,6964613,WALLENA,6241231,WALLENDA,API42_1
1011969,신의눈,20080521,암,-,-,-,-,-,-,API42_1
0025072,볼드가드니스,20080410,암,6334867,CACTUS RIDGE,0023439,볼드디바,6503815,CONTE DI SAVOYA,API42_1
3011932,서홍대장,20080415,거,3005576,꿈바위,3007314,산길물길,-,-,API42_1
0024704,동사마,20080322,수,0007463,사이코배블,0008740,숱시티래스,6220719,TAUFAN,API42_1
0025334,대산캡틴,20080412,거,0020441,애드캣,0020465,이글로알퍼,6229080,COZZENE,API42_1
1012149,푸름이,20070508,암,-,-,-,-,-,-,API42_1
0027221,브라운레전드,20080119,거,6328809,KAFWAIN,6536318,TALKIN TO DELTA,6241285,DIESIS,API42_1
0024614,빅블루,20080418,거,0018206,엑스플로잇,0020088,핫탭댄서,6253609,DANZERO,API42_1
0024556,코리아캡틴,20080420,암,0020256,메니피,0015448,리걸시스템,6260791,WAYNE COUNTY,API42_1
0024174,최초로,20080427,암,0008710,컨셉트윈,0009409,은비령,0006893,무자지프,API42_1
3012301,태풍동자,20080430,거,3101039,진솔파워,3100783,위드유,3010882,금란지계,API42_1
0025336,실버타이거,20080306,암,0018775,볼포니,0018823,익스클루십앤캐티,6206258,EXCLUSIVE ERA,API42_1
0025355,고스트위스퍼,20080427,거,6340622,GOTHAM CITY,0023516,에미즈럴러바이,6248064,UNBRIDLED'S SONG,API42_1
0024875,풀퀸,20080519,암,6526909,GIACOMO,0023476,골드버즈,6248332,TOUCH GOLD,API42_1
0025183,오백선,20080319,암,6313943,POLLARD'S VISION,0023417,스톨런채드,6229080,COZZENE,API42_1
0025917,승승필승,20090302,수,6307071,PLEASANTLY PERFECT,0023991,퀄리티플라워,6307149,ELUSIVE QUALITY,API42_1
1012683,미래소녀,20080425,암,-,-,-,-,-,-,API42_1
0026679,스토미호크,20090204,수,6771697,SILENT NAME,0023890,스모크겟아이즈,6306725,SMOKESTER,API42_1
0025853,인그란스키,20090329,암,0020379,인그란디어,0016547,립스키,6312696,NAGURSKI,API42_1
0029161,황금대로,20090305,암,6772152,FLASHY BULL,6414576,ONE TOUGH CAT,6256608,MOUNTAIN CAT,API42_1
1012621,두무진,20080411,암,-,-,-,-,-,-,API42_1
1012770,대공원,20090422,암,-,-,-,-,-,-,API42_1
0026457,풀문파티,20090507,암,0020257,비카,0015257,플레티넘와일드캣,6306667,FOREST WILDCAT,API42_1
0029207,하버베이,20090430,수,6345926,ROCKPORT HARBOR,6332426,FOREST BAY,6310103,FORESTRY,API42_1
0026626,마법의제왕,20090301,거,0006892,디디미,0016932,종이섬,6309861,WAY OF LIGHT,API42_1
0027077,새청자,20090408,거,0020441,애드캣,0020465,이글로알퍼,6229080,COZZENE,API42_1
1013122,천마산성,20090407,암,-,-,-,-,-,-,API42_1
0027129,칠옥타브,20090315,암,0021999,포리스트캠프,0020329,올햇,6210758,KRIS S.,API42_1
3012798,고마로,20090421,거,3101050,골든레이스,3100942,바리메특급,-,-,API42_1
1013053,동서신풍,20090926,수,-,-,-,-,-,-,API42_1
0026696,가속행진,20090416,암,0023493,시에로골드,0023497,와일드캣스트라이크,6241722,WILD AGAIN,API42_1
0031017,승부신화,20100324,암,6771297,BLUEGRASS CAT,6378801,ISLAND RHYTHM,6225517,SKIP TRIAL,API42_1
0029192,황금지존,20090502,거,6344814,MEDALLIST,6890219,MILADY SADIE,6306747,MEADOW MONSTER,API42_1
0029296,왕성,20100131,수,6313614,LION HEART,6784464,DEADLY DIVA,6248064,UNBRIDLED'S SONG,API42_1
0028672,엠제이하트,20100218,암,6307315,CONGAREE,0025758,로우지즈걸로어,6307065,MILWAUKEE BREW,API42_1
0028708,빅미사일,20100319,암,0018776,양키빅터,0009738,드림판타지,6229062,MANLOVE,API42_1
3013449,푸른신호,20100530,암,3005576,꿈바위,3100898,종사원,-,-,API42_1
3013403,만석군,20100421,거,3101050,골든레이스,3008948,명문귀족,-,-,API42_1
1013586,신천번개,20100311,수,-,-,-,-,-,-,API42_1
1013527,절대감,20100327,암,-,-,-,-,-,-,API42_1
1013772,제왕지마,20100326,수,-,-,-,-,-,-,API42_1
1013885,얼음궁전,20100728,암,-,-,-,-,-,-,API42_1
0027911,플라잉스파크,20100305,암,0018723,필드아스카,0009405,황색바람,0007672,리비어,API42_1
0028785,싱그러운친구,20100418,거,0018733,비와신세이키,0019848,좋은친구,0015094,버스터즈데이드림,API42_1
0030238,호령제왕,20110330,거,0018771,캐피털스팬딩,0020407,무한나래,0018776,양키빅터,API42_1
0030095,라온에스프리,20110501,암,0025670,원쿨캣,0020063,셰이키그라운드,6210758,KRIS S.,API42_1
1014268,경쾌한,20110423,암,-,-,-,-,-,-,API42_1
0030495,포에버대물,20110413,수,0018206,엑스플로잇,0023424,차밍로망,6241321,GADABOUT,API42_1
1014259,전원마을,20100423,수,-,-,-,-,-,-,API42_1
0030128,중앙의장수,20110313,수,0025790,피스룰즈,0020288,트웬티포캐럿레이,6248332,TOUCH GOLD,API42_1
0030020,와일드러시,20110423,거,0021999,포리스트캠프,0025720,위스콘신걸,6307010,SMART STRIKE,API42_1
0032845,거침없이,20110319,거,6770706,BANDINI,6395430,ANOTHER MULCA,6200434,ALLEN'S PROSPECT,API42_1
0030405,불의전차,20110513,거,0018775,볼포니,0012288,한류,0006162,해피째즈밴드,API42_1
0030483,빅머니,20110422,거,0023957,호크윙,0013576,자미원,0007463,사이코배블,API42_1
0029990,동방의새아침,20110407,암,0020257,비카,0023921,다이아몬드브리나,6250544,BROAD BRUSH,API42_1
0030001,퍼번트스톰,20110430,수,6313654,VALUE PLUS,0028988,퍼번트호프,6313647,STRONG HOPE,API42_1
0032955,금포여장군,20110820,암,6772196,MAGNUS,6533849,MERIBEL,6203467,CENTAINE,API42_1
0030824,아리까리,20110215,거,0012808,크릭캣,0015181,팬시칙스,6286130,JADE ROBBERY,API42_1
0031425,오피데이,20120227,암,0027420,오피서,0021540,디데이,6254101,BELONG TO ME,API42_1
0034560,펄샤인,20120331,수,6771817,DISCREET CAT,6518246,IVY SUMMER,6248061,SUMMER SQUALL,API42_1
0031552,고속질주,20120131,수,0028958,어드마이어돈,0018689,팔런스,6270529,SLEW GIN FIZZ,API42_1
0032398,맥앤치즈,20120407,수,0020256,메니피,0025757,스퀘어드,6307073,POSSE,API42_1
0032351,더퀸실버,20120325,암,0027420,오피서,0023456,문페더,0018206,엑스플로잇,API42_1
0032293,선스트롱,20120409,수,0018775,볼포니,0018706,스트러티직리워드,6479383,BOLD REVENUE,API42_1
0031697,미스터탱크,20120421,수,0013915,아처시티슬루,0018472,모네스타,6257845,PEINTRE CELEBRE,API42_1
3015118,일출,20120620,수,3008298,무한야성,3009898,일출왕국,3005576,꿈바위,API42_1
0034616,메이비플래시,20120405,거,6323227,MR. MABEE,6103813,FLASHY SENORITA,6310260,PEMBROKE,API42_1
0032633,해피사운드,20120323,수,0027443,컬러즈플라잉,0027534,아이즈어글로우,6250544,BROAD BRUSH,API42_1
0031791,오픈뱅크,20120507,거,0018206,엑스플로잇,0015443,카슨시티댄서,6254566,CARSON CITY,API42_1
0032110,플라잉스톰,20120318,거,0006892,디디미,0025529,로열콰이어,6248051,ROYAL ACADEMY,API42_1
0034628,우승하우스,20120305,거,6313613,LIMEHOUSE,6104104,WILLY'S WICKED WAY,6306793,WILL'S WAY,API42_1
3015299,소년대왕,20120201,거,3007168,명문왕자,3010739,상왕,3006679,천리추종,API42_1
0031602,보네블루,20120326,암,0020379,인그란디어,0023881,보네루즈,6309706,MI CIELO,API42_1
0032601,클린업시드,20120328,암,0020256,메니피,0025701,서패스,6306532,CAPE TOWN,API42_1
0032438,대박이,20120214,수,0020253,사쿠라시킹,0017336,스피드걸,0012682,샤프어필,API42_1
3015360,개벽,20120721,수,3008912,참살이,3011101,재벌공주,3101043,제주오름,API42_1
0032258,트리플나인,20120407,수,0024050,엑톤파크,0023437,어리틀포크,6256294,PLEASANT TAP,API42_1
0032214,행운누리,20120421,암,0006892,디디미,0009823,로런즈위너,6221756,TWO DAVIDS,API42_1
0032218,커리클,20120402,거,0012808,크릭캣,0018173,슈가립스,6213475,MISWAKI,API42_1
3015428,일급수,20120629,암,3101050,골든레이스,3006682,둥치,-,-,API42_1
0031644,노던호재,20120423,암,6256647,NORTHERN AFLEET,0030937,호재너즈송,6310199,MALIBU MOON,API42_1
0031716,리틀엔젤스,20120324,암,0027420,오피서,0017702,더블프리미엄,0013915,아처시티슬루,API42_1
1015026,일대천하,20120417,수,-,-,-,-,-,-,API42_1
0031719,태양왕,20120417,거,0028997,리미트리스비드,0012277,왕대산,0006892,디디미,API42_1
1015002,백마강,20110328,수,-,-,-,-,-,-,API42_1
0033961,영원축제,20130422,거,0021999,포리스트캠프,0029416,라이드미투더문,6310199,MALIBU MOON,API42_1
0033195,당대걸작,20130426,거,0025790,피스룰즈,0025788,소오리지널,6269832,GIANT'S CAUSEWAY,API42_1
0036530,위너레드,20130208,거,6310288,PUT IT BACK,6106722,RED HOT JUL,6338867,ESSENCE OF DUBAI,API42_1
0034051,에버에이원,20130416,거,0029419,스트라이크어게인,0029484,걸즈라이크,0039750,퍼지,API42_1
0033157,속도신화,20130222,암,0029318,이글카페,0021236,오마이크릭,0012808,크릭캣,API42_1
1015931,포지션,20120518,암,-,-,-,-,-,-,API42_1
0033403,룰즈,20130412,암,0010426,쾌도난마,0030937,호재너즈송,6310199,MALIBU MOON,API42_1
0033926,창영,20130418,거,0018206,엑스플로잇,0021860,릴리언스펄,6305909,DEPUTY COMMANDER,API42_1
0033657,화이어드림,20130419,수,0021998,피코센트럴,0025812,스펠화이어,6218852,SILVER CHARM,API42_1
0034207,강대강,20130510,거,0029176,델라고브롬,0024138,스페셜레드,0012808,크릭캣,API42_1
0034404,선샤인알파,20130222,수,0029487,샤프휴머,0027527,세미놀선샤인,6231949,INDIAN CHARLIE,API42_1
0034359,쇼트스톱,20130303,거,0030884,스트롬버그칼슨,0029000,노게싱,6310235,MUTAKDDIM,API42_1
0033430,아르고플라잉,20130505,수,0027443,컬러즈플라잉,0018100,프로퍼프로스펙터,6204497,CRAFTY PROSPECTOR,API42_1
0034052,말리부룰러,20130222,거,0025670,원쿨캣,0023441,루너룰러,6310199,MALIBU MOON,API42_1
0034335,벌마의신,20130617,수,0024050,엑톤파크,0023916,벰말루,6257007,WAQUOIT,API42_1
0033257,최강어드벤처,20130401,수,0015095,디스틸드,0020354,파워액트,6240108,GULCH,API42_1
3016233,명품천하,20130331,거,3007357,최고훈장,3010274,임금바위,3005576,꿈바위,API42_1
0035222,알파칸,20140323,수,0020379,인그란디어,0014100,디벌지,6252928,GRAND LODGE,API42_1
0036446,푸른매,20131101,거,6965487,DRUMBEATS,6654089,MISS DIAZ,6240880,SUCCESS EXPRESS,API42_1
0036018,차터드드림,20140205,암,0029487,샤프휴머,0025563,쿠킨아웃,6256494,OUTFLANKER,API42_1
3016362,월라장군,20140328,거,3100989,진흥바람,3007222,왕실공주,-,-,API42_1
3016439,인자요산,20140430,수,3100012,후지전능,3101044,동방희망,3102389,빛의사랑,API42_1
0037981,바람의흔적,20131121,거,6942682,EQUIANO,6109035,GLORIOUS SPIRIT,6323126,HOLD THAT TIGER,API42_1
0038156,뿌듯,20140324,수,6772811,TALE OF EKATI,6520203,PAPIER MACHE,6253898,MARQUETRY,API42_1
0035561,우주정벌,20140420,거,0029293,캡틴콜티시,0024463,기억날그날,0020256,메니피,API42_1
0035574,천지개벽,20140227,거,0018775,볼포니,0023246,청산도,0018776,양키빅터,API42_1
0036226,마이스터고,20140322,수,0023957,호크윙,0023368,코리안경축,6315224,NORTH LIGHT,API42_1
0035192,매니디센던트,20140424,수,0031302,채플로열,0020484,광속처럼,0024050,엑톤파크,API42_1
0035089,구통사,20140211,거,6771706,SPRING AT LAST,0033049,로열치어,6310310,ROYAL ANTHEM,API42_1
0035165,시스푸마위너,20140430,거,0025790,피스룰즈,0023587,쿠든헬프마이셀프,6310148,IMPEACHMENT,API42_1
0038018,삼성불패,20140520,거,6330115,FLOWER ALLEY,6994994,SPLENDID SOUND,6310391,TRIPPI,API42_1
0035198,미르칸,20140424,거,0024050,엑톤파크,0022424,칸의별,0013977,찰리스카즈,API42_1
0035877,제주의하늘,20140210,암,0031274,래칸터,0021264,이상화,0006892,디디미,API42_1
0035909,막강볼트,20140517,수,0025670,원쿨캣,0021899,본언엔젤,6240160,THUNDER GULCH,API42_1
0035960,비바빅토리,20140405,암,0018775,볼포니,0023457,스탠즈위더피스트,6256624,GOLD CASE,API42_1
3016850,음악신화,20140614,암,3101043,제주오름,3012307,신미래,3102390,루카,API42_1
3016892,색달공주,20150117,암,3011133,장백산,3100882,로열블러드,-,-,API42_1
0037307,페네트로,20150512,거,0034426,스파이큘,0020241,피사노샤넬,6277935,MAYANO TOP GUN,API42_1
0036954,아마로네,20150219,암,0020379,인그란디어,0029065,초원의별,6345926,ROCKPORT HARBOR,API42_1
1016899,사자황,20150301,수,-,-,-,-,-,-,API42_1
0036061,돈잇마이,20140515,거,0020257,비카,0011777,돈잇마이웨이,6214551,NORTHERN FLAGSHIP,API42_1
0037984,대동기상,20150207,수,6772788,RUN AWAY AND HIDE,0036288,프리덤싱즈,6256898,PROUD CITIZEN,API42_1
0037769,구름손짓해,20150503,거,0021999,포리스트캠프,0029433,스타어브아바,6333083,SPEIGHTSTOWN,API42_1
0037582,백두퀸,20150425,암,0032990,한센,0018192,플라이퀸,0018206,엑스플로잇,API42_1
0037164,런닝스톰,20150410,수,0032990,한센,0025771,화이브스타수잔,6254178,PENTELICUS,API42_1
3017181,찬란한꿈,20150429,거,3009526,백두장사,3006599,청유림,-,-,API42_1
0037936,상승대한,20150410,거,0028958,어드마이어돈,0026768,상승대청,0009337,포트스톡턴,API42_1
0041604,문학타이거,20160501,수,0041566,투아너앤드서브,6616924,A PRECIOUS MEMORY,6240949,HONOR GRADES,API42_1
0038982,방탄마,20160317,암,0013330,무패강자,0022929,빅토리캠프,6332179,GIMMEAWINK,API42_1
0038880,천세만세,20160411,수,0031305,록하드텐,0013878,테익아웃더실크스,6255992,TAKE ME OUT,API42_1
0041726,케미블루,20160314,수,0038332,커널존,6940696,SHAKE N QUAKE,6310297,RICHTER SCALE,API42_1
3017558,상가으뜸,20160404,수,3009526,백두장사,3009541,역대명장,3006679,천리추종,API42_1
0038733,루킹굿,20160306,수,0034735,페더럴리스트,0029464,퀘일런,6248314,WAGON LIMIT,API42_1
0039168,울트라파워,20160413,거,0033115,유로실버,0034884,돈나구스카,6310433,YONAGUSKA,API42_1
0041619,티케이데이,20170316,암,0036732,머스킷맨,0032915,인디언명운,6231949,INDIAN CHARLIE,API42_1
0040540,와칸다,20170305,수,0026618,경부대로,0023908,그린메일,6250547,RED RANSOM,API42_1
3017891,볼트머신,20160521,거,3100316,진흥상어,3006637,초록향기,-,-,API42_1
0043602,블루키톤,20170220,거,6971298,PALACE MALICE,6984949,EGOT,6254561,DEHERE,API42_1
0043582,마이티고,20170311,거,0046317,레이스데이,0040059,레보레이디,6310094,FIVE STAR DAY,API42_1
0040479,뉴문워리어,20170214,거,0025790,피스룰즈,0036621,뉴문온먼데이,6310199,MALIBU MOON,API42_1
0043576,큐피드미션,20170403,수,6784756,MISSION IMPAZIBLE,6802813,CREEK GIRL,6307149,ELUSIVE QUALITY,API42_1
0040849,교룡득수,20170306,수,0032990,한센,0024553,승리의함성,0020257,비카,API42_1
3018225,일삼친,20170224,거,3009526,백두장사,3013225,일상,3008298,무한야성,API42_1
3017875,작은향기,20160421,암,3009526,백두장사,3009196,정성,3102389,빛의사랑,API42_1
0041855,맨오브톱,20170425,거,6106389,SEVILLE,6929881,NANA KNOWS,6313042,GOLD TRIBUTE,API42_1
0040798,원앤온리,20170330,암,0032990,한센,0025745,스위트메리티,6306877,SIPHON,API42_1
3018243,황금문명,20160517,암,3009296,푸른대왕,3011606,신의제왕,3101043,제주오름,API42_1
0040602,조이브라더,20170308,거,0025790,피스룰즈,0026457,풀문파티,0020257,비카,API42_1
3018291,청룡신화,20170527,거,3015307,명가황제,3012904,삼다명성,3005652,제주명성,API42_1
0040826,고블린,20170418,거,0029419,스트라이크어게인,0029000,노게싱,6310235,MUTAKDDIM,API42_1
0041239,청담드라이브,20170423,수,0031305,록하드텐,0025763,쇼어워크드라이브,6310104,FORMAL GOLD,API42_1
0040723,에이원스,20170321,암,0020256,메니피,0022036,에이피란스,6256541,ADJUDICATING,API42_1
0042399,퀸오브베스트,20180215,암,0039750,퍼지,0032943,유아더베스트,6261076,STAY GOLD,API42_1
0042825,흥드림,20180325,거,0034428,테스타마타,0023605,싱가포르드림,6256647,NORTHERN AFLEET,API42_1
0044938,마이티뉴,20170919,거,6772157,RED GIANT,6130166,OUTRAGE,6286134,ZERPOUR,API42_1
0042628,원더풀킹,20180315,수,0036358,애니기븐새터데이,0030925,고속성장,6772775,STREET BOSS,API42_1
0043356,파크윈,20170501,수,0036735,디바인파크,0022695,천상의여왕,0008710,컨셉트윈,API42_1
0043410,화이트참,20180324,거,0038391,카우보이칼,0029800,펠리시티,0020257,비카,API42_1
0042916,치프인디,20180406,수,0039742,테이크차지인디,0036623,시티스플래쉬,6310017,CITY ZIP,API42_1
0045118,러블리케이,20180424,암,6106383,CAIRO PRINCE,6113589,MEDICINE BUTTE,0037972,올드패션드,API42_1
0043201,로열로드,20180309,거,0039737,어플릿익스프레스,0031973,오피서레이디,0027420,오피서,API42_1
0042132,라스트보스,20180324,수,0039742,테이크차지인디,0016780,신속돌파,6312690,LINDO SHAVER,API42_1
0042918,어서와,20180411,수,0038391,카우보이칼,0033030,허드잇비포,6309728,PULPIT,API42_1
0042354,벌말대장,20180122,수,0038332,커널존,0036641,제스프릿,6771774,CURLIN,API42_1
0045673,굿필승,20180426,수,6306749,DISTORTED HUMOR,6125327,ROSSEZZA,6313618,MEDAGLIA D'ORO,API42_1
0043070,젤로스,20180415,암,0023493,시에로골드,0029425,브리짓스드림,6240108,GULCH,API42_1
0042191,얼라이브스타,20180418,거,0027443,컬러즈플라잉,0038397,라이트그립,6231944,QUIET AMERICAN,API42_1
3018891,명경지수,20190212,암,3009526,백두장사,3014879,장한기상,3008912,참살이,API42_1
0044802,걸작드림,20190321,암,0032990,한센,0030901,멀티럭,6772785,ZANJERO,API42_1
0044601,유레카,20190327,수,0033119,선더모카신,0034902,에스키모즈베스트,6256650,BEST OF LUCK,API42_1
0043778,멋진기록,20190208,거,0038332,커널존,0023347,그레이톰보이,0027420,오피서,API42_1
0043799,케이엔티즈원,20190225,거,0034835,티즈원더풀,0034915,백스터홀,6253079,RAHY,API42_1
0044335,불의신화,20190410,거,0027443,컬러즈플라잉,0027924,허리케인점프,0018207,커멘더블,API42_1
0044585,슈퍼크랙,20190426,거,0036693,토우트,0038386,화이트헤븐,6248064,UNBRIDLED'S SONG,API42_1
0044374,스페셜히어로,20190413,암,0036358,애니기븐새터데이,0025929,롱런드림,0023493,시에로골드,API42_1
0043920,정문파파고,20190314,거,0038391,카우보이칼,0029360,설트리조스키,6255102,SULTRY SONG,API42_1
0046273,제우시대,20200425,암,0038391,카우보이칼,0021864,애비,6290758,REDOUTE'S CHOICE,API42_1
0045101,콰이어트참,20190314,암,0038391,카우보이칼,0036339,콰이어트시크릿,6231944,QUIET AMERICAN,API42_1
0045835,드림스카이,20200325,암,0040086,위드디스팅션,0027527,세미놀선샤인,6231949,INDIAN CHARLIE,API42_1
3102267,남문대로,20200213,거,3016320,청마시대,3011070,고도화,3005576,꿈바위,API42_1
3102808,봉성여걸,20190509,암,3013695,황산벌,3014425,봉성명가,3007112,산방굴사,API42_1
0045818,새내칸,20200405,수,0033119,선더모카신,0030377,에이스더블,0018207,커멘더블,API42_1
0046237,용비천,20200528,암,0021079,블루핀,0021457,매직치프,6254176,WILD EVENT,API42_1
0045596,매직스위티,20200309,암,0028533,매직댄서,0030499,우아등선,0020256,메니피,API42_1
3102258,원평천하,20200216,암,3100032,성읍오름,3016601,군림천하,3007718,특별도시,API42_1
3101993,초록길,20200117,암,3100989,진흥바람,3014879,장한기상,3008912,참살이,API42_1
0046776,피엔에스주,20210226,암,0033566,파워블레이드,0032396,주얼리파티,6888967,DESERT PARTY,API42_1
0046962,퀸즈로드,20210307,암,0027443,컬러즈플라잉,0039051,흥오름,0020256,메니피,API42_1
0021173,슈퍼블루,20061026,암,6310357,STORM CREEK,0020156,바라카,6240830,FALTAAT,API42_1
0021654,불라바,20060328,거,0005331,피어슬리,0018142,랩포트,6240108,GULCH,API42_1
0023460,아웃앤드어바웃,20060406,거,6256494,OUTFLANKER,6603479,SEND ME ROSES,6228252,BATES MOTEL,API42_1
0022230,문프린세스,20070305,암,0016529,볼레로,0013478,리틀프린세스,0006892,디디미,API42_1
0023535,네크로맨서,20060422,수,6717123,AIR EMINEM,6772123,I AM THE FILLY,6257940,SYMBOLI RUDOLF,API42_1
0023377,행복웃음,20070316,거,0016504,워존,0015154,포멀스틱,6252236,FORMAL DINNER,API42_1
0020886,골든로즈,20060314,암,0015094,버스터즈데이드림,0006543,팝스애플,6205209,DIGANGI'S GRINDER,API42_1
1010972,행운아,20070207,수,-,-,-,-,-,-,API42_1
3009449,동대문의꿈,20050501,거,3006679,천리추종,3008947,황태자비,-,-,API42_1
0023108,쨍하고뜨는해,20070401,암,0008710,컨셉트윈,0004693,구월산,6221533,TRISTALIGHT,API42_1
0022509,햇빛찬란,20070314,암,0018775,볼포니,0007800,프리티풋,6219105,SLEW O' THE NORTH,API42_1
0025492,커포우트룰스,20070418,거,6770748,ROMAN RULER,6309162,CAPOTE LADAY,6248006,CAPOTE,API42_1
3011579,세계건각,20070512,암,3005576,꿈바위,3100921,선양일호,-,-,API42_1
1011491,절정,20070503,수,-,-,-,-,-,-,API42_1
0025634,부경에이스,20070912,거,6306413,GREENWOOD LAKE,6637533,RUSSAMI,6251199,BRIEF TRUCE,API42_1
0025680,동광일출,20071007,거,6518147,POSTPONED,6874811,VETTORI TYCOON,6285611,VETTORI,API42_1
0022328,한양천리,20070329,거,0009337,포트스톡턴,0009198,클래시돌,6217026,REGAL INTENTION,API42_1
0023344,플라이백,20070225,암,0016504,워존,0013863,아일랜드메이든,6256145,GENERAL SILVER,API42_1
3011849,제일명성,20080407,수,3100948,한멋,3100934,한라제,-,-,API42_1
3011857,향파두리,20080312,거,3101043,제주오름,3008948,명문귀족,-,-,API42_1
3011965,상승일마,20070707,거,3005652,제주명성,3100903,용눈이으뜸,-,-,API42_1
1012004,백연화,20080317,암,-,-,-,-,-,-,API42_1
0027288,지상전,20080130,수,6256294,PLEASANT TAP,6522816,SWEAP CLEAN,6254113,END SWEEP,API42_1
0024787,승승만승,20080209,수,0015094,버스터즈데이드림,0008747,듀허스트하우스,6205939,EMARATI,API42_1
0027357,왕의선물,20080412,거,6529192,D'WILDCAT,6535909,D HAIL MARY,6240821,DEFENSIVE PLAY,API42_1
0024542,월드킹카,20080414,수,0018775,볼포니,0018119,리걸멕,6254580,REGAL CLASSIC,API42_1
0024913,하이웰,20080414,수,0020253,사쿠라시킹,0008053,해피데이,6211843,LORD VAIN,API42_1
0024762,실비아그린,20080301,암,0018776,양키빅터,0018716,마라퀸,6306667,FOREST WILDCAT,API42_1
3012452,돌풍바람,20080420,암,3101045,빛을향해,3101052,제주심볼,3102389,빛의사랑,API42_1
0025369,빅버드,20080316,암,0007671,사일런트워리어,0008476,우리두리,0004382,야마노스키,API42_1
1012397,독주세력,20080619,수,-,-,-,-,-,-,API42_1
1012475,아름다운,20080516,암,-,-,-,-,-,-,API42_1
0024946,정상제패,20080501,수,0020257,비카,0006566,스탠스펠리사이트,6219728,STANSTEAD,API42_1
3012508,근두운,20080709,암,3102390,루카,3102492,-,-,-,API42_1
1012416,귀족장식,20080515,수,-,-,-,-,-,-,API42_1
0027516,아이고버,20080831,수,6771721,DUELLED,6647042,PRIZERING,6241024,PRIZED,API42_1
0026199,개선강자,20090313,수,0020441,애드캣,0010697,집시주얼,6241024,PRIZED,API42_1
0026131,신흥대로,20090416,수,6306438,BATTLE LINE,0023880,위아워스,6254534,NORTHERN TASTE,API42_1
0026418,아폴로,20090301,수,6772166,MR. SEKIGUCHI,0023950,스페셜플레이시즈,6256164,MR. GREELEY,API42_1
0029137,리드핸즈톰,20090331,거,6523444,MO MON,6965402,FALSIFY,6240830,FALTAAT,API42_1
0026770,뷰티풀댄서,20090310,암,0020256,메니피,0012106,애머랜스,0009338,퓨처퀘스트,API42_1
0029120,찬기파랑,20090425,암,6248332,TOUCH GOLD,6639377,VICTORY ROLL,6204998,DEERHOUND,API42_1
0026665,샤이닝퓨처,20090325,암,6338505,SILVER TRAIN,0023895,줄리엣즈키스,6256185,KISSIN KRIS,API42_1
0026470,스위트뮤직,20090301,암,0021998,피코센트럴,0022151,퍼펙트실렉션,6310140,HIGH YIELD,API42_1
0026172,뉴월드퀸,20090313,암,6770706,BANDINI,0023897,틴젤비츠,6248064,UNBRIDLED'S SONG,API42_1
0026859,스팬딩투미,20090501,암,0018771,캐피털스팬딩,0020148,마필레,6254101,BELONG TO ME,API42_1
3013010,강국,20090515,거,3101050,골든레이스,3100813,천라지마,-,-,API42_1
0029217,바다축제,20090315,수,6310150,INCLUDE,6529239,WINDBORNE,6306667,FOREST WILDCAT,API42_1
0027082,천하특급,20090429,수,0020441,애드캣,0020446,파이어더데퓨티,6205084,DEPUTY MINISTER,API42_1
0026993,미사일삭스,20090409,거,0020226,메이세이오페라,0018146,익스체인징그랜스,6252223,SILVER GHOST,API42_1
0026671,청춘불패,20090315,거,6307065,MILWAUKEE BREW,0023896,플래시드스타,6313160,PLACID FUND,API42_1
0026478,천년의비상,20090311,수,0016504,워존,0008738,퀸테사,6217308,RISK ME,API42_1
1013167,천미천,20090404,수,-,-,-,-,-,-,API42_1
0029348,강자의힘,20091108,거,6241228,VOLKSRAAD,6949469,SONATINA,6208492,GROSVENOR,API42_1
0027989,타키온,20100215,거,0021998,피코센트럴,0018472,모네스타,6257845,PEINTRE CELEBRE,API42_1
0028341,퀸즈스텝,20100408,암,6323281,CONSOLIDATOR,0025723,위시미석세스,6306441,SUCCESSFUL APPEAL,API42_1
0027745,동방태양,20100330,암,0021998,피코센트럴,0013782,미스지알러지,6246817,JADE HUNTER,API42_1
0028611,라이징파크,20100429,암,0024050,엑톤파크,0020432,코지맥신,6229080,COZZENE,API42_1
0028061,한양을가자,20100305,거,0018733,비와신세이키,0013886,스테이지캣,6255557,DISTINCTIVE CAT,API42_1
0031068,인천쓰나미,20100502,거,6310433,YONAGUSKA,6616057,GOLDEN DIVA,6268229,GOLD FEVER,API42_1
3013445,일천비마,20100512,거,3101043,제주오름,3100921,선양일호,-,-,API42_1
0031128,노바디캐치미,20100411,거,0040086,위드디스팅션,6395901,NANA'S BABE,6200434,ALLEN'S PROSPECT,API42_1
0028014,스피릿파워,20100219,암,0018775,볼포니,0018117,로우스스피릿,6306732,SOUVENIR COPY,API42_1
0031130,홀드더머스터드,20100424,수,6771654,HENNY HUGHES,6382517,SPEAK HALORY,6222049,VERBATIM,API42_1
0029337,켄터키영웅,20100310,거,6309990,BROKEN VOW,6576080,BROWN EYED LASS,6241371,KNOWN FACT,API42_1
0028857,제일잘나가,20100323,거,0013970,다이스댄서,0021996,샤프터레인,6278382,MONTJEU,API42_1
0028529,우먼차트,20100508,암,0018783,야후디,0020497,아토믹캣,6258234,CATBIRD,API42_1
1013862,닭마루,20100314,수,-,-,-,-,-,-,API42_1
0027741,빅메이저,20100220,암,0018206,엑스플로잇,0023952,비저블스트라이크,6306725,SMOKESTER,API42_1
0031174,담양미소,20100421,암,6772808,LEWIS MICHAEL,6833173,MEET THE PRINCESS,6254569,GENERAL MEETING,API42_1
0032687,황금탑,20110314,수,0034835,티즈원더풀,0033061,라튤립프,6218857,SILVER DEPUTY,API42_1
0027642,백두령,20100226,거,0024033,러닝스태그,0020447,리스닝스프링스,6256656,WEKIVA SPRINGS,API42_1
3013923,사이사이,20100612,수,3005652,제주명성,3008788,고전문학,-,-,API42_1
3014145,대찬걸음,20110220,암,3008298,무한야성,3100884,단기필승,-,-,API42_1
0028237,팀워크,20100322,수,0024050,엑톤파크,0016881,광열한,6310360,STORMIN FEVER,API42_1
1014053,광령신화,20110313,암,-,-,-,-,-,-,API42_1
3014252,연승기류,20100820,수,3101050,골든레이스,3101022,-,3102386,클라시카,API42_1
0030118,여전사,20110429,암,0020256,메니피,0022167,스틸홈,6256904,CAME HOME,API42_1
0030104,조이너캡틴,20110227,거,0024050,엑톤파크,0025722,리버멜로디,6375622,KEOS,API42_1
0029516,무쇠,20110517,수,0018723,필드아스카,0018612,실로레인,6255064,BOUNDARY,API42_1
0032750,왕대,20110204,거,6771297,BLUEGRASS CAT,6965183,BELSAY,6211476,LEO CASTELLI,API42_1
0032889,클린업조이,20110223,거,0039750,퍼지,6965876,GRETA'S JOY,6310161,JOYEUX DANSEUR,API42_1
0029634,통합영웅,20110327,수,0025670,원쿨캣,0021750,패션프루트,6247995,ALPHABET SOUP,API42_1
0030541,정상미르,20110322,수,0021998,피코센트럴,0016700,센세이셔널뷰티,6225516,SKIP AWAY,API42_1
3014652,꼬마여왕,20110619,암,3009526,백두장사,3008074,미소지움,-,-,API42_1
1014644,추억여행,20110302,암,-,-,-,-,-,-,API42_1
0030332,마하챔프,20110410,암,0025670,원쿨캣,0018677,그랜드초이스,6310132,GRAND SLAM,API42_1
0029699,굿터치,20110416,암,0018206,엑스플로잇,0013762,위버스리틀빅슨,6201480,BASKET WEAVE,API42_1
0030070,원일강자,20110407,수,0038391,카우보이칼,0027565,실버엔새틴,6218857,SILVER DEPUTY,API42_1
0030556,대돌파,20110409,암,0023493,시에로골드,0014667,전열,0009336,타임스타,API42_1
1014707,용천수,20100414,암,-,-,-,-,-,-,API42_1
0030445,기쁨해,20110418,수,0020441,애드캣,0011734,위빗오브스카치,6209076,HIGHLAND BLADE,API42_1
0030142,삼라만상,20110311,암,0012684,더그룸이즈레드,0018414,맥키세스쿨,6412243,FINN MCCOOL,API42_1
0029728,광속,20110702,수,0018723,필드아스카,0013876,크리스티나즈스타,6256185,KISSIN KRIS,API42_1
3014873,인어공주,20120318,암,3008912,참살이,3009534,백호화랑,3005576,꿈바위,API42_1
0031569,더블럭키,20120409,수,0020256,메니피,0022187,노티네이,6248064,UNBRIDLED'S SONG,API42_1
0032352,퓨리어스파크,20120305,수,6965458,KANTHAROS,0029401,보울오브에머랄즈,6247992,A.P. INDY,API42_1
0031430,가속불패,20120323,거,0007463,사이코배블,0011530,허니비,0005332,프로포슈어,API42_1
0031631,바람의전설,20120218,수,0020257,비카,0021949,야카비,6254113,END SWEEP,API42_1
0031738,쎈스카이,20120515,거,6881521,GOSHAWK KEN,0029380,블루스카이송,6204497,CRAFTY PROSPECTOR,API42_1
0032286,딕시스마일,20120518,암,0018771,캐피털스팬딩,0013952,딕시스노우,6252266,DIXIE BRASS,API42_1
0032437,호위무사,20120323,수,0012808,크릭캣,0018413,더블즈릴리,6253447,GILDED TIME,API42_1
0031499,로열빅토리,20120428,거,0018206,엑스플로잇,0011119,구룡령,0007672,리비어,API42_1
0032430,플라멩코,20120328,수,6772778,MAJESTIC WARRIOR,0030880,러셔쉐이,6253079,RAHY,API42_1
0032064,라이징브라보,20120218,거,6771817,DISCREET CAT,0029465,브랜디레이크,6253446,MEADOWLAKE,API42_1
0031775,드림킹,20120521,거,0023957,호크윙,0023422,실버리뷰,6218851,SILVER BUCK,API42_1
0031378,보라존,20120313,암,0012808,크릭캣,0015295,노달,6228130,THEATRICAL,API42_1
0031657,허리케인포스,20120225,암,0015791,시크릿웨펀,0023844,일출광야,6314516,HONOURS LIST,API42_1
0031805,빅뱅비드,20120323,수,0028997,리미트리스비드,0007517,미호빅뱅,0005331,피어슬리,API42_1
0032401,임패션드마린,20120409,암,0020257,비카,0016751,임패션드댄서,6254586,ROBYN DANCER,API42_1
0033000,샤프아메리칸,20120222,수,0029487,샤프휴머,6447123,AFLEET CHANGE,6241703,TIME FOR A CHANGE,API42_1
0032180,강호드림,20120319,거,0020458,에브리데이이즈,0020282,미즈솔티앤,6253916,SALT LAKE,API42_1
0033542,퍼펙트러버,20130407,거,0025670,원쿨캣,0023410,오피스어타이어,6250563,DYNAFORMER,API42_1
3015391,존재감,20120309,수,3009526,백두장사,3010416,수월한,3005576,꿈바위,API42_1
0034854,왕의대로,20130407,수,0038332,커널존,6106507,WILDWIFE,6346208,WILD GALE,API42_1
3015722,추정,20130526,암,3011133,장백산,3100811,녹산장,-,-,API42_1
0036373,카우보이캡틴,20130129,거,0038391,카우보이칼,6106646,LOVE YA BYE,6251328,IN EXCESS,API42_1
0034170,메니뮤직,20130215,암,0020256,메니피,0027526,모닝뮤직,6310347,SONGANDAPRAYER,API42_1
0034179,하이유레카,20130303,거,0006892,디디미,0023459,태양의마법사,6310228,MORE THAN READY,API42_1
0034108,로드셀,20130410,암,0024050,엑톤파크,0015181,팬시칙스,6286130,JADE ROBBERY,API42_1
0033676,레인스카이,20130317,암,0027420,오피서,0023730,박스우드,6241725,WOODMAN,API42_1
0036560,페르디도포머로이,20130326,거,6566349,POMEROY,0036686,볼디스트어브올,6309985,BOLD EXECUTIVE,API42_1
0033208,프라임골드,20130403,수,0029487,샤프휴머,0029461,퍼리지안,6252928,GRAND LODGE,API42_1
0033540,천왕별,20130531,수,0006892,디디미,0023938,솔트에스테,6309478,OLD TRIESTE,API42_1
0036521,번개파이터,20130405,거,6964685,HAYNESFIELD,6104323,HOLLINS COLLEGE,6323102,YANKEE GENTLEMAN,API42_1
0033687,리틀라이트,20130520,암,0025790,피스룰즈,0018108,나의사랑,6258587,DESERT KING,API42_1
3016113,서우봉,20120529,수,3010272,왕족,3100783,위드유,3010882,금란지계,API42_1
0033582,새벽불꽃,20130430,거,0018733,비와신세이키,0014247,부하라,0006891,로스트마운틴,API42_1
0036564,터프컨트리,20130510,거,0041868,제이피즈거스토,6801543,LITTLE BRISTOL,6240160,THUNDER GULCH,API42_1
0034076,선마스터,20130227,수,0025790,피스룰즈,0025784,코인도르,6248064,UNBRIDLED'S SONG,API42_1
3016262,태자,20140314,거,3101050,골든레이스,3012130,가보,3005576,꿈바위,API42_1
3015821,필승,20130328,거,3008912,참살이,3009932,자유도시,3102389,빛의사랑,API42_1
0035206,아이스마린,20140310,암,0027420,오피서,0031309,런케리포인트,6269832,GIANT'S CAUSEWAY,API42_1
0035430,명신파워,20140327,거,0018206,엑스플로잇,0020356,샤구프,6241285,DIESIS,API42_1
0035442,혜성여왕,20140201,암,0029482,와이와이와이,0018619,베터데이즈,6256073,GLITTERMAN,API42_1
0035535,스마트파크,20140329,암,6772159,AFTER MARKET,0033042,언서패스트,6240166,UNBRIDLED,API42_1
3016327,제일여왕,20140425,암,3008912,참살이,3007115,검문도,-,-,API42_1
0035920,백두봉,20140220,거,0027420,오피서,0020290,글로리어스돈,6307149,ELUSIVE QUALITY,API42_1
0035754,심청사달,20140416,거,0027420,오피서,0018789,올어바웃어드림,6252720,FUSAICHI PEGASUS,API42_1
0035263,레이첼,20140314,암,0028997,리미트리스비드,0032678,라비치스,6310103,FORESTRY,API42_1
0036030,골든게이트,20140502,거,0029487,샤프휴머,0022301,신천여걸,0018776,양키빅터,API42_1
0038103,성파,20140202,수,6964704,DISCREETLY MINE,0044960,어바이드,6261339,TIZNOW,API42_1
3016567,불사요정,20140428,암,3009526,백두장사,3011888,태후독주,3101043,제주오름,API42_1
0036084,초원여전사,20140303,암,0020257,비카,0013575,다이아몬드퀸,0009337,포트스톡턴,API42_1
0035213,불후의명곡,20140326,거,0025790,피스룰즈,0029358,시에너즈아너,6240949,HONOR GRADES,API42_1
0038216,아치아치,20140425,거,0040056,아치아치아치,6828922,ALY'S SWEET SHEBA,6256089,TWINING,API42_1
0036435,희망의노래,20140310,암,0020379,인그란디어,0021861,레이첼스초이스,6268229,GOLD FEVER,API42_1
0033156,킹스톰,20130218,암,0018206,엑스플로잇,0027451,엔들리스헤로인,6257863,OATH,API42_1
0035686,넌감동이야,20140411,거,6323916,SCIPION,0032972,프렌치내니,6259885,LOUIS QUATORZE,API42_1
0034948,볼드나이너,20140404,암,0029487,샤프휴머,0025715,세이버리,6228139,SKYWALKER,API42_1
1016751,대한이호,20140520,암,-,-,-,-,-,-,API42_1
0035433,슈퍼스틸,20140402,암,0025790,피스룰즈,0023759,클래식스틸,6256074,HENNESSY,API42_1
3016859,보물선,20140618,수,3007989,빙호,3011730,큰박수,3101043,제주오름,API42_1
0035183,지란지교,20140419,암,0029287,맘보트레인,0011698,모닝자바,6241356,JAVA GOLD,API42_1
0037698,대호명가,20150420,거,0028958,어드마이어돈,0018788,명가의후예,6309983,BLACK MINNALOUSHE,API42_1
0039867,이겨주마,20150419,거,6795075,SUPER SAVER,6970686,DONNAY,6306756,EMPIRE MAKER,API42_1
0039986,이스트팔로스,20150416,수,0041566,투아너앤드서브,6327870,SILVER CHARADES,6250544,BROAD BRUSH,API42_1
0037583,백두의정상,20150514,거,0031305,록하드텐,0013860,허니케익스,6256074,HENNESSY,API42_1
0037495,플라잉조이,20150420,수,0029482,와이와이와이,0033100,캐쥬얼애티튜드,6310104,FORMAL GOLD,API42_1
0037530,강화총각,20150417,수,0025790,피스룰즈,0013665,미러클윈,6254812,IROQUOIS PARK,API42_1
0037589,파워풀핏,20150411,거,6974822,POWER BROKER,0036306,인티미시미,6307073,POSSE,API42_1
0036795,미스터스캣,20150130,거,6771696,SCAT DADDY,0034828,유어텀,6205296,DIXIELAND BAND,API42_1
3017057,영원한,20150418,암,3100032,성읍오름,3011624,달공주,3007120,운명의한판,API42_1
0041593,흥복드림,20160126,거,6988001,VERRAZANO,6980068,CANDY CAT CAN,6258011,LANGFUHR,API42_1
3017427,천중천,20150722,거,3100061,진흥축산,3102736,천하군림,3102386,클라시카,API42_1
0037749,오션피닉스,20150605,암,0020256,메니피,0021729,오션쿠키,6248001,BOSTON HARBOR,API42_1
0040110,대박행진,20160417,암,6102795,JIMMY CREED,6981071,SHE'S AN ALPHA GAM,6240160,THUNDER GULCH,API42_1
0038575,장산플라이,20160206,거,0027443,컬러즈플라잉,0023926,스톨른미스,6213475,MISWAKI,API42_1
0039214,천년의비,20160514,암,0024050,엑톤파크,0023005,조셉핀,0018775,볼포니,API42_1
0039008,원더풀트루스,20160416,암,0034428,테스타마타,0023319,예스트라이크,6310432,YES IT'S TRUE,API42_1
0039314,마이호크,20160425,수,0036299,프라이빗보우,0024762,실비아그린,0018776,양키빅터,API42_1
0038539,만석지기,20160220,수,6970674,PAYNTER,0036674,로희,6964308,PIONEEROF THE NILE,API42_1
3017785,백두세상,20160429,암,3007168,명문왕자,3100891,한백연결,-,-,API42_1
3017607,당찬,20160419,암,3009526,백두장사,3011595,이사금,3101043,제주오름,API42_1
0039201,서부캣,20160407,수,6771817,DISCREET CAT,0036694,드빌,6310266,PETIONVILLE,API42_1
1017866,갈색여걸,20160527,암,-,-,-,-,-,-,API42_1
0041894,샤크짱,20170328,수,6103964,NEW YEAR'S DAY,6104738,DANCE OVER,6771688,HARD SPUN,API42_1
3018076,정우일호,20170406,거,3014517,너울,3013763,광화문,3005576,꿈바위,API42_1
0040738,검포,20170404,수,0032990,한센,0036646,템파르니요,6313939,BORREGO,API42_1
0040530,연희일출,20170226,암,0034835,티즈원더풀,0026440,빅타임,0018776,양키빅터,API42_1
1018149,한란,20160307,암,-,-,-,-,-,-,API42_1
1017964,검은바다,20160429,암,-,-,-,-,-,-,API42_1
0043590,프리맥스,20170401,수,0046317,레이스데이,6856114,STATELY APPEAL,6306441,SUCCESSFUL APPEAL,API42_1
0041177,선파이팅,20170430,암,0031305,록하드텐,0021860,릴리언스펄,6305909,DEPUTY COMMANDER,API42_1
0040909,이스트제트,20170411,거,0029419,스트라이크어게인,0018701,렌드,6248324,CORONADO'S QUEST,API42_1
0040726,퀸오브더월드,20170302,암,0034735,페더럴리스트,0032943,유아더베스트,6261076,STAY GOLD,API42_1
0040554,탐라황후,20170310,암,0021999,포리스트캠프,0026729,임자도,0018783,야후디,API42_1
0041206,쿠레레쿠스,20170527,거,0031305,록하드텐,0023746,허니팟,6252720,FUSAICHI PEGASUS,API42_1
3018340,블루명성,20170525,암,3012382,쾌속장타,3100069,신민오름,3101043,제주오름,API42_1
0042364,블루카슨,20180314,암,0039742,테이크차지인디,0021727,카슨즈캣,6256608,MOUNTAIN CAT,API42_1
3018263,경성의별,20170420,암,3009526,백두장사,3013541,신천비행,3005576,꿈바위,API42_1
0042381,킹비드,20180407,수,0028997,리미트리스비드,0011363,정보왕,0008710,컨셉트윈,API42_1
0043117,온누리질주,20180425,수,0027420,오피서,0025905,온누리플라자,6248332,TOUCH GOLD,API42_1
3018694,초능력,20180126,거,3009526,백두장사,3011714,황해여걸,3005576,꿈바위,API42_1
0042958,여수토네이도,20180426,거,0037972,올드패션드,0025018,블랙토네이도,0018206,엑스플로잇,API42_1
0045145,바벨드리머,20180309,거,6996390,HE'S HAD ENOUGH,6109468,GHOST RIVER,6313602,GHOSTZAPPER,API42_1
0045110,별나라질주,20180117,거,6112215,LAOBAN,6128303,LOOKSGOODFROMHERE,6310109,FREUD,API42_1
0043477,매직그레이스,20190326,암,0028533,매직댄서,0030499,우아등선,0020256,메니피,API42_1
0043796,더리퍼,20190209,거,0032990,한센,0026257,제이스톤,0008710,컨셉트윈,API42_1
3018992,서머루,20180526,거,3100061,진흥축산,3011585,선양찬가,3005576,꿈바위,API42_1
0044388,블루캡틴,20190302,거,0032990,한센,0012504,씨즈메리,6203443,CEE'S TIZZY,API42_1
0043857,최강마린,20190220,거,0021999,포리스트캠프,0027592,두승산,6325196,QUEST,API42_1
0044702,핼러윈파티,20190224,거,0038391,카우보이칼,0036305,올태피드인,6313649,TAPIT,API42_1
0043870,콩코드퀸,20190329,암,0038387,콩코드포인트,0031314,백두캣,6771817,DISCREET CAT,API42_1
0043829,우주의봄,20190302,암,0032990,한센,0030005,앰버고,0025790,피스룰즈,API42_1
0044467,피엔에스더킹,20190425,거,0020256,메니피,0034887,어메이징서프라이,6309728,PULPIT,API42_1
0044048,한강히어로,20190310,암,0039742,테이크차지인디,0027215,록킹룰러,0025790,피스룰즈,API42_1
3102362,탐라의힘,20190630,암,3014974,터보킹,3009898,일출왕국,3005576,꿈바위,API42_1
3019021,대청봉,20190507,거,3100316,진흥상어,3100905,제주마당,-,-,API42_1
3100557,햇살정기,20190608,암,3100061,진흥축산,3010449,일류군왕,3101042,제왕의리더,API42_1
0043957,트레비트,20190306,수,0027443,컬러즈플라잉,0031493,파워앤스피드,0025790,피스룰즈,API42_1
0045303,원평킬라,20200221,수,6115212,GOOD SAMARITAN,0044981,킬라리드,6340178,CANDY RIDE,API42_1
0044732,고마나루,20190211,거,0021239,연승대로,0026716,펠로스글로리,0020253,사쿠라시킹,API42_1
0045436,낙동전사,20200322,거,0034428,테스타마타,0023319,예스트라이크,6310432,YES IT'S TRUE,API42_1
0045994,런던에이스,20200211,암,0039742,테이크차지인디,0024222,에이원,0018206,엑스플로잇,API42_1
0044401,코스모킹,20190425,거,0036358,애니기븐새터데이,0021529,초원드림,0006892,디디미,API42_1
3101709,거친바다,20190427,수,3100061,진흥축산,3009587,번영로,3005576,꿈바위,API42_1
0045404,정우포에버,20200410,거,0039742,테이크차지인디,0024436,마이티포에버,0018776,양키빅터,API42_1
0045538,영광의터치,20200219,거,6112210,TOURIST,0044976,미미스블링,6309978,BERNSTEIN,API42_1
3101372,금지옥엽,20180530,암,3100061,진흥축산,3017008,여제,3009526,백두장사,API42_1
0045981,드림플레이,20200506,수,0038391,카우보이칼,0036611,에이티파이브에스,6247995,ALPHABET SOUP,API42_1
0046036,투큐트걸,20200405,암,0039742,테이크차지인디,0025792,투큐트투부트,6309728,PULPIT,API42_1
3101672,삼다재건,20200407,암,3015307,명가황제,3013363,백호태후,3005576,꿈바위,API42_1
0045417,아리온퀸,20200325,암,0036358,애니기븐새터데이,0026630,광야일출,0021999,포리스트캠프,API42_1
0045811,케이엔골든킹,20200403,수,0034735,페더럴리스트,0040205,트룰레이드빌,6310432,YES IT'S TRUE,API42_1
0046194,매직일레븐,20200505,암,0036358,애니기븐새터데이,0037334,매직텐,0031305,록하드텐,API42_1
0045704,정성바이스,20200308,거,0037972,올드패션드,0036298,바이스댄서,6313614,LION HEART,API42_1
0045305,도쿄케이,20200206,암,0034735,페더럴리스트,0039971,금월,6969080,STAY THIRSTY,API42_1
0046894,질주천하,20210328,암,0044993,언캡처드,0026511,깊은탄력,6313644,SOUTHERN IMAGE,API42_1
0022429,기린으뜸,20070305,암,0018724,오스미제트,0018490,주디펄,6256541,ADJUDICATING,API42_1
0022268,송도특급,20070331,수,0015095,디스틸드,0006146,브론즈퀘일,6213754,MR. COLLATOR,API42_1
0022931,에이스갤러퍼,20070305,수,0031302,채플로열,0020314,익스플리시틀리,0018206,엑스플로잇,API42_1
0022600,거상,20070408,거,6310354,STEPHEN GOT EVEN,0021727,카슨즈캣,6256608,MOUNTAIN CAT,API42_1
0022773,가야보배,20070414,수,0016504,워존,0011606,명가희,0007672,리비어,API42_1
0021097,금빛특급,20060427,수,0012682,샤프어필,0008466,하조로,0005333,글로리화이,API42_1
0022269,스마트챔피언,20070313,암,0018775,볼포니,0018665,슈거키스드,6253457,SAINT BALLADO,API42_1
3011546,백발명중,20070723,거,3101042,제왕의리더,3012070,여신왕국,-,-,API42_1
1011027,엘리스,20060612,거,-,-,-,-,-,-,API42_1
0022848,최고영웅,20070501,수,0006891,로스트마운틴,0010783,세어더랏,6207507,GAIUS,API42_1
0022651,당대불패,20070224,수,0018733,비와신세이키,0011727,인디드마이디어,6252170,ALYDEED,API42_1
0023777,신흥황제,20061024,거,6310171,KING CUGAT,6772690,MIDNIGHT NOVA,6260226,OCTAGONAL,API42_1
0022295,우듬지,20070327,수,0018783,야후디,0008757,레이디디그니티,6214518,NORDICO,API42_1
0022615,레인비치,20070310,수,0011903,포티튜드,0015273,로맨스이즈어스타,6306725,SMOKESTER,API42_1
0023145,이시대영웅,20070419,거,6332179,GIMMEAWINK,0020340,스카이컷,6310348,STACK,API42_1
0022861,크라운플래그,20070406,암,0018775,볼포니,0018604,크라운어브크리에,6254589,BEAU GENIUS,API42_1
0022547,풍마신,20070325,거,0018775,볼포니,0018454,커시브,6254561,DEHERE,API42_1
0025558,앨크더맨,20070411,거,6333375,ALKE,6935507,KABBALA,6256179,ALWUHUSH,API42_1
0021074,메이저걸,20060324,암,0015093,듀앨러티,0013964,아워캅스태드,6210290,KAAPSTAD,API42_1
0025522,특별환희,20070419,암,6284362,WHITE MUZZLE,6348237,WESTERN EDGE,6241725,WOODMAN,API42_1
0020938,첫인상,20060406,거,0007463,사이코배블,0006079,소마,6206505,FAR OUT EAST,API42_1
0025674,백호랑이,20070901,거,6309983,BLACK MINNALOUSHE,6964297,BLANC DE CHINE,6241228,VOLKSRAAD,API42_1
0022383,스피드천사,20070411,암,0020257,비카,0020401,제이호크주디,6241725,WOODMAN,API42_1
1011761,아우라,20070404,암,-,-,-,-,-,-,API42_1
3011797,백록현주,20080319,암,3101050,골든레이스,3100808,백록황후,-,-,API42_1
0024576,아름다운불패,20080318,거,0018733,비와신세이키,0013878,테익아웃더실크스,6255992,TAKE ME OUT,API42_1
1011910,마님,20080417,수,-,-,-,-,-,-,API42_1
0024973,타임존,20080331,거,0016504,워존,0015297,타임투더레이크,6254756,LAKE GEORGE,API42_1
0027189,상승거탑,20080423,암,6231949,INDIAN CHARLIE,6506198,MIRTA,6228130,THEATRICAL,API42_1
0024279,존칼리스,20080227,거,0016504,워존,0011693,칼리스에밀리,6213771,MR. REDOY,API42_1
0027367,지상군주,20080322,거,6313941,EDDINGTON,6690344,SOCCORY,6309059,TRICKY CREEK,API42_1
0024275,쾌속질주,20080305,암,0007672,리비어,0013908,버니브라이드,6228366,RUNAWAY GROOM,API42_1
0024682,마니피크,20080415,수,0020256,메니피,0020377,미스뷰티,6213475,MISWAKI,API42_1
0024180,제트삭스,20080508,암,0012853,아워포에틱프린스,0012028,따논우승,0006162,해피째즈밴드,API42_1
1012279,수선화,20080317,암,-,-,-,-,-,-,API42_1
0024240,팔공,20080526,거,0018775,볼포니,0018111,스틸골든,6268229,GOLD FEVER,API42_1
0024453,댄징샐리,20080319,암,0016504,워존,0013973,칠리샐리,6256684,IAM THE ICEMAN,API42_1
0027363,스마트탑건,20080503,암,6277935,MAYANO TOP GUN,6321760,REVE DE FEE,6213768,MR. PROSPECTOR,API42_1
0027180,프린스킹덤,20080228,거,6323071,ROAR OF THE TIGER,6964583,SPECIAL WIFE,6312209,HUSBAND,API42_1
0024577,오뚜기처럼,20080320,암,0016504,워존,0012807,헬레나,6253447,GILDED TIME,API42_1
0025216,창원아파치,20080507,수,0009337,포트스톡턴,0006090,플라워퀸,6201688,BEL BOLIDE,API42_1
1012613,비성이,20080611,암,-,-,-,-,-,-,API42_1
0026657,메가쓰나미,20090407,수,0023493,시에로골드,0020390,아시아Ⅱ,6254571,SKY CLASSIC,API42_1
0029187,제삼비술,20090309,거,6325324,SEEKING THE BEST,6886274,ALL GIRLS BAND,6310014,CHIMES BAND,API42_1
0026615,백경,20090506,거,0018207,커멘더블,0023431,릴펑크인도,6254462,MARIA'S MON,API42_1
0026208,해비치,20090425,암,0018207,커멘더블,0011822,플레인벨벳,6252651,MISTER C.,API42_1
0029210,세븐폴드,20090405,수,6345926,ROCKPORT HARBOR,6496148,HULAMORE,6241001,MT. LIVERMORE,API42_1
0026044,사풍독주,20090410,수,6772798,WEATHER WARNING,0023892,스피디디디,6231953,VICTORY GALLOP,API42_1
0024675,동진태후,20080414,암,0016519,신코싱귤러,0012678,하일리플리즈드,6217354,RIVOTIOUS,API42_1
0029072,바람꽃,20090414,암,6310132,GRAND SLAM,6828258,SEAQUAY NINTY NINE,6259885,LOUIS QUATORZE,API42_1
0027139,화인챔피언,20090618,거,0014055,퍼펙트챔피언,0015793,파이어스톰,6306416,PROUD AND TRUE,API42_1
0026170,라이트닝이글,20090408,거,0023493,시에로골드,0023495,스위트캐쉬,6306409,EXCHANGE RATE,API42_1
0029274,와일드명운,20090321,거,6529192,D'WILDCAT,6965435,START APPLAUDING,6310162,JUMP START,API42_1
0028467,쌩손,20100208,암,0012808,크릭캣,0020163,베터버드,6258234,CATBIRD,API42_1
0026842,월촌대사,20090510,암,0008710,컨셉트윈,0011060,월촌,6240944,HEROICITY,API42_1
0029344,신동력,20091015,거,6267020,DANROAD,6965945,EASTWEST MAJESTY,6251773,KING OF KINGS,API42_1
1013347,일격용장,20090525,수,-,-,-,-,-,-,API42_1
0028136,슈퍼스피드,20100323,거,6771298,LAWYER RON,0025781,멜리나즈퓨즈,6256625,LITE THE FUSE,API42_1
0030988,케이팝태풍,20100511,암,6345405,HARLINGTON,6408459,RANSOM BRIDE,6228366,RUNAWAY GROOM,API42_1
0028649,강호주역,20100404,거,0023957,호크윙,0010646,쇼샤니,6204207,CONQUISTAROSE,API42_1
0031054,라뿌에르떼,20100310,암,6323901,MASTER COMMAND,6968006,JUMP JIVIN JADE,6269808,GENTLEMEN,API42_1
0028742,빛나래,20100407,거,0009337,포트스톡턴,0010962,천하일격,6238295,CRAZY MOON,API42_1
0027935,무사도,20100227,수,0018207,커멘더블,0009488,상공,0007672,리비어,API42_1
1013724,한걸음더,20100312,암,-,-,-,-,-,-,API42_1
3013583,참일꾼,20100510,암,3101043,제주오름,3007924,검은진주,3102390,루카,API42_1
0028389,대대장,20100428,수,0009337,포트스톡턴,0012201,한라여제,6253132,TECHNOLOGY,API42_1
0028619,어필링스타,20100508,암,0015093,듀앨러티,0023438,어필링새턴,6221950,VALID APPEAL,API42_1
0028435,콩코르디아,20100129,암,0016533,본비반트,0018221,코퍼레잇로맨스,6256969,CORPORATE REPORT,API42_1
0031202,블랙알렉스,20100903,거,6405894,KEEP THE FAITH,6968890,ZERO INTEREST,6253609,DANZERO,API42_1
1014129,상가비행,20110210,수,-,-,-,-,-,-,API42_1
0029938,최강병기,20110403,수,0020178,퍼펙트비전Ⅱ,0013279,피노키오,0006163,빅서,API42_1
0028927,리설로즈,20100317,암,0018229,리설인스트러먼트,0014282,로즈데이,0012684,더그룸이즈레드,API42_1
3014295,나이스,20110426,수,3007259,신비한꿈,3011048,천년비행,3005576,꿈바위,API42_1
0032863,홀리데이펀치,20110128,거,6307148,OMEGA CODE,6939185,HOLIDAY CHAMPAGNE,6256908,HARLAN'S HOLIDAY,API42_1
1014035,장항일호,20100427,수,-,-,-,-,-,-,API42_1
0032829,마탄비,20110428,암,6771304,STEVIE WONDERBOY,6328337,CARSON SILVER,6254566,CARSON CITY,API42_1
0032892,클린업천하,20110325,수,6310072,EL CORREDOR,6815770,LOH COLLADO,6310228,MORE THAN READY,API42_1
0030263,퀸오브럭,20110225,암,0023493,시에로골드,0011493,해암장군,0006892,디디미,API42_1
0029824,아침고요,20110425,암,0018206,엑스플로잇,0016780,신속돌파,6312690,LINDO SHAVER,API42_1
0030266,진격의여왕,20110220,암,6315224,NORTH LIGHT,0028945,다이나믹래스,6250563,DYNAFORMER,API42_1
0030788,스카이선,20110205,거,0012808,크릭캣,0017619,한라여걸,0006162,해피째즈밴드,API42_1
0030389,쾌속순항,20110406,암,0018206,엑스플로잇,0007816,더블위슬,6209985,JAY'S TIGER,API42_1
1014816,무작전,20110412,암,-,-,-,-,-,-,API42_1
0030352,코지파크,20110428,수,0024050,엑톤파크,0020432,코지맥신,6229080,COZZENE,API42_1
0032009,엑톤가야,20120325,암,0024050,엑톤파크,0014754,프라이즈탑,0008710,컨셉트윈,API42_1
0034496,타피포인트,20120426,거,0038387,콩코드포인트,6528520,PEACE PLEDGE,6256887,OUR EMBLEM,API42_1
3014988,백두소년,20120418,수,3009526,백두장사,3010234,산의여신,3005576,꿈바위,API42_1
0030511,글로리데이즈,20110517,거,0018771,캐피털스팬딩,0007913,영광,6218681,SHINING FINISH,API42_1
0033002,폭풍최강,20120408,수,6310354,STEPHEN GOT EVEN,6781844,BELLADIA,6218857,SILVER DEPUTY,API42_1
0032136,핑크스타,20120415,암,0028997,리미트리스비드,0022155,탄디아,6228477,TWO PUNCH,API42_1
0034466,으뜸클래식,20120304,암,6345708,IRISH ROAD,6104198,REALLY A FIBBER,6254959,FOR REALLY,API42_1
0031573,어프로치,20120508,거,0021998,피코센트럴,0013762,위버스리틀빅슨,6201480,BASKET WEAVE,API42_1
0032457,컴퍼스,20120319,암,0006892,디디미,0019803,최대풍속,0013913,나이트드리머,API42_1
0034630,쾌속질풍,20120302,거,0040086,위드디스팅션,6842047,EVA'S WAY,6310059,DIXIE UNION,API42_1
3015258,견마지충,20120406,거,3009526,백두장사,3011858,등선나루,3005576,꿈바위,API42_1
0032837,브라보캡틴,20110423,거,6307073,POSSE,6624631,MS GLOBAL WARMING,6255102,SULTRY SONG,API42_1
0034670,브룩스,20120326,수,6787997,GRAND MINSTREL,6524675,MEETING IN HAWAII,6254569,GENERAL MEETING,API42_1
3015328,무한지대,20120216,수,3009526,백두장사,3100863,오르미,-,-,API42_1
0034619,디퍼런트디멘션,20120416,거,6772814,INTO MISCHIEF,0036597,파아던마이서롱,6306732,SOUVENIR COPY,API42_1
0031616,빙고스타,20120419,암,0020379,인그란디어,0020740,천지꽃,6310382,TIGER RIDGE,API42_1
0031699,마이블레이드,20120619,거,0021998,피코센트럴,0025773,스마트어드바이스,6307010,SMART STRIKE,API42_1
0032425,오피새미,20120402,수,0027420,오피서,0020133,오름새미,6307336,TALE OF THE CAT,API42_1
0032176,핫커멘드,20120321,암,0018207,커멘더블,0028971,핫레드,6240160,THUNDER GULCH,API42_1
0031778,달항아리,20120501,수,0018206,엑스플로잇,0023423,와일레아걸,6310256,OUTOFTHEBOX,API42_1
0032208,라이징퓨처,20120423,수,0023493,시에로골드,0018459,플리트칼라,6200224,AFLEET,API42_1
0034750,빅마운틴,20121015,수,6771382,BERNARDINI,6106276,FLAWLESS CHOICE,6290758,REDOUTE'S CHOICE,API42_1
1015382,낙원세상,20120506,거,-,-,-,-,-,-,API42_1
1015499,돌아온전설,20120521,수,-,-,-,-,-,-,API42_1
1015498,해당화,20120610,암,-,-,-,-,-,-,API42_1
0031671,세라킹,20120201,거,0020253,사쿠라시킹,0020161,올랜드,6217072,RELAUNCH,API42_1
3015068,젊은청춘,20120427,거,3008912,참살이,3011788,동보올레,3101043,제주오름,API42_1
0034183,정상대길,20130328,거,0029487,샤프휴머,0022062,매기즈프레어,6310347,SONGANDAPRAYER,API42_1
3015695,으뜸장수,20130514,거,3009526,백두장사,3009539,기록행진,3006679,천리추종,API42_1
0034091,폭풍신화,20130301,암,0029487,샤프휴머,0025759,킵디스캣,6307342,Z Z CAT,API42_1
3015677,초인,20130506,암,3007168,명문왕자,3007169,하늘이,-,-,API42_1
0033945,럭키질주,20130327,암,0021999,포리스트캠프,0025769,마홈캣,6310383,TOMORROWS CAT,API42_1
0033749,섀도우머니,20130401,거,0023493,시에로골드,0011443,석샘,0007464,로드오브워,API42_1
0033517,미수재,20130426,암,0029482,와이와이와이,0016797,프린세스켈리,6310168,KELLY KIP,API42_1
0034043,천지공사,20130330,암,0020379,인그란디어,0020740,천지꽃,6310382,TIGER RIDGE,API42_1
0033640,영광의포리,20130308,수,0021999,포리스트캠프,0020357,슬램댄싱,6310132,GRAND SLAM,API42_1
0033779,위시미럭,20130421,거,0024050,엑톤파크,0016881,광열한,6310360,STORMIN FEVER,API42_1
0036566,갑오갑짱,20130205,수,6313612,KITTEN'S JOY,6988352,SEPARATE FOREST,6310103,FORESTRY,API42_1
0036546,우승라인,20130405,거,6323689,CONGRATS,0036634,글레나시,6310103,FORESTRY,API42_1
0033591,애마비상,20130510,암,0020178,퍼펙트비전Ⅱ,0013027,리버베일,0009337,포트스톡턴,API42_1
3016103,해남왕자,20130427,거,3011133,장백산,3012447,영화제,3101045,빛을향해,API42_1
0034249,적도의화신,20130519,암,0025670,원쿨캣,0013576,자미원,0007463,사이코배블,API42_1
0035164,스카이빅,20140310,암,0023493,시에로골드,0019265,상승효과,0012683,소셜차터,API42_1
0033752,스타라인,20130518,거,0029176,델라고브롬,0013964,아워캅스태드,6210290,KAAPSTAD,API42_1
0035093,케이킹,20140416,거,0027420,오피서,0019415,대효,0006162,해피째즈밴드,API42_1
0035049,라스트잭팟,20140224,거,0025670,원쿨캣,0023746,허니팟,6252720,FUSAICHI PEGASUS,API42_1
0038205,대쥬신,20140317,수,6310254,ORIENTATE,6414614,CATALITA,6256608,MOUNTAIN CAT,API42_1
0035766,대성루비,20140220,암,0029482,와이와이와이,0020407,무한나래,0018776,양키빅터,API42_1
0034083,사려니윈,20130212,거,6772778,MAJESTIC WARRIOR,0031315,레디투윈,6310228,MORE THAN READY,API42_1
0038117,투게더허그,20140223,암,0038332,커널존,6943503,LADY BONITA,6307010,SMART STRIKE,API42_1
0035571,레드사이렌,20140222,수,0023957,호크윙,0029450,슈가수프,6247995,ALPHABET SOUP,API42_1
0035836,로열하트,20140430,수,0020379,인그란디어,0029017,케이프하트,6207245,FORTY NINER,API42_1
0034947,불멸의마립간,20140327,수,0024050,엑톤파크,0029311,보스턴그린,6248001,BOSTON HARBOR,API42_1
3016828,작은새,20140221,암,3101050,골든레이스,3009512,서부진주,3102389,빛의사랑,API42_1
0036059,엘란,20140408,거,0024050,엑톤파크,0028964,센서리어스키스,6256185,KISSIN KRIS,API42_1
3016886,좋은마음,20150312,암,3101043,제주오름,3013916,청우,3101045,빛을향해,API42_1
0037851,클린업시크릿,20150428,수,6795075,SUPER SAVER,0036339,콰이어트시크릿,6231944,QUIET AMERICAN,API42_1
0037243,곱따,20150316,암,0033115,유로실버,0025724,댄싱스퀄,6310299,RIVER SQUALL,API42_1
0037644,야호스마트캣,20150420,거,0025670,원쿨캣,0018828,플라이톱,6310266,PETIONVILLE,API42_1
0037021,아멘다,20150412,암,0020256,메니피,0016752,하이밸류,6310213,MIESQUE'S SON,API42_1
0037016,남쪽나라,20150307,암,0020226,메이세이오페라,0012207,대흥사,6253088,NOT FOR LOVE,API42_1
3017067,흑룡보배,20150413,암,3012382,쾌속장타,3009569,늘빛푸른,3006679,천리추종,API42_1
0037144,더블골드,20150224,거,0023493,시에로골드,0024604,금상어,0018775,볼포니,API42_1
0037926,스윕맨,20150506,수,0029487,샤프휴머,0025596,시골길,6254552,FLYING SPUR,API42_1
0037429,컴플리트스윕,20150211,거,0031261,사이먼퓨어,0025452,퓨앤파비트윈,0021998,피코센트럴,API42_1
0037205,메이저선더,20150329,암,0033119,선더모카신,0025780,선골드스키피,6225516,SKIP AWAY,API42_1
0037548,뉴잭스윙,20150404,수,0029487,샤프휴머,0033022,그리자이,6254564,EL PRADO,API42_1
3017213,광해군주,20150407,암,3005652,제주명성,3009086,뒷동산용천,3008306,산남호걸,API42_1
3017039,금빛열매,20150422,거,3009296,푸른대왕,3010198,한라산,3005576,꿈바위,API42_1
0041660,스프링백,20160304,거,6969075,지몰로지스트,0041919,프랜저블,6309990,BROKEN VOW,API42_1
0039959,쭈욱,20150504,거,6969076,THE FACTOR,6822404,EXCELLERANT,6256625,LITE THE FUSE,API42_1
0041664,울트라펀치,20160505,거,6964691,MUNNINGS,0046480,미스론다,6310288,PUT IT BACK,API42_1
0041600,갤럽컬린,20160328,거,6771774,CURLIN,6112539,COLONA,6309728,PULPIT,API42_1
0039522,선더레인,20160531,거,0033119,선더모카신,0025713,레인어브타라,6254589,BEAU GENIUS,API42_1
0038840,솔개바람,20160406,암,0020226,메이세이오페라,0025043,뷰티이천,0018771,캐피털스팬딩,API42_1
0041653,액티몬,20160428,거,6988001,VERRAZANO,6993535,DESPITE HER FORM,6333083,SPEIGHTSTOWN,API42_1
0039176,브라운파이,20160326,암,0036358,애니기븐새터데이,0034898,돈스피치,6772341,DON SIX,API42_1
0039055,로즈불릿,20160316,거,0018206,엑스플로잇,0023399,로즈라인,0018837,뉴스프린트,API42_1
0039498,정문사이,20160505,수,0031261,사이먼퓨어,0023492,케이빌,6269832,GIANT'S CAUSEWAY,API42_1
0041804,브레이브킹덤,20160505,수,6970675,TREASURE BEACH,6115569,SOPHISTICATTIN,6307336,TALE OF THE CAT,API42_1
0038924,토함스타,20160313,거,0032990,한센,0014929,스페셜파티,0006893,무자지프,API42_1
0040838,톱에이스,20170312,거,0033119,선더모카신,0032937,시크릿에센스,6254179,MONTBROOK,API42_1
0040517,메니히어로,20170222,거,0020256,메니피,0018819,포킷풀어브머니,0024033,러닝스태그,API42_1
0040462,마크원,20170219,수,0020256,메니피,0014669,만왕,0007464,로드오브워,API42_1
0040762,크라운펑키,20170319,암,0027420,오피서,0029486,송버드투,6310347,SONGANDAPRAYER,API42_1
1018176,소통세상,20170621,수,-,-,-,-,-,-,API42_1
0041857,퍼스트드림,20170212,수,6771396,FIRST SAMURAI,6102673,GALLOPING GIRAFFE,6313649,TAPIT,API42_1
0041091,글로벌골드,20170417,거,0033119,선더모카신,0036647,캐노피로드,6803043,QUALITY ROAD,API42_1
0041261,하이퍼카,20170430,거,0015477,백광,0029621,상왕전,0006892,디디미,API42_1
0041108,그레이트고,20170421,암,0031302,채플로열,0034884,돈나구스카,6310433,YONAGUSKA,API42_1
0041249,리얼팩,20170420,거,0027420,오피서,0027537,리얼로우즈,6225517,SKIP TRIAL,API42_1
3018320,최상위,20170311,거,3007168,명문왕자,3100920,가온들찬빛,-,-,API42_1
0041114,폴카,20170514,암,0025790,피스룰즈,0033086,리쯔걸,6313602,GHOSTZAPPER,API42_1
0042542,영광의미소,20180305,암,0032990,한센,0031212,퍼펙트스킵,6323916,SCIPION,API42_1
0042531,베스트타임,20180309,암,6106660,BARBADOS,0040065,시어라지,6310354,STEPHEN GOT EVEN,API42_1
0044969,레전드데이,20180213,수,0046317,레이스데이,6128339,SAKRA,6256913,BUDDHA,API42_1
0042131,좋은관계,20180401,거,0036732,머스킷맨,0024425,수호천사,0020257,비카,API42_1
0041263,노던라이츠,20170428,암,0034735,페더럴리스트,0024354,다이아캣,0016533,본비반트,API42_1
0042581,팀스카이,20180310,암,0038387,콩코드포인트,0025717,런라이트스루,6254179,MONTBROOK,API42_1
0042301,원더풀시크릿,20180302,수,0036358,애니기븐새터데이,0031251,켄덤,6310228,MORE THAN READY,API42_1
0041492,그레이트댄스,20170318,거,6102822,ANIMAL KINGDOM,0038422,클리어싱킹,6248320,AWESOME AGAIN,API42_1
0042535,머니스톤,20180325,암,0039812,모던카우보이,0034427,제이원,6405730,GOLD ALLURE,API42_1
0045455,볼트맨,20180303,거,6784653,MIDSHIPMAN,0050360,저스트어플래시,6771654,HENNY HUGHES,API42_1
0042830,금성세계,20180318,수,0027443,컬러즈플라잉,0019172,멋진세계,0008710,컨셉트윈,API42_1
3018489,비양,20180516,수,3009526,백두장사,3012697,간드락,3100989,진흥바람,API42_1
0042945,불의여왕,20180416,암,0038391,카우보이칼,0029417,셀시,6309728,PULPIT,API42_1
0043681,유쾌한날들,20190306,수,0032990,한센,0022971,유성제일,0012808,크릭캣,API42_1
0043709,닥터파라오,20190225,거,0037972,올드패션드,0031275,벨어브더문,6310199,MALIBU MOON,API42_1
0044798,메니피송,20190331,거,0020256,메니피,0033032,패티즈스위트송,6248064,UNBRIDLED'S SONG,API42_1
0044813,원더풀키티,20190429,암,0033115,유로실버,0023824,아프리칸골드,6256901,JOHANNESBURG,API42_1
3019060,솔찬,20190205,암,3100032,성읍오름,3011595,이사금,3101043,제주오름,API42_1
0043851,마이티굿,20190404,수,6995237,BIG BLUE KITTEN,0041980,모어미스크리시,6310228,MORE THAN READY,API42_1
0044489,차돌런,20190518,암,6114921,AMERICAN FREEDOM,0041969,머큐리얼메니스,6248064,UNBRIDLED'S SONG,API42_1
0044649,퀄리티퀸,20190410,암,0031261,사이먼퓨어,0033173,늘푸른코코,0006892,디디미,API42_1
0044478,탱자,20190512,수,0032990,한센,0034624,이스트퀸,6803043,QUALITY ROAD,API42_1
3101754,성공승리,20190416,암,3015223,제일용사,3009541,역대명장,3006679,천리추종,API42_1
0044187,슈팅리버스,20190406,암,0041566,투아너앤드서브,0028365,허니캠프,0021999,포리스트캠프,API42_1
0045112,별나라비마,20180518,암,6992315,PALACE,6990238,MY SWEET CANDY,6340178,CANDY RIDE,API42_1
0045315,아르고공주,20200208,암,0039742,테이크차지인디,0030772,중앙공주,0020256,메니피,API42_1
3102315,명가으뜸,20190514,암,3012419,종결자,3016391,천문조,3100032,성읍오름,API42_1
0045715,영광의탱크,20200328,거,0032990,한센,0030851,선업,0018771,캐피털스팬딩,API42_1
0045171,하늘제왕,20200121,수,0036735,디바인파크,0036106,다온마리,0018733,비와신세이키,API42_1
0045431,당찬낭보,20200307,암,0036358,애니기븐새터데이,0032127,럭키뮤직,0012808,크릭캣,API42_1
0046082,용비서울,20200309,수,0033119,선더모카신,0034985,엑톤신화,0024050,엑톤파크,API42_1
0046129,한강세이버,20200415,거,0032990,한센,0031238,프리넙셜,6309990,BROKEN VOW,API42_1
0046112,타우루스킹,20200428,거,0041566,투아너앤드서브,0036322,에피셋,6240108,GULCH,API42_1
0045821,투아레그나인,20200408,거,0036593,온이글즈윙즈,0033307,클린업휘슬,0020256,메니피,API42_1
3101845,연속히트,20200201,암,3015223,제일용사,3016166,히트,3007112,산방굴사,API42_1
0045767,청마의질주,20200314,암,0025790,피스룰즈,0028105,블루드리머,0020257,비카,API42_1
3102690,일급질주,20200613,거,3016475,빗고을,3014900,일급탄생,3009526,백두장사,API42_1
0047117,천지마켓,20210414,암,0038387,콩코드포인트,0034829,뷰포인트,6507335,B L'S APPEAL,API42_1
0022569,레이스테러,20070405,수,0015093,듀앨러티,0015222,스타십어드벤처,6306494,DARE AND GO,API42_1
0025547,진두봉,20070310,거,6323115,CITY PLACE,6411719,FLIGHT OF GLORY,6252236,FORMAL DINNER,API42_1
0020678,평창의아침,20061101,암,6257857,GALILEO,0020152,아르텔,6240818,DANEHILL,API42_1
0019858,포트그린,20050525,수,0009337,포트스톡턴,0010999,그린트리,6240809,CLASSIC FAME,API42_1
0021519,아미가댄서,20060228,암,0012684,더그룸이즈레드,0010962,천하일격,6238295,CRAZY MOON,API42_1
0022419,욱일승리,20070520,거,0009337,포트스톡턴,0018615,어워드더프라이즈,6251995,JUDGE SMELLS,API42_1
0022382,배블타임,20070428,거,0007463,사이코배블,0012782,아이디타임,6253652,CALLER I. D.,API42_1
0022943,발해명장,20070309,수,6490571,CHAMPALI,0020439,뷰티온듀티,6250563,DYNAFORMER,API42_1
0022880,본투런,20070502,암,0006891,로스트마운틴,0008602,칼리드,6210369,KARENSKY,API42_1
0023319,예스트라이크,20070313,암,6310432,YES IT'S TRUE,0020373,위스퍼베이,6307010,SMART STRIKE,API42_1
0025430,주몽,20070302,수,6307167,JOHAR,6312637,FOREIGN AID,6204827,DANZIG,API42_1
0022609,본라이징,20070307,수,0018775,볼포니,0015441,샤다로바,6254564,EL PRADO,API42_1
0021822,하드라이드,20050208,거,6256435,COLONY LIGHT,6551559,LAMETTA,6211775,LOMOND,API42_1
0020713,아타나주아,20060217,수,6310129,GRAEME HALL,0018663,스마트서브,6309997,CANYON CREEK,API42_1
0023164,다크신드롬,20070416,거,0015236,인리스티드,0008026,관촉사,6210205,JUKEBOX,API42_1
0022954,벤처러스,20070320,거,0015032,알나바,0018199,라이트허티드래스,6212289,MAJESTIC LIGHT,API42_1
0023705,누리최강,20060401,거,6327108,AWESOME OF COURSE,6531357,JAMIE LOVE,6254172,ROY,API42_1
3009685,바다무역,20050720,수,3101043,제주오름,3100934,한라제,-,-,API42_1
0025625,최고의기쁨,20070814,거,6771715,AL SAMER,6817658,QUEEN OF WISDOM,6309923,STRAVINSKY,API42_1
0022956,판타레이,20070504,거,6310361,STORMY ATLANTIC,0021736,리아논스위시,6253912,NUMEROUS,API42_1
0018969,수성티엑스,20050529,수,0008710,컨셉트윈,0010764,옥동이,6240967,KYOEI BLOSSOM,API42_1
3011816,강한돌풍,20080303,암,3005576,꿈바위,3008153,장타소녀,-,-,API42_1
0024868,보헤미안러브,20080318,거,0018207,커멘더블,0020072,엘란태리,6224242,ZABEEL,API42_1
0024656,실버캣,20080401,암,0020441,애드캣,0020444,알트리아,6254462,MARIA'S MON,API42_1
0024835,욱일천하,20080319,수,0020257,비카,0020397,어나더프린세스,6254575,KINGMAMBO,API42_1
0024537,분수령,20080417,암,0016504,워존,0015143,어스토리포유,6253864,PRESS CARD,API42_1
0025033,영웅이천,20080327,수,0008710,컨셉트윈,0013959,사라토가스플래쉬,6241722,WILD AGAIN,API42_1
3012019,명예광장,20080522,수,3005576,꿈바위,3100869,천정,-,-,API42_1
1012014,백록비천,20080521,암,-,-,-,-,-,-,API42_1
0024072,터프런,20080509,거,0012684,더그룸이즈레드,0018725,샤이닝로즈,6241489,LORD AVIE,API42_1
0024110,상승세,20080217,암,0014056,골드머니,0011785,명산,6242761,ROKOSZ,API42_1
0025189,퍼펙트러브,20080328,암,0020178,퍼펙트비전Ⅱ,0007751,러브범스,6204131,COMMADORE C.,API42_1
0027289,한혈천용,20080304,수,6254179,MONTBROOK,6676551,CHANCEY LIGHT,6256435,COLONY LIGHT,API42_1
0024692,골든타겟,20080429,암,0015094,버스터즈데이드림,0010935,화주,6210115,JOINDRE,API42_1
0024920,바람의전사,20080416,거,0020256,메니피,0018173,슈가립스,6213475,MISWAKI,API42_1
0024496,선두력,20080507,거,6772650,COMMANDER'S FLAG,0023421,너스메리,6241703,TIME FOR A CHANGE,API42_1
1011982,가야돌풍,20080217,암,-,-,-,-,-,-,API42_1
0024658,특급이벤트,20080331,수,0012683,소셜차터,0009818,저지실버,6228222,FOREVER SILVER,API42_1
0027518,당대챔프,20081029,수,6529843,FALKIRK,6964794,SOARING,6240842,JETBALL,API42_1
0024961,황금나비,20080501,수,0018206,엑스플로잇,0015245,미스틱미팅,6254569,GENERAL MEETING,API42_1
3012503,전성기,20090218,암,3101050,골든레이스,3100882,로열블러드,-,-,API42_1
0029127,원갤러퍼,20090222,수,6313638,SILVER WAGON,6321774,ANNECY,6213768,MR. PROSPECTOR,API42_1
0026331,실크포리스트,20090211,암,0021999,포리스트캠프,0023454,실크스톨,6309728,PULPIT,API42_1
0029181,해광,20090301,암,6310361,STORMY ATLANTIC,6965406,AFTER ALL,6547507,DESERT STORY,API42_1
3012648,좋은올레,20090305,암,3101050,골든레이스,3100883,영상왕비,-,-,API42_1
0026188,대권,20090210,거,0012684,더그룸이즈레드,0011721,배니즈프리니,6252099,BOLD NIX,API42_1
0029157,백억이,20090403,암,6771685,LATENT HEAT,6833494,RELAXING GREEN,6310104,FORMAL GOLD,API42_1
3012934,우리용사,20090611,거,3008912,참살이,3101044,동방희망,3102389,빛의사랑,API42_1
0026487,캠핑포인트,20090509,암,0021999,포리스트캠프,0018391,소트,6261606,ZAFONIC,API42_1
0027035,메이커밴,20090421,수,0018775,볼포니,0020374,어라우저,6310123,GOLDEN MISSILE,API42_1
3013045,전속력,20090427,거,3101043,제주오름,3100817,기사맹세,-,-,API42_1
0029025,마리대물,20090410,수,6240106,GO FOR GIN,6965160,TOKEN BEAUTY,6253129,GOLD TOKEN,API42_1
0026322,톱랭커,20090118,암,6240160,THUNDER GULCH,0023954,미스브라이어우드,6307010,SMART STRIKE,API42_1
1013123,흑룡만리,20090407,수,-,-,-,-,-,-,API42_1
0026899,엑설런트파워,20090516,거,0007672,리비어,0016797,프린세스켈리,6310168,KELLY KIP,API42_1
1012283,공간비행,20080521,암,-,-,-,-,-,-,API42_1
1013296,붉은오름,20090312,암,-,-,-,-,-,-,API42_1
3013450,난드르,20100604,암,3100989,진흥바람,3100802,골드레인,-,-,API42_1
0028618,할리,20100228,수,0020256,메니피,0023926,스톨른미스,6213475,MISWAKI,API42_1
0028071,승리의기운,20100221,수,0021998,피코센트럴,0015798,봉시화발,0013915,아처시티슬루,API42_1
0031035,미스터리마치,20100319,수,6772772,BIG BROWN,6591859,JEROME'S FOLLY,6241713,TURKOMAN,API42_1
0027747,스마티로드,20100310,암,0020257,비카,0013518,신청춘,0007671,사일런트워리어,API42_1
0028198,아르고썬,20100228,수,6526909,GIACOMO,0025740,문위시,6248320,AWESOME AGAIN,API42_1
0030892,미라클킹,20100428,거,6313614,LION HEART,6874972,CARINI,6285611,VETTORI,API42_1
0028339,미스퀵,20100208,암,0020256,메니피,0022163,리걸에어,6217026,REGAL INTENTION,API42_1
0028076,다이나스톰,20100227,암,0020257,비카,0023410,오피스어타이어,6250563,DYNAFORMER,API42_1
0028564,새벽의태양,20100217,거,0023957,호크윙,0020469,환상신화,6309009,ANZIYAN,API42_1
0027573,모닝시대,20100321,거,0021999,포리스트캠프,0020076,브랜치라인,6241725,WOODMAN,API42_1
0031047,무적강자,20100331,거,6313602,GHOSTZAPPER,6968147,ANGEL ISLAND,6310103,FORESTRY,API42_1
0028243,으뜸누리,20100513,암,0023957,호크윙,0015179,캐러반반드,6306317,ATTICUS,API42_1
0028038,라이언펀치,20100307,수,6313601,FRIENDS LAKE,0025714,나탈리나,6310325,SEA SALUTE,API42_1
0028533,매직댄서,20100324,수,0021999,포리스트캠프,0015249,와일들리매직,6215595,PETERHOF,API42_1
0028282,섀도우폭스,20100414,암,0018206,엑스플로잇,0011443,석샘,0007464,로드오브워,API42_1
0028301,에버빅터,20100312,암,0021999,포리스트캠프,0023949,미스드더타워,6241725,WOODMAN,API42_1
0027581,타깃히트,20100313,수,0011102,고려방,0010808,힘찬고동,6219539,SPECTACULAR LOVE,API42_1
0028841,행운만리,20100317,거,0020257,비카,0015519,전정만리,0007463,사이코배블,API42_1
0027691,머시앤메르시,20100428,거,0015093,듀앨러티,0009863,이스터스타게스트,6212770,MEDIA STARGUEST,API42_1
0028302,법천왕,20100405,거,0024050,엑톤파크,0023950,스페셜플레이시즈,6256164,MR. GREELEY,API42_1
0028581,코러스원,20100302,암,6313612,KITTEN'S JOY,0025784,코인도르,6248064,UNBRIDLED'S SONG,API42_1
0028160,미라클축제,20100319,암,0018775,볼포니,0020137,휴오니어,6254561,DEHERE,API42_1
0031111,겟더리듬,20100415,암,6313642,SMARTY JONES,6784545,COOL RHYTHM,6248064,UNBRIDLED'S SONG,API42_1
1013832,예정시간,20100324,암,-,-,-,-,-,-,API42_1
0027918,파워풀남해,20100409,거,0021998,피코센트럴,0016650,파이트백,0020253,사쿠라시킹,API42_1
0028315,해미루,20100201,수,6313939,BORREGO,0025697,오우초콜릿,6309771,SMOKE GLACKEN,API42_1
0028717,기회만점,20100416,거,0024050,엑톤파크,0016778,참좋은,6260268,OPERA HOUSE,API42_1
0030307,클린최강,20110514,수,0018776,양키빅터,0009825,샤베이비,6228267,TALINUM,API42_1
0032736,명가통치,20110517,수,6772161,POLITICAL FORCE,6541838,SINCERA,6254083,CITIDANCER,API42_1
3014147,조선황제,20110409,수,3005652,제주명성,3100943,서광일호,-,-,API42_1
0030114,클린공주,20110315,암,6323622,FLATTER,0029007,기프티드도터,6219369,SON OF BRIARTIC,API42_1
0030127,강산제일,20110426,수,0012684,더그룸이즈레드,0013892,조이도르,6228112,TOUR D'OR,API42_1
0030548,트리플라이트,20110217,수,0018206,엑스플로잇,0020319,주웰데어,6241725,WOODMAN,API42_1
0030549,에이스명운,20110313,거,0020257,비카,0020318,패브포,6310432,YES IT'S TRUE,API42_1
0030531,개선행진곡,20110402,거,0008710,컨셉트윈,0023824,아프리칸골드,6256901,JOHANNESBURG,API42_1
0029574,팍스라이,20110429,암,0006892,디디미,0025766,쉬자와일드싱,6306667,FOREST WILDCAT,API42_1
3014267,컬렉션,20110503,거,3009526,백두장사,3007222,왕실공주,-,-,API42_1
0029498,드리우마,20110330,암,0020379,인그란디어,0018727,캄퍼턴스,6260268,OPERA HOUSE,API42_1
3014674,봉성일호,20110618,암,3100012,후지전능,3006682,둥치,-,-,API42_1
0032949,당산대협,20110429,거,6323631,INDY KING,6331609,MISS DAISY,6250563,DYNAFORMER,API42_1
0032669,이스트글로리,20111008,거,6964982,NICCONI,6818996,HEAVENLY INSIGHT,6257857,GALILEO,API42_1
0030377,에이스더블,20110511,암,0018207,커멘더블,0025792,투큐트투부트,6309728,PULPIT,API42_1
0030502,드림포트,20110502,암,0009337,포트스톡턴,0009636,에스키모,0006893,무자지프,API42_1
0030383,스페셜스타,20110425,수,0006892,디디미,0012850,선글로우,6231958,CRYPTOCLEARANCE,API42_1
0032670,샌드위즈,20110813,수,6771688,HARD SPUN,6952242,GROUP,6218995,SIR TRISTRAM,API42_1
3014738,명성공주,20110505,암,3009526,백두장사,3100905,제주마당,-,-,API42_1
3014809,하늘신궁,20120116,거,3008298,무한야성,3011228,하늘빛,3005576,꿈바위,API42_1
0029645,톱파이터,20110503,거,0018972,개선장군,0016872,이스케이프트러브,6306440,LOST SOLDIER,API42_1
3014855,선돌목,20110518,수,3009526,백두장사,3100872,용두전사,-,-,API42_1
0031515,카리스마퀸,20120311,암,0037972,올드패션드,0029364,스토미윈드댄서,6310357,STORM CREEK,API42_1
0031457,럭키라이트,20120324,거,6345926,ROCKPORT HARBOR,0029385,탱고프라스펙트,6200434,ALLEN'S PROSPECT,API42_1
0032102,빅에코,20120513,수,0023493,시에로골드,0018211,투톨,6556594,NICOU NICOU,API42_1
0032129,샤프게일,20120411,암,0012808,크릭캣,0027507,마이시스터제스,6307097,SLIGO BAY,API42_1
0033006,다섯메,20120426,수,6323560,INDYGO SHINER,6791421,SORROW'S RIVER,6256164,MR. GREELEY,API42_1
0034656,갈색전령,20120407,거,6338505,SILVER TRAIN,6530136,LAST OASIS,6307336,TALE OF THE CAT,API42_1
0032415,만월문,20120325,암,6771706,SPRING AT LAST,0030876,퀵투부트,6257003,STORM BOOT,API42_1
0030580,용두산,20110303,거,0018775,볼포니,0013861,프리티릴포이즌,6256402,HANSEL,API42_1
1015213,신기루,20120412,암,-,-,-,-,-,-,API42_1
0034608,최강이지,20120123,수,6312528,MINESHAFT,6348434,WOODLAND SHADOW,6241725,WOODMAN,API42_1
0034501,굿투유,20120130,암,6790306,HOLD ME BACK,6337957,SABELLINA,6258011,LANGFUHR,API42_1
0031527,야호미라클,20120525,거,0023957,호크윙,0023426,앤타크티카,6310059,DIXIE UNION,API42_1
1015076,반향,20120313,암,-,-,-,-,-,-,API42_1
0032060,월드퀸,20120306,암,0006892,디디미,0020268,유메이드미러브유,6258011,LANGFUHR,API42_1
0034635,겨울왕국,20120409,암,0036358,애니기븐새터데이,6476251,COLLODIA,6211476,LEO CASTELLI,API42_1
0032154,금태풍,20120227,거,0018206,엑스플로잇,0009656,검은태풍,0007464,로드오브워,API42_1
0031975,실버그레이캣,20120321,암,0018733,비와신세이키,0019369,남도명장,0013915,아처시티슬루,API42_1
0031849,일렉트릭크롬,20120321,거,0023957,호크윙,0023762,일렉트릭초이스,6290758,REDOUTE'S CHOICE,API42_1
3015419,초인탄생,20120227,거,3008912,참살이,3011093,선봉태후,3005576,꿈바위,API42_1
0031912,연승질주,20120427,거,0018206,엑스플로잇,0017007,샛별여신,6254101,BELONG TO ME,API42_1
0033159,진영의거인,20130129,수,6524197,ARTIE SCHILLER,0031251,켄덤,6310228,MORE THAN READY,API42_1
0034804,대일신화,20130218,수,0038391,카우보이칼,6106289,UNDISPUTED LEGEND,6306770,DOMESTIC DISPUTE,API42_1
0033598,영광의그날,20130304,거,0029482,와이와이와이,0020532,탐라환희,0015032,알나바,API42_1
3015688,명품태후,20130424,암,3012419,종결자,3007115,검문도,-,-,API42_1
3015822,금빛나,20130327,거,3009526,백두장사,3007402,금나라,-,-,API42_1
1015438,청암호,20120514,수,-,-,-,-,-,-,API42_1
0036429,통일시대,20130320,거,6964691,MUNNINGS,6514073,AMERICAN TRADITION,6231944,QUIET AMERICAN,API42_1
0034198,거위의꿈,20130415,수,0015093,듀앨러티,0020327,뱀부메모리,6255098,REGAL REMARK,API42_1
0036474,글로리아알파,20130416,수,6310287,PURE PRIZE,6812832,POULE D'EAU,6310254,ORIENTATE,API42_1
0036337,부영타워,20130215,수,6772785,ZANJERO,6809765,AIR WON TIME,6253447,GILDED TIME,API42_1
0036485,코리아정상,20130424,수,6964685,HAYNESFIELD,6988064,LUMINAIRE MYSTIQUE,6310103,FORESTRY,API42_1
0033824,좋아라,20130503,암,0020257,비카,0022189,캐러멜캔디,6248320,AWESOME AGAIN,API42_1
0034214,반지의제왕,20130403,거,0024050,엑톤파크,0029443,스위트오일,6309990,BROKEN VOW,API42_1
0036459,코디악러브,20130508,암,6964002,KODIAK KOWBOY,6781251,LOVES TO FLY,6253088,NOT FOR LOVE,API42_1
0034390,쏘아라천왕,20130509,수,0029487,샤프휴머,0020013,천상천하,6252236,FORMAL DINNER,API42_1
0034101,전설의마녀,20130319,암,0021998,피코센트럴,0021734,소시케이트,6250563,DYNAFORMER,API42_1
1015955,열망,20130422,수,-,-,-,-,-,-,API42_1
1016082,육룡,20130605,암,-,-,-,-,-,-,API42_1
0034743,좌청룡,20120909,거,6339930,DOMESDAY,6903134,LILYMAY,6252928,GRAND LODGE,API42_1
0034171,초아,20130227,거,0029482,와이와이와이,0016345,발화점,0009336,타임스타,API42_1
0033303,펄퀸,20130502,암,0020256,메니피,0020353,와키레드,6250547,RED RANSOM,API42_1
1015719,철사장,20130412,암,-,-,-,-,-,-,API42_1
0035182,마이티맘보,20140408,거,0029287,맘보트레인,0029038,마이티마미,6772159,AFTER MARKET,API42_1
0035199,파이어볼,20140217,거,0025670,원쿨캣,0013876,크리스티나즈스타,6256185,KISSIN KRIS,API42_1
3016320,청마시대,20140416,수,3009526,백두장사,3011196,직격탄,3101043,제주오름,API42_1
3016311,포텐,20130527,수,3100982,메밀마을,3101046,단두장군,3102389,빛의사랑,API42_1
0034040,푸른질주,20130502,암,0022032,니혼필로닐,0023880,위아워스,6254534,NORTHERN TASTE,API42_1
0035332,마이비전,20140422,거,0020257,비카,0018175,마퀴시엣,6253898,MARQUETRY,API42_1
3016288,선위,20140213,암,3012382,쾌속장타,3010306,은반지,3007112,산방굴사,API42_1
0038137,흥룡,20140222,거,0041868,제이피즈거스토,6413631,KONI'S PENTY,6254178,PENTELICUS,API42_1
0035911,투어로즈,20140318,암,0025790,피스룰즈,0027560,집시로우즈,6248064,UNBRIDLED'S SONG,API42_1
0038186,투스카로라빌,20140202,수,6771312,SOUTHERN AFRICA,6515549,ALPHABET SONG,6247995,ALPHABET SOUP,API42_1
0035685,아르고멜로디,20140327,암,6323916,SCIPION,0032971,스페어더라드,6259885,LOUIS QUATORZE,API42_1
1016699,체리,20140408,암,-,-,-,-,-,-,API42_1
0038127,다이나믹루키,20140427,거,6964691,MUNNINGS,6965851,MYTHOLOGY,6252720,FUSAICHI PEGASUS,API42_1
0035679,남원퀸,20140319,암,0018207,커멘더블,0018123,와이어덕,6254589,BEAU GENIUS,API42_1
1016780,대호평,20140814,수,-,-,-,-,-,-,API42_1
0037148,여울이,20150227,암,0029317,마이너실렉트,0015402,러브리메모리즈,6256074,HENNESSY,API42_1
0037097,좋은해,20150307,거,6620022,SAINT AFLEET,0034840,콜리모어홀,6256441,CONCERTO,API42_1
3016966,하늘태왕,20150502,거,3009526,백두장사,3012120,하늘비상,3100948,한멋,API42_1
0036940,인터셉터,20150224,수,0020257,비카,0023925,새들송,6205296,DIXIELAND BAND,API42_1
0037691,베스트빅토리,20150404,수,0034426,스파이큘,0029262,누리여제,6344315,INDIAN OCEAN,API42_1
3017009,돈마명성,20150503,암,3012382,쾌속장타,3011300,황용태후,3101050,골든레이스,API42_1
0037280,두손왕자,20150509,거,0025790,피스룰즈,0016875,언큐어드디자이어,6306413,GREENWOOD LAKE,API42_1
0039980,미스터터너,20150322,거,6964691,MUNNINGS,6449679,HILDA BROWNE,6253635,SLEW CITY SLEW,API42_1
3017020,동화로,20150308,암,3012419,종결자,3011048,천년비행,3005576,꿈바위,API42_1
3017200,금비늘,20150330,암,3012382,쾌속장타,3100883,영상왕비,-,-,API42_1
0039950,파이니스트워리어,20150318,거,6772778,MAJESTIC WARRIOR,6470173,WON PERFECT ROSE,6200276,AIR FORBES WON,API42_1
0036997,달순이,20150301,암,0027443,컬러즈플라잉,0027376,말리부스카이,6310199,MALIBU MOON,API42_1
3017305,사라명품,20150601,거,3007718,특별도시,3014290,두가시,3009526,백두장사,API42_1
1017139,흑룡천리,20150406,수,-,-,-,-,-,-,API42_1
0037413,어퓨어굿맨,20150315,거,0031261,사이먼퓨어,0012798,매그넘,6248000,BLACK TIE AFFAIR,API42_1
0037001,능력시대,20150303,암,0033119,선더모카신,0016234,찬란한햇살,0007464,로드오브워,API42_1
3017303,삼다히어로,20150307,거,3100061,진흥축산,3100884,단기필승,-,-,API42_1
1017070,카라,20150421,암,-,-,-,-,-,-,API42_1
0037477,신비한바람,20150530,수,0029487,샤프휴머,0020180,당대여왕,6254101,BELONG TO ME,API42_1
0039891,짱콩,20150329,수,0040058,티즈웨이,0046519,캐어리에터,6310354,STEPHEN GOT EVEN,API42_1
1017593,천누리,20160525,암,-,-,-,-,-,-,API42_1
3017556,황해무적,20160421,수,3009296,푸른대왕,3012437,여걸명장,3101043,제주오름,API42_1
0039205,트루킹,20160331,수,0032990,한센,0018601,버추얼,6256093,VYING VICTOR,API42_1
0039343,영광의포스,20160213,거,6998418,MUCHO MACHO MAN,0036666,실크베리,6333083,SPEIGHTSTOWN,API42_1
3017518,봉성여신,20150526,암,3100012,후지전능,3100980,제주매직,3102389,빛의사랑,API42_1
0038925,닥터위크,20160316,수,0031261,사이먼퓨어,0016359,주말축배,0006891,로스트마운틴,API42_1
0038724,닥터시크,20160318,수,0028997,리미트리스비드,0033118,미네하하시크,0018206,엑스플로잇,API42_1
0041700,큐피드가이,20160131,거,6102795,JIMMY CREED,6784682,SHE'S EXTREME,6248064,UNBRIDLED'S SONG,API42_1
0039686,럭키마이더스,20160624,수,0034886,클리어어템프트,0023234,마이더스런,6310433,YONAGUSKA,API42_1
3017778,달의찬가,20160416,암,3100316,진흥상어,3011624,달공주,3007120,운명의한판,API42_1
0038756,논스톱위닝,20160228,거,0031229,어플리트어게인,0026909,남행열차,6310362,STRAIGHT MAN,API42_1
0039753,대군파워,20161005,거,6969076,THE FACTOR,0038172,칼람바,6771382,BERNARDINI,API42_1
0040889,캡틴스텔스,20170323,거,0024050,엑톤파크,0027305,다라니,6313635,SAARLAND,API42_1
0040648,해피먼스,20170418,암,0031229,어플리트어게인,0019302,성공출발,0009338,퓨처퀘스트,API42_1
3017430,금빛시대,20160320,거,3009526,백두장사,3012395,꽃송이,3101043,제주오름,API42_1
0043552,퀸마블이지,20170206,암,0040056,아치아치아치,6112760,LAUNCH LIGHT GIRL,6309989,BRIGHT LAUNCH,API42_1
1017989,운사,20170316,암,-,-,-,-,-,-,API42_1
0040998,스페셜스토리,20170424,암,0031229,어플리트어게인,0028482,우승이야기,0020253,사쿠라시킹,API42_1
0040643,원픽,20170404,수,0028958,어드마이어돈,0012504,씨즈메리,6203443,CEE'S TIZZY,API42_1
0043634,부경천사,20170418,암,6108937,TONALIST,6489313,BRONZE GLOW,6241283,DEVIL'S BAG,API42_1
0043513,로열엘비스,20170425,거,6965952,UNCLE MO,6981300,MALIBU LEGACY,6310199,MALIBU MOON,API42_1
0041521,마칼루파워,20170520,수,0020411,대자연,0026630,광야일출,0021999,포리스트캠프,API42_1
0043181,지금여기에,20180307,수,0038332,커널존,0024553,승리의함성,0020257,비카,API42_1
0042798,신의아들,20180406,수,0020256,메니피,0036689,조지즈프레어,6310347,SONGANDAPRAYER,API42_1
0044942,큐피드베이브,20171012,거,6969040,POWER,6870628,DIAMOND BABE,6309923,STRAVINSKY,API42_1
0043429,제다이,20180127,암,0038391,카우보이칼,0032847,빛의여왕,6772779,MIDNIGHT LUTE,API42_1
3018202,올레요정,20170619,암,3100032,성읍오름,3100451,오직질주,3101045,빛을향해,API42_1
0042322,위너스맨,20180127,수,0036732,머스킷맨,0030130,위너스마린,0018775,볼포니,API42_1
0043190,센텀토르,20180217,거,0034735,페더럴리스트,0038401,벨라레지나,6247992,A.P. INDY,API42_1
0043170,깡돌이,20180227,암,0032990,한센,0018119,리걸멕,6254580,REGAL CLASSIC,API42_1
0042325,비엔토,20180125,암,0032990,한센,0031238,프리넙셜,6309990,BROKEN VOW,API42_1
3018595,명품여왕,20180227,암,3012382,쾌속장타,3012653,불멸의별,3005576,꿈바위,API42_1
0042563,동남불패,20180225,거,6108940,DAREDEVIL,0040221,굿셰퍼드,6309728,PULPIT,API42_1
0045127,역전명수,20180313,거,6795075,SUPER SAVER,6851455,SASSY IMAGE,6309990,BROKEN VOW,API42_1
0045137,덩컨,20180314,거,6772160,DAAHER,6109273,BLUEGRASSISLEGAL,6771297,BLUEGRASS CAT,API42_1
0043123,탑퀄리티,20180503,거,0036735,디바인파크,0028968,나우코프위드디스,6261339,TIZNOW,API42_1
0045141,콰트로맥스,20180509,거,6986669,OXBOW,6804602,AMIABLE GRACE,6247995,ALPHABET SOUP,API42_1
0042599,모닝힐,20180316,거,0038246,모닝캄,0034578,메다글로리아,6964690,WARRIOR'S REWARD,API42_1
0042332,스카이망치,20180126,거,6338945,SKY MESA,0040130,새즈미즈엘리자베,6526909,GIACOMO,API42_1
0041496,광양으뜸,20170503,거,0036358,애니기븐새터데이,0022355,당대미인,6771723,BREAK THE VAULT,API42_1
0046253,디스챌린지,20180426,거,6112209,NOT THIS TIME,6815909,MISS CHALLENGE,6310228,MORE THAN READY,API42_1
0044553,컴플리트타임,20190416,암,0037972,올드패션드,0028768,리비어덕션,0007672,리비어,API42_1
0044599,마파람,20190131,암,0033119,선더모카신,0030951,대륙의별,0031305,록하드텐,API42_1
0044566,대호누리,20190416,수,0027443,컬러즈플라잉,0026737,축제,6770018,BELLAMY ROAD,API42_1
0044355,보스베이비,20190430,거,0021999,포리스트캠프,0020548,백락고,0005331,피어슬리,API42_1
0043010,케이엔언더킹,20180520,거,0038245,미스치비어슬리,0031184,윈디밸리,6261965,AGNES TACHYON,API42_1
0043706,화수분,20190202,암,0038391,카우보이칼,0029484,걸즈라이크,0039750,퍼지,API42_1
0044185,잣나무길,20190427,거,0041566,투아너앤드서브,0038275,모테가,6310433,YONAGUSKA,API42_1
3019065,전설신화,20190313,거,3100032,성읍오름,3013560,황제의딸,3100982,메밀마을,API42_1
0044800,디바인퓨처즈,20190508,거,0036735,디바인파크,0029480,골드퓨처즈,6310123,GOLDEN MISSILE,API42_1
3019003,가왕신화,20180402,암,3100316,진흥상어,3100378,쉼표,3009526,백두장사,API42_1
0045622,파워풀삭스,20200308,수,0034835,티즈원더풀,0036294,비바비노,6269832,GIANT'S CAUSEWAY,API42_1
3102868,성진보배,20190513,암,3007168,명문왕자,3100069,신민오름,3101043,제주오름,API42_1
0046211,아르크투루스,20200309,수,0041566,투아너앤드서브,0031119,코리아넘버원,0040086,위드디스팅션,API42_1
0045499,서던조이,20200216,암,0038391,카우보이칼,0036687,서던탭,6256294,PLEASANT TAP,API42_1
0046230,페가콘,20200501,거,0038391,카우보이칼,0036362,유니언채터,6310059,DIXIE UNION,API42_1
3101733,미래최강,20200328,거,3016320,청마시대,3017397,수호랑,3012419,종결자,API42_1
0045466,플랜비,20200118,암,0039750,퍼지,0038347,어제이선트,6255064,BOUNDARY,API42_1
3102202,한백여왕,20200513,암,3007168,명문왕자,3012486,한백여장,3005576,꿈바위,API42_1
0046213,세븐퀸,20200526,암,0038387,콩코드포인트,0033739,마리,0018733,비와신세이키,API42_1
1412359,판타스틱드림,20210407,거,0038387,콩코드포인트,0037951,보배드림,6248320,AWESOME AGAIN,API42_1
0046934,원더풀웰스,20210308,암,0041868,제이피즈거스토,0028962,노블만료,6266942,DANCE IN THE DARK,API42_1
0053290,월드베리언스,20210218,수,6106670,TAPITURE,7012388,VARIANCE,6771688,HARD SPUN,API42_1
1411984,한강글로리,20210410,수,0032990,한센,0025811,싱크오어스윔,6253446,MEADOWLAKE,API42_1
0047059,성실영웅,20210211,수,0044993,언캡처드,0033079,로즈어네이티브,6205296,DIXIELAND BAND,API42_1
0045189,파이어매직,20200212,거,0034735,페더럴리스트,0031117,위닝디자인Ⅱ,6259767,LEMON DROP KID,API42_1
0046834,신천퍼스트,20210320,수,0033119,선더모카신,0036869,블랙실드,6771780,EINSTEIN,API42_1
0047265,학산마초,20210220,수,0044743,사우스비치,0032992,회오리바람,6323689,CONGRATS,API42_1
1412332,비케이워리어,20210310,암,0041566,투아너앤드서브,0041916,파이널에어러스,6306667,FOREST WILDCAT,API42_1
0046774,스마트스마일,20210215,암,0045050,섀클포드,0028677,스마트퀸,0033115,유로실버,API42_1
0046829,레인보우로드,20210315,암,0034428,테스타마타,0034520,레인보우선,6772811,TALE OF EKATI,API42_1
0052351,제트선,20210221,암,0038227,크리솔라이트,0039898,제트스카이,6323689,CONGRATS,API42_1
0022406,캡쳐에너미,20070418,거,6261076,STAY GOLD,0020236,블루트레인,6253904,JOLIE'S HALO,API42_1
0023419,사옥도,20070404,거,6307167,JOHAR,6498103,BEAMING METEOR,6215864,PLEASANT COLONY,API42_1
0023098,홍광,20070317,거,0016519,신코싱귤러,0012886,개명,6240991,MAROOF,API42_1
0022339,바라는만큼,20070325,거,0007671,사일런트워리어,0011710,겟오프플라잉,6252052,ROMAN DIPLOMAT,API42_1
0022342,무브온,20070428,암,0012684,더그룸이즈레드,0006520,액라이카브라이드,6219108,SLEW THE BRIDE,API42_1
0022760,그레이스톤,20070527,암,0013914,웍스라이크어덕,0013943,골든이미지,6204784,DANCER'S IMAGE,API42_1
0022923,수펙스히어로,20070511,거,0011880,슬루오그린,0011219,당대으뜸,0005332,프로포슈어,API42_1
0022539,세이듀,20070407,암,0015093,듀앨러티,0013781,세이버,6252928,GRAND LODGE,API42_1
0021319,불굴의스타,20060318,거,0011880,슬루오그린,0009868,트라이섬싱,6228482,GEORGEFF,API42_1
0022415,디데이플러스,20070425,거,0018724,오스미제트,0018726,실버메테오르,6312769,CREATOR,API42_1
0018073,리틀펌프킨,20040416,거,0009337,포트스톡턴,0006781,안골송,0005333,글로리화이,API42_1
0023378,서울의큰별,20070330,수,0009337,포트스톡턴,0006593,필레나마리,6208075,GOLDEN EAGLE,API42_1
0022080,티파니의꿈,20050929,거,6290082,IGLESIA,6771945,BLUE LADY,6222499,WESTERN SYMPHONY,API42_1
1011353,철인,20070404,수,-,-,-,-,-,-,API42_1
0025502,미스터리보이,20070304,수,0024050,엑톤파크,6675111,MYSTERIOUS MOLL,6228252,BATES MOTEL,API42_1
0023675,희망찬내일,20060313,암,6520214,SQUIRTLE SQUIRT,6772250,RING FINGER,6254679,NIHON PILLOW WINNER,API42_1
0020630,물보라,20060406,암,0005331,피어슬리,0006084,위닝디자인,6201611,BEAU'S EAGLE,API42_1
0023391,기막힌불패,20070415,수,0018206,엑스플로잇,0018688,타위티피,6305987,CHEROKEE RUN,API42_1
0023186,신천신동,20070221,거,6307124,ZAVATA,0020327,뱀부메모리,6255098,REGAL REMARK,API42_1
0022934,궁창의빛,20070202,거,0020257,비카,0020345,러빙엔젤,6253088,NOT FOR LOVE,API42_1
0023610,키위즈플레이보이,20060327,수,6310022,CLOUD HOPPING,6601322,PIA MIA'S HOPE,6217192,REXSON'S HOPE,API42_1
0020674,답연,20060429,암,0012684,더그룸이즈레드,0013711,콜러디킨즈,6254172,ROY,API42_1
0023327,영탑,20070419,수,0015444,선데이웰,0013062,풀타임,0005331,피어슬리,API42_1
1011628,푸른미래,20070405,암,-,-,-,-,-,-,API42_1
0023111,금괴,20070428,거,0013914,웍스라이크어덕,0008457,우리마음,0005333,글로리화이,API42_1
0023248,골든프레리,20070315,거,0018733,비와신세이키,0012811,소너러티재즈,6205296,DIXIELAND BAND,API42_1
0022581,럭스비전,20070801,암,0014055,퍼펙트챔피언,0012260,퍼펙트비전,0007463,사이코배블,API42_1
3011820,초록하늘,20080313,암,3101043,제주오름,3100928,매직게이트,-,-,API42_1
0022246,소백령,20070316,거,0016504,워존,0010106,소백수,0004760,미스터아도라블,API42_1
0024367,니콜윈저,20080207,암,0018783,야후디,0016690,미스윈저,6218090,SANCTION,API42_1
0024106,시더스타,20080226,암,0022032,니혼필로닐,0022019,하루가스미,6273541,YAMANIN ZEPHYR,API42_1
1011942,정석대로,20080317,암,-,-,-,-,-,-,API42_1
0024842,치치카카,20080206,수,0015032,알나바,0006899,거봉,6217020,REGAL BISCAY,API42_1
0025345,번개돌이,20080401,거,0021999,포리스트캠프,0022178,홀리시스터,6309728,PULPIT,API42_1
0027235,치치러너,20080116,수,6566349,POMEROY,0023924,치치댄서,6208394,GREEN DANCER,API42_1
3012012,여제,20080615,암,3005576,꿈바위,3100885,마지막처럼,-,-,API42_1
0027156,로열임브레이스,20080412,암,0031302,채플로열,0031273,임브레이싱크리시,6256185,KISSIN KRIS,API42_1
0027181,플리팅조이,20080313,거,6313612,KITTEN'S JOY,6328913,SPEEDY SUNRISE,6305987,CHEROKEE RUN,API42_1
0024473,천사의영광,20080420,암,0020256,메니피,0018736,하우스오브프리티,6254552,FLYING SPUR,API42_1
0025013,연승연호,20080226,거,0020256,메니피,0020159,아멜,6248001,BOSTON HARBOR,API42_1
0024315,제이알치프,20080331,암,0016561,치프피트,0007844,제이알즈튠,6215178,PAPA LYNCH,API42_1
0024563,감동의빛,20080327,수,0016567,트릭오브페이트,0011867,쾌청,6241231,WALLENDA,API42_1
0024770,우진여제,20080322,암,0018775,볼포니,0020266,엘스빅히트,6310132,GRAND SLAM,API42_1
0027353,루나스파이크,20080110,암,6310199,MALIBU MOON,6841986,SPIKES,6310059,DIXIE UNION,API42_1
0024857,텍사스특급,20080422,거,6307065,MILWAUKEE BREW,0023453,더리얼주얼,6254564,EL PRADO,API42_1
0024491,모두함께,20080414,거,0011880,슬루오그린,0010943,도심,6215649,PHAROSTAN,API42_1
0024287,해탈,20080524,거,0018775,볼포니,0011711,우드페임,6216222,PRINCE OF FAME,API42_1
0024336,대행수,20080324,거,0018733,비와신세이키,0013814,텔미트와이스,6255817,COORDINATOR,API42_1
0024919,바람의힘,20080327,암,0006892,디디미,0009823,로런즈위너,6221756,TWO DAVIDS,API42_1
0024329,리버스캡틴,20080404,거,0018206,엑스플로잇,0018663,스마트서브,6309997,CANYON CREEK,API42_1
0024911,플리트보이,20080429,수,0012808,크릭캣,0018459,플리트칼라,6200224,AFLEET,API42_1
0025263,사일런트준,20080413,거,0007671,사일런트워리어,0014021,준벨러,6256958,JEUNE,API42_1
0024581,뉴돌격,20080318,거,0015389,휠즈엔윙즈,0008531,세기의여왕,0004761,큐리아레기스,API42_1
0027418,탐라황제,20080502,거,6254179,MONTBROOK,6854869,MORADA BAY,6306532,CAPE TOWN,API42_1
0024574,런칭어게인,20080505,암,0020257,비카,0012816,지그소어퍼즐,6217072,RELAUNCH,API42_1
3012363,빛난햇빛,20080829,암,3005576,꿈바위,3100924,원주율,-,-,API42_1
1012514,비밀번호,20080322,수,-,-,-,-,-,-,API42_1
0027511,일금빛,20081002,거,6258640,DON EDUARDO,6964790,LAYAWAY,6285811,MAGIC RING,API42_1
0027445,노피어맨,20090505,수,6256908,HARLAN'S HOLIDAY,6329856,NEPHELE,6305909,DEPUTY COMMANDER,API42_1
0027136,대지의감동,20090218,암,0013915,아처시티슬루,0014282,로즈데이,0012684,더그룸이즈레드,API42_1
0027444,골드빅,20090418,수,6771654,HENNY HUGHES,6325029,GOLDEN TRIP,6254271,SEEKING THE GOLD,API42_1
0026286,몬세라트,20090212,수,0018783,야후디,0015798,봉시화발,0013915,아처시티슬루,API42_1
0026742,명손,20090320,거,0018783,야후디,0015229,트윙클링케이티,6253898,MARQUETRY,API42_1
1012769,공작,20090322,수,-,-,-,-,-,-,API42_1
0025850,해피필드,20090130,암,0018723,필드아스카,0009643,대희망,0006162,해피째즈밴드,API42_1
0029191,진짜사나이,20090224,거,6252720,FUSAICHI PEGASUS,6879489,MOYNE ABBEY,6250761,CHARISMATIC,API42_1
0024124,룩시가이,20080514,거,0020257,비카,0018865,언포게터블파이어,6241725,WOODMAN,API42_1
3012866,계림동자,20090719,수,3101045,빛을향해,3102731,나래호,3102386,클라시카,API42_1
0026675,알파명장,20090405,수,0021998,피코센트럴,0018701,렌드,6248324,CORONADO'S QUEST,API42_1
0027094,억순이,20090207,암,0013915,아처시티슬루,0021709,플라이투파라다이,6251228,FLYING CONTINENTAL,API42_1
0029240,선스피드,20090501,수,6256294,PLEASANT TAP,6842047,EVA'S WAY,6310059,DIXIE UNION,API42_1
0026768,상승대청,20090411,암,0009337,포트스톡턴,0015151,벌런트히어로,6306190,ALWAYS A CLASSIC,API42_1
0025871,라이파타임,20090405,수,0020379,인그란디어,0020241,피사노샤넬,6277935,MAYANO TOP GUN,API42_1
0026511,깊은탄력,20090401,암,6313644,SOUTHERN IMAGE,0023945,미스트러블,6310084,EXPELLED,API42_1
0029132,늘푸른짱,20090506,거,6338505,SILVER TRAIN,6329780,DEPUTY DOLLY,6305909,DEPUTY COMMANDER,API42_1
1013012,지존수호,20090412,암,-,-,-,-,-,-,API42_1
0029109,임팩트더맥스,20090321,거,6248317,ARCH,6346694,CHRISTMAS PARTY,6241722,WILD AGAIN,API42_1
0027425,빅파워,20090413,암,6771305,A. P. WARRIOR,6783536,DIXIE SATIN,6250563,DYNAFORMER,API42_1
0029253,일녀,20090414,암,6771758,SUNRIVER,0027549,매기메이즈소드,6256468,SWORD DANCE,API42_1
1013048,천둥강타,20090526,암,-,-,-,-,-,-,API42_1
0029103,뉴트랜센던스,20090410,수,6310288,PUT IT BACK,6443515,SKIP'S STILETTO,6225517,SKIP TRIAL,API42_1
0029118,야호라이언,20090212,거,6323901,MASTER COMMAND,6847901,STORM ROLLING IN,6310008,CATIENUS,API42_1
0025976,승리여왕,20090414,암,6323851,SUAVE,0023948,러브마이와일드캣,6306667,FOREST WILDCAT,API42_1
0026073,덕봉산,20090429,거,0020256,메니피,0020062,코스타드플렌티,6265771,ENCOSTA DE LAGO,API42_1
0026923,브라운테리엇,20090422,암,0020257,비카,0023417,스톨런채드,6229080,COZZENE,API42_1
0026512,성신신화,20090404,거,6310162,JUMP START,0023953,베니,6310156,JAMBALAYA JAZZ,API42_1
0026104,오디세우스,20090505,암,0018206,엑스플로잇,0018175,마퀴시엣,6253898,MARQUETRY,API42_1
0027746,로드윈,20100321,거,0012684,더그룸이즈레드,0011878,벨레이스,6244559,BELLOTTO,API42_1
3013241,미래여신,20100201,암,3008298,무한야성,3008213,무한꿈터,-,-,API42_1
0028001,라이크더윈드,20100219,암,0023957,호크윙,0009814,사린테이크잇,6214551,NORTHERN FLAGSHIP,API42_1
0030984,스페셜하버,20100509,거,6345926,ROCKPORT HARBOR,6856407,THIS CAT'S SPECIAL,6310369,TACTICAL CAT,API42_1
0027932,메세타,20100224,거,0015095,디스틸드,0023428,몬태나캣,6256608,MOUNTAIN CAT,API42_1
0028350,남해대왕,20100427,수,0018207,커멘더블,0022189,캐러멜캔디,6248320,AWESOME AGAIN,API42_1
3013278,불빛여신,20100320,암,3005576,꿈바위,3100938,해피엔드,-,-,API42_1
0028574,싱싱이천,20100406,수,0008710,컨셉트윈,0013958,리치이모션즈,6254208,RIZZI,API42_1
0028143,레이스비전,20100518,거,0021999,포리스트캠프,0013812,코넬리아,6255805,PETESKI,API42_1
0028666,알티우스,20100226,암,6315224,NORTH LIGHT,0025713,레인어브타라,6254589,BEAU GENIUS,API42_1
0027877,원포인트,20100308,암,0020379,인그란디어,0015635,골드번치,6248062,TIMBER COUNTRY,API42_1
0028046,어헤드챔피언,20100213,암,0014055,퍼펙트챔피언,0015108,어헤드어브더타임,6254599,GOLD ALERT,API42_1
1013756,은비,20100626,암,-,-,-,-,-,-,API42_1
0028320,가람준,20100328,암,6771655,STAR DABBLER,0025814,트리스티데스티니,6309478,OLD TRIESTE,API42_1
0028460,스포티,20100308,거,0023493,시에로골드,0021738,라루나데오로,6256073,GLITTERMAN,API42_1
0028726,제이터치,20100428,암,0018783,야후디,0015224,피에스터무드,6218172,SARATOGA SIX,API42_1
0028041,다하미,20100411,암,0020257,비카,0021726,브라보브라보,6200218,AFFIRMED,API42_1
3014086,왕세자,20110301,거,3005652,제주명성,3010071,역사공원,-,-,API42_1
0027978,천년지기,20100426,거,0015093,듀앨러티,0012825,베일어브골드,6254053,SHEIKH ALBADOU,API42_1
0032654,대마지존,20110214,거,6529748,ENGLISH CHANNEL,6620248,BAUHAUSER,6253912,NUMEROUS,API42_1
0032699,노블자이언트,20110412,수,6771704,NOBLE CAUSEWAY,6847628,KISSY MISSY,6256185,KISSIN KRIS,API42_1
0029797,금순이엄지,20110302,암,0020256,메니피,0017475,금순이,0006163,빅서,API42_1
3014241,와흘으뜸,20110508,거,3009526,백두장사,3100893,사랑책,-,-,API42_1
0032690,뉴욕블루,20110215,암,6340178,CANDY RIDE,6488316,AIM FOR THE MOON,6205084,DEPUTY MINISTER,API42_1
0030659,풀레일,20110206,암,0021999,포리스트캠프,0023688,뮤트,6309923,STRAVINSKY,API42_1
0030753,팡팡에너지,20110212,암,0009337,포트스톡턴,0017380,조이라이드,0009338,퓨처퀘스트,API42_1
0031264,감동의질주,20110222,수,6307315,CONGAREE,6543699,MONY'S SISTER,6241287,DISTINCTIVE PRO,API42_1
0028189,최대강자,20100504,암,0006892,디디미,0016752,하이밸류,6310213,MIESQUE'S SON,API42_1
0027947,키스미,20100304,암,0008710,컨셉트윈,0018735,카템바,6240830,FALTAAT,API42_1
3014517,너울,20110507,수,3100989,진흥바람,3100980,제주매직,3102389,빛의사랑,API42_1
0030391,일렉스터,20110416,거,0020253,사쿠라시킹,0015445,스키니디퍼,6310827,FIRST AND ONLY,API42_1
0030466,로열파워,20110329,수,0018206,엑스플로잇,0014929,스페셜파티,0006893,무자지프,API42_1
0029570,프로삭스,20110329,암,0023493,시에로골드,0011116,말순이,0006891,로스트마운틴,API42_1
3014614,새소망,20110529,암,3009526,백두장사,3100912,몰소랑,-,-,API42_1
0030130,위너스마린,20110605,암,0018775,볼포니,0021911,그레스펄발레리나,6307073,POSSE,API42_1
0030091,머스트윈,20110317,수,0015093,듀앨러티,0008856,어리틀비자,6205580,DROUILLY,API42_1
0030550,작전타임,20110309,암,0018733,비와신세이키,0013062,풀타임,0005331,피어슬리,API42_1
0030852,시티레이서,20110323,수,0018771,캐피털스팬딩,0023442,시티스타일링,6254566,CARSON CITY,API42_1
0030449,신세계신화,20110526,암,0024050,엑톤파크,0010214,평화로운,0002895,킹스뷰우,API42_1
0030314,마이해피,20110405,암,0015093,듀앨러티,0020359,마이테일러래,6256074,HENNESSY,API42_1
0032817,최고잘나가,20110422,거,0038391,카우보이칼,6832184,SHE'S ON APPEAL,6256073,GLITTERMAN,API42_1
1014742,마니아,20110611,암,-,-,-,-,-,-,API42_1
0030849,새로운기상,20110313,거,0016504,워존,0014016,바로사스칼러,6213034,MILITARY PLUME,API42_1
0031323,고스트블론드,20110408,거,6313602,GHOSTZAPPER,6838129,ATKA,6306937,SWISS YODELER,API42_1
0034443,렛츠고런,20120306,수,6771807,INVASOR,6821251,SO BEAUTIFUL,6248317,ARCH,API42_1
0032385,용왕시대,20120221,수,0021999,포리스트캠프,0027526,모닝뮤직,6310347,SONGANDAPRAYER,API42_1
0034434,절대질주,20120319,암,6323622,FLATTER,6968008,JOVANI,6250544,BROAD BRUSH,API42_1
0031500,끝판여왕,20120228,암,6784638,DUNKIRK,0029463,디스어레이,6306667,FOREST WILDCAT,API42_1
0034482,바빌론왕자,20120412,거,6772159,AFTER MARKET,6610749,ARCH LADY,6248317,ARCH,API42_1
0031993,스마트캡틴,20120408,거,0023493,시에로골드,0014567,신대양,0011899,바파이터,API42_1
0034556,리얼텐,20120417,거,0031305,록하드텐,6529071,FRENCH JEANNETTE,6272661,FRENCH DEPUTY,API42_1
0032520,대장금,20120518,암,0018775,볼포니,0011575,여왕별,0009336,타임스타,API42_1
3015057,녹색산맥,20120409,암,3009526,백두장사,3100078,장무상망,3010882,금란지계,API42_1
0031948,예술이명운,20120415,거,0021999,포리스트캠프,0018016,예술이,0013970,다이스댄서,API42_1
0030339,미니미,20110430,암,0020253,사쿠라시킹,0019203,초신성,0009338,퓨처퀘스트,API42_1
0034651,콩코드Ⅱ,20120222,암,0038387,콩코드포인트,6798458,FRANCIA,6231944,QUIET AMERICAN,API42_1
0034677,스마트조,20120508,수,6779671,ALAAZO,6968087,SMART GRACE,6254788,GRACE OF DARBY,API42_1
0034650,블러싱바우,20120512,수,0036299,프라이빗보우,6965392,EASYTOBLUSH,6251216,BLUSHING JOHN,API42_1
0034632,강자본색,20120426,거,6770018,BELLAMY ROAD,6323109,BLUSTER,6241691,STORM CAT,API42_1
0034657,아름다운동행,20120420,암,6771305,A. P. WARRIOR,6526061,LEGACY'S SILVER,6254586,ROBYN DANCER,API42_1
0034444,무후대제,20120209,수,6772778,MAJESTIC WARRIOR,6486025,CRAFTY QUEEN,6204497,CRAFTY PROSPECTOR,API42_1
0031968,기막힌질주,20120223,거,0012808,크릭캣,0021952,하프시코드,6252928,GRAND LODGE,API42_1
0031961,슈퍼문,20120508,거,0021999,포리스트캠프,0020333,노와이닝,6248317,ARCH,API42_1
0031845,불꽃왕자,20120401,거,0020257,비카,0015694,선호도,0012684,더그룸이즈레드,API42_1
0032335,삼봉,20120331,거,0025790,피스룰즈,0016798,완전장악,6248317,ARCH,API42_1
0031693,퀸투하츠,20120317,암,0020256,메니피,0023427,고스틀리갤,6252223,SILVER GHOST,API42_1
0031339,세명여신,20120404,암,0016735,한계극복,0020074,스트러티지컬,6245678,EL MOXIE,API42_1
0031692,베스트로드,20120302,거,0025790,피스룰즈,0019420,우리만세,0007463,사이코배블,API42_1
0034590,바람이분다,20120909,수,6772775,STREET BOSS,6789847,STAGERUSH,6269832,GIANT'S CAUSEWAY,API42_1
0034469,어메이징대지,20120424,암,6254179,MONTBROOK,6846737,TRIPPIN STAR,6310391,TRIPPI,API42_1
0034798,올킬,20120904,수,6254552,FLYING SPUR,6965571,ANTIGONE JONES,6313642,SMARTY JONES,API42_1
1015496,역풍독주,20120705,암,-,-,-,-,-,-,API42_1
0034545,지장,20121004,수,6804037,NOM DU JEU,6104447,EXPECTATION,6272337,KEEPER,API42_1
0032568,인디언스타,20120319,암,0020441,애드캣,0015144,인디언다이아몬드,6231949,INDIAN CHARLIE,API42_1
0034436,휴즈로드,20120228,거,6771654,HENNY HUGHES,6103961,TERRACE ROAD,6341525,BADGE OF SILVER,API42_1
0032228,우승천지,20120422,암,0023493,시에로골드,0018425,미러큐러스메달,0020441,애드캣,API42_1
3015473,선정,20120319,수,3009526,백두장사,3100859,쉬머링스타,3102390,루카,API42_1
3015642,감동,20130414,암,3012419,종결자,3011026,진주보배,3101050,골든레이스,API42_1
0032530,킹코드,20120311,거,0018207,커멘더블,0013276,루나,0008710,컨셉트윈,API42_1
0036430,그레이트조이,20130327,거,6310017,CITY ZIP,6104669,NEFARIOUS,6254462,MARIA'S MON,API42_1
0036415,새벽바다,20130324,거,6811977,D' FUNNYBONE,6380302,PERSONAL GIRL,6215562,PERSONAL FLAG,API42_1
0034405,다이돌핀,20130330,수,0021999,포리스트캠프,0027528,스타릿바운드,6224299,GONE WEST,API42_1
1015666,애월일호,20130417,수,-,-,-,-,-,-,API42_1
0033862,스톰라이커,20130315,수,0020178,퍼펙트비전Ⅱ,0018177,파이어러츠댄서,6309977,BENCHMARK,API42_1
0033362,프리티보이,20130424,거,0021998,피코센트럴,0022017,테일러스트리트,6309923,STRAVINSKY,API42_1
0036501,광복칠십,20130420,거,6771297,BLUEGRASS CAT,6802694,FILLIE BY THE BAY,6307149,ELUSIVE QUALITY,API42_1
3015610,별무반,20130321,암,3008298,무한야성,3100885,마지막처럼,-,-,API42_1
0033848,승전필사,20130322,수,0029487,샤프휴머,0029470,퀸조셉핀,6241544,PHONE TRICK,API42_1
0034097,영광의파크,20130320,수,0024050,엑톤파크,0015438,만수무강,6284681,HALF TERM,API42_1
0034815,파워비슬,20130406,거,6104220,COMPANY,6106291,CLOSE HARMONY,6313733,CAPTAIN STEVE,API42_1
0034377,야호자이언트,20130427,수,0025670,원쿨캣,0023433,본브라운,6256625,LITE THE FUSE,API42_1
0033447,마중물,20130418,암,0020257,비카,0022146,루비아나,6254079,RUBIANO,API42_1
0033815,금강천하,20130322,암,0029482,와이와이와이,0025723,위시미석세스,6306441,SUCCESSFUL APPEAL,API42_1
0034182,컴플리트위너,20130329,거,0025670,원쿨캣,0022069,레몬허니,6259767,LEMON DROP KID,API42_1
0033348,로켓블레이드,20130403,거,0027420,오피서,0025429,시어브릴리언스,6247992,A.P. INDY,API42_1
0033162,스피드코어,20130322,암,0028958,어드마이어돈,0022034,피쌍리,6405088,EISHIN SANDY,API42_1
0033574,드림미스,20130504,암,0025670,원쿨캣,0023954,미스브라이어우드,6307010,SMART STRIKE,API42_1
0037962,레전드킹,20130902,수,6913567,DUPORTH,6109026,DANISH PRINCESS,6252659,DOLPHIN STREET,API42_1
1016240,마두금,20130804,암,-,-,-,-,-,-,API42_1
0035055,왕대장,20140412,거,0031302,채플로열,0026737,축제,6770018,BELLAMY ROAD,API42_1
1016182,보리,20130429,수,-,-,-,-,-,-,API42_1
0038032,위대한전사,20140409,거,6771802,FAIRBANKS,6891169,CARMALETTA,6310012,CHIEF SEATTLE,API42_1
1016298,무한독주,20140322,암,-,-,-,-,-,-,API42_1
0035489,골드스탁,20140410,암,0025790,피스룰즈,0020481,장자강,6256913,BUDDHA,API42_1
3016428,한라대부,20130617,거,3009526,백두장사,3100942,바리메특급,-,-,API42_1
3016434,영웅세계,20140216,거,3011133,장백산,3011925,무한여신,3005576,꿈바위,API42_1
0035015,메이플클래식,20140517,수,0031261,사이먼퓨어,0020330,모던클래식,6248051,ROYAL ACADEMY,API42_1
0036101,주링허우,20140327,암,0027420,오피서,0016406,퍼시픽채트,0010902,퍼시픽바운티,API42_1
0038163,대성만리,20140419,암,6784638,DUNKIRK,6109510,NICELY EQUIPPED,6307148,OMEGA CODE,API42_1
3016502,선양호,20140426,수,3009526,백두장사,3011218,노마지지,3101043,제주오름,API42_1
0035884,맘껏달려,20140206,거,0031274,래칸터,0020469,환상신화,6309009,ANZIYAN,API42_1
0038114,황홀한질주,20140417,암,6969117,FIELD COMMISSION,6104147,HINES FARLEY RULES,6251773,KING OF KINGS,API42_1
0035692,골든트로피,20140417,거,0027420,오피서,0029371,골든리듬,6241030,RHYTHM,API42_1
0036603,뜨거운함성,20140303,거,6782438,DROSSELMEYER,6863713,HIGHLAND HOPE,6260776,UNACCOUNTED FOR,API42_1
0038141,플라잉챔프,20140318,암,0038391,카우보이칼,6412207,MRS. ED,6253446,MEADOWLAKE,API42_1
0038046,킹즈워리어,20140403,수,6772778,MAJESTIC WARRIOR,6975153,MYTHICAL YARN,6256901,JOHANNESBURG,API42_1
3016499,용춘일마,20140601,거,3100037,넥타르,3007101,바리오름,-,-,API42_1
0035531,영웅제왕,20140601,거,0025670,원쿨캣,0013964,아워캅스태드,6210290,KAAPSTAD,API42_1
0034943,예스유캔,20140408,거,0022032,니혼필로닐,0021838,딕시비카,0020257,비카,API42_1
3016326,모래비,20140405,암,3008298,무한야성,3012012,여제,3005576,꿈바위,API42_1
0036189,헬로비너스,20140313,암,0020379,인그란디어,0021616,아리새,6323584,SWING LORD,API42_1
0035941,한얼누리,20140322,거,0020257,비카,0029390,베리패스트레이디,6256164,MR. GREELEY,API42_1
0038330,킹오브에이스,20140214,수,6310199,MALIBU MOON,6787702,CINTAROSA,6310132,GRAND SLAM,API42_1
0035357,베가원,20140423,거,0025670,원쿨캣,0021880,베가나인,6261888,ADMIRE VEGA,API42_1
1016614,루비,20140618,암,-,-,-,-,-,-,API42_1
3016788,샛별요정,20140514,암,3012419,종결자,3010283,미니비행,3005576,꿈바위,API42_1
0037896,맘보칸,20150220,수,0029287,맘보트레인,0013275,화려한축제,0006163,빅서,API42_1
0037324,기동대장,20150320,거,0034428,테스타마타,0029351,스트리트어브피스,6310364,STREET CRY,API42_1
0037516,영천스타,20150415,수,0033119,선더모카신,0026424,비카서미트,0020257,비카,API42_1
0037938,완봉,20150416,수,0034428,테스타마타,0026846,우뚝선,0018775,볼포니,API42_1
0037990,맞잡은손,20150417,암,0018775,볼포니,0019406,세븐리그부츠,0011899,바파이터,API42_1
0036853,오케이퀸,20150210,암,0033119,선더모카신,0027150,그랜드카라반,6717459,EXCEED AND EXCEL,API42_1
3016929,불꽃여신,20150410,암,3011321,전국비행,3011797,백록현주,3101050,골든레이스,API42_1
0037986,최강선봉,20150430,수,0031229,어플리트어게인,0010185,선봉질주,0004761,큐리아레기스,API42_1
0039975,메갈리오스,20150325,수,6784653,MIDSHIPMAN,6109761,DOWER,6356219,POWERSCOURT,API42_1
0039996,토스코노바캣,20150525,수,0045048,보이즈앳토스코노,6332425,FIVE SECOND FUSE,6310103,FORESTRY,API42_1
0035218,대천에이스,20140325,거,0018206,엑스플로잇,0030937,호재너즈송,6310199,MALIBU MOON,API42_1
0037841,라온프로센스,20150415,거,0020256,메니피,0016339,꿈이커,0006892,디디미,API42_1
0037720,라이즈앤샤인,20150430,암,0020379,인그란디어,0029038,마이티마미,6772159,AFTER MARKET,API42_1
0039845,티즈플랜,20150422,수,6261339,TIZNOW,6968328,AMUSING PLAN,6307071,PLEASANTLY PERFECT,API42_1
3017189,꼭지점,20150329,암,3011142,태산준봉,3012827,푸른왕국,3005576,꿈바위,API42_1
0039963,파크삭스,20150522,수,6771817,DISCREET CAT,6984335,ROCKINWITHHER,6310072,EL CORREDOR,API42_1
3017166,명성황후,20150601,암,3012382,쾌속장타,3012632,푸른원석,3005576,꿈바위,API42_1
0037182,퍼펙트보스,20150429,거,6772775,STREET BOSS,0036307,리사스태너드,6256625,LITE THE FUSE,API42_1
0037953,철비,20150328,암,0018206,엑스플로잇,0023479,센트럴코스트,6262374,AMALFI,API42_1
3017063,현표,20150324,거,3009296,푸른대왕,3012012,여제,3005576,꿈바위,API42_1
0039958,뉴욕망치,20150222,거,0041566,투아너앤드서브,6520895,GONE TO UTAH,6253916,SALT LAKE,API42_1
0039841,킬리의제왕,20150310,수,6967924,DIALED IN,6104734,CLIFF'S SECRET,6313650,THE CLIFF'S EDGE,API42_1
0039853,점보블레이드,20150324,수,6312528,MINESHAFT,6336424,MUMBO JUMBO,6254575,KINGMAMBO,API42_1
0037187,언제나승리,20150305,수,0023493,시에로골드,0026909,남행열차,6310362,STRAIGHT MAN,API42_1
0039566,룰브레이커,20160512,수,0034428,테스타마타,0027451,엔들리스헤로인,6257863,OATH,API42_1
0038596,원더풀이블,20160307,수,0034835,티즈원더풀,0029313,큐트트릭스,6336683,KING KAMEHAMEHA,API42_1
0039424,신비한여인,20160414,암,0027172,세트피스,0018285,일보경천,6251075,CRYPTIC RASCAL,API42_1
0039012,터프그린,20160210,암,0036358,애니기븐새터데이,0023908,그린메일,6250547,RED RANSOM,API42_1
0039412,마루짱,20160424,암,0020256,메니피,0020374,어라우저,6310123,GOLDEN MISSILE,API42_1
0037483,송암바비,20150520,암,0029487,샤프휴머,0031281,다이나믹바비,6770748,ROMAN RULER,API42_1
0041598,왕벚꽃,20160311,거,6771817,DISCREET CAT,6798457,FOLK,6231944,QUIET AMERICAN,API42_1
0038541,트라이선더,20160215,거,6969080,STAY THIRSTY,0036661,스위트브랜디,6256074,HENNESSY,API42_1
0038610,에이스솔롱고,20160220,암,0021999,포리스트캠프,0027543,루나콜로니,6247992,A.P. INDY,API42_1
0038467,로사,20160217,암,0034428,테스타마타,0036314,올와이즈,6256164,MR. GREELEY,API42_1
0039570,천지폭풍,20160410,거,0018206,엑스플로잇,0023746,허니팟,6252720,FUSAICHI PEGASUS,API42_1
0038704,타이틀코드,20160229,거,0025790,피스룰즈,0034847,스위치잇,6307336,TALE OF THE CAT,API42_1
0038715,펑키,20160406,암,0023201,천년대로,0033086,리쯔걸,6313602,GHOSTZAPPER,API42_1
0039729,스피드벨,20160430,거,0034886,클리어어템프트,0029444,유니언벨,6310059,DIXIE UNION,API42_1
0038835,대한챔프,20160303,수,0024050,엑톤파크,0034828,유어텀,6205296,DIXIELAND BAND,API42_1
0040106,청담지니,20160311,거,6964685,HAYNESFIELD,6680472,GHAZO,6256017,GHAZI,API42_1
0039550,화랑의챔피언,20160530,거,0020256,메니피,0020400,짐키드,6250563,DYNAFORMER,API42_1
0039153,트루시그니처,20160329,암,0036358,애니기븐새터데이,0031233,해피조,6256901,JOHANNESBURG,API42_1
0039519,골드필드,20160527,암,0021999,포리스트캠프,0025698,바잔키티,6333083,SPEIGHTSTOWN,API42_1
0039173,골든메인파리,20160423,암,0033115,유로실버,0025756,핫실버,6309963,APTITUDE,API42_1
0038763,플래티넘유로,20160316,거,0033115,유로실버,0024690,와일드캣,0018733,비와신세이키,API42_1
0039567,천년의약속,20160518,수,0034428,테스타마타,0031301,태스틸컬,6313618,MEDAGLIA D'ORO,API42_1
0038507,새로운보배,20160225,암,0029482,와이와이와이,0033077,어번쇼커,6250761,CHARISMATIC,API42_1
0040591,닥터카슨,20170225,거,0032990,한센,0021727,카슨즈캣,6256608,MOUNTAIN CAT,API42_1
0040502,동쪽글로리,20170317,거,0036358,애니기븐새터데이,0036636,어너러리갤럽,6231953,VICTORY GALLOP,API42_1
0040693,솔인빅투스,20170305,수,0025670,원쿨캣,0026369,타임사일런스,0018776,양키빅터,API42_1
0043486,문학킹,20170415,거,6261339,TIZNOW,6957094,POPPY'S BABY GIRL,0018776,양키빅터,API42_1
0041200,로열캐슬,20170519,수,0036593,온이글즈윙즈,0028558,민아,6771305,A. P. WARRIOR,API42_1
0040681,천지여걸,20170320,암,0031261,사이먼퓨어,0024094,프리트인그란,0020379,인그란디어,API42_1
0041218,정문볼트,20170425,수,0032990,한센,0031232,프런틴,6259767,LEMON DROP KID,API42_1
0040730,이글스타,20170408,거,0036593,온이글즈윙즈,0023104,계명의빛,0008710,컨셉트윈,API42_1
0041467,운외창천,20170611,암,0036693,토우트,0028303,리틀재규어스,6323215,GOOD REWARD,API42_1
3018264,청마보배,20170607,암,3100327,진흥세상,3014095,백호일호,3010278,천년의힘,API42_1
0041058,서울크라운,20170415,거,0025670,원쿨캣,0023730,박스우드,6241725,WOODMAN,API42_1
3018198,성난파도,20170403,거,3009526,백두장사,3011592,큰일꾼,3101039,진솔파워,API42_1
3018333,우도봉,20160408,수,3009526,백두장사,3009374,건국통일,3102389,빛의사랑,API42_1
0040582,해피나이스,20170219,암,0036358,애니기븐새터데이,0019187,해피퀸,0007672,리비어,API42_1
1018397,수퍼우먼,20170420,암,-,-,-,-,-,-,API42_1
0040942,그레이트굿,20170401,암,0025790,피스룰즈,0018452,에어워크,6241725,WOODMAN,API42_1
0043244,유정챔프,20180403,수,0021999,포리스트캠프,0035957,유정여장군,6964690,WARRIOR'S REWARD,API42_1
0044916,마이티칩,20180321,수,0044993,언캡처드,6129683,BAGANARA,6310259,PEAKS AND VALLEYS,API42_1
3018092,칼모루,20170517,거,3101050,골든레이스,3013702,초호화,3005576,꿈바위,API42_1
0042702,정문최강,20180413,거,0037972,올드패션드,0036642,리마커블스토리,6323689,CONGRATS,API42_1
0042363,애니라인,20180314,거,0036358,애니기븐새터데이,0036305,올태피드인,6313649,TAPIT,API42_1
0042805,파이팅대디,20180228,거,0038387,콩코드포인트,0038278,스캣대디즈브리즈,6771696,SCAT DADDY,API42_1
0042939,거센돌풍,20180408,수,0039742,테이크차지인디,0038277,리걸조앤,6772775,STREET BOSS,API42_1
0042876,런던퀸,20180329,암,0033115,유로실버,0028341,퀸즈스텝,6323281,CONSOLIDATOR,API42_1
0042739,서브에이스,20180320,암,0034835,티즈원더풀,0038272,해비샴,6771382,BERNARDINI,API42_1
0043236,신비한강자,20180308,수,0027172,세트피스,0026729,임자도,0018783,야후디,API42_1
0042033,서부퀸,20180515,암,0026618,경부대로,0036694,드빌,6310266,PETIONVILLE,API42_1
0043008,이무기,20180525,수,0034835,티즈원더풀,0024138,스페셜레드,0012808,크릭캣,API42_1
3018511,명성여걸,20180519,암,3009526,백두장사,3011035,한라세상,3101043,제주오름,API42_1
0042085,바운티헌터,20180401,거,0033119,선더모카신,0036517,랜드슬라이드빅토,6351914,COUNCIL MEMBER,API42_1
0042917,장산레이저,20180520,수,0020256,메니피,0038292,익스체인지스튜던,6306409,EXCHANGE RATE,API42_1
0042143,질주본,20180602,거,0036358,애니기븐새터데이,0033121,스테인드글라스,6256494,OUTFLANKER,API42_1
0042282,플라잉풀문,20180130,암,0037972,올드패션드,0031275,벨어브더문,6310199,MALIBU MOON,API42_1
0042141,런앤드건,20180504,암,0032990,한센,0023687,힐오브드림즈,6240818,DANEHILL,API42_1
0042892,퀸할리,20180310,암,0020256,메니피,0028759,천행질주,0018775,볼포니,API42_1
0042675,킹심바,20180328,거,0027443,컬러즈플라잉,0027539,골든데일,6253457,SAINT BALLADO,API42_1
0043250,스마티돌풍,20180309,암,0029014,스마티문학,0036741,세인트에티엔,6324784,WAR FRONT,API42_1
0046258,그레이트선더,20180430,수,0036358,애니기븐새터데이,0031706,대왕대비,0021999,포리스트캠프,API42_1
3018845,삼정검,20180502,암,3014739,설중매,3015756,설화수,3009526,백두장사,API42_1
3018772,신의공주,20180526,암,3009526,백두장사,3014236,신의여왕,3007259,신비한꿈,API42_1
0044126,패스트트랙,20190328,거,0039742,테이크차지인디,0025833,엑스파일,0018206,엑스플로잇,API42_1
0042891,레인킬러,20180310,거,0027420,오피서,0027656,인천의러닝,0024033,러닝스태그,API42_1
0042957,천마비상,20180522,암,6313612,KITTEN'S JOY,0040146,더빅앤배디스트버,6307010,SMART STRIKE,API42_1
0044643,글로벌최고,20190412,수,0034835,티즈원더풀,0041539,스테파니갓이븐,6310354,STEPHEN GOT EVEN,API42_1
0044173,스타프린세스,20190415,암,0034735,페더럴리스트,0024341,센걸,0019963,스트로디스크리크,API42_1
0042272,블루스카이,20180309,암,0027420,오피서,0033067,스카이라라,6313602,GHOSTZAPPER,API42_1
0043885,장산포이즌,20190228,수,6965458,KANTHAROS,0041951,진저러시,6333083,SPEIGHTSTOWN,API42_1
0044115,천송이,20190311,암,0033119,선더모카신,0017305,라이브퀸,0007672,리비어,API42_1
0044492,나이스데이,20190331,거,0021999,포리스트캠프,0031780,꿈캐라,0018206,엑스플로잇,API42_1
0046436,콩코드스퍼트,20190308,수,0038391,카우보이칼,0034651,콩코드Ⅱ,0038387,콩코드포인트,API42_1
3102567,신흥최강,20190401,거,3016475,빗고을,3012877,불면불휴,3102390,루카,API42_1
0043986,올크라운,20190302,암,0027443,컬러즈플라잉,0026513,블랙다이아,0020257,비카,API42_1
3102411,성산황후,20190402,암,3100316,진흥상어,3015918,비오톱,3100773,모자오름,API42_1
0044536,야생화,20190412,암,0033119,선더모카신,0038366,티즈벗어드림,0034835,티즈원더풀,API42_1
0046099,나올스나이퍼,20200324,수,0041566,투아너앤드서브,0040183,가니쉬드웨이지스,6771696,SCAT DADDY,API42_1
3101599,으뜸진,20190405,암,3015307,명가황제,3014178,저글링,3005652,제주명성,API42_1
3019057,쾌재,20190201,암,3015307,명가황제,3010198,한라산,3005576,꿈바위,API42_1
0046298,날라,20200328,암,0027443,컬러즈플라잉,0034413,최고비슬,0006892,디디미,API42_1
0046025,강한퀸,20200408,암,0040056,아치아치아치,0032285,골드웨이브,0018775,볼포니,API42_1
0045512,걸작선,20200319,암,0037972,올드패션드,0032605,아르고챔프,0020256,메니피,API42_1
0046268,블랙건,20200323,거,0041566,투아너앤드서브,0025782,킵유어윗어바웃유,6253098,TORRENTIAL,API42_1
0046091,불의날개,20200331,수,0040246,지롤라모,0020376,매직뷰,6307044,DISTANT VIEW,API42_1
0044261,리월마,20190317,거,0038387,콩코드포인트,0031193,낫애니모어,6772800,CASINO PRINCE,API42_1
0045314,스타드래건,20200210,수,0039750,퍼지,0029104,담양죽부인,6256908,HARLAN'S HOLIDAY,API42_1
0045256,멋진강호,20200216,수,0034835,티즈원더풀,0024718,나이스터치,0018733,비와신세이키,API42_1
0045593,아름다운사이,20200217,암,0034428,테스타마타,0026109,로열스텝,0020257,비카,API42_1
3101424,달천왕비,20200408,암,3015223,제일용사,3013278,불빛여신,3005576,꿈바위,API42_1
3102632,대천여왕,20200409,암,3009296,푸른대왕,3016952,역대상,3100032,성읍오름,API42_1
0045638,기적의금빛,20200318,암,0020256,메니피,0041924,하이와이어액트,6344814,MEDALLIST,API42_1
0045806,판타스틱우먼,20200407,암,0024050,엑톤파크,0036731,마이팔크리시,6528635,ALEX'S PAL,API42_1
0045494,오스틴리더,20200312,수,0033119,선더모카신,0025318,오스틴,0013970,다이스댄서,API42_1
0045819,브라이트위너,20200324,암,0038332,커널존,0032227,서라벌공주,0025790,피스룰즈,API42_1
0047211,맥스파티,20210128,수,0039812,모던카우보이,0041694,엠제이파티,6313612,KITTEN'S JOY,API42_1
0047459,희망캔디,20210421,암,0032990,한센,0038282,윌투샤인,6771313,SUN KING,API42_1
0046892,광야의함성,20210324,거,0032990,한센,0044964,웨이팅포아스파크,6969081,BODEMEISTER,API42_1
0047424,로열플러스,20210420,암,0039750,퍼지,0036261,예원케이,0025790,피스룰즈,API42_1
3103594,무적퀸,20210507,암,3009526,백두장사,3014023,공중정원,3101050,골든레이스,API42_1
1411893,엠케이리,20210313,수,0038391,카우보이칼,0040031,부활의숨결,6795075,SUPER SAVER,API42_1
0021029,산들래,20060323,거,0007463,사이코배블,0013946,시게루산산,6254656,REAL SHADAI,API42_1
0021558,지상무적,20060430,거,0015094,버스터즈데이드림,0012810,시스터슬레지,6253916,SALT LAKE,API42_1
0022074,캡틴쿠가트,20040812,거,6310171,KING CUGAT,6771942,SHIVA ANGEL,6247630,MARAUDING,API42_1
0021559,사군육진,20060326,수,0006893,무자지프,0007808,아말리아바티스타,6218688,SHIPPING MAGNATE,API42_1
0022589,호르만,20070521,거,6310287,PURE PRIZE,0021735,그레이스펄,6213980,NAEVUS,API42_1
0022645,올레드리머,20070505,거,0018206,엑스플로잇,0012207,대흥사,6253088,NOT FOR LOVE,API42_1
0023003,설마설마,20070323,암,0015444,선데이웰,0012801,티터언오버,6253874,ROLLIN ON OVER,API42_1
0020976,칸의후예,20060427,수,0012684,더그룸이즈레드,0012827,노블미셸,6207034,FLOW TECHNOLOGY,API42_1
3010646,백두산,20060722,거,3008298,무한야성,3100885,마지막처럼,-,-,API42_1
3011094,백록왕비,20070407,암,3102390,루카,3100808,백록황후,-,-,API42_1
0020563,천만영웅,20060410,거,0015032,알나바,0010506,미르,0006893,무자지프,API42_1
0019379,럭키댄서,20050502,수,0005331,피어슬리,0009141,오션드림,6213525,MOHAMED ABDU,API42_1
0023283,샤이닝챔피언,20070311,암,0006892,디디미,0015421,퀸스페인,6260049,MISTER BAILEYS,API42_1
0022566,미르나래,20070417,암,0016504,워존,0018778,게일릭걸로어,6209771,IRISH TOWER,API42_1
0025549,엘리사스버스데이,20070426,암,6256913,BUDDHA,6347740,G I C VERDICT,6241725,WOODMAN,API42_1
0021262,포트히어로,20060504,거,0009337,포트스톡턴,0015151,벌런트히어로,6306190,ALWAYS A CLASSIC,API42_1
0022263,스카이히어로,20070319,거,0005331,피어슬리,0007233,포르티시시모,6200428,ALLEGED DASH,API42_1
0023603,마이티히어로,20060218,암,6256913,BUDDHA,6341626,PRETTY PRETTY,6218857,SILVER DEPUTY,API42_1
0021508,플러스밸류,20060423,거,0007672,리비어,0011776,버라이어티레이디,6252387,VARIETY ROAD,API42_1
0023330,비행대장,20070417,수,6256441,CONCERTO,0021751,노블스토크,6218392,SEATTLE SLEW,API42_1
0025545,포르투나타,20070315,암,0033115,유로실버,6501749,ELEANOR'S SONG,6241576,SEATTLE SONG,API42_1
0022240,일손,20070416,거,0007463,사이코배블,0008508,종로,0004759,랜드러쉬,API42_1
0022636,서남풍,20070324,거,0009337,포트스톡턴,0012815,벌리어리아,6240108,GULCH,API42_1
3010305,국본,20060517,거,3102390,루카,3102726,제주진경,3102386,클라시카,API42_1
3011111,무등등,20070312,거,3101050,골든레이스,3100930,유도작전,-,-,API42_1
0023331,쾌속여걸,20070512,암,6332401,TETON FOREST,0021752,라터크,6241713,TURKOMAN,API42_1
0023396,아임레전드,20070511,암,6309771,SMOKE GLACKEN,0020329,올햇,6210758,KRIS S.,API42_1
0022217,문학의여왕,20070405,암,6251339,OLYMPIO,0020448,웨이팅온신아이스,6310012,CHIEF SEATTLE,API42_1
0019591,팝스슬루,20050317,거,0013915,아처시티슬루,0015296,팝스글로리,6306605,NAVARONE,API42_1
1011324,행복만찬,20070404,암,-,-,-,-,-,-,API42_1
0025629,두드림,20070917,수,0029176,델라고브롬,6964277,RAVISSANTE,6290720,RECHABITE,API42_1
0022969,지존설화,20070307,암,0010691,다함께,0014032,하이패션부츠,6257003,STORM BOOT,API42_1
0025663,콜미타이거,20071102,수,0025670,원쿨캣,6536281,HAIRINI,6224242,ZABEEL,API42_1
0024077,센왕,20080225,수,0019963,스트로디스크리크,0013871,스니킹아웃,6256166,GOLD MERIDIAN,API42_1
0022398,요동제왕,20070315,수,0018723,필드아스카,0018730,메리원더,6239920,SHAHRASTANI,API42_1
3011912,참제라한,20080512,수,3008912,참살이,3101044,동방희망,3102389,빛의사랑,API42_1
0025154,히어더레이디,20080303,암,6254561,DEHERE,0023446,롤링선더,6240160,THUNDER GULCH,API42_1
0025236,블루차밍,20080320,암,6772132,ON FIRE,0023424,차밍로망,6241321,GADABOUT,API42_1
0025359,시크릿위스퍼,20080418,암,6310324,SEA OF SECRETS,0023518,제너럴즈패션,6254569,GENERAL MEETING,API42_1
0027239,뽀빠이,20080304,거,6345926,ROCKPORT HARBOR,0036349,페어앤라이블리,6256832,LIVELY ONE,API42_1
0027243,야호캣,20080405,수,6256441,CONCERTO,6346379,IRMA,6241722,WILD AGAIN,API42_1
0027201,블루밴드마마,20080328,암,0039750,퍼지,6412195,MEADOW BRYTE,6253446,MEADOWLAKE,API42_1
0024400,브리프드림,20080215,수,0015094,버스터즈데이드림,0012576,그린파워,6251199,BRIEF TRUCE,API42_1
0024549,빛나는,20080131,암,0016529,볼레로,0014667,전열,0009336,타임스타,API42_1
0027173,스나이퍼킹,20080309,수,6771396,FIRST SAMURAI,6393996,GEM TRECK,6241356,JAVA GOLD,API42_1
0025025,시크릿파워,20080404,암,0008710,컨셉트윈,0016532,돈트리스캣,6256608,MOUNTAIN CAT,API42_1
0024303,대하무성,20080505,수,0007463,사이코배블,0013866,펄얼람,6204889,DARN THAT ALARM,API42_1
0023653,피콜로어게인,20070914,수,6309845,PICCOLO,0021960,유레카어게인,6290082,IGLESIA,API42_1
0024797,태양의왕,20080328,거,0015094,버스터즈데이드림,0013906,위스풀스카이,6228139,SKYWALKER,API42_1
0024596,센대로,20080409,거,0018733,비와신세이키,0008833,지터버그갤,6204782,DANCEHALL,API42_1
3012337,꽃분이,20080511,암,3005576,꿈바위,3006581,기대만발,-,-,API42_1
1012330,봉개여신,20080521,암,-,-,-,-,-,-,API42_1
0025197,희망북소리,20080415,암,0012808,크릭캣,0003614,가나안,6214431,NO FAITH,API42_1
0025178,천상지화,20080601,암,0015100,언어카운티들리,0011056,미스트러플즈,6212938,MI PREFERIDO,API42_1
0024440,퍼펙트캡틴,20080510,수,0020178,퍼펙트비전Ⅱ,0011844,빅캣츠,6213946,MYOCARD,API42_1
0027155,자이카,20080914,암,6772174,WRITTEN TYCOON,6382141,GRAND JEWEL,6248003,BROCCO,API42_1
0026080,포트실버,20090304,암,0009337,포트스톡턴,0018599,실버피즈,6203443,CEE'S TIZZY,API42_1
3012541,무한세계,20090306,거,3008298,무한야성,3100870,판타지스타,-,-,API42_1
0029060,당대전승,20090409,암,6310288,PUT IT BACK,6874351,DIAMOND HEIRLOOM,6310260,PEMBROKE,API42_1
0025828,아스카호크,20090215,수,0018723,필드아스카,0011154,퀸호크,0006893,무자지프,API42_1
1012620,새단장,20090211,암,-,-,-,-,-,-,API42_1
3012697,간드락,20090405,암,3100989,진흥바람,3100802,골드레인,-,-,API42_1
0026996,필립,20090215,수,0021998,피코센트럴,0008779,댄싱도트,6205665,DURGAM,API42_1
0027468,서방신기,20090219,수,6328809,KAFWAIN,6334579,FASHION ISLAND,6256074,HENNESSY,API42_1
1012756,일직선,20090422,거,-,-,-,-,-,-,API42_1
0025945,더원더,20090418,거,6771304,STEVIE WONDERBOY,0023888,캡쳐어스타,6248006,CAPOTE,API42_1
0027114,힘찬질주,20090320,수,0010426,쾌도난마,0016709,와일드트리플,6310217,MILITARY,API42_1
0027109,흑선풍,20090311,거,0018206,엑스플로잇,0020324,조미더머니,6255992,TAKE ME OUT,API42_1
0026117,최고도전,20090419,거,0006892,디디미,0012899,러브댓다이아몬드,6228926,MERCEDES WON,API42_1
0027296,불굴의의지,20080505,암,6309956,ALBERT THE GREAT,6955765,AT EASE DIABLO,6310551,DIABLO,API42_1
1012888,가야세상,20090310,암,-,-,-,-,-,-,API42_1
1012882,명품주연,20090710,수,-,-,-,-,-,-,API42_1
0026884,켈란,20090316,거,6306532,CAPE TOWN,0023894,히든그리팅,6218411,SECRET HELLO,API42_1
0026815,거가대교,20090430,암,0013915,아처시티슬루,0014671,달의산,0012683,소셜차터,API42_1
0029093,매디슨리셸,20090330,암,6772152,FLASHY BULL,6477769,JELLY ROLL FROLIC,6200218,AFFIRMED,API42_1
0026533,명서히어로,20090209,수,0021998,피코센트럴,0022163,리걸에어,6217026,REGAL INTENTION,API42_1
0027100,샌드짱,20090411,거,0021999,포리스트캠프,0023469,릴리전,6309728,PULPIT,API42_1
0026944,블랙테리엇,20090513,거,0018206,엑스플로잇,0011777,돈잇마이웨이,6214551,NORTHERN FLAGSHIP,API42_1
0026744,팝스캡틴,20090228,수,0006892,디디미,0015296,팝스글로리,6306605,NAVARONE,API42_1
0026833,최종병기,20090529,암,0018206,엑스플로잇,0020081,인디파이너블,6254552,FLYING SPUR,API42_1
0027008,하이플레이스,20090310,거,0018775,볼포니,0014637,낭만질주,0012853,아워포에틱프린스,API42_1
0026875,빅석세스,20090512,거,0020256,메니피,0007741,칸스탄트칼라스,6204240,CONTESTED COLORS,API42_1
0026964,머니퀸,20090502,암,0007463,사이코배블,0018688,타위티피,6305987,CHEROKEE RUN,API42_1
0027131,전설시대,20090407,수,0018207,커멘더블,0016647,바다림,6258221,CARNEGIE,API42_1
0029278,영웅대로,20090518,수,6772170,EXCLUSIVE QUALITY,6536066,BASQUE SONG,6252269,BOUNDING BASQUE,API42_1
0029347,핑크레이디,20090918,암,6772231,PERFECTLY READY,6929110,OPUATIA,6309983,BLACK MINNALOUSHE,API42_1
3013176,바다풍경,20080325,암,3101050,골든레이스,3100804,탐라마루,-,-,API42_1
0028749,키핑트로피,20100329,거,0018733,비와신세이키,0020190,페어리페이블,6206427,FAIRY KING,API42_1
0026959,레전드킹덤,20090220,암,0020256,메니피,0008541,즐거운파티,0006163,빅서,API42_1
0030951,대륙의별,20100415,암,0031305,록하드텐,6968151,BIG MISS,6310491,CHIEF HONCHO,API42_1
1013274,세자,20090428,거,-,-,-,-,-,-,API42_1
0026852,프로빅터,20090320,거,0018776,양키빅터,0005731,에머랄드,6211805,LOOSEN UP,API42_1
0028156,미라클댄서,20100321,수,0021999,포리스트캠프,0018476,폴리쉬코트,6258011,LANGFUHR,API42_1
0027599,시킹제이드,20100222,암,0018724,오스미제트,0015234,오션시티걸,6306532,CAPE TOWN,API42_1
0030894,라이징플러스,20100317,수,6313654,VALUE PLUS,6656408,RIESLING,6222803,WOLF POWER,API42_1
0028290,남도호령,20100316,거,0018206,엑스플로잇,0014417,필승기원,0007671,사일런트워리어,API42_1
1013477,강남대로,20090613,수,-,-,-,-,-,-,API42_1
0028830,아름다운도전,20100311,수,0023957,호크윙,0016562,메이로지즈,6231874,INCINDERATOR,API42_1
0027986,시티우스,20100221,수,0007672,리비어,0013137,대천풍,0005331,피어슬리,API42_1
0031065,서든포춘,20100219,수,6771685,LATENT HEAT,6842002,CAMBRIDGE BELLE,6310059,DIXIE UNION,API42_1
0027602,마이키,20100208,거,6307064,MACHO UNO,0025716,월들리플레저,6253934,DEVIL HIS DUE,API42_1
0028002,마하원,20100430,암,0018775,볼포니,0011822,플레인벨벳,6252651,MISTER C.,API42_1
1013312,치우천,20100312,거,-,-,-,-,-,-,API42_1
0027928,리설여왕,20100301,암,0018229,리설인스트러먼트,0010783,세어더랏,6207507,GAIUS,API42_1
0031124,금포철마,20100220,거,6310223,MIZZEN MAST,6968125,ARE U BEING SERVED,6310156,JAMBALAYA JAZZ,API42_1
0027619,늘푸른청룡,20100310,암,6323901,MASTER COMMAND,0025753,시버튼,6310324,SEA OF SECRETS,API42_1
0027667,미스터삭스,20100306,거,0024033,러닝스태그,0021754,카트리나스피버,6310360,STORMIN FEVER,API42_1
1013611,평생행복,20100311,수,-,-,-,-,-,-,API42_1
0028739,강자의인연,20100227,수,0018775,볼포니,0016359,주말축배,0006891,로스트마운틴,API42_1
0031183,대한강군,20100811,거,6717343,LUCKY OWNERS,6968878,CYCLONIC MISS,6253114,HURRICANE SKY,API42_1
0031215,풀리시스킵,20100413,거,6323916,SCIPION,6968899,HESTER'S FOLLY,6200434,ALLEN'S PROSPECT,API42_1
0028588,한누리,20100318,수,0020379,인그란디어,0011469,빛의탑,0007671,사일런트워리어,API42_1
0028709,아트스퍼트,20100226,암,0020178,퍼펙트비전Ⅱ,0015694,선호도,0012684,더그룸이즈레드,API42_1
0027880,대왕,20100118,거,0020256,메니피,0014827,내장사,0006892,디디미,API42_1
3014084,안덕공주,20110310,암,3005652,제주명성,3011123,안덕명성,3005576,꿈바위,API42_1
3014007,예동산,20100819,암,3101050,골든레이스,3100763,백이지렴,3102390,루카,API42_1
0031200,레전드파워,20101117,거,6771718,JET SPUR,6968889,STORM MOSS,6290475,MOSSMAN,API42_1
0029532,강해,20110320,수,0006892,디디미,0025571,아슬랏,6256357,CATRAIL,API42_1
3014246,다부진황룡,20110402,거,3010278,천년의힘,3008948,명문귀족,-,-,API42_1
3014164,미주여행,20110405,거,3009526,백두장사,3011026,진주보배,3101050,골든레이스,API42_1
0032708,다크테리어,20110418,수,6772779,MIDNIGHT LUTE,6566312,STAKE,6255064,BOUNDARY,API42_1
0030858,마하알파,20110311,수,0021998,피코센트럴,0025747,메릴즈스피릿,6257003,STORM BOOT,API42_1
0032702,마페오바르베리니,20110405,수,6770706,BANDINI,6970666,LIGHTS OUT,6309861,WAY OF LIGHT,API42_1
0031193,낫애니모어,20100916,암,6772800,CASINO PRINCE,6968881,IMANOREMISS,6252909,MADE OF GOLD,API42_1
0030684,러닝탱크,20110308,수,0024033,러닝스태그,0024036,스위트프리넙,6309990,BROKEN VOW,API42_1
0030359,으뜸왕자,20110418,거,6313646,STROLL,0027559,언레인드,6240166,UNBRIDLED,API42_1
1014360,검은여걸,20110326,암,-,-,-,-,-,-,API42_1
0030399,라이징캡틴,20110312,수,0024050,엑톤파크,0014314,화려한꿈,0012682,샤프어필,API42_1
0029500,중앙해주,20110413,수,0020256,메니피,0020076,브랜치라인,6241725,WOODMAN,API42_1
0032704,태양의축복,20110506,거,6771297,BLUEGRASS CAT,6913938,MANHATTAN SKYLINE,6309858,SPINNING WORLD,API42_1
0030349,황금열쇠,20110415,수,0013915,아처시티슬루,0008492,줄달음,0004760,미스터아도라블,API42_1
0030488,마리아고,20110327,암,6821924,TIAGO,0027563,마리아클라리사,6254462,MARIA'S MON,API42_1
3014322,일등열차,20110409,암,3008912,참살이,3007169,하늘이,-,-,API42_1
0032906,티사불,20110327,수,6772812,BENNY THE BULL,6895130,BEAUTY OF HOLINESS,6310062,DOVE HUNT,API42_1
0029939,모닝휘파람,20110608,거,0020458,에브리데이이즈,0020392,디나미까,6250563,DYNAFORMER,API42_1
0029910,바람탄,20110406,암,0006892,디디미,0008823,펀더멘틀하이,6209017,HIGH BRITE,API42_1
1014787,군왕의별,20110622,수,-,-,-,-,-,-,API42_1
1014740,댄싱퀸,20110611,암,-,-,-,-,-,-,API42_1
0030201,지중해의진주,20110321,암,0009337,포트스톡턴,0021907,파이어라이트버니,6309978,BERNSTEIN,API42_1
0032127,럭키뮤직,20120217,암,0012808,크릭캣,0005963,당대제일,0004380,럭키룰러,API42_1
0032287,골드홀릭,20120318,수,0018775,볼포니,0015402,러브리메모리즈,6256074,HENNESSY,API42_1
3014943,수미,20120426,암,3009526,백두장사,3007222,왕실공주,-,-,API42_1
0032589,아이언마린,20120216,암,6337808,MOBIL,0029438,페블인더샌드,6310199,MALIBU MOON,API42_1
0030582,플라이윙,20110325,거,0023957,호크윙,0018192,플라이퀸,0018206,엑스플로잇,API42_1
0032417,라크윙,20120420,수,0023957,호크윙,0008736,라피날레,6205642,DUNBEATH,API42_1
0032210,퀸크릭캣,20120409,암,0012808,크릭캣,0018586,화목란,6250559,UMATILLA,API42_1
0031461,공작명왕,20120308,암,0020256,메니피,0022159,레지,6210758,KRIS S.,API42_1
1015001,나루터,20110528,암,-,-,-,-,-,-,API42_1
0030397,포마이시스,20110702,암,0024050,엑톤파크,0022190,올두파이,6240108,GULCH,API42_1
0031450,레전드위너,20120327,수,0021998,피코센트럴,0025736,레이트데이트,6310140,HIGH YIELD,API42_1
0031360,금빛소나타,20120329,암,0028958,어드마이어돈,0013947,아카시안리앨러티,6252785,PROPER REALITY,API42_1
0032279,힐타워,20120225,암,0025790,피스룰즈,0025705,스틸더쇼,6250769,CAT THIEF,API42_1
1014929,만리향,20120417,암,-,-,-,-,-,-,API42_1
1014961,장대한,20120415,암,-,-,-,-,-,-,API42_1
0032436,누리불패,20120306,거,6964704,DISCREETLY MINE,0029443,스위트오일,6309990,BROKEN VOW,API42_1
0034654,로열지블리,20120405,수,6345945,UNBRIDLED ENERGY,6104146,HERE'SONEFORJIMMY,6488066,DEPUTY SLEW,API42_1
0031506,빛의바다,20120306,거,0009337,포트스톡턴,0022149,수파센세이션,6248320,AWESOME AGAIN,API42_1
0031465,마추픽추,20120213,거,6310223,MIZZEN MAST,0029427,레이디코팅햄,6309809,DR FONG,API42_1
0032993,마이티젬,20120225,암,6307064,MACHO UNO,6339046,SHIMMER,6309728,PULPIT,API42_1
0032220,쾌한질주,20120318,거,0027443,컬러즈플라잉,0023702,은빛투혼,6247995,ALPHABET SOUP,API42_1
0031595,제이에스원,20120413,거,0020379,인그란디어,0024354,다이아캣,0016533,본비반트,API42_1
0034747,매직탑,20121023,거,6963671,HARADASUN,6789953,LADY GIRONA,6269832,GIANT'S CAUSEWAY,API42_1
0032215,스타보니비,20120402,수,0020226,메이세이오페라,0017684,보니비,0006893,무자지프,API42_1
0031599,유아더캡틴,20120505,거,0015444,선데이웰,0010961,모가웅,6246817,JADE HUNTER,API42_1
0034764,시즈더타임,20120908,수,6950553,SHAFT,6105084,MISS MADELAINE,6217354,RIVOTIOUS,API42_1
3015306,녹색신화,20120607,암,3008298,무한야성,3100870,판타지스타,-,-,API42_1
0036372,듀스인디쿱,20130316,거,6253934,DEVIL HIS DUE,6793830,PROPHESY,6309728,PULPIT,API42_1
0034855,정상천마,20130208,거,0038391,카우보이칼,6568165,AT NIGHT,6307163,DAYJUR,API42_1
0033533,개척자,20130325,거,0023493,시에로골드,0023347,그레이톰보이,0027420,오피서,API42_1
3015488,금강미인,20120529,암,3100982,메밀마을,3102737,순수한빛,3102386,클라시카,API42_1
3015694,기적의선물,20130515,거,-,-,3011957,백호명성,3101043,제주오름,API42_1
0036497,최강버들,20130320,거,0040246,지롤라모,6332350,EMERALD COAST,6310103,FORESTRY,API42_1
0036499,대한영웅,20130317,수,6772788,RUN AWAY AND HIDE,6594772,EXCUSE,6253931,WITH APPROVAL,API42_1
0034151,스페셜러너,20130425,수,0029287,맘보트레인,0018817,스토밍컬러스,6310405,VISION AND VERSE,API42_1
0033656,온더스테이지,20130220,암,0025670,원쿨캣,0023945,미스트러블,6310084,EXPELLED,API42_1
0036492,나이트후드,20130124,수,6566349,POMEROY,6535295,VIENNA KNICKERS,6214470,NOBLE SAINT,API42_1
0034063,산타글로리아,20130303,암,0020256,메니피,0025707,퓨펄,6240166,UNBRIDLED,API42_1
0034379,희망포인트,20130410,수,0029482,와이와이와이,0015155,고다이버즈댄서,6208394,GREEN DANCER,API42_1
0036458,스노우카리스마,20130502,거,6310288,PUT IT BACK,6385342,KERI'S SNOWMAN,6370448,FROSTY THE SNOWMAN,API42_1
3015777,설악절경,20130330,거,3012419,종결자,3011888,태후독주,3101043,제주오름,API42_1
3015816,계림야망,20130427,거,3100982,메밀마을,3100646,귤림풍악,3101043,제주오름,API42_1
0034142,몽글몽글,20130419,암,0008710,컨셉트윈,0029408,마데이라,6218857,SILVER DEPUTY,API42_1
0033314,골드뮤직,20130508,거,0018206,엑스플로잇,0029467,스트리트골드,6310364,STREET CRY,API42_1
0033351,스바딜파리,20130412,수,0018775,볼포니,0010452,에스빠스,0007463,사이코배블,API42_1
0034225,천지챔프,20130321,거,0024050,엑톤파크,0010214,평화로운,0002895,킹스뷰우,API42_1
0033782,듬직이,20130514,거,0021998,피코센트럴,0018600,매그네틱,6248051,ROYAL ACADEMY,API42_1
0033206,날쌘강호,20130402,거,0023201,천년대로,0029459,언더커버Ⅱ,6200434,ALLEN'S PROSPECT,API42_1
0034821,에코부스터,20130424,수,6782438,DROSSELMEYER,6330746,CHIMING DIXIE,6205296,DIXIELAND BAND,API42_1
3016053,쾌찬차,20130425,거,3100982,메밀마을,3100433,왕자보배,3101045,빛을향해,API42_1
3016196,중문의힘,20130425,수,3010278,천년의힘,3010386,금고열쇠,3102390,루카,API42_1
0034330,제라한,20130320,암,0020257,비카,0023472,지지즈매직,6200434,ALLEN'S PROSPECT,API42_1
0033143,꼭대기,20130421,거,6772811,TALE OF EKATI,0031250,거츠게임,0027420,오피서,API42_1
0035944,클린업드림,20140325,거,0024050,엑톤파크,0016798,완전장악,6248317,ARCH,API42_1
3016286,한라정복,20140410,암,3012382,쾌속장타,3012697,간드락,3100989,진흥바람,API42_1
0035174,월하독작,20140418,거,0023957,호크윙,0022458,윙윙,0011880,슬루오그린,API42_1
0035725,레베카,20140427,암,0031302,채플로열,0020314,익스플리시틀리,0018206,엑스플로잇,API42_1
0034955,재롱이,20140220,거,0029318,이글카페,0021236,오마이크릭,0012808,크릭캣,API42_1
3016387,장타명성,20140330,암,3009526,백두장사,3008153,장타소녀,-,-,API42_1
0038050,다이아삭스,20140428,수,6258011,LANGFUHR,6348717,ROYAL STRATEGY,6241725,WOODMAN,API42_1
0035166,동남대박,20140330,거,0031305,록하드텐,0031257,댄싱디자이어,6256164,MR. GREELEY,API42_1
0038147,선더라이트,20140319,수,6307076,REPENT,6823100,WHITE DIAMOND GIRL,6310269,PIONEERING,API42_1
0038088,브이칸,20140221,수,6965458,KANTHAROS,6811829,PEACEFUL CREEK,0025790,피스룰즈,API42_1
0035891,골드스타힐스,20140319,암,0018771,캐피털스팬딩,0015402,러브리메모리즈,6256074,HENNESSY,API42_1
0035675,킹메신저,20140308,수,0023493,시에로골드,0027160,난초,6322005,GREATNESS,API42_1
0036117,대승비법,20140401,거,0020379,인그란디어,0025226,올가닉비타민,0020458,에브리데이이즈,API42_1
0035563,퀸스퀸,20140520,암,0024050,엑톤파크,0029456,다이아몬즈인더스,6254179,MONTBROOK,API42_1
0035807,성산질주,20140320,거,0020256,메니피,0025476,우승거탑,6254561,DEHERE,API42_1
0035406,큰마법,20140426,암,0020256,메니피,0029024,홀리드라이브,6310199,MALIBU MOON,API42_1
0036156,하이스펙,20140422,수,0031305,록하드텐,0013062,풀타임,0005331,피어슬리,API42_1
0036108,금투사,20140225,거,0031274,래칸터,0013968,알찬우승,6254198,WHITNEY TOWER,API42_1
3016571,청룡무적,20140503,암,3012382,쾌속장타,3011957,백호명성,3101043,제주오름,API42_1
0038076,브라이트어카운트,20140331,거,6969061,BIONDETTI,6863614,ONACCOUNTOFYOU,6260776,UNACCOUNTED FOR,API42_1
0035032,속보태자,20140223,거,0025670,원쿨캣,0021830,영원한행복,6310072,EL CORREDOR,API42_1
0036100,싱그러운검,20140512,수,0018206,엑스플로잇,0013590,싱그러운,0004760,미스터아도라블,API42_1
3016651,이카루스,20140306,거,3007168,명문왕자,3010274,임금바위,3005576,꿈바위,API42_1
3016359,비승지술,20140330,암,3009526,백두장사,3011460,문화의힘,3101043,제주오름,API42_1
3016603,대태양,20140225,거,3012419,종결자,3012632,푸른원석,3005576,꿈바위,API42_1
0035343,해동여걸,20140410,암,0027420,오피서,0020884,골드포트,0009337,포트스톡턴,API42_1
0036098,음악대장,20140330,수,0015093,듀앨러티,0025249,선시드,0016504,워존,API42_1
0036088,바이칼전사,20140325,거,0029487,샤프휴머,0015345,니드노인트러덕션,6306953,ANNOUNCE,API42_1
3016724,한백선장,20140426,거,3012382,쾌속장타,3012486,한백여장,3005576,꿈바위,API42_1
0038185,델마의기적,20140321,수,6781628,PAPA CLEM,6895674,CLARA'S SONG,6309988,BRAHMS,API42_1
0035885,다이나믹스타,20140427,수,0032990,한센,0034429,로만시크,6770748,ROMAN RULER,API42_1
0038210,오섬돌,20140424,암,6327108,AWESOME OF COURSE,6821939,GOODGOLLYMISSDOLLY,6256294,PLEASANT TAP,API42_1
0036024,파이어,20140319,수,0029482,와이와이와이,0023662,켄터키노즈,6253446,MEADOWLAKE,API42_1
0035591,미스평촌,20140327,암,0024050,엑톤파크,0025723,위시미석세스,6306441,SUCCESSFUL APPEAL,API42_1
0035910,프리마퀸,20140412,암,0029487,샤프휴머,0031316,알라프리마,6218857,SILVER DEPUTY,API42_1
0038132,도쿄블루,20140313,수,0037972,올드패션드,6108999,SHAQUITA,6333375,ALKE,API42_1
0036211,아톰이지,20140426,암,0029487,샤프휴머,0021710,다야몬드스테파니,6256457,LUCKY LIONEL,API42_1
0034970,에이스의선물,20140310,암,0030884,스트롬버그칼슨,0023910,스킵앤더윙크,6225516,SKIP AWAY,API42_1
3016860,진성여왕,20140610,암,3009526,백두장사,3008037,얼음꽃,-,-,API42_1
3016840,블루에이스,20150103,암,3009296,푸른대왕,3009372,은하평정,3102389,빛의사랑,API42_1
3016880,황이장군,20150216,수,3009296,푸른대왕,3100841,난지여왕,3010882,금란지계,API42_1
0037269,스피드청룡,20150326,거,0020256,메니피,0010961,모가웅,6246817,JADE HUNTER,API42_1
0037849,캡틴파워,20150225,수,0028997,리미트리스비드,0012845,빅토리안프린세스,6222167,VIGORS,API42_1
0036747,원더풀럭키,20150307,수,0031305,록하드텐,0023319,예스트라이크,6310432,YES IT'S TRUE,API42_1
0036953,샤크대장군,20150212,수,0024050,엑톤파크,0020735,원더유니콘,6310129,GRAEME HALL,API42_1
0037706,신스텔스,20150428,수,0027443,컬러즈플라잉,0025811,싱크오어스윔,6253446,MEADOWLAKE,API42_1
0035788,퍼스트신화,20140428,수,0023493,시에로골드,0029477,스위트시트러스,6259767,LEMON DROP KID,API42_1
0037870,토종챔프,20150522,암,0018775,볼포니,0010574,토종고수,0005333,글로리화이,API42_1
0036767,타고난질주,20150218,거,0022767,위닝퍼펙트,0025082,스피노,0020256,메니피,API42_1
3017198,쾌속전함,20150405,암,3100037,넥타르,3100396,광산지존,3012419,종결자,API42_1
0040007,스윕위닝,20150501,수,6969074,CREATIVE CAUSE,6968415,WYN JYM,6256898,PROUD CITIZEN,API42_1
0037215,라라라,20150418,암,0032990,한센,0025782,킵유어윗어바웃유,6253098,TORRENTIAL,API42_1
0037880,온데이,20150513,거,0021999,포리스트캠프,0025791,갬블투빅토리,6216396,PROSPECTORS GAMBLE,API42_1
0039965,이글스그리프터,20150412,수,6964685,HAYNESFIELD,6108628,STRIKE A PUNCH,6228477,TWO PUNCH,API42_1
1017245,이색풍경,20150328,수,-,-,-,-,-,-,API42_1
0037552,라온전설,20150419,거,0027420,오피서,0031307,젤러스문,6310199,MALIBU MOON,API42_1
0039981,삼삼빅토리,20150401,거,0040086,위드디스팅션,6109149,HOLIDAY ASHLEY,6313650,THE CLIFF'S EDGE,API42_1
0036995,핫해,20150315,수,0031261,사이먼퓨어,0032976,골드도브,6252909,MADE OF GOLD,API42_1
0036743,수처작주,20150121,거,0021999,포리스트캠프,0018440,캔디케이스,6256624,GOLD CASE,API42_1
0037157,오룡,20150203,거,0024050,엑톤파크,0029441,스트리트와이잰텁,6310364,STREET CRY,API42_1
1017345,청초호,20150602,수,-,-,-,-,-,-,API42_1
3017357,금사철,20150416,거,3012419,종결자,3014757,은빛여걸,3008912,참살이,API42_1
0037805,마하레인저,20150510,거,0020379,인그란디어,0018677,그랜드초이스,6310132,GRAND SLAM,API42_1
0037580,성산사이먼,20150410,수,0031261,사이먼퓨어,0030879,스토미앰버,6309946,A. P JET,API42_1
0038000,이스트윈드,20150319,암,0038391,카우보이칼,0036349,페어앤라이블리,6256832,LIVELY ONE,API42_1
0037022,언디피티드,20150407,수,0029487,샤프휴머,0033035,기리업개드플라이,6310406,WAR CHANT,API42_1
0040111,에모리삭스,20160317,암,0046483,플래시백,6878690,TRADITIONALIST,6309963,APTITUDE,API42_1
3017499,흥국용사,20160312,거,3101050,골든레이스,3014077,선봉여신,3012419,종결자,API42_1
1017586,광야의댄서,20160415,암,-,-,-,-,-,-,API42_1
3017447,무적자랑,20150722,수,3100012,후지전능,3100970,선공후사,3102389,빛의사랑,API42_1
0037522,무적베테랑,20150419,거,6993612,FORT LARNED,0036319,포에마,6529192,D'WILDCAT,API42_1
0038788,글리터,20160325,거,0027420,오피서,0036305,올태피드인,6313649,TAPIT,API42_1
0041592,어느멋진날,20160309,거,6313612,KITTEN'S JOY,6556354,TAP DANCE,6256294,PLEASANT TAP,API42_1
3017568,가보신화,20160308,거,3101050,골든레이스,3012130,가보,3005576,꿈바위,API42_1
0039505,가속불꽃,20160502,수,0031274,래칸터,0024860,가속텍사스,6312518,ACTION THIS DAY,API42_1
0038595,브레인스피더,20160321,암,0027420,오피서,0030663,월들리듀드,0018775,볼포니,API42_1
0039162,파이팅히어로,20160317,거,6964691,MUNNINGS,0036619,잇메익스헐민,6256074,HENNESSY,API42_1
0039390,화이트코멧,20160521,수,0034835,티즈원더풀,0020087,레이디엘,6254552,FLYING SPUR,API42_1
0038957,닥터미미,20160325,암,0027443,컬러즈플라잉,0013881,나하,6218851,SILVER BUCK,API42_1
0039398,선샤인특급,20160422,암,0036358,애니기븐새터데이,0034916,사이치,6252720,FUSAICHI PEGASUS,API42_1
0038564,질주여행,20160221,암,0036358,애니기븐새터데이,0018221,코퍼레잇로맨스,6256969,CORPORATE REPORT,API42_1
0038665,트루밸러,20160217,수,0024050,엑톤파크,0031313,펄어브밸러,6313618,MEDAGLIA D'ORO,API42_1
0038459,천은짱,20160225,암,0025790,피스룰즈,0028933,인벤토리,6323281,CONSOLIDATOR,API42_1
0038854,클리어검,20160406,암,0034886,클리어어템프트,0021560,쾌검,0016504,워존,API42_1
3017824,미듬비상,20160530,암,3014739,설중매,3100819,황자매,-,-,API42_1
0039263,원더케이,20160421,수,0033119,선더모카신,0020388,언브라이들드로렌,6248064,UNBRIDLED'S SONG,API42_1
0039116,러닝복스,20160328,암,0026213,지금이순간,0025316,달리자,0020441,애드캣,API42_1
0040386,탁트인,20170216,암,0032990,한센,0029467,스트리트골드,6310364,STREET CRY,API42_1
0041500,장수나봄,20170302,수,0037972,올드패션드,0032914,미스로브,6784717,ZENSATIONAL,API42_1
3018008,정면승부,20170218,암,3012382,쾌속장타,3015327,한백천사,3009526,백두장사,API42_1
0040755,톱데이,20170317,거,0032990,한센,0027815,스피디퍼스트,0020256,메니피,API42_1
0040560,라온퍼스트,20170311,암,0036732,머스킷맨,0036733,핑크캔디,6313644,SOUTHERN IMAGE,API42_1
0041373,퍼펙트파워,20170219,거,0027443,컬러즈플라잉,0027544,에스에스벨,6256465,SWEETSOUTHERNSAINT,API42_1
0043497,천사박,20170306,암,6969074,CREATIVE CAUSE,6995472,SCOOTINIT,6313649,TAPIT,API42_1
1017966,백록비천,20170315,암,-,-,-,-,-,-,API42_1
0040435,파워원더풀,20170210,수,0034835,티즈원더풀,0022127,머시매터스,6229080,COZZENE,API42_1
0043604,골든서비스,20170205,거,0041566,투아너앤드서브,6990889,SUENO D'ORO,6313618,MEDAGLIA D'ORO,API42_1
0043456,정문에이스,20170119,수,6986669,OXBOW,6989802,GREENAPPLE MARTINI,6313618,MEDAGLIA D'ORO,API42_1
0040558,라온탑맨,20170319,거,0036732,머스킷맨,0022836,라온챔버,6231944,QUIET AMERICAN,API42_1
3018172,동광으뜸,20170328,거,3100327,진흥세상,3014648,마음이,3009526,백두장사,API42_1
0041644,블루참,20170309,거,0027443,컬러즈플라잉,0031093,인디언블루,6771654,HENNY HUGHES,API42_1
0041889,에코빌,20170331,수,6108940,DAREDEVIL,6965741,SWEET DREAMY SYN,6310425,WILD SYN,API42_1
0040539,터치스타맨,20170307,수,0034428,테스타마타,0024361,우승터치,0020256,메니피,API42_1
0043609,래피드게임,20170514,거,6103311,FLAT OUT,6339537,NABBED,6250547,RED RANSOM,API42_1
1018292,청파도,20170517,암,-,-,-,-,-,-,API42_1
0043594,폭풍언덕,20170325,수,6970676,VIOLENCE,6126892,SKIPPERDEE,6269832,GIANT'S CAUSEWAY,API42_1
0042547,포트스원,20180221,암,0036358,애니기븐새터데이,0032471,포트스덕션,0009337,포트스톡턴,API42_1
0042585,닥터패션,20180322,거,0037972,올드패션드,0032050,장산여제,0025790,피스룰즈,API42_1
0045116,선더타임,20180315,거,0054861,앵커다운,6127735,DUST IT,6306749,DISTORTED HUMOR,API42_1
0043111,걸작맨,20180522,거,0038332,커널존,0025574,패리실튼,6241725,WOODMAN,API42_1
0040701,청담탱크,20170303,암,0024050,엑톤파크,0033083,바잉티그,6217026,REGAL INTENTION,API42_1
0042861,럭키클럽,20180328,거,0031261,사이먼퓨어,0023479,센트럴코스트,6262374,AMALFI,API42_1
0044754,흥록대부,20180222,거,6969068,ALGORITHMS,0054660,비비드스톰,6795075,SUPER SAVER,API42_1
0042409,스타블레이드,20180306,거,0027420,오피서,0030140,마이스타일,0006892,디디미,API42_1
0043207,콜조이,20180210,거,0038332,커널존,0030953,펠릭스조이,6771688,HARD SPUN,API42_1
0041169,온리위너,20170525,암,0037972,올드패션드,0024463,기억날그날,0020256,메니피,API42_1
0042063,드림맥스,20180513,암,0027443,컬러즈플라잉,0018177,파이어러츠댄서,6309977,BENCHMARK,API42_1
0042097,미드나이트퀸,20180304,암,6772779,MIDNIGHT LUTE,0040147,아임프롬딕시,6205296,DIXIELAND BAND,API42_1
0044738,럭키브레이크,20180405,암,0034735,페더럴리스트,0024651,명서돌풍,0018776,양키빅터,API42_1
0042658,사랑다모아,20180325,암,6310162,JUMP START,0040242,처비아너,6328439,HEY CHUB,API42_1
0042487,천둥세자,20180413,수,0039812,모던카우보이,0034848,팻츠이미지,6256468,SWORD DANCE,API42_1
0042860,다이아포스,20180327,거,0034835,티즈원더풀,0033012,스토미로직,6771698,STORMELLO,API42_1
0043061,수소파워,20180417,암,0039750,퍼지,0034539,대압승,6323689,CONGRATS,API42_1
3018842,달빛스타,20180328,암,3009526,백두장사,3011928,달빛사자,3005576,꿈바위,API42_1
3018637,광개토대왕,20180327,거,3100061,진흥축산,3014424,거문덕이,3009526,백두장사,API42_1
0044259,천리총,20190329,암,0032990,한센,0029306,멀티챔프,6256901,JOHANNESBURG,API42_1
0044028,톱클래스,20190306,수,0037972,올드패션드,0038171,로드언드프레이즈,6771382,BERNARDINI,API42_1
0043735,하늘강자,20190220,거,0038387,콩코드포인트,0040234,소우전러브,6253088,NOT FOR LOVE,API42_1
0044698,두손판타스틱,20190305,수,6971222,SHAKIN IT UP,0043296,티즈판타스틱,0034835,티즈원더풀,API42_1
0044232,은혜드림,20190322,암,0040246,지롤라모,0032137,일망무제,6341525,BADGE OF SILVER,API42_1
0043145,뉴스마트,20180427,암,6106660,BARBADOS,0040066,렛미스큐어퀘스천,6256494,OUTFLANKER,API42_1
0043775,오션스톰,20190213,암,0038391,카우보이칼,0025308,여왕폐하,0018776,양키빅터,API42_1
3102541,영원한빛,20190525,암,3016475,빗고을,3013763,광화문,3005576,꿈바위,API42_1
3102770,얼룩돌풍,20190604,거,3011133,장백산,3015428,일급수,3101050,골든레이스,API42_1
0045518,퓨리오사,20200219,암,0038391,카우보이칼,0033079,로즈어네이티브,6205296,DIXIELAND BAND,API42_1
0045733,하이그랜드,20200225,수,0039812,모던카우보이,0035144,뉴하이타임,0018206,엑스플로잇,API42_1
0045516,금아파이어리,20200222,거,0039750,퍼지,0032261,인디언파크,0024050,엑톤파크,API42_1
3102116,전승시대,20190324,암,3010278,천년의힘,3013339,한백명성,3101043,제주오름,API42_1
3102273,황제로,20200301,수,3100061,진흥축산,3013338,회천맹주,3005576,꿈바위,API42_1
0045318,이캐시,20200204,암,0021239,연승대로,0023104,계명의빛,0008710,컨셉트윈,API42_1
0046175,성실천하,20200427,수,0039742,테이크차지인디,0041948,시오브퍼펙션,6964802,MAJESTICPERFECTION,API42_1
0046297,레전드케이,20200215,거,0033119,선더모카신,0027574,영크라운,0021998,피코센트럴,API42_1
0045866,월드포인트,20200318,거,0041566,투아너앤드서브,0030202,황금빛지중해,0020256,메니피,API42_1
0046462,보라챔프,20200316,암,0032990,한센,0017990,해일,0006893,무자지프,API42_1
0046334,원더풀남촌,20200513,거,0034735,페더럴리스트,0018119,리걸멕,6254580,REGAL CLASSIC,API42_1
0045903,미스터퀄리티,20200425,거,0036735,디바인파크,0038271,다이나믹퀄리티,6803043,QUALITY ROAD,API42_1
3101736,바람아,20200305,암,3016320,청마시대,3016067,가왕,3012419,종결자,API42_1
0046627,걸작원,20210113,암,0038391,카우보이칼,0028261,조이럭키,0020257,비카,API42_1
3103458,별빛여제,20210208,암,3015223,제일용사,3014927,별빛축제,3012419,종결자,API42_1
3103380,소록별,20210228,암,3011133,장백산,3013441,녹원의전사,3101050,골든레이스,API42_1
0046865,여왕삭스,20210404,암,0045050,섀클포드,0035083,백산여왕,6307073,POSSE,API42_1
0046929,금성파워,20210217,거,0041566,투아너앤드서브,0037283,가나도라,6866854,I WANT REVENGE,API42_1
0047349,벨로테로,20210426,암,0041566,투아너앤드서브,0018828,플라이톱,6310266,PETIONVILLE,API42_1
0054030,정성팩터,20210409,수,6969076,THE FACTOR,6978064,DILLINGHAM,6256294,PLEASANT TAP,API42_1
0047476,원더풀스피릿,20210502,암,0028545,인디밴드,0025747,메릴즈스피릿,6257003,STORM BOOT,API42_1
3103466,새벽울림,20210201,암,3100327,진흥세상,3017023,새벽찬가,3009526,백두장사,API42_1
3103612,똘똘용맹,20210505,거,3016502,선양호,3011026,진주보배,3101050,골든레이스,API42_1
1412046,플라잉아이스,20210420,거,6109255,KEEN ICE,0046438,할런즈달린,6256908,HARLAN'S HOLIDAY,API42_1
0047406,골드마스크,20210320,암,0035285,파이널보스,0029775,베스트걸,0025670,원쿨캣,API42_1
3104106,하늘천,20220101,거,3009526,백두장사,3011228,하늘빛,3005576,꿈바위,API42_1
0020645,빛의아들,20060516,거,0016504,워존,0009808,리틀레이디시,6204131,COMMADORE C.,API42_1
0022579,챌린지비전,20070516,암,0018771,캐피털스팬딩,0015085,챌린지퀸,6204206,CONQUISTADOR CIELO,API42_1
0020801,강호장군,20060218,거,0007671,사일런트워리어,0005598,뷔로라,6206839,FIRST NORMAN,API42_1
0023310,강철도령,20070415,수,0015094,버스터즈데이드림,0007842,져스터라이타임,6222879,YARNALLTON NATIVE,API42_1
0022271,산록도로,20070314,거,0011880,슬루오그린,0009370,엠비셔스,0006892,디디미,API42_1
0023129,안성축제,20070313,암,0018206,엑스플로잇,0018367,퍼디도우드,6241725,WOODMAN,API42_1
0022261,질풍강호,20070315,수,6310206,MAX'S PAL,0020346,스파이시수프,6247995,ALPHABET SOUP,API42_1
0022259,나의축복,20070409,거,0015094,버스터즈데이드림,0010759,글로리라이드,6204376,COSSACK WARRIOR,API42_1
0023317,고운짓,20070306,암,6254613,POINT GIVEN,0020372,애너즈코즈,6269832,GIANT'S CAUSEWAY,API42_1
0021076,웨스턴프린스,20060423,암,0012683,소셜차터,0015208,웨스턴버케인션,6306463,WESTERN MINER,API42_1
0018931,희망파티,20050405,거,0012853,아워포에틱프린스,0006690,은진,6241321,GADABOUT,API42_1
0017052,만폭동,20040420,거,0006891,로스트마운틴,0008973,캐로풀,6219599,SPORTFUL,API42_1
0022718,대지의축제,20070227,암,0018775,볼포니,0008842,하이힐즈,6201480,BASKET WEAVE,API42_1
3011436,넓은하늘,20070614,거,3008912,참살이,3100893,사랑책,-,-,API42_1
0023839,판타스틱로즈,20060815,암,6258893,FANTASTIC LIGHT,6294288,COUNTRY ROSE,6270364,OUR MAIZCAY,API42_1
0022112,선양용사,20051004,거,6258234,CATBIRD,6771964,SILICON GLORY,6211388,LE GLORIEUX,API42_1
0022980,동해강호,20070320,수,0007463,사이코배블,0008035,내면,6219338,SOMALIA,API42_1
0021452,무패스타,20060311,수,0006892,디디미,0012850,선글로우,6231958,CRYPTOCLEARANCE,API42_1
0020735,원더유니콘,20060325,암,6310129,GRAEME HALL,0018614,베셋,6239904,QUEST FOR FAME,API42_1
0025487,아이퍼스트,20070305,암,6231943,REAL QUIET,6483390,TAYLOR'S CHOICE,6204206,CONQUISTADOR CIELO,API42_1
0020982,코발트블루,20061101,거,6241030,RHYTHM,0020085,나이트프롤릭,6253609,DANZERO,API42_1
0020528,탐라히어로,20060315,암,0012808,크릭캣,0014038,더빅씨,6256765,DEPUTED TESTAMONY,API42_1
0016989,황금빛태양,20021012,수,6231943,REAL QUIET,6314169,NO FLIRTING,6253609,DANZERO,API42_1
0021240,비바캐논,20060223,수,0010691,다함께,0012692,스페셜크래프트,6204497,CRAFTY PROSPECTOR,API42_1
0022512,비단,20070329,거,0005331,피어슬리,0006539,미스버지니아씨,6222633,WILD INJUN,API42_1
0023858,월드지존,20061018,수,6269795,GENERAL NEDIYM,6638983,NAZZUCA,6245004,CANNY LAD,API42_1
0021425,블로뉴,20060325,암,0008710,컨셉트윈,0015086,플라잉비짓,6254552,FLYING SPUR,API42_1
0025557,우노자칼,20070326,거,6307064,MACHO UNO,6344783,FRAGRANTLY,6248332,TOUCH GOLD,API42_1
0020611,남도제압,20060320,수,0009337,포트스톡턴,0012819,완더링케이티,6252777,TEJANO,API42_1
0023277,미스나인,20070524,암,0016504,워존,0010999,그린트리,6240809,CLASSIC FAME,API42_1
0023174,실크로드,20070313,암,0012683,소셜차터,0011876,수지째즈,6200464,ALMURTAJAZ,API42_1
0022227,아티스트,20070409,암,6309963,APTITUDE,0020388,언브라이들드로렌,6248064,UNBRIDLED'S SONG,API42_1
0023366,쾌속춘향,20070403,암,6313629,OLMODAVOR,0020405,카라오케,6229080,COZZENE,API42_1
0024144,대화랑,20080311,거,0020256,메니피,0010452,에스빠스,0007463,사이코배블,API42_1
1011358,태극명마,20070304,암,-,-,-,-,-,-,API42_1
1011807,한빛평정,20070920,암,-,-,-,-,-,-,API42_1
0024141,블랙삭스,20080229,거,0020253,사쿠라시킹,0015291,리스트업,6258221,CARNEGIE,API42_1
0024717,굿스피드,20080416,암,0018206,엑스플로잇,0018391,소트,6261606,ZAFONIC,API42_1
0024725,남도시대,20080326,수,0012808,크릭캣,0011115,본향,0007672,리비어,API42_1
0027223,라비주토,20080227,암,6495422,SIR SHACKLETON,6428058,TOCAR,6210004,JEBLAR,API42_1
0024082,위너헌터,20080311,암,0020379,인그란디어,0012792,앱설루틀리큐틀리,6253841,SALUTELY,API42_1
0024859,대장군텍사스,20080402,수,6330127,IT'S NO JOKE,0023451,블론웨스트,6224299,GONE WEST,API42_1
0024516,번개강호,20080306,거,0020257,비카,0015443,카슨시티댄서,6254566,CARSON CITY,API42_1
1012148,유쾌한,20080220,암,-,-,-,-,-,-,API42_1
3012163,상고지,20080511,거,3005576,꿈바위,3007313,녹색도시,-,-,API42_1
0024796,빅토리프린스,20080320,수,0015094,버스터즈데이드림,0011733,에밀리조로즈,6252187,TIME TO EXPLODE,API42_1
0025361,옵티무스,20080325,거,6430162,FINE N' MAJESTIC,0023514,캣벨루가,6256074,HENNESSY,API42_1
0024894,리치몬드환희,20080331,거,0012808,크릭캣,0018718,바틀리,6254462,MARIA'S MON,API42_1
0025372,승리,20080205,암,6345945,UNBRIDLED ENERGY,0023469,릴리전,6309728,PULPIT,API42_1
1012232,기운센,20080421,암,-,-,-,-,-,-,API42_1
0025375,인피니티댄스,20080528,거,0013970,다이스댄서,0020404,파인트시프,6250769,CAT THIEF,API42_1
0024135,경복궁,20080329,거,0020253,사쿠라시킹,0016911,고브리티고,6218995,SIR TRISTRAM,API42_1
0025175,노던파크,20080129,암,0024050,엑톤파크,0023437,어리틀포크,6256294,PLEASANT TAP,API42_1
1011838,재롱,20070702,암,-,-,-,-,-,-,API42_1
0025301,웰컴비카,20080328,거,0020257,비카,0020190,페어리페이블,6206427,FAIRY KING,API42_1
0024648,대함정,20080327,수,0018769,에이피댄서,0012385,자진출발,0007463,사이코배블,API42_1
0024716,비사이로,20080321,수,0007463,사이코배블,0011443,석샘,0007464,로드오브워,API42_1
0024284,낫싱베터,20080430,암,0015094,버스터즈데이드림,0006517,미즈도미네이터,6205362,DOMINANT STAR,API42_1
1012383,정의신조,20080521,거,-,-,-,-,-,-,API42_1
0025196,오늘의열정,20080308,수,0018783,야후디,0020493,타임리스벨,6253447,GILDED TIME,API42_1
0024266,마이더스손,20080222,암,0007672,리비어,0009810,론올오버,6206707,FIGHT OVER,API42_1
0024568,파워풀코리아,20080508,거,0015095,디스틸드,0014005,바운드투스코어,6256914,QUICK SCORE,API42_1
0025266,본투윈,20080414,암,0013915,아처시티슬루,0021733,바이유블루스,6204648,CURE THE BLUES,API42_1
0025071,희망특보,20080516,암,0018207,커멘더블,0014103,버닝캐쉬,6240846,KASHANI,API42_1
0024133,찬스어게인,20080531,거,0020459,슈샨,0018239,파이어니어즈드림,6310269,PIONEERING,API42_1
0026081,돌풍질주,20090309,암,0006892,디디미,0015158,올더걸시,6240108,GULCH,API42_1
0026485,비바캣,20090224,수,0012808,크릭캣,0005562,바바리아,6206010,ENGAGEMENT,API42_1
0025844,탐라여걸,20090308,암,0021998,피코센트럴,0020078,제스터로사,6217499,RORY'S JESTER,API42_1
1012667,명문산,20090425,수,-,-,-,-,-,-,API42_1
0025973,눈깜짝이,20090405,거,6307065,MILWAUKEE BREW,0023947,골드플라이어,6248332,TOUCH GOLD,API42_1
3012803,달빛소녀,20090615,암,3101043,제주오름,3100905,제주마당,-,-,API42_1
0026962,네이비퀸,20090424,암,0007463,사이코배블,0020154,체스넛드림,6256565,SUAVE DANCER,API42_1
0026374,행복동이,20090330,암,0021999,포리스트캠프,0020355,어걸네임드필,6306749,DISTORTED HUMOR,API42_1
0026040,봄버들,20090219,암,0018775,볼포니,0020186,가니,6252928,GRAND LODGE,API42_1
0029130,꽃마루,20090522,암,6310150,INCLUDE,6256651,CROWNED,6239833,CHIEF'S CROWN,API42_1
0025907,인천블루스,20090318,암,6310390,TRIBAL RULE,0023835,소나타블루스,6254576,BERTRANDO,API42_1
3012647,사위존,20090401,암,3101050,골든레이스,3100941,명성왕비,-,-,API42_1
3012677,달리는신,20090507,거,3005576,꿈바위,3100921,선양일호,-,-,API42_1
0026919,시몬스터,20090327,암,0021999,포리스트캠프,0021890,다크포리스트,6241725,WOODMAN,API42_1
0026699,유성신화,20090410,암,0020257,비카,0014183,자연주의,0007464,로드오브워,API42_1
0027049,짝꿍,20090316,암,0021999,포리스트캠프,0020318,패브포,6310432,YES IT'S TRUE,API42_1
0026987,보르추,20090403,거,0010426,쾌도난마,0013843,베씸,6256093,VYING VICTOR,API42_1
0025896,할로마크,20090208,거,6771697,SILENT NAME,0023911,파이어엠블렘,6256887,OUR EMBLEM,API42_1
0026005,데드셋윈,20090209,암,0018206,엑스플로잇,0020058,데드셋서튼티,6290758,REDOUTE'S CHOICE,API42_1
0029246,금덩이,20090310,수,6483389,TASTE OF PARADISE,6897715,BYE BYE BIRDIE,6256093,VYING VICTOR,API42_1
0026830,제이플러스,20090227,암,0009337,포트스톡턴,0021705,엘라니아,6256450,DOUBLE HONOR,API42_1
0026227,일종무종,20090402,암,0018207,커멘더블,0018451,매덤위네트,6266551,DANEWIN,API42_1
0026902,블랙스완,20090424,거,6333375,ALKE,0023929,라이온캐슬,6256084,TABASCO CAT,API42_1
0025942,대지의빛,20090220,거,0015093,듀앨러티,0009341,전투기,0007464,로드오브워,API42_1
0026989,송워리어,20090530,암,0007671,사일런트워리어,0012813,서머송,6253931,WITH APPROVAL,API42_1
3013054,천궁일호,20090412,암,3005576,꿈바위,3007314,산길물길,-,-,API42_1
1013017,좌찬성,20090912,수,-,-,-,-,-,-,API42_1
1013112,인디안,20090423,암,-,-,-,-,-,-,API42_1
0026878,여의골드,20090418,암,0023493,시에로골드,0014730,여의나루,0007464,로드오브워,API42_1
0026386,블랙탄,20090314,암,0006892,디디미,0017093,블랙섀도우,0007463,사이코배블,API42_1
0026343,야단법석우승,20090524,암,0021998,피코센트럴,0020366,허그앤드키스,6239834,COMMANDER IN CHIEF,API42_1
0027111,빅호프,20090331,암,0012684,더그룸이즈레드,0006593,필레나마리,6208075,GOLDEN EAGLE,API42_1
0026541,그랜드제일,20090130,암,0006892,디디미,0013853,주얼릿,6254581,NOTEBOOK,API42_1
1013224,백호신,20090622,수,-,-,-,-,-,-,API42_1
0026834,제이에스윈드,20090408,암,0012684,더그룸이즈레드,0015138,폴더블,6206457,FALSTAFF,API42_1
0029330,광활한대지,20091029,거,6771189,NIELLO,6965936,RIVERDALE ROAD,6252659,DOLPHIN STREET,API42_1
0025970,옥손,20090415,암,0007672,리비어,0009409,은비령,0006893,무자지프,API42_1
0026718,아침이,20090825,거,6771814,HOLY ROMAN EMPEROR,0025527,럭키코디,6240160,THUNDER GULCH,API42_1
1013251,대왕오름,20090214,거,-,-,-,-,-,-,API42_1
3013339,한백명성,20100322,암,3101043,제주오름,3008947,황태자비,-,-,API42_1
1013320,회색물결,20090412,암,-,-,-,-,-,-,API42_1
0028092,라이징조이,20100217,수,0021999,포리스트캠프,0017380,조이라이드,0009338,퓨처퀘스트,API42_1
3013442,한방신기,20100513,수,3005576,꿈바위,3100810,반전기대,-,-,API42_1
0028406,훈풍,20100504,수,0021999,포리스트캠프,0020083,콘벌루션,6265771,ENCOSTA DE LAGO,API42_1
0027704,메간포스,20100415,암,0018775,볼포니,0023888,캡쳐어스타,6248006,CAPOTE,API42_1
0031042,찰리글리터스,20100227,수,6771703,DEPUTY GLITTERS,6813681,HONOUR ROSE,6310288,PUT IT BACK,API42_1
0026336,체인지업,20090504,거,0018733,비와신세이키,0015278,마이너실비아,6248062,TIMBER COUNTRY,API42_1
0031025,콜렉트더윕,20100420,수,6482389,WIRE ME COLLECT,6605274,WHIPLASH WILMA,6729759,ENCOURAGER,API42_1
0031024,서피션트에비던스,20100221,거,6256294,PLEASANT TAP,6683862,MATTER OF LAW,6482833,MATTER OF HONOR,API42_1
3013599,새일꾼,20100610,암,3005576,꿈바위,3007634,이무기,-,-,API42_1
3013580,한백신화,20100508,암,3005576,꿈바위,3008074,미소지움,-,-,API42_1
0031043,여시,20100212,암,6772781,FIRST DEFENCE,6960402,AMBER MEADOW,6253446,MEADOWLAKE,API42_1
0031148,삼정불패,20100403,거,6307199,HOOK AND LADDER,6683123,LINE OF FIRE,6256379,LINE IN THE SAND,API42_1
0031071,특명,20100421,거,6771080,CLOSING ARGUMENT,6328803,GOLD RUN TYPE,6305987,CHEROKEE RUN,API42_1
0028870,천년동안,20100326,암,0024050,엑톤파크,0013860,허니케익스,6256074,HENNESSY,API42_1
0028129,초이스캠프,20100220,거,0021999,포리스트캠프,0023762,일렉트릭초이스,6290758,REDOUTE'S CHOICE,API42_1
0028516,거뜬히,20100402,수,0014588,서니마운틴,0013171,미키,0009338,퓨처퀘스트,API42_1
1013665,갈색호걸,20090308,거,-,-,-,-,-,-,API42_1
1013685,무안신비,20100522,암,-,-,-,-,-,-,API42_1
0031120,어모멘트투라스트,20100126,암,6772779,MIDNIGHT LUTE,6968096,BEAUTY UNBRIDLED,6310029,COMMANCHERO,API42_1
0031039,슈퍼강자,20100424,거,0031261,사이먼퓨어,6880617,HONEY FRITTERS,6270943,HELMSMAN,API42_1
0027870,모델오브시티,20100403,암,0013915,아처시티슬루,0015140,모델액트리스,6255038,STAGE COLONY,API42_1
3013796,성읍명물,20100420,암,3005576,꿈바위,3100806,보마드림,-,-,API42_1
0028685,서머빌,20100218,암,0012684,더그룸이즈레드,0022069,레몬허니,6259767,LEMON DROP KID,API42_1
0027993,굿앤굿,20100311,거,0007672,리비어,0015346,에인트노레이디,6269808,GENTLEMEN,API42_1
0028105,블루드리머,20100502,암,0020257,비카,0018119,리걸멕,6254580,REGAL CLASSIC,API42_1
0028647,도봉산,20100219,수,0023957,호크윙,0023688,뮤트,6309923,STRAVINSKY,API42_1
0028740,파티레이나,20100209,암,0021998,피코센트럴,0008541,즐거운파티,0006163,빅서,API42_1
0028368,허스트캠프,20100123,수,0021999,포리스트캠프,0008747,듀허스트하우스,6205939,EMARATI,API42_1
1013878,금문교,20100328,수,-,-,-,-,-,-,API42_1
0027765,탱크,20100329,수,0020256,메니피,0021750,패션프루트,6247995,ALPHABET SOUP,API42_1
0027985,셰르파,20100414,수,0014056,골드머니,0009217,낸스퀸,6216777,RAISED SOCIALLY,API42_1
0028175,레드호크,20100331,수,0018775,볼포니,0014369,금강공원,0010902,퍼시픽바운티,API42_1
1014036,도니꿈,20100427,암,-,-,-,-,-,-,API42_1
3014024,장수왕,20100919,거,3005576,꿈바위,3009371,장수건강,-,-,API42_1
1014271,절대여신,20110423,암,-,-,-,-,-,-,API42_1
0030363,배틀마스터,20110221,수,0008710,컨셉트윈,0013973,칠리샐리,6256684,IAM THE ICEMAN,API42_1
0029921,원더드리머,20110515,암,0023957,호크윙,0018119,리걸멕,6254580,REGAL CLASSIC,API42_1
3014480,정의파,20110518,암,3012419,종결자,3007314,산길물길,-,-,API42_1
0032746,그레이카이저,20110426,수,6310432,YES IT'S TRUE,6408225,SIMPLY RUNAWAY,6228366,RUNAWAY GROOM,API42_1
1014443,신천보스,20110710,수,-,-,-,-,-,-,API42_1
0027936,스마일어게인,20100319,거,0018776,양키빅터,0010981,샤즈,6246817,JADE HUNTER,API42_1
1014560,라이언킹,20110328,수,-,-,-,-,-,-,API42_1
0030871,천지교태,20110102,암,6336794,STUDENT COUNCIL,0027536,언브라이들업세션,6240166,UNBRIDLED,API42_1
1014542,최고권력,20110514,수,-,-,-,-,-,-,API42_1
0032950,최강실러,20110512,거,6524197,ARTIE SCHILLER,6495247,CHANGEABLE,6213475,MISWAKI,API42_1
0029958,발원지,20110410,암,0009337,포트스톡턴,0023768,에어소세트,6276489,SAKURA BAKUSHIN O,API42_1
3014802,서부제일,20100909,수,3101045,빛을향해,3100623,오리무중,3102387,고속생명수,API42_1
0030593,마린원,20110424,수,0013915,아처시티슬루,0023521,렉손즈로즈,6310044,CRYPTO STAR,API42_1
1014631,행복한시간,20110502,암,-,-,-,-,-,-,API42_1
1014845,남풍,20110412,암,-,-,-,-,-,-,API42_1
0034550,황금세상,20120401,수,6256898,PROUD CITIZEN,6968173,GOLD'N SUGAR,6241356,JAVA GOLD,API42_1
0031988,신봉불패,20120412,수,0025790,피스룰즈,0024031,델리시아스,6205084,DEPUTY MINISTER,API42_1
0034489,홀리데이드림,20120504,암,6256908,HARLAN'S HOLIDAY,6653494,HIGHTSHIFT,6256248,ST. JOVITE,API42_1
0031996,메니머니,20120320,암,0020256,메니피,0018819,포킷풀어브머니,0024033,러닝스태그,API42_1
0031373,천의강자,20120217,수,0028958,어드마이어돈,0028960,후지노코하기,6770289,FUJINO FUUN,API42_1
0034528,라스트티켓,20120221,수,0034835,티즈원더풀,6327815,BROAD SOUND,6250544,BROAD BRUSH,API42_1
0034604,골든퀸,20120214,암,6964683,COOL COAL MAN,6344636,SOCIAL SCENE,6256084,TABASCO CAT,API42_1
0032285,골드웨이브,20120503,암,0018775,볼포니,0021840,금빛유혹,0018206,엑스플로잇,API42_1
0034644,달려라강적,20120401,암,6790306,HOLD ME BACK,6901834,CANTILENA,6309973,BANKER'S GOLD,API42_1
0032049,리틀브라운,20120310,수,6772772,BIG BROWN,0029352,가이드북,6254581,NOTEBOOK,API42_1
3015208,은빛가속도,20120509,거,3009526,백두장사,3008949,최강자전,3102390,루카,API42_1
0034450,쾌속바람,20120207,수,6256908,HARLAN'S HOLIDAY,6987603,YAY GO ME,6310347,SONGANDAPRAYER,API42_1
0034701,달려라번개,20120219,거,6528835,THE DADDY,6855186,LADY LOLA,6310080,EVANSVILLE SLEW,API42_1
0031769,타라니스,20120315,거,0018733,비와신세이키,0025672,마운틴즈오브러브,6241001,MT. LIVERMORE,API42_1
1015191,삼국시대,20120525,암,-,-,-,-,-,-,API42_1
0031831,네페르티티,20120503,암,0018733,비와신세이키,0014247,부하라,0006891,로스트마운틴,API42_1
0032396,주얼리파티,20120509,암,6888967,DESERT PARTY,0029361,셀본,6272661,FRENCH DEPUTY,API42_1
0031921,약속의시간,20120227,암,0018206,엑스플로잇,0018828,플라이톱,6310266,PETIONVILLE,API42_1
0032307,갈꽃비,20120517,암,0020253,사쿠라시킹,0010045,래티히원더,6248164,JOVIAL,API42_1
0031521,더블드래곤,20120421,거,0020256,메니피,0025704,솔티유,6253916,SALT LAKE,API42_1
0031336,막강질주,20120324,암,0016783,동서대로,0012551,막강해,6251238,HONOUR AND GLORY,API42_1
0032646,난다도리,20120321,암,0023957,호크윙,0021669,언제나최고,0006892,디디미,API42_1
0032116,베스트퀸,20120512,암,0020379,인그란디어,0018681,원신다임,6256264,TACTICAL ADVANTAGE,API42_1
0032131,콜드스타,20120329,암,0027443,컬러즈플라잉,0016176,콜드스프링,0006892,디디미,API42_1
3015578,우당거목,20130313,암,3009526,백두장사,3100808,백록황후,-,-,API42_1
0036416,바다스타,20130421,거,6771684,HORSE GREELEY,6691833,STUDENTOFTHEWEEK,6220225,SUNNY CLIME,API42_1
3015727,한줄기,20130413,암,3009526,백두장사,3007222,왕실공주,-,-,API42_1
0032569,환희의별,20120308,거,0013970,다이스댄서,0018191,지상의별,6251238,HONOUR AND GLORY,API42_1
0034203,아쿠아퀸,20130417,암,0023957,호크윙,0023415,트루스도르,6228112,TOUR D'OR,API42_1
0034254,천지스톰,20130311,수,0028958,어드마이어돈,0029397,그레이트소트,6306756,EMPIRE MAKER,API42_1
0034258,토호킹,20130511,거,0007672,리비어,0009636,에스키모,0006893,무자지프,API42_1
0036494,리딩레이서,20130212,수,6864014,AMERICAN LION,6594240,WESTERN RESOLVE,6312253,WEST BY WEST,API42_1
3015545,성읍여왕,20120415,암,3101050,골든레이스,3100843,견선여갈,3102390,루카,API42_1
0033310,가속엔진,20130419,수,0021999,포리스트캠프,0029466,캣리,6250769,CAT THIEF,API42_1
0034137,영광의재인,20130522,암,0018775,볼포니,0010574,토종고수,0005333,글로리화이,API42_1
0036403,중앙신화,20130502,거,6256908,HARLAN'S HOLIDAY,6345330,CATCH THE MOMENT,6240166,UNBRIDLED,API42_1
0033197,아름다운순간,20130415,암,0016972,이터널챔피언,0018850,파워랩,6309858,SPINNING WORLD,API42_1
0033803,라온루이스,20130317,거,0021999,포리스트캠프,0020272,아이비스주얼스톤,6310103,FORESTRY,API42_1
0033240,친친짠,20130502,거,0006892,디디미,0023747,청산일호,6269795,GENERAL NEDIYM,API42_1
3015985,한라왕비,20120518,암,3012419,종결자,3009587,번영로,3005576,꿈바위,API42_1
0036513,우아,20130421,거,6323689,CONGRATS,6812504,GEM SLEUTH,0027420,오피서,API42_1
0036380,소울블레이드,20130321,거,6310199,MALIBU MOON,0036709,인에스크로,6313740,VINDICATION,API42_1
0033501,이글삭스,20130608,암,0029376,에어쉐이디,0015085,챌린지퀸,6204206,CONQUISTADOR CIELO,API42_1
0034144,무패마마,20130427,암,0013330,무패강자,0022640,큰마마,0021998,피코센트럴,API42_1
1015876,스탠다드,20130627,암,-,-,-,-,-,-,API42_1
0036557,더비에이스,20130417,거,6344813,MASS MEDIA,6337211,APPROPRE,6210758,KRIS S.,API42_1
0033374,갑오스타,20130402,거,0029487,샤프휴머,0016247,주니어샤즈,0009337,포트스톡턴,API42_1
0032106,한남루키,20120407,암,0020253,사쿠라시킹,0017619,한라여걸,0006162,해피째즈밴드,API42_1
0036472,히든초이스,20130322,거,6323622,FLATTER,6814300,REDVERSE,0020256,메니피,API42_1
0034403,빅스카이,20130530,수,0027443,컬러즈플라잉,0022173,블로섬어게인,6248320,AWESOME AGAIN,API42_1
0033445,장산시티,20130424,거,6406031,HAT TRICK,0031292,시티버드,6254566,CARSON CITY,API42_1
0034407,호크아이즈,20130327,수,0023957,호크윙,0027534,아이즈어글로우,6250544,BROAD BRUSH,API42_1
3016092,전주곡,20130426,암,3005652,제주명성,3012847,안덕미인,3008306,산남호걸,API42_1
1016161,파도의자유,20130530,암,-,-,-,-,-,-,API42_1
0033527,영토대왕,20130410,암,0029482,와이와이와이,0025740,문위시,6248320,AWESOME AGAIN,API42_1
1016308,케이사르,20140415,수,-,-,-,-,-,-,API42_1
0035893,바운드퀸즈,20140312,암,0018771,캐피털스팬딩,0013958,리치이모션즈,6254208,RIZZI,API42_1
0038023,스피릿오브한센,20140313,거,0032990,한센,6331061,PRESERVATION HALL,6205296,DIXIELAND BAND,API42_1
0037980,플라잉레인저,20131028,거,6965530,ROTHESAY,6105087,FU BELLE,6252720,FUSAICHI PEGASUS,API42_1
1016454,명품의빛,20140411,수,-,-,-,-,-,-,API42_1
0035115,화려한태양,20140528,암,0029487,샤프휴머,0020353,와키레드,6250547,RED RANSOM,API42_1
0035683,미스터포춘,20140308,거,0031305,록하드텐,0020579,화려한비상,0015093,듀앨러티,API42_1
0035837,리치볼트,20140508,암,0024050,엑톤파크,0023488,쿠카,6310171,KING CUGAT,API42_1
0038084,흐뭇,20140420,수,6964688,GENERAL QUARTERS,6970774,SHIMMERING JUL,6307148,OMEGA CODE,API42_1
0036149,해성스타,20140405,암,0029419,스트라이크어게인,0016562,메이로지즈,6231874,INCINDERATOR,API42_1
0035996,조이풀스토리,20140222,수,0020257,비카,0016751,임패션드댄서,6254586,ROBYN DANCER,API42_1
0035135,아임아델,20140420,거,0025790,피스룰즈,0025773,스마트어드바이스,6307010,SMART STRIKE,API42_1
0035964,소중한인연,20140514,암,0018775,볼포니,0010574,토종고수,0005333,글로리화이,API42_1
0038139,황금소리,20140303,수,0037972,올드패션드,6981299,MALIBU GEM,6310199,MALIBU MOON,API42_1
1016531,가을잔치,20140408,암,-,-,-,-,-,-,API42_1
0035100,우주바다,20140412,거,0018206,엑스플로잇,0013423,포르테,0008710,컨셉트윈,API42_1
0035691,아메리칸파워,20140423,거,0024050,엑톤파크,0029373,화이트앤젤리카,6231944,QUIET AMERICAN,API42_1
0035298,동서가득,20140307,암,0028997,리미트리스비드,0019833,하이웨이엔젤,0006893,무자지프,API42_1
3016692,장타지존,20140209,암,3009526,백두장사,3011036,제주장타,3005576,꿈바위,API42_1
0035008,백년손님,20140504,수,0023201,천년대로,0017121,웰빙시대,0007463,사이코배블,API42_1
0036070,마이티쿨,20140222,암,0025670,원쿨캣,0011770,미스윅,6252350,THE WICKED NORTH,API42_1
3016512,철의날개,20140613,거,3009526,백두장사,3011342,동구밭,3101043,제주오름,API42_1
0035091,블레스유,20140327,암,0025790,피스룰즈,0021727,카슨즈캣,6256608,MOUNTAIN CAT,API42_1
0035398,히비키,20140510,거,0020256,메니피,0029421,풀드여,6306749,DISTORTED HUMOR,API42_1
0035784,배다리하니,20140305,암,0031229,어플리트어게인,0028941,로자먼디,6231944,QUIET AMERICAN,API42_1
3016874,은빛보물,20150315,거,3100032,성읍오름,3011163,열안지,3101043,제주오름,API42_1
0035358,뷰티풀액트,20140427,암,0024050,엑톤파크,0020029,브라운뷰티,6253904,JOLIE'S HALO,API42_1
0037168,온리바람,20150410,수,0032970,윈체스터,0033054,머시풀,6253079,RAHY,API42_1
0036837,에이스돌풍,20150208,수,0038391,카우보이칼,0034907,서머로맨스,6205084,DEPUTY MINISTER,API42_1
0036938,영희시대,20150304,암,0032990,한센,0029438,페블인더샌드,6310199,MALIBU MOON,API42_1
3017014,무패왕자,20150419,거,3011948,해모수,3013838,왕재,3005576,꿈바위,API42_1
0037668,천하형국,20150429,수,0022032,니혼필로닐,0019158,선더힐,6251234,DANEHILL DANCER,API42_1
0037637,주먹도끼,20150417,거,6964211,WEIGELIA,0034849,미스개츠비Ⅱ,6218852,SILVER CHARM,API42_1
0036973,대천히어로,20150218,거,0033119,선더모카신,0023427,고스틀리갤,6252223,SILVER GHOST,API42_1
0037266,프리모,20150312,암,0020379,인그란디어,0027229,깍쟁이,6310288,PUT IT BACK,API42_1
0037458,쾌한예봉산,20150430,암,0032990,한센,0033029,로렌브레이,6256454,HALO'S IMAGE,API42_1
0037689,정상돌풍,20150415,수,0031261,사이먼퓨어,0033111,그릴리메이,6256164,MR. GREELEY,API42_1
0039801,아임유어호프,20150206,거,6983586,ORB,6102993,LODE LADY,6307073,POSSE,API42_1
0036799,빅이어,20150202,암,0031302,채플로열,0029484,걸즈라이크,0039750,퍼지,API42_1
0036979,영천더비,20150221,암,0033119,선더모카신,0020398,딕시어벤저,6310059,DIXIE UNION,API42_1
0037692,베스트불릿,20150527,수,0034426,스파이큘,0026075,불릿,0020256,메니피,API42_1
3017206,제일일호,20150415,암,3009526,백두장사,3013161,절대권력,3005576,꿈바위,API42_1
0038381,제트다이아,20140829,거,6771382,BERNARDINI,6111964,MEL'S POCKET,6290758,REDOUTE'S CHOICE,API42_1
1017278,금마루,20151001,암,-,-,-,-,-,-,API42_1
0037112,송암공주,20150402,암,0018775,볼포니,0031280,캄애프터더스톰,6309990,BROKEN VOW,API42_1
3017066,선광공주,20150529,암,3009526,백두장사,3013450,난드르,3100989,진흥바람,API42_1
0037738,더팩트,20150502,수,0018206,엑스플로잇,0016904,밀리팩트,6250611,MOSCOW BALLET,API42_1
0041531,문학조이,20160216,수,6313612,KITTEN'S JOY,6889515,CRIMSON ORE,6306409,EXCHANGE RATE,API42_1
1017371,갈색비마,20150403,암,-,-,-,-,-,-,API42_1
3017442,광아의전설,20160116,거,3007168,명문왕자,3007169,하늘이,-,-,API42_1
1017489,극소수,20151001,암,-,-,-,-,-,-,API42_1
0039019,레인,20160411,암,0036358,애니기븐새터데이,0022759,새로운가문,0018206,엑스플로잇,API42_1
0039098,드림머니,20160504,거,0025670,원쿨캣,0026254,컨셉리처블,0008710,컨셉트윈,API42_1
0039375,대디글로리,20160501,암,6771696,SCAT DADDY,0036613,벤트온글로리,6306749,DISTORTED HUMOR,API42_1
3017578,광해최고,20160522,수,3005652,제주명성,3011123,안덕명성,3005576,꿈바위,API42_1
0038911,파워어메이징,20160311,암,0020256,메니피,0010316,천마총,0006891,로스트마운틴,API42_1
0038675,영광의시대,20160331,암,0032990,한센,0025758,로우지즈걸로어,6307065,MILWAUKEE BREW,API42_1
0039332,에이스샤인,20160415,거,0027443,컬러즈플라잉,0027527,세미놀선샤인,6231949,INDIAN CHARLIE,API42_1
0039409,우승지킴이,20160612,거,0031305,록하드텐,0033101,포스파워,6229080,COZZENE,API42_1
0041788,위닝포스트,20160417,거,0041566,투아너앤드서브,6990351,WAYNETTA,6313618,MEDAGLIA D'ORO,API42_1
0039360,제마특급,20160410,암,0034735,페더럴리스트,0029095,칼마,6254561,DEHERE,API42_1
3017639,천봉원수,20150610,거,3101043,제주오름,3013456,천군,3005576,꿈바위,API42_1
0038942,백스핀,20160317,암,0025670,원쿨캣,0029001,퀸클리팀네스트러,6309977,BENCHMARK,API42_1
0038660,금아슈프림,20160211,거,0024050,엑톤파크,0015218,선셋키,6254083,CITIDANCER,API42_1
0041657,장산바비,20160502,거,6988475,SHANGHAI BOBBY,6675298,BINALEGEND,6306643,BINALONG,API42_1
3017923,바다요정,20160103,암,3007989,빙호,3012173,우리동화,3101043,제주오름,API42_1
0041188,달리는빛깔,20170510,수,0020256,메니피,0036618,그레노블,6620030,AFLEET ALEX,API42_1
0040610,러피언파크,20170401,거,0024050,엑톤파크,0032818,러피언켈,6772779,MIDNIGHT LUTE,API42_1
0041120,이터널메모리,20170415,거,0029419,스트라이크어게인,0013843,베씸,6256093,VYING VICTOR,API42_1
1018058,삼다호걸,20160701,암,-,-,-,-,-,-,API42_1
0041044,닥터스카이,20170512,수,0036693,토우트,0018788,명가의후예,6309983,BLACK MINNALOUSHE,API42_1
0043526,수리수리마,20170408,암,6256898,PROUD CITIZEN,6104734,CLIFF'S SECRET,6313650,THE CLIFF'S EDGE,API42_1
0041220,전설의불꽃,20170428,수,0032990,한센,0024767,불꽃기상,6258011,LANGFUHR,API42_1
0041101,디에코,20170403,암,0025790,피스룰즈,0027730,오리엔탈패스,0021999,포리스트캠프,API42_1
0043568,행복왕자,20170424,수,6108940,DAREDEVIL,6848529,FIRST INSTALLMENT,6309990,BROKEN VOW,API42_1
0040349,클린업해피,20170312,거,6970674,PAYNTER,0039749,드림딜라이트,6248064,UNBRIDLED'S SONG,API42_1
0041034,루이사,20170501,암,0034735,페더럴리스트,0027229,깍쟁이,6310288,PUT IT BACK,API42_1
0043584,풀부스터,20170505,수,6771817,DISCREET CAT,6856003,NOONTIME ANGEL,6306441,SUCCESSFUL APPEAL,API42_1
0041296,톱럭키,20170303,암,0038391,카우보이칼,0038367,튜운,6771683,CORINTHIAN,API42_1
0041199,톱시드,20170515,거,6259885,LOUIS QUATORZE,0039818,미그레이팅우르술,6312225,MIGRATING MOON,API42_1
0040928,바베어리언,20170420,수,6106674,COMPETITIVE EDGE,0038386,화이트헤븐,6248064,UNBRIDLED'S SONG,API42_1
0043451,한빛영광,20170209,암,6983586,ORB,6109654,MAKING MARK MONEY,6307010,SMART STRIKE,API42_1
0041440,골든위너,20170415,수,0020256,메니피,0024989,인터걸스,6290475,MOSSMAN,API42_1
0040563,은혜파도,20170220,암,0034835,티즈원더풀,0021706,퀴니비,6310115,GERI,API42_1
0043611,월드톱,20170221,수,6969074,CREATIVE CAUSE,6127161,O HAPPY GRAY,6203443,CEE'S TIZZY,API42_1
0040714,우리좋은날,20170319,암,0034735,페더럴리스트,0036588,에펠스파크,6275388,TANINO GIMLET,API42_1
0042333,히트예감,20180217,수,0039742,테이크차지인디,0036304,데저트히트,6213768,MR. PROSPECTOR,API42_1
0040549,대승가온,20170228,암,0027443,컬러즈플라잉,0027824,한샘가온,0018775,볼포니,API42_1
0042566,누비고,20180313,수,0034428,테스타마타,0030507,누비퀸,0020256,메니피,API42_1
0043138,청산강호,20180514,수,0020256,메니피,0031237,토털리톡식,6253088,NOT FOR LOVE,API42_1
0043282,해피삭스,20180318,암,0034835,티즈원더풀,0036330,쿠마나,6323623,FULL MANDATE,API42_1
0043082,온포인트,20180425,수,0036729,밥앤드존,0036652,아너드,6256908,HARLAN'S HOLIDAY,API42_1
0042586,해남해머,20180403,암,0037972,올드패션드,0036319,포에마,6529192,D'WILDCAT,API42_1
0045458,엠제이포인트,20180329,암,6772792,BUSTIN STONES,6115276,MAKING A POINT,6310109,FREUD,API42_1
0043351,원더풀케이,20180429,수,0039750,퍼지,0031482,다이아걸,0006892,디디미,API42_1
0043434,다울퀸,20180405,암,0027443,컬러즈플라잉,0020290,글로리어스돈,6307149,ELUSIVE QUALITY,API42_1
3018603,공작,20180319,거,3100032,성읍오름,3006473,성불샘,-,-,API42_1
1018621,일촉즉발,20180420,암,-,-,-,-,-,-,API42_1
3018669,안덕최고,20180427,수,3015389,성품,3014084,안덕공주,3005652,제주명성,API42_1
3018589,내온여신,20180414,암,3100316,진흥상어,3015731,내온일호,3009526,백두장사,API42_1
0043095,영광의라이더,20180501,거,0034735,페더럴리스트,0026773,하얀누리,0018776,양키빅터,API42_1
0042636,퀸오브스피릿,20180217,암,0039750,퍼지,0034899,캐스퍼레트,6313602,GHOSTZAPPER,API42_1
0043125,농본바다,20180419,암,6781702,LOOKIN AT LUCKY,0040226,라인잇업,6306667,FOREST WILDCAT,API42_1
1018401,우리세상,20170430,암,-,-,-,-,-,-,API42_1
0042517,부산항갈매기,20180316,거,6782484,ALTERNATION,0040088,타피즈드림,6248320,AWESOME AGAIN,API42_1
0042448,런런런,20180308,수,0025790,피스룰즈,0029748,행운성,0015093,듀앨러티,API42_1
3018700,오라의힘,20180601,암,3009526,백두장사,3008242,코지바람,-,-,API42_1
1018791,최강진출,20180602,거,-,-,-,-,-,-,API42_1
1018778,활기찬,20180510,암,-,-,-,-,-,-,API42_1
0042871,송암레이서,20180430,거,0018775,볼포니,0023556,홀리드림러브,6256079,HOLY BULL,API42_1
3018816,민투,20180328,암,3012382,쾌속장타,3011490,보금자리,3101043,제주오름,API42_1
0043850,인디초이스,20190218,거,0039742,테이크차지인디,0040218,딜라잇펄엠파이어,6306756,EMPIRE MAKER,API42_1
3018934,오라태풍,20190420,수,3014974,터보킹,3015696,하늘소녀,3009526,백두장사,API42_1
0044298,영성프린스,20190426,거,0039742,테이크차지인디,0040142,플로팅하트,6269832,GIANT'S CAUSEWAY,API42_1
0046593,탭다운,20190326,수,0054861,앵커다운,6148429,FUZZY KIM,6321826,MADRAAR,API42_1
0044303,희망챔프,20190416,수,0038245,미스치비어슬리,0034297,인본챔프,0020256,메니피,API42_1
0044814,티즈바로우즈,20190430,수,0040058,티즈웨이,0023406,케이랜즈로즈,6310156,JAMBALAYA JAZZ,API42_1
3018898,초인왕,20190510,거,3100032,성읍오름,3015677,초인,3007168,명문왕자,API42_1
0046313,제다이포스,20180328,암,6971298,PALACE MALICE,6789406,SUMMER RENDEZVOUS,6306667,FOREST WILDCAT,API42_1
0044502,신한특송,20190331,암,0032990,한센,0021826,미러클라이트,6256435,COLONY LIGHT,API42_1
0045957,두손클래식,20200415,암,0027443,컬러즈플라잉,0041958,클래시컬휴머,6306749,DISTORTED HUMOR,API42_1
0045482,자이언트펀치,20200220,거,0038387,콩코드포인트,0036289,캔데슨트,6218857,SILVER DEPUTY,API42_1
0045296,아델호랑이,20200303,거,0027443,컬러즈플라잉,0029392,모너,6309990,BROKEN VOW,API42_1
0045559,스포블레이드,20200222,수,0040086,위드디스팅션,0040149,리엔센,6306416,PROUD AND TRUE,API42_1
0045271,선더퓨리,20200207,암,0038387,콩코드포인트,0022929,빅토리캠프,6332179,GIMMEAWINK,API42_1
3102595,무림영웅,20200228,거,3009296,푸른대왕,3100931,디오니소스,-,-,API42_1
0045568,한강파워,20200409,수,0038391,카우보이칼,0038303,블랙파워Ⅱ,6306756,EMPIRE MAKER,API42_1
0045422,슈퍼카넬,20200302,수,0038332,커널존,0034454,슈퍼플랙스,6310288,PUT IT BACK,API42_1
0045374,달릴래요,20200218,거,0041566,투아너앤드서브,0022189,캐러멜캔디,6248320,AWESOME AGAIN,API42_1
0046203,낭만대로,20200520,거,0034835,티즈원더풀,0028954,팜프린세스,6248051,ROYAL ACADEMY,API42_1
3101833,동심만리,20200306,암,3100061,진흥축산,3011094,백록왕비,3102390,루카,API42_1
0045478,백투더레전드,20200214,수,0038391,카우보이칼,0021846,소서노,6312532,ALDEBARAN,API42_1
0046206,빅블레드,20200504,암,0041566,투아너앤드서브,0018788,명가의후예,6309983,BLACK MINNALOUSHE,API42_1
0046109,아쿠아리우스,20200420,암,0038025,아임유어파더,0020639,불꽃바람,0007672,리비어,API42_1
3101800,은빛풍경,20200502,암,3100316,진흥상어,3015900,은빛요정,3009526,백두장사,API42_1
0046778,백투더챔피언,20210220,수,0038387,콩코드포인트,0041546,아임언포게터블,6619984,UNFORGETTABLE MAX,API42_1
0046927,오섬선라이즈,20210305,암,0039737,어플릿익스프레스,0036644,아프리칸선라이즈,6307336,TALE OF THE CAT,API42_1
0047152,용비파워,20210419,암,0044993,언캡처드,0024341,센걸,0019963,스트로디스크리크,API42_1
0046755,베스트프라임,20210202,거,0033119,선더모카신,0034899,캐스퍼레트,6313602,GHOSTZAPPER,API42_1
0046688,히어로전사,20210215,거,0045014,프로스펙티브,0043302,제이알스타,6790436,ESKENDEREYA,API42_1
0045749,스토밍매직,20200329,암,0029287,맘보트레인,0018817,스토밍컬러스,6310405,VISION AND VERSE,API42_1
0047112,퀸즈플레타,20210409,암,0038391,카우보이칼,0040234,소우전러브,6253088,NOT FOR LOVE,API42_1
0047050,메가드래곤,20210215,수,0031261,사이먼퓨어,0038413,스핀,6771688,HARD SPUN,API42_1
1412242,내추럴사운드,20210429,암,0035285,파이널보스,0018573,부산의별,6239849,GENEROUS,API42_1
0047256,금성여제,20210516,암,0034835,티즈원더풀,0027166,레모니시마,6259767,LEMON DROP KID,API42_1
3103935,금촌대박,20210323,암,3016994,태흥성,3012381,우주세상,3101045,빛을향해,API42_1
0046931,서귀스타,20210329,암,0032990,한센,0044948,루브로드,6803043,QUALITY ROAD,API42_1
0047503,천장사,20210512,거,0045082,오버애널라이즈,0038345,마이패션,6256908,HARLAN'S HOLIDAY,API42_1
0023665,밀워키머니,20060212,암,6307065,MILWAUKEE BREW,6772241,POOPSIE,6228272,CHEROKEE COLONY,API42_1
0023237,검은독수리,20070323,거,0007463,사이코배블,0012813,서머송,6253931,WITH APPROVAL,API42_1
0020978,배틀커맨더,20060418,거,0015095,디스틸드,0006077,머제스틱풀,6212290,MAJESTIC MAN,API42_1
0022441,마루동자,20070314,거,0007671,사일런트워리어,0018489,퓨레자레이나,6254656,REAL SHADAI,API42_1
0023261,일월성,20070430,수,0013914,웍스라이크어덕,0012713,매직레인빔,6203467,CENTAINE,API42_1
0023006,늘상승,20070501,암,0012684,더그룸이즈레드,0015251,레드로나,6306605,NAVARONE,API42_1
0025450,의기양양,20070315,암,0029482,와이와이와이,6468261,TIED TO TIME,6255409,POLEAX,API42_1
0021714,스카이센터,20050405,암,6309009,ANZIYAN,6620120,BUSY CHICK,6253912,NUMEROUS,API42_1
0025517,필승코리아,20070421,암,6275388,TANINO GIMLET,6378746,TURKSTAND,6241713,TURKOMAN,API42_1
0025544,용산황룡,20070225,암,6307065,MILWAUKEE BREW,6529585,DANCE STAR,6307010,SMART STRIKE,API42_1
0022554,스톰트룹,20070406,거,0008710,컨셉트윈,0014100,디벌지,6252928,GRAND LODGE,API42_1
0021202,범띠,20060510,암,0008710,컨셉트윈,0015181,팬시칙스,6286130,JADE ROBBERY,API42_1
0021661,명문가보,20060520,거,0006162,해피째즈밴드,0008794,맘젤버거랙,6204698,CYRANO DE BERGERAC,API42_1
0022391,칸의영웅,20070521,거,0019963,스트로디스크리크,0013078,기쁨나라,0011715,글라이드,API42_1
0022228,포세븐,20070215,암,0011903,포티튜드,0011655,월문산방,0006892,디디미,API42_1
3011191,차마고도,20070502,암,3008912,참살이,3100894,눈오름,-,-,API42_1
3011081,백두제왕,20070403,거,3101050,골든레이스,3100937,복실이,-,-,API42_1
0020782,서광천지,20061015,거,6260226,OCTAGONAL,0020089,프레퍼렌셜,6203925,CLEAR CHOICE,API42_1
0022527,슈퍼포스,20070403,수,6529043,TRUE DIRECTION,0020286,레드머리너,6310324,SEA OF SECRETS,API42_1
0023356,카트만두,20070413,암,6228458,TRAPP MOUNTAIN,0021712,엠엘댄서,6240160,THUNDER GULCH,API42_1
0022731,흑건질주,20070315,암,0012808,크릭캣,0018865,언포게터블파이어,6241725,WOODMAN,API42_1
0023086,경쾌한질주,20070425,수,6313649,TAPIT,0020432,코지맥신,6229080,COZZENE,API42_1
0021054,화이트스톰,20060525,암,0012852,레이저빔,0008740,숱시티래스,6220719,TAUFAN,API42_1
0025488,샛별,20070125,암,6323102,YANKEE GENTLEMAN,6814616,TOM'S KID,6248006,CAPOTE,API42_1
0022987,이너프투윈,20070322,거,0012808,크릭캣,0018099,스키모,6253446,MEADOWLAKE,API42_1
0022695,천상의여왕,20070526,암,0008710,컨셉트윈,0015145,클래스어브오번,6219704,STAFF WRITER,API42_1
0022042,케이제이칸,20050320,거,6520214,SQUIRTLE SQUIRT,6771918,BULGE,6257936,ASSATIS,API42_1
0016887,원더러브,20020422,수,6306843,WILD WONDER,6513405,LOVE SPANISH,6513406,SPANISH DRUMS,API42_1
0021134,부산신동,20060429,거,0015095,디스틸드,0006630,알로하,6205000,DEFECTING DANCER,API42_1
0022518,상천보검,20070429,거,0016504,워존,0007717,키씬킴,6214983,OUR MICHAEL,API42_1
1011464,정복공주,20070304,암,-,-,-,-,-,-,API42_1
0025490,글로리캡틴,20070328,거,6254462,MARIA'S MON,6329691,FIESTA,6305909,DEPUTY COMMANDER,API42_1
0023268,캐피털송,20070330,수,0018771,캐피털스팬딩,0012694,송스트레스,6202300,BLUEBIRD,API42_1
0023256,트래블존,20070430,암,0016504,워존,0012812,트래블린튠,6252424,HOUSTON,API42_1
0022287,트레이드마크,20070324,수,0016504,워존,0012814,데블즈더비쉬,6253934,DEVIL HIS DUE,API42_1
3009550,일류정상,20050512,수,3102390,루카,3102828,한라천사,3102387,고속생명수,API42_1
1011751,동서사랑,20080220,암,-,-,-,-,-,-,API42_1
1011829,돌고래,20070603,암,-,-,-,-,-,-,API42_1
1011821,으뜸행운,20070303,암,-,-,-,-,-,-,API42_1
1011793,운평선,20060620,수,-,-,-,-,-,-,API42_1
0025508,백리팔준,20070408,거,6310433,YONAGUSKA,6814610,SWEET ATTRACTION,6310210,MERCER MILL,API42_1
0024386,기흥장군,20080303,수,0018776,양키빅터,0016953,일심전력,6258011,LANGFUHR,API42_1
3011928,달빛사자,20080503,암,3005576,꿈바위,3100920,가온들찬빛,-,-,API42_1
0027232,꽃여울,20080209,암,6338867,ESSENCE OF DUBAI,6964558,A STAR HAS RISEN,6321720,ROCK BAND,API42_1
0024538,메이비,20080315,수,0009337,포트스톡턴,0012806,타임포할로우,6253904,JOLIE'S HALO,API42_1
3011959,쾌속시대,20080528,암,3005652,제주명성,3100809,사라여왕,-,-,API42_1
0027248,스페니시프린스,20080423,거,6345371,SPANISH STEPS,6329220,PRINCESS DEHERE,6254561,DEHERE,API42_1
0027188,폭풍질주,20080524,수,6322005,GREATNESS,6713986,DOWAGER LADY,6310415,WHADJATHINK,API42_1
0027343,셀러브렛투나잇,20080217,수,6310347,SONGANDAPRAYER,6621139,MY PLACE TONIGHT,6252200,OUT OF PLACE,API42_1
0024314,천승,20080421,수,0016561,치프피트,0012352,신청파,0006891,로스트마운틴,API42_1
1012102,성덕군자,20080421,수,-,-,-,-,-,-,API42_1
0024361,우승터치,20080419,암,0020256,메니피,0020351,제니튜더,6240108,GULCH,API42_1
0024208,럭키챔피언,20080213,수,0018775,볼포니,0008802,벨라디인데버,6222842,WORTHY ENDEVOR,API42_1
0024378,앱설루트,20080429,거,0018207,커멘더블,0018494,타이치,6239904,QUEST FOR FAME,API42_1
0025358,보난자,20080430,거,0018206,엑스플로잇,0020066,예난,6257185,ANABAA,API42_1
0024366,승일동자,20080220,거,0020257,비카,0013135,대천여왕,0008710,컨셉트윈,API42_1
0024412,레드룩,20080517,거,0012684,더그룸이즈레드,0007793,룩프린세스,6211678,LITTLE LOOK,API42_1
0024822,야전사령부,20080308,거,0020257,비카,0020155,자벨라,6224242,ZABEEL,API42_1
1012267,일만장자,20080317,암,-,-,-,-,-,-,API42_1
0024945,로열트로피,20080220,암,0018206,엑스플로잇,0018603,스모크스탑건,6309771,SMOKE GLACKEN,API42_1
0024251,굿디자인,20080219,암,0016504,워존,0006084,위닝디자인,6201611,BEAU'S EAGLE,API42_1
0024070,메가스타,20080405,거,6717123,AIR EMINEM,0022037,사쿠세츠피츠,6254648,MILL GEORGE,API42_1
0024298,드림블루,20080303,암,0020257,비카,0015160,델타드림,6241001,MT. LIVERMORE,API42_1
0025155,말리웨이,20080320,거,0012684,더그룸이즈레드,0015029,말리엘런,6206600,FAYRUZ,API42_1
0024128,골든에이스,20080516,암,0018775,볼포니,0018101,퍼커파워,6312197,DIXIE POWER,API42_1
0025220,초원의아침,20080428,거,0009337,포트스톡턴,0007834,엔젤스초이스,6218524,SETTLEMENT DAY,API42_1
0024087,댄싱하이츠,20080402,암,0019962,댄싱서패스,0018731,월드하이츠,6352645,SHADY HEIGHTS,API42_1
0024726,포티파이,20080515,암,6323281,CONSOLIDATOR,0023432,가이사랴,6256164,MR. GREELEY,API42_1
0024222,에이원,20080219,암,0018206,엑스플로잇,0020058,데드셋서튼티,6290758,REDOUTE'S CHOICE,API42_1
0024234,여러분의선경,20080507,수,0012684,더그룸이즈레드,0011705,키질,6209139,HIS MAJESTY,API42_1
0024550,리틀자이언트,20080404,거,6256541,ADJUDICATING,0022015,캠퍼스퀸,6264785,BUBBLE GUM FELLOW,API42_1
0024663,여의주,20080329,암,0007672,리비어,0009356,자유만끽,0005332,프로포슈어,API42_1
0026148,무한신조,20090215,암,0018776,양키빅터,0020398,딕시어벤저,6310059,DIXIE UNION,API42_1
0026197,항해자,20090218,수,0014056,골드머니,0013142,서원,0005331,피어슬리,API42_1
1012388,하늘타리,20080615,암,-,-,-,-,-,-,API42_1
0025378,기고만장,20080502,거,0018776,양키빅터,0018692,라킹온아이스,6253099,SANDPIT,API42_1
3012668,천문산,20090418,암,3101043,제주오름,3009534,백호화랑,3005576,꿈바위,API42_1
0026083,북대풍,20090326,암,0018206,엑스플로잇,0018598,해프페어,6284681,HALF TERM,API42_1
0029029,치유천황,20090316,거,6309990,BROKEN VOW,0038343,메모리즈오브미스틱,6310059,DIXIE UNION,API42_1
0025827,이피톰비,20090425,수,0020379,인그란디어,0018148,쿠레나이모유루,6282471,MERRY NICE,API42_1
1012408,쾌걸일마,20080619,암,-,-,-,-,-,-,API42_1
0025920,인천의비전,20090405,암,6313943,POLLARD'S VISION,0023838,프리티파서블,6258011,LANGFUHR,API42_1
0026174,길동이,20090328,수,0018206,엑스플로잇,0006527,보너스걸,6202432,BOLD T. JAY,API42_1
0026194,집념,20090324,거,0021999,포리스트캠프,0023427,고스틀리갤,6252223,SILVER GHOST,API42_1
0027092,오성대장군,20090318,수,0013915,아처시티슬루,0021713,포술레타수,6310025,COBRA KING,API42_1
0026120,아이리스,20090317,암,0020379,인그란디어,0013874,미스알루허쉬,6256179,ALWUHUSH,API42_1
1012947,대문호,20090507,수,-,-,-,-,-,-,API42_1
0029087,드보라,20090406,암,6254561,DEHERE,6901028,COUNTMEASAFRIEND,6256447,CRAFTY FRIEND,API42_1
0027134,동방의별,20090317,암,0007671,사일런트워리어,0008796,레이스트메모리즈,6205377,DON'T FORGET ME,API42_1
0029255,랩스핀,20090224,수,6307010,SMART STRIKE,0036659,아이즈온에디,6248332,TOUCH GOLD,API42_1
0029254,행복으뜸,20090425,암,6771313,SUN KING,6369463,AEROBATICS,6203296,CARO,API42_1
0026454,아라제일,20090412,암,6405545,AGNES GOLD,0024038,프로퍼건,6312236,PROSPER FAGER,API42_1
0026773,하얀누리,20090205,암,0018776,양키빅터,0015410,클래시어페어,6251038,COLONIAL AFFAIR,API42_1
1013033,사라공주,20090412,암,-,-,-,-,-,-,API42_1
0026963,레드브레이브,20090227,암,0007672,리비어,0016366,초원의꿈,0012684,더그룸이즈레드,API42_1
0026392,슈퍼양키,20090426,수,0018776,양키빅터,0016392,쾌속탄,0010902,퍼시픽바운티,API42_1
0029152,애커더미션,20090503,거,6254561,DEHERE,6517781,ACADEMIC LASS,6248051,ROYAL ACADEMY,API42_1
0025875,욕심쟁이,20090305,거,0011903,포티튜드,0017530,남도사랑,6265812,CHULLO,API42_1
3012744,황금평,20090510,암,3101045,빛을향해,3100637,제주노래,3102389,빛의사랑,API42_1
3013240,자연왕,20100217,거,3005576,꿈바위,3100882,로열블러드,-,-,API42_1
0026840,단테스뷰,20090401,암,0018775,볼포니,0014812,아름다운강산,0006892,디디미,API42_1
0028765,메루샤인,20100201,암,0020178,퍼펙트비전Ⅱ,0016891,텔리큐엔셜,6362570,KUETCH,API42_1
0030915,럭셔리맨,20100414,거,6345405,HARLINGTON,6382506,LIL'S GATE,6246095,GATE DANCER,API42_1
0027542,플라이위너,20080212,암,6345945,UNBRIDLED ENERGY,0023885,레전드리데스티니,6269832,GIANT'S CAUSEWAY,API42_1
0028062,세계최고,20100507,수,0024050,엑톤파크,0011576,라이징,6246805,IS IT TRUE,API42_1
0030982,벤자민비,20100317,수,6771766,BELGRAVIA,6967955,NATURAL INSTINCT,6269808,GENTLEMEN,API42_1
3013446,적하수호,20100401,거,3100982,메밀마을,3100920,가온들찬빛,-,-,API42_1
1013333,초능력,20100311,암,-,-,-,-,-,-,API42_1
0028275,아랑허라,20100330,암,0012852,레이저빔,0008851,에브리미셸,6206222,EVERY INTENT,API42_1
0028677,스마트퀸,20100328,암,0033115,유로실버,0025757,스퀘어드,6307073,POSSE,API42_1
0030987,케이팝캐슬,20100430,수,6313941,EDDINGTON,6336525,CASTLE SPRING,6254575,KINGMAMBO,API42_1
0027949,루비캔터,20100329,암,0018775,볼포니,0018496,크리스탈디캔터,6265771,ENCOSTA DE LAGO,API42_1
3013579,청운몽,20100331,암,3005576,꿈바위,3008968,여류탄생,3102390,루카,API42_1
0028056,랜드엔젤,20100323,암,0021999,포리스트캠프,0021939,시어어밴던,6257845,PEINTRE CELEBRE,API42_1
0028729,연주연승,20100225,수,0018783,야후디,0011781,리트리드,6241489,LORD AVIE,API42_1
0031037,맨스타,20100508,거,6309728,PULPIT,6325387,STIRRING,6254271,SEEKING THE GOLD,API42_1
0027998,슈퍼플로잇,20100310,거,0018206,엑스플로잇,0022146,루비아나,6254079,RUBIANO,API42_1
0028745,최고시대,20100430,수,0024050,엑톤파크,0018688,타위티피,6305987,CHEROKEE RUN,API42_1
0028579,스피드킹,20100427,수,0008710,컨셉트윈,0011020,청운봉,6251532,T. V. HEART THROB,API42_1
1013726,맥락,20100512,암,-,-,-,-,-,-,API42_1
0028548,길상,20100312,수,0020256,메니피,0017737,나바이어,0009337,포트스톡턴,API42_1
1013039,제주의검,20090712,거,-,-,-,-,-,-,API42_1
3013838,왕재,20100916,암,3005576,꿈바위,3006599,청유림,-,-,API42_1
1013648,달인세상,20090920,암,-,-,-,-,-,-,API42_1
0028903,멜로디선,20100325,거,0021999,포리스트캠프,0013796,멜러디스래스,6224056,PREGO,API42_1
0030901,멀티럭,20100521,암,6772785,ZANJERO,6615746,REGAL CASE,6256624,GOLD CASE,API42_1
0028754,초원나비,20100502,암,0018775,볼포니,0010500,네비게이션,0006163,빅서,API42_1
1013875,선봉장,20100528,수,-,-,-,-,-,-,API42_1
0028135,윈드워커,20100516,거,0018733,비와신세이키,0013260,녹색영웅,6254178,PENTELICUS,API42_1
0030507,누비퀸,20110407,암,0020256,메니피,0017586,드림러너,0012853,아워포에틱프린스,API42_1
0027776,머니데이,20100324,암,0018206,엑스플로잇,0010764,옥동이,6240967,KYOEI BLOSSOM,API42_1
0032711,삼일타이거,20110211,수,6248332,TOUCH GOLD,6849372,TIMELESS TRICK,6310208,MAZEL TRICK,API42_1
0030784,에이스드림,20110317,거,0020257,비카,0008747,듀허스트하우스,6205939,EMARATI,API42_1
0027733,삼한영웅,20100429,거,0021998,피코센트럴,0023758,커쿤즈,6240823,DESERT SUN,API42_1
0030857,레요컴,20110321,암,0021998,피코센트럴,0025746,레요나,6310008,CATIENUS,API42_1
0030791,빅쇼,20110210,암,0015093,듀앨러티,0020419,지니스딜라이트,6310271,POLISH MINER,API42_1
0029609,하이브리드,20110411,거,0020256,메니피,0020354,파워액트,6240108,GULCH,API42_1
0029655,마이스테이지,20110308,암,0023957,호크윙,0011705,키질,6209139,HIS MAJESTY,API42_1
0032760,톱프리티,20110511,암,6323180,VAN NISTELROOY,6446550,SCOOTIN DANA,6241489,LORD AVIE,API42_1
0028625,바쿠,20100316,거,0006892,디디미,0011100,해란강,0007672,리비어,API42_1
0032713,챔피언드림,20110202,거,6339061,PARADING,6430261,WRITE LITE,6212289,MAJESTIC LIGHT,API42_1
0030155,스페이스셔틀,20110421,암,0020256,메니피,0014927,정통성,0009339,라시그니,API42_1
0030841,담양젠틀맨,20110228,수,0020256,메니피,0016359,주말축배,0006891,로스트마운틴,API42_1
0032867,운검,20110409,거,6248062,TIMBER COUNTRY,6974005,COSMO BEAT OUT,6254669,SOCCER BOY,API42_1
1014487,백돌,20110430,암,-,-,-,-,-,-,API42_1
3014512,영원무궁,20110611,수,3008912,참살이,3100935,탐라나래,-,-,API42_1
0030197,하스타티,20110225,암,0006892,디디미,0023936,메이드오브코냑,6256074,HENNESSY,API42_1
0029848,러블리스타,20110328,암,6307064,MACHO UNO,0028954,팜프린세스,6248051,ROYAL ACADEMY,API42_1
1014336,금사냥,20110512,수,-,-,-,-,-,-,API42_1
0029525,글로벌킹,20110425,거,6313585,BIRDSTONE,0029027,댄슨인더선,6254580,REGAL CLASSIC,API42_1
0032897,팔마의선두,20110426,수,0040086,위드디스팅션,6927204,STAR JULIA,6310205,MATTY G,API42_1
0029744,롱스트라이드,20110406,암,0020256,메니피,0018454,커시브,6254561,DEHERE,API42_1
0030083,스트롱탱고,20110321,암,0018776,양키빅터,0021752,라터크,6241713,TURKOMAN,API42_1
0030610,새명장,20110328,거,0021998,피코센트럴,0020404,파인트시프,6250769,CAT THIEF,API42_1
0030675,흑강자,20110224,거,0012808,크릭캣,0024043,로자걸치,6240160,THUNDER GULCH,API42_1
0029735,굿치얼스,20110315,수,0023493,시에로골드,0022175,치얼스어게인,6248320,AWESOME AGAIN,API42_1
0030179,당찬엑톤,20110406,수,0024050,엑톤파크,0016748,당차게,6254580,REGAL CLASSIC,API42_1
3014724,상록수,20110503,암,3009526,백두장사,3011129,조롱벌,3101050,골든레이스,API42_1
0030357,제이에스킹,20110409,수,0017832,제이에스홀드,0008764,메익댓콜,6207965,GLOW,API42_1
1014746,청산녹수,20110411,암,-,-,-,-,-,-,API42_1
3014423,가리사니,20110525,암,3008298,무한야성,3100870,판타지스타,-,-,API42_1
0031933,미래번쩍,20120120,수,0027443,컬러즈플라잉,0018768,명서공주,6314388,CARRY THE FLAG,API42_1
0032980,승리파크,20120123,수,0036735,디바인파크,6103827,MOUNTAIN BUDDIES,6313601,FRIENDS LAKE,API42_1
0031911,브라이언,20120325,암,0018775,볼포니,0017093,블랙섀도우,0007463,사이코배블,API42_1
0031612,롤링스타,20120420,수,0020379,인그란디어,0023880,위아워스,6254534,NORTHERN TASTE,API42_1
0032232,승리여제,20120414,암,6772811,TALE OF EKATI,0029476,워드에지와이즈,6313650,THE CLIFF'S EDGE,API42_1
0031364,갈색바람,20120223,암,0028958,어드마이어돈,0021236,오마이크릭,0012808,크릭캣,API42_1
0033052,배다리몬스터,20120329,거,0031302,채플로열,6689370,SEA SIDE QUEEN,6310377,THE NAME'S JIMMY,API42_1
0031627,포리스트뉴스,20120316,암,0021999,포리스트캠프,0025578,데일리뉴스,6314523,HUSSONET,API42_1
0031581,영광의태풍,20120214,수,0020256,메니피,0018320,그랜드패스,6310132,GRAND SLAM,API42_1
0034467,시크릿라인,20120420,암,6964805,LINE OF DAVID,6385559,SECRET TOMYSUCCESS,6253635,SLEW CITY SLEW,API42_1
0030109,해피볼,20110408,암,0018775,볼포니,0017599,광세영웅,0013915,아처시티슬루,API42_1
0031990,지봉스타,20120320,암,0021998,피코센트럴,0020427,미스엔텍사스,6254561,DEHERE,API42_1
0031984,해피윈,20120415,수,0023957,호크윙,0008851,에브리미셸,6206222,EVERY INTENT,API42_1
0034648,더쎈챔프,20120128,수,6790306,HOLD ME BACK,6324725,CITRON MOON,6204827,DANZIG,API42_1
0031909,그랑블루,20120227,수,0025790,피스룰즈,0018695,닥티크스퀘스트,6248324,CORONADO'S QUEST,API42_1
0031664,영웅볼트,20120411,암,0027443,컬러즈플라잉,0020802,하늘기상,0015093,듀앨러티,API42_1
0034711,계림의질주,20120316,거,6965458,KANTHAROS,6104308,FINIDIENNE,6309691,SLEWVESCENT,API42_1
0031449,뉴월드,20120430,수,0006892,디디미,0025749,레이디즈게임,6248320,AWESOME AGAIN,API42_1
0032591,시가에이스,20120214,수,0006892,디디미,0023506,프라이빗플레인,6229273,LEAR FAN,API42_1
0031744,감동의챔피언,20120425,거,0016972,이터널챔피언,0015085,챌린지퀸,6204206,CONQUISTADOR CIELO,API42_1
0031469,라이언스타,20120528,수,0018206,엑스플로잇,0021956,오크마트,6248064,UNBRIDLED'S SONG,API42_1
0032017,슈퍼브로드,20120425,거,0027443,컬러즈플라잉,0027531,플러키브로드,6256079,HOLY BULL,API42_1
0031958,바이오블루,20120126,거,6310017,CITY ZIP,0029447,콘스턴트터치,6254101,BELONG TO ME,API42_1
0031464,프린켑스,20120213,수,6248320,AWESOME AGAIN,0029428,레이디스트라스벅,6256624,GOLD CASE,API42_1
0034742,드래곤빌리지,20120827,암,6964920,LOPE DE VEGA,6106272,BELLA BALCANNY,6771720,BENICIO,API42_1
0031965,고요한질주,20120303,거,0027443,컬러즈플라잉,0010821,수재,6250945,STAR JO,API42_1
0034766,오화마,20121023,거,6781702,LOOKIN AT LUCKY,6815985,SOME GIRLS DO,6310228,MORE THAN READY,API42_1
0034094,위너스글로리,20130305,수,0029419,스트라이크어게인,0023920,럭앤드페임,6310412,WESTERN FAME,API42_1
0036423,아르고황금꽃,20130419,거,6259885,LOUIS QUATORZE,6822820,MOTHERLY,6253898,MARQUETRY,API42_1
0036506,픽스타임,20130510,거,0037972,올드패션드,6873228,HOT CHILI PEPPER,6256464,MECKE,API42_1
0033890,성은마루,20130419,수,0029176,델라고브롬,0021355,금빛천사,6313601,FRIENDS LAKE,API42_1
0033304,금아발리오스,20130206,거,0031305,록하드텐,0031235,퀸민디,6251773,KING OF KINGS,API42_1
3015749,태양의섬,20130404,거,3100989,진흥바람,3009360,태왕황후,3005576,꿈바위,API42_1
0033226,메이저위너,20130212,암,0025670,원쿨캣,0025478,아이앰크루징,6313654,VALUE PLUS,API42_1
0034777,퀸엘레강스,20130312,암,6306756,EMPIRE MAKER,6914713,ELEGANCE ROSE,6261000,SPECIAL WEEK,API42_1
0036468,블레이징스타,20130423,암,6566349,POMEROY,6104273,BLAZING FIZZ,6270529,SLEW GIN FIZZ,API42_1
0034346,비키라이,20130313,암,0020257,비카,0020446,파이어더데퓨티,6205084,DEPUTY MINISTER,API42_1
0033137,과천원더,20130504,수,0022032,니혼필로닐,0017460,원더원더,0012684,더그룸이즈레드,API42_1
0036375,킹더그레이,20130126,거,6784638,DUNKIRK,6879421,MY NAMES NICOLE,6250761,CHARISMATIC,API42_1
0033586,환상의도약,20130325,수,0018733,비와신세이키,0019276,환상의물결,0006162,해피째즈밴드,API42_1
0033655,과속돌풍,20130331,암,0018775,볼포니,0023700,차차,6336524,BLACK MAMBO,API42_1
0036495,미소왕자,20130419,거,0038391,카우보이칼,6970734,AUNTIE SOPH,6309707,VALIANT NATURE,API42_1
0036440,마이티존,20130307,수,0038332,커널존,6323887,I'M A CAUTION,6247992,A.P. INDY,API42_1
0036486,자이언트킬러,20130424,수,6790292,GIANT OAK,6344726,MESMERIZING,6248332,TOUCH GOLD,API42_1
3015870,대지의향기,20130428,암,3008912,참살이,3006637,초록향기,-,-,API42_1
3015773,일출여신,20130615,암,3009526,백두장사,3009898,일출왕국,3005576,꿈바위,API42_1
0034089,대보배,20130216,암,0021811,오늘의보배,0020432,코지맥신,6229080,COZZENE,API42_1
0033279,티즈킹,20130315,수,0034835,티즈원더풀,0031228,스위트앤드섹시,6256164,MR. GREELEY,API42_1
0033323,출애,20130416,수,0027443,컬러즈플라잉,0019158,선더힐,6251234,DANEHILL DANCER,API42_1
1016025,근엄,20130612,암,-,-,-,-,-,-,API42_1
0033427,세븐즈럭키,20130324,거,0029419,스트라이크어게인,0023826,케이프코더,6257007,WAQUOIT,API42_1
0033739,마리,20130512,암,0018733,비와신세이키,0023396,아임레전드,6309771,SMOKE GLACKEN,API42_1
0034050,쎈파워,20130311,암,0020379,인그란디어,0015649,행운듬뿍,0011715,글라이드,API42_1
0034300,금곡성,20130504,암,0020253,사쿠라시킹,0019635,필잇나우,0012853,아워포에틱프린스,API42_1
0033963,원어게인,20130427,거,0029419,스트라이크어게인,0015149,레이디워쉽,6306179,WAR,API42_1
1016135,러브홀릭,20130410,암,-,-,-,-,-,-,API42_1
0033826,기프티드선,20130421,거,0006892,디디미,0029007,기프티드도터,6219369,SON OF BRIARTIC,API42_1
3016198,납읍대로,20130417,암,3007168,명문왕자,3008640,독주자,3102390,루카,API42_1
1016197,성장주,20130629,암,-,-,-,-,-,-,API42_1
0036258,알파와오메가,20140303,거,0027443,컬러즈플라잉,0020583,남해여왕,0016529,볼레로,API42_1
3016270,탐라영상,20140409,암,3012419,종결자,3011944,백두찬가,3005576,꿈바위,API42_1
0035143,유로파,20140226,거,0029487,샤프휴머,0023893,이츠트루블루,6310432,YES IT'S TRUE,API42_1
0035914,퍼스트선,20140331,암,0027443,컬러즈플라잉,0031317,텐자스팔미라,6309953,AFTERNOON DEELITES,API42_1
0036245,대장박,20140213,수,0025790,피스룰즈,0031244,그레이트브리지,6309956,ALBERT THE GREAT,API42_1
0038045,에이스러너,20140308,수,6965955,WILBURN,0046486,미스벨오즈테일,6307336,TALE OF THE CAT,API42_1
0038113,난초의고향,20140304,거,6772782,FROST GIANT,6451026,HALO'S NOTEBOOK,6254581,NOTEBOOK,API42_1
0038092,뉴시타델,20140314,수,0040086,위드디스팅션,0040149,리엔센,6306416,PROUD AND TRUE,API42_1
0038019,청담대로,20140429,거,6256898,PROUD CITIZEN,6789606,AFFLUENZA,6269832,GIANT'S CAUSEWAY,API42_1
0036455,천년비마,20131031,수,6772800,CASINO PRINCE,6819004,JUPITER MOON,6257857,GALILEO,API42_1
0035402,모닝파크,20140128,수,0024050,엑톤파크,0028947,택티컬스피드,6261339,TIZNOW,API42_1
0035373,청운시대,20140514,거,0018206,엑스플로잇,0015225,러세미러,6201492,BATONNIER,API42_1
0038134,짜릿,20140416,거,6969075,지몰로지스트,6845316,BLISSFUL TRIP,6310391,TRIPPI,API42_1
0035590,골든스텝,20140502,거,0022032,니혼필로닐,0029353,리터러리라이트,6306527,IDE,API42_1
0035028,천빛,20140513,암,0023957,호크윙,0023252,빅시스터,0006893,무자지프,API42_1
0036237,속보옹주,20140414,암,0025670,원쿨캣,0023433,본브라운,6256625,LITE THE FUSE,API42_1
0035099,스타파워,20140415,거,0031302,채플로열,0013523,융프라우,0006893,무자지프,API42_1
3016578,위미제일,20140415,수,3100982,메밀마을,3100611,선기후인,3102389,빛의사랑,API42_1
0036185,용왕담,20140515,암,0020379,인그란디어,0013858,마이초이스,6200427,ALLEGED,API42_1
0038218,담양환호,20140427,암,0038391,카우보이칼,6593281,CRAZY CYD,6252013,WAVERING MONARCH,API42_1
0038131,드롭더비트,20140427,거,6101872,MAD FLATTER,6816719,KYLIE'S DREAM,6257807,VALID EXPECTATIONS,API42_1
0035295,나스카프린스,20140225,수,0020257,비카,0025742,로사로즈,6231958,CRYPTOCLEARANCE,API42_1
0035267,스마트드림,20140303,암,0021999,포리스트캠프,0019420,우리만세,0007463,사이코배블,API42_1
3016708,승리요정,20140414,암,3012419,종결자,3012150,세계의보물,3101045,빛을향해,API42_1
3016660,풀파워,20140316,수,3007112,산방굴사,3100054,다같이,3010882,금란지계,API42_1
0035840,스톰골드,20140303,거,6310361,STORMY ATLANTIC,0033089,파이브골드링즈,6248332,TOUCH GOLD,API42_1
0035858,실버라이언,20140421,암,6248320,AWESOME AGAIN,0033072,메이요매스트,6310223,MIZZEN MAST,API42_1
0036011,지공불패,20140320,암,0027443,컬러즈플라잉,0030876,퀵투부트,6257003,STORM BOOT,API42_1
3016689,가야벌,20140215,거,3011133,장백산,3100882,로열블러드,-,-,API42_1
0035088,라이징어게인,20140513,거,0020257,비카,0029463,디스어레이,6306667,FOREST WILDCAT,API42_1
0038180,하이섹시,20140319,암,6969041,MACLEAN'S MUSIC,6813595,POINT ME HOME,6254613,POINT GIVEN,API42_1
0036164,스카이시티,20140518,암,0008710,컨셉트윈,0014677,풀스윙,6256472,THE DEPUTY,API42_1
3016562,칠보,20140602,암,3100032,성읍오름,3011803,만점,3101043,제주오름,API42_1
3016701,천연일화,20140511,암,3100982,메밀마을,3100014,한라장촉,3102390,루카,API42_1
3016799,신흥공주,20140515,암,3100061,진흥축산,3009488,진실,3008306,산남호걸,API42_1
0036037,예스레드,20140510,암,0030884,스트롬버그칼슨,0025197,희망북소리,0012808,크릭캣,API42_1
0035734,베스트메이드,20140327,암,0029487,샤프휴머,0021907,파이어라이트버니,6309978,BERNSTEIN,API42_1
0037424,지공질주,20150226,암,0025670,원쿨캣,0023912,미즈트릭오어트릿,6310090,FAVORITE TRICK,API42_1
0035693,록하드세븐,20140321,거,0031305,록하드텐,0025711,메인어브젝티브,6313614,LION HEART,API42_1
0037284,럭키봉화,20150315,수,0029482,와이와이와이,0025236,블루차밍,6772132,ON FIRE,API42_1
0036978,초인마,20150314,수,0020256,메니피,0012112,꿈마을,0004761,큐리아레기스,API42_1
1016960,황매산,20140412,수,-,-,-,-,-,-,API42_1
3016895,한라왕후,20150403,암,3009526,백두장사,3100802,골드레인,-,-,API42_1
0036753,큐피드데이트,20150219,거,0025790,피스룰즈,0025736,레이트데이트,6310140,HIGH YIELD,API42_1
0039888,맨해튼뮤직,20150406,암,6785137,GIO PONTI,6516656,WHOBABYDATIZ,6248001,BOSTON HARBOR,API42_1
0035799,말라카스,20140421,수,0020256,메니피,0023355,나이트무브스,6770898,PROUD ACCOLADE,API42_1
0036125,불사불패,20140409,암,0020379,인그란디어,0014021,준벨러,6256958,JEUNE,API42_1
1017028,윈드러너,20150530,암,-,-,-,-,-,-,API42_1
0038006,스마트댄서,20150321,암,0031261,사이먼퓨어,0016701,선림원,6310416,WHEATON,API42_1
0035729,볼드룰즈,20140322,암,0025790,피스룰즈,0020345,러빙엔젤,6253088,NOT FOR LOVE,API42_1
0038322,러닝삭스,20150308,거,6307336,TALE OF THE CAT,6784512,SONG CAT,6248064,UNBRIDLED'S SONG,API42_1
0037993,창성강자,20150416,거,0020379,인그란디어,0023997,모니클리사,6310432,YES IT'S TRUE,API42_1
0037631,보드람,20150519,암,0021999,포리스트캠프,0029485,트럼펫팅첼레,6310205,MATTY G,API42_1
0037086,라온미라클,20150301,암,6405730,GOLD ALLURE,0034774,마이네샹젤리제,6257939,TOKAI TEIO,API42_1
1017104,푸른여왕,20150320,암,-,-,-,-,-,-,API42_1
0036936,선더스트럭,20150306,거,0033119,선더모카신,0023352,달빛미소,0021998,피코센트럴,API42_1
0036802,더불어숲,20150301,거,0029419,스트라이크어게인,0025018,블랙토네이도,0018206,엑스플로잇,API42_1
3017157,달천,20150513,암,3009526,백두장사,3011196,직격탄,3101043,제주오름,API42_1
3017180,우승스타,20150307,거,3009526,백두장사,3011842,달소녀,3005576,꿈바위,API42_1
3017202,전국왕,20150522,거,3007168,명문왕자,3100069,신민오름,3101043,제주오름,API42_1
3017292,테마,20150911,거,3011133,장백산,3101024,하늘빛꿈,3102386,클라시카,API42_1
0037796,피스라이더,20150510,거,0025790,피스룰즈,0017380,조이라이드,0009338,퓨처퀘스트,API42_1
0037613,우승환호,20150521,거,0018733,비와신세이키,0009672,무패가도,0006891,로스트마운틴,API42_1
0037461,부경스토리,20150412,암,0029487,샤프휴머,0016392,쾌속탄,0010902,퍼시픽바운티,API42_1
0039847,컬린판타지,20150329,거,6771774,CURLIN,0036709,인에스크로,6313740,VINDICATION,API42_1
3017412,세그먼트,20160213,암,3009526,백두장사,3014679,꾀돌이,3010882,금란지계,API42_1
0038516,라온제임스,20160217,거,0034428,테스타마타,0030096,라온나리,0024050,엑톤파크,API42_1
0038794,갓오브삭스,20160227,수,0024452,탐라에이스,0018453,와치미로,6265771,ENCOSTA DE LAGO,API42_1
0038996,클린업트리오,20160312,거,0033119,선더모카신,0028950,다이나룩,6250563,DYNAFORMER,API42_1
1017539,달빛축제,20160511,암,-,-,-,-,-,-,API42_1
0039141,블루파이어,20160323,거,0031302,채플로열,0029075,뉴미디어,6344813,MASS MEDIA,API42_1
0038618,우라노스제이,20160220,거,6783840,POINT OF ENTRY,0036636,어너러리갤럽,6231953,VICTORY GALLOP,API42_1
0041675,문학쓰나미,20160330,거,0041566,투아너앤드서브,0043310,텔미트와이스Ⅱ,6256908,HARLAN'S HOLIDAY,API42_1
0038882,가온포스,20160414,거,0027443,컬러즈플라잉,0024411,루비퀸,6341525,BADGE OF SILVER,API42_1
3017693,아라신화,20160505,수,3012419,종결자,3012647,사위존,3101050,골든레이스,API42_1
0038450,국민스타,20160120,수,0020379,인그란디어,0026773,하얀누리,0018776,양키빅터,API42_1
0039180,영성에이스,20160330,수,0032990,한센,0023590,노던디바,6256647,NORTHERN AFLEET,API42_1
0039757,대싱카누,20160228,암,0028997,리미트리스비드,0029197,대싱플래티넘,6307064,MACHO UNO,API42_1
0038597,원더풀마리아,20160225,암,0034428,테스타마타,0031268,파이어앤바이스,6771685,LATENT HEAT,API42_1
0041752,금석돌파,20160404,거,6306441,SUCCESSFUL APPEAL,6382164,BLUESTEM MEADOW,6253446,MEADOWLAKE,API42_1
0039643,리버스스윕,20160525,거,0027443,컬러즈플라잉,0020376,매직뷰,6307044,DISTANT VIEW,API42_1
1017765,섬문화,20150618,암,-,-,-,-,-,-,API42_1
3017528,천제군,20160215,거,3009526,백두장사,3013398,초쾌속,3101050,골든레이스,API42_1
0039277,에이스붐,20160406,암,0037972,올드패션드,0036655,칸딜레하스,6340178,CANDY RIDE,API42_1
0039347,록초이스,20160415,거,0031305,록하드텐,0023762,일렉트릭초이스,6290758,REDOUTE'S CHOICE,API42_1
0038673,록하드포스,20160406,수,0031305,록하드텐,0031314,백두캣,6771817,DISCREET CAT,API42_1
0038579,싱그러운타임,20160224,암,0020256,메니피,0013590,싱그러운,0004760,미스터아도라블,API42_1
0037526,이기다,20150425,거,0024050,엑톤파크,0028964,센서리어스키스,6256185,KISSIN KRIS,API42_1
0039124,호크행진곡,20160505,거,0023957,호크윙,0018829,플라이우먼,0027420,오피서,API42_1
3018010,초시대,20170309,거,3100327,진흥세상,3100818,빛난,-,-,API42_1
0040325,영광의타임,20170129,암,6771817,DISCREET CAT,0038354,미스보스케스,6770018,BELLAMY ROAD,API42_1
0040773,원더풀오렌지,20170325,암,0031302,채플로열,0023247,스페셜볼포니,0018775,볼포니,API42_1
1018021,웅진의힘,20160807,암,-,-,-,-,-,-,API42_1
0040272,컴플리트캡틴,20170225,수,0021999,포리스트캠프,0022298,새로운리더,0015094,버스터즈데이드림,API42_1
0043527,빅트리플,20170324,거,6969081,BODEMEISTER,6105857,MAJESTIC JEWEL,6772376,CINDAGO,API42_1
3018187,비룡기상,20170514,암,3012382,쾌속장타,3011323,천지세대,3101043,제주오름,API42_1
0043638,로키스카이,20170426,거,6338945,SKY MESA,6107731,POLITICAL ACT,6772161,POLITICAL FORCE,API42_1
0041042,킹칸모르,20170420,수,0032990,한센,0021513,빅터헌터,0012683,소셜차터,API42_1
0041081,슈퍼파크,20170318,암,0024050,엑톤파크,0033095,래피즈로즈,6310291,RAFFIE'S MAJESTY,API42_1
0040303,에이투제트,20170317,수,0025790,피스룰즈,0024174,최초로,0008710,컨셉트윈,API42_1
0042386,옥스퍼드킹,20180301,수,6106652,SUMMER FRONT,0040144,옥스포드베이브즈,6771774,CURLIN,API42_1
0043398,블랙참,20180320,수,0034428,테스타마타,0031093,인디언블루,6771654,HENNY HUGHES,API42_1
1018342,리듬파워,20170421,암,-,-,-,-,-,-,API42_1
0043097,회두령,20180413,수,0038387,콩코드포인트,0022160,헬로다이너,6250563,DYNAFORMER,API42_1
0043137,록파이터,20180402,수,0031305,록하드텐,0024155,올블레싱즈,0012684,더그룸이즈레드,API42_1
0044749,장산미사일,20180412,거,6980256,WILL TAKE CHARGE,6842363,JULIE FROM DIXIE,6310059,DIXIE UNION,API42_1
0042306,스타아이,20180318,거,6970676,VIOLENCE,0040128,말리부퀸,6310199,MALIBU MOON,API42_1
0041990,머니백,20180429,수,0027443,컬러즈플라잉,0022594,머니트리,6344814,MEDALLIST,API42_1
3018718,햇살언덕,20180309,암,3009296,푸른대왕,3015639,당대인류,3100061,진흥축산,API42_1
3018627,레옹,20180325,암,3015223,제일용사,3013041,강한천둥,3013041,강한천둥,API42_1
0040796,트라이엄프킹,20170411,수,0027443,컬러즈플라잉,0026785,킹덤레이스,0018775,볼포니,API42_1
0042541,천하넘버원,20180309,거,0036358,애니기븐새터데이,0030902,셀록스,6310361,STORMY ATLANTIC,API42_1
0042960,일격필살,20180421,수,0038391,카우보이칼,0038352,블리스터링스트라,6771774,CURLIN,API42_1
0043167,월드플라워,20180408,암,0034835,티즈원더풀,0023260,메인플라워,0008710,컨셉트윈,API42_1
0045655,최고레이스,20180405,수,0046317,레이스데이,6109708,A. P. ANDREA,6771693,NOTIONAL,API42_1
1018481,신의은총,20180221,암,-,-,-,-,-,-,API42_1
0042551,애니카걸,20180313,암,0039750,퍼지,0017142,애니카퀸,0009337,포트스톡턴,API42_1
0042595,소베라니아,20180407,암,0032990,한센,0021560,쾌검,0016504,워존,API42_1
0044926,빅야크,20180423,거,6970674,PAYNTER,6124798,PADEN AFFAIR,6345926,ROCKPORT HARBOR,API42_1
0042134,원더풀우먼,20180425,암,0036732,머스킷맨,0020882,원더풀투나잇,0005331,피어슬리,API42_1
0042786,필그림,20180325,수,0039742,테이크차지인디,0031642,에코블루,0029487,샤프휴머,API42_1
0044065,카우보이킹,20190226,거,0038391,카우보이칼,0025782,킵유어윗어바웃유,6253098,TORRENTIAL,API42_1
0045030,라이트스토리,20190508,거,0038391,카우보이칼,0029076,라이징에이스,6528635,ALEX'S PAL,API42_1
3018969,오라돌풍,20190203,암,3009526,백두장사,3100937,복실이,-,-,API42_1
0043898,닥터콩돌이,20190327,거,0031261,사이먼퓨어,0032196,러블리케일린,0012808,크릭캣,API42_1
0044462,캡틴양키,20190426,수,0037972,올드패션드,0033099,캔트레지스트,6312518,ACTION THIS DAY,API42_1
0043833,타이탄케이,20190212,암,0032990,한센,0029203,질풍여걸,6772170,EXCLUSIVE QUALITY,API42_1
3102344,상명의힘,20190601,암,3007357,최고훈장,3014979,진리의힘,3100061,진흥축산,API42_1
0044369,그린치타,20190420,암,0028545,인디밴드,0023399,로즈라인,0018837,뉴스프린트,API42_1
0043723,원더풀파일,20190321,암,0034428,테스타마타,0031834,연승불패,0018733,비와신세이키,API42_1
0043665,서던킹,20190106,거,0039737,어플릿익스프레스,0036687,서던탭,6256294,PLEASANT TAP,API42_1
3019072,파워포인트,20190530,거,3014974,터보킹,3016427,한라전설,3008912,참살이,API42_1
0043786,스프링워터,20190215,수,0033119,선더모카신,0036720,재즈,6310228,MORE THAN READY,API42_1
0045094,클레어파워,20190224,거,0034428,테스타마타,0021184,셀라,0015444,선데이웰,API42_1
0045442,쾌향,20200305,수,0032990,한센,0031239,베이그노션,6252928,GRAND LODGE,API42_1
0046536,월드킹맨,20200409,수,0020256,메니피,0029298,동방신화,6256901,JOHANNESBURG,API42_1
0045763,금아얼루어,20200411,암,0038391,카우보이칼,0021264,이상화,0006892,디디미,API42_1
0044471,그래핀킹,20190420,거,0038391,카우보이칼,0040145,탭메이트,6256294,PLEASANT TAP,API42_1
0045564,파워풀화성,20200314,거,0034735,페더럴리스트,0036324,서머오페라,6312528,MINESHAFT,API42_1
0045433,드래곤스타,20200303,수,0041566,투아너앤드서브,0029461,퍼리지안,6252928,GRAND LODGE,API42_1
0045788,라온아메리칸,20200421,수,0036732,머스킷맨,0022836,라온챔버,6231944,QUIET AMERICAN,API42_1
0046170,성실스타,20200420,수,0034735,페더럴리스트,0034459,장산대로,6770748,ROMAN RULER,API42_1
0044865,스파이스엑톤,20190509,거,0024050,엑톤파크,0038432,스파이스우드,6310059,DIXIE UNION,API42_1
0046541,아르고무적,20200321,수,0025790,피스룰즈,0030926,북새명가,6259767,LEMON DROP KID,API42_1
3101563,성공가두,20200517,수,3007112,산방굴사,3013326,홍자단,3005652,제주명성,API42_1
0045879,마이티쎈,20200404,수,0032990,한센,0032129,샤프게일,0012808,크릭캣,API42_1
0046156,비트러너,20200425,암,6102795,JIMMY CREED,0045047,키즈튜이션,6310199,MALIBU MOON,API42_1
0046394,해피블루,20200208,수,0041566,투아너앤드서브,0034080,화이트블루,6772775,STREET BOSS,API42_1
0051920,카르페바벨,20200303,암,6109225,CARPE DIEM,6801079,WILLATHEWEST,6224299,GONE WEST,API42_1
0045966,금아휴즈히트,20200424,암,0054840,클래식엠파이어,0044959,컬린즈골드,6771774,CURLIN,API42_1
0045383,석세스모카,20200228,거,0033119,선더모카신,0031120,어모멘트투라스트,6772779,MIDNIGHT LUTE,API42_1
0046345,클럽디,20200427,수,0028224,케이탑,0030960,마리카,6770088,RESET,API42_1
0046094,문막우상,20200331,거,0025790,피스룰즈,0025736,레이트데이트,6310140,HIGH YIELD,API42_1
3102087,명의로운,20200410,암,3009296,푸른대왕,3016169,명마의꿈,3100982,메밀마을,API42_1
0046397,로드투선더,20200314,암,0033119,선더모카신,0022122,베스트코리안,6266191,COMMANDS,API42_1
0045812,영광의함성,20200415,수,0020256,메니피,0014669,만왕,0007464,로드오브워,API42_1
0046281,킹고태양,20200520,거,0041566,투아너앤드서브,0038279,시크릿킨,6310324,SEA OF SECRETS,API42_1
0046692,닥터킹덤,20210212,거,0032990,한센,0026785,킹덤레이스,0018775,볼포니,API42_1
0046625,글로리크라운,20210218,수,0044993,언캡처드,0034063,산타글로리아,0020256,메니피,API42_1
0050241,플라잉스타,20210412,암,0027443,컬러즈플라잉,0019808,가야공주,0016504,워존,API42_1
0046817,골든드래곤,20210314,거,0038391,카우보이칼,0040145,탭메이트,6256294,PLEASANT TAP,API42_1
1412240,선더여걸,20210313,암,0033119,선더모카신,0026218,선주공주,0018733,비와신세이키,API42_1
3102290,대륙태자,20200504,거,3009296,푸른대왕,3014077,선봉여신,3012419,종결자,API42_1
0047068,스트라이크존,20210227,거,0033119,선더모카신,0035462,해피공주,0027420,오피서,API42_1
0054025,터보삭스,20210301,암,6115210,MO TOWN,6970780,SHE'S OUR ANGEL,6252720,FUSAICHI PEGASUS,API42_1
3103866,명성제일,20210405,암,3011133,장백산,3016387,장타명성,3009526,백두장사,API42_1
1412176,블랙팰컨,20210510,거,0039750,퍼지,0038425,노르칼,6306756,EMPIRE MAKER,API42_1
1412248,천구챗,20210523,수,0032990,한센,0037140,혜윰,0034428,테스타마타,API42_1
0054046,스카이함성,20210221,거,6338945,SKY MESA,6488347,MINISTER'S BABY,6205084,DEPUTY MINISTER,API42_1
3103585,금빛퀸,20210508,암,3016994,태흥성,3017818,흥부세상,3007718,특별도시,API42_1
0047172,팻보이,20210516,거,0038387,콩코드포인트,0021704,세이브더모먼트,6310357,STORM CREEK,API42_1
1411502,브리도위저드,20210407,거,0037972,올드패션드,0036619,잇메익스헐민,6256074,HENNESSY,API42_1
0046835,아이엠레전드,20210321,암,0041559,빅스,0027718,폭스레이,0020256,메니피,API42_1
3101507,호락,20200413,암,3015223,제일용사,3016635,사라특급,3009296,푸른대왕,API42_1
0053587,서부특송,20210301,암,0026618,경부대로,0021826,미러클라이트,6256435,COLONY LIGHT,API42_1
0050318,바주카보이,20210425,거,0044931,센트럴커맨드,0045017,프레이시우즈,6340178,CANDY RIDE,API42_1
3102517,붉은등불,20200512,암,3015451,튼튼세상,3016493,탐나도다,3012382,쾌속장타,API42_1
0047352,프라임조이,20210510,암,0032990,한센,0030925,고속성장,6772775,STREET BOSS,API42_1
3103712,황금기,20210423,거,3016994,태흥성,3018302,블루션샤인,3100032,성읍오름,API42_1
0051534,크루엘라,20220325,암,0038387,콩코드포인트,0028759,천행질주,0018775,볼포니,API42_1
0050935,굿프렌드,20220404,암,0041813,미스터크로우,0022298,새로운리더,0015094,버스터즈데이드림,API42_1
0025441,그린커맨더,20070417,거,6305909,DEPUTY COMMANDER,6377335,MARY MOLLOY,6219942,STOP THE MUSIC,API42_1
0019637,제일번쩍,20050428,수,0007464,로드오브워,0006633,세베토,6206068,ERB PRINZ,API42_1
0020724,횃불처럼,20060320,수,0011715,글라이드,0015126,디어존레터,6241030,RHYTHM,API42_1
0019942,장군바다,20050416,거,0015094,버스터즈데이드림,0008795,루피아나,6216231,PRINCE RUPERT,API42_1
0022253,대산여걸,20070409,암,0006892,디디미,0018457,디플렉츠,6251199,BRIEF TRUCE,API42_1
0023149,그랜드선더,20070203,거,6240160,THUNDER GULCH,0020331,에린스아이즈,6255064,BOUNDARY,API42_1
0020803,수성에쿠스,20060320,거,0018206,엑스플로잇,0010698,서티파이브빌로우,6241544,PHONE TRICK,API42_1
0024017,팍스프라이드,20061005,수,6770586,THORN PARK,6772756,MEGAN'S DREAM,6253898,MARQUETRY,API42_1
0020893,위너프린스,20060303,수,0011903,포티튜드,0007871,해피파워,6216168,PRICELESS PRINCE,API42_1
0022356,개척,20070421,수,0012808,크릭캣,0013866,펄얼람,6204889,DARN THAT ALARM,API42_1
0023078,해피초이스,20070227,거,6253635,SLEW CITY SLEW,0020368,리바이브,6240160,THUNDER GULCH,API42_1
0019087,삼무애,20050426,거,0011715,글라이드,0008604,두두룩,6223008,ZEPHYR ACE,API42_1
0022452,랩터,20070222,수,0011880,슬루오그린,0016690,미스윈저,6218090,SANCTION,API42_1
0022665,꽃남,20070429,수,0009337,포트스톡턴,0009851,스킵더트라이얼,6225517,SKIP TRIAL,API42_1
0020688,여왕만세,20060303,암,0006893,무자지프,0007694,스프링타임래시,6201497,BATTERED EAGLE,API42_1
0022789,기쁨의근원,20070403,거,0007463,사이코배블,0008853,스핀더렐라,6205634,DULUTH,API42_1
0022222,더블마하,20070212,암,6309963,APTITUDE,0020387,마하Ⅱ,6240106,GO FOR GIN,API42_1
0022450,꽃누리,20070406,암,0011880,슬루오그린,0012112,꿈마을,0004761,큐리아레기스,API42_1
0023074,햇빛번쩍,20070409,수,0018207,커멘더블,0018184,후시스,6241707,TREMPOLINO,API42_1
0020553,머니특급,20060329,거,0009337,포트스톡턴,0008799,헤드워크,6218908,SILVEYVILLE,API42_1
3011505,주말비상,20070606,수,3101043,제주오름,3100634,-,3102389,빛의사랑,API42_1
1011481,명가시대,20070508,암,-,-,-,-,-,-,API42_1
1011110,옥좌,20070404,암,-,-,-,-,-,-,API42_1
1010322,자생력,20060502,수,-,-,-,-,-,-,API42_1
3010198,한라산,20060410,암,3005576,꿈바위,3100811,녹산장,-,-,API42_1
1011084,서동왕자,20070304,수,-,-,-,-,-,-,API42_1
1011591,남도세력,20070508,수,-,-,-,-,-,-,API42_1
3011196,직격탄,20070406,암,3101043,제주오름,3101052,제주심볼,3102389,빛의사랑,API42_1
0023816,장철비호,20061014,거,6309784,ADMIRALTY,6477320,RAY OF HOPE,6218468,SEMIPALATINSK,API42_1
0023210,러브엔젤,20070315,암,0018229,리설인스트러먼트,0008525,엔젤,0004759,랜드러쉬,API42_1
0014396,픽미업,20020430,거,0009336,타임스타,0008727,스킵타말루,6214567,NORTHERN STATE,API42_1
0022285,새로운태양,20070327,거,0018775,볼포니,0018697,글로리어스선더,6240160,THUNDER GULCH,API42_1
0025500,혜성,20070317,거,6306409,EXCHANGE RATE,6383851,LIFT MY SPIRIT,6247784,OGYGIAN,API42_1
0023784,위대한주인공,20061015,수,6241030,RHYTHM,6653881,ALOISA,6240880,SUCCESS EXPRESS,API42_1
0023805,극락선녀,20061019,암,6256901,JOHANNESBURG,6772673,WOODLAND,6251265,CHARNWOOD FOREST,API42_1
0022829,금빛질주,20070416,암,0008710,컨셉트윈,0012772,비보리,6240843,JUSTICE PREVAILS,API42_1
0025652,과천왕자,20071012,거,6314546,ISHIGURU,6964281,LITTLE BO PETE,6253441,SENOR PETE,API42_1
0022802,사계절왕자,20070415,수,0018206,엑스플로잇,0018391,소트,6261606,ZAFONIC,API42_1
3011729,행복기쁨,20080124,암,3101043,제주오름,3100882,로열블러드,-,-,API42_1
0025681,굿찬스,20071018,수,6529921,SCAREDEE CAT,6319026,PORT,6211813,LORD BALLINA,API42_1
0023349,최선돌파,20070316,암,0007671,사일런트워리어,0013860,허니케익스,6256074,HENNESSY,API42_1
0022620,마리나볼,20070508,암,0016529,볼레로,0011277,마리나,0007463,사이코배블,API42_1
0024338,화살,20080125,거,0016533,본비반트,0014319,동해신비,0007463,사이코배블,API42_1
3011822,동보제일,20080325,수,3005576,꿈바위,3100810,반전기대,-,-,API42_1
1011836,몽,20070502,암,-,-,-,-,-,-,API42_1
0022219,대산희망,20070309,거,0012808,크릭캣,0015394,더레이디베어,6240160,THUNDER GULCH,API42_1
0025661,파워클린업,20070920,거,6309983,BLACK MINNALOUSHE,6603711,ELITA,6204207,CONQUISTAROSE,API42_1
3011876,불사신궁,20080307,암,3005576,꿈바위,3005843,만사정통,-,-,API42_1
0024936,샤마슈,20080325,암,0015032,알나바,0014183,자연주의,0007464,로드오브워,API42_1
0024192,해산,20080315,거,0020256,메니피,0013181,레이디파워,0006162,해피째즈밴드,API42_1
0025082,스피노,20080419,암,0020256,메니피,0010981,샤즈,6246817,JADE HUNTER,API42_1
0024705,미소천국,20080401,암,0007463,사이코배블,0008739,쉴라나,6202300,BLUEBIRD,API42_1
0024738,프로머니,20080310,수,0016504,워존,0018231,곤투그리스,6260776,UNACCOUNTED FOR,API42_1
0024441,강한여신,20080220,암,0016504,워존,0006532,씨밥,6200530,ALY DARK,API42_1
0027241,에스포,20080310,수,6313642,SMARTY JONES,6321925,GOLDEN HONOR,6213768,MR. PROSPECTOR,API42_1
0024411,루비퀸,20080315,암,6341525,BADGE OF SILVER,0022146,루비아나,6254079,RUBIANO,API42_1
0025238,왕깨비,20080512,거,0005331,피어슬리,0007831,피크닉라인,6211631,LINES OF POWER,API42_1
0024854,머니헌터,20080329,거,6310123,GOLDEN MISSILE,0022128,프린세스라니크,6305987,CHEROKEE RUN,API42_1
0024282,블레스,20080408,거,0018769,에이피댄서,0011710,겟오프플라잉,6252052,ROMAN DIPLOMAT,API42_1
0027200,비더퍼스트투노,20080315,거,0021998,피코센트럴,6660884,MARIJEN,6207107,FLYING PASTER,API42_1
0024065,자금성,20080327,암,0019963,스트로디스크리크,0015409,메이비투나잇,6277974,MEJIRO RYAN,API42_1
0027339,에이피두바이,20080414,거,6338867,ESSENCE OF DUBAI,6337167,CRISTINA,6210758,KRIS S.,API42_1
0024539,뉴마이티,20080418,수,0018206,엑스플로잇,0012207,대흥사,6253088,NOT FOR LOVE,API42_1
0025353,러닝모먼트,20080227,암,0018229,리설인스트러먼트,0021704,세이브더모먼트,6310357,STORM CREEK,API42_1
0024517,플러스원,20080312,암,0020253,사쿠라시킹,0012914,라이크어참,6203295,CARNIVALAY,API42_1
0024855,에이클래스,20080220,거,0020226,메이세이오페라,0016748,당차게,6254580,REGAL CLASSIC,API42_1
0027342,코리안볼트,20080129,암,6313654,VALUE PLUS,6384111,AMERICAN ICON,6256969,CORPORATE REPORT,API42_1
3012157,육백만불,20080228,거,3005576,꿈바위,3100818,빛난,-,-,API42_1
1012128,용장,20080521,수,-,-,-,-,-,-,API42_1
0024117,상승주도,20080324,암,0018775,볼포니,0020078,제스터로사,6217499,RORY'S JESTER,API42_1
0024120,코리아챔프,20080401,거,0012808,크릭캣,0020466,분스대드,6309744,BOONE'S MILL,API42_1
0025255,파워러너,20080423,거,0008710,컨셉트윈,0014016,바로사스칼러,6213034,MILITARY PLUME,API42_1
0025409,승운비천,20080415,암,0015094,버스터즈데이드림,0016615,가든파티이벤트,6310081,EVENT OF THE YEAR,API42_1
0027178,아름드리,20080313,거,0029487,샤프휴머,6624891,SECRET MIRAGE,6239917,SECRETO,API42_1
0024408,새벽천사,20080424,암,0020257,비카,0007903,청파,6220955,THE ROGERS FOUR,API42_1
0024777,골든드리머,20080304,암,6257807,VALID EXPECTATIONS,0022168,참인스트라이크,6307010,SMART STRIKE,API42_1
0025086,익사이팅러너,20080320,거,0012808,크릭캣,0011060,월촌,6240944,HEROICITY,API42_1
0024786,롱런오페라,20080417,암,0020226,메이세이오페라,0007856,최선봉,6209550,IMPERIAL PRINCE,API42_1
1012455,쾌속열전,20080415,암,-,-,-,-,-,-,API42_1
0022655,성산최강,20070226,거,6490083,SUNDAY BREAK,0020392,디나미까,6250563,DYNAFORMER,API42_1
0027458,전성시대,20081130,수,0030884,스트롬버그칼슨,6477309,JESSIE'S JOURNEY,6204604,CROWN JESTER,API42_1
0027506,런웨이,20081027,거,6529921,SCAREDEE CAT,6320575,VELVET COUP,6309805,DAGGERS DRAWN,API42_1
0027465,거복,20081106,수,6333062,MUGHARREB,6964759,WINTERLEY,6205380,DON'T SAY HALO,API42_1
0026213,지금이순간,20090323,수,0020379,인그란디어,0009509,솔마루,0006893,무자지프,API42_1
0024811,금빛찬란,20080427,거,0007672,리비어,0012201,한라여제,6253132,TECHNOLOGY,API42_1
0026785,킹덤레이스,20090201,암,0018775,볼포니,0018706,스트러티직리워드,6479383,BOLD REVENUE,API42_1
0024808,오메가,20080227,거,0020256,메니피,0018703,엔젤비그레이트,6254581,NOTEBOOK,API42_1
0029062,대화합,20090220,암,6771698,STORMELLO,6340965,TO THE RIGHT,6253457,SAINT BALLADO,API42_1
0026730,뉴스카이,20090408,거,0018783,야후디,0020340,스카이컷,6310348,STACK,API42_1
0029139,베롱이,20090404,수,6312518,ACTION THIS DAY,6321788,HOT MATCH,6213768,MR. PROSPECTOR,API42_1
0029066,리브러브,20090203,암,6333083,SPEIGHTSTOWN,6345228,LIB,6240166,UNBRIDLED,API42_1
0029215,위닝전사,20090208,수,6771698,STORMELLO,6412555,SONOMA MEADOW,6253446,MEADOWLAKE,API42_1
0026778,알파캡틴,20090306,거,0018776,양키빅터,0016532,돈트리스캣,6256608,MOUNTAIN CAT,API42_1
0026677,무패우승,20090219,암,0018775,볼포니,0018702,문미노,6248006,CAPOTE,API42_1
0025854,메리인그란,20090406,암,0020379,인그란디어,0016549,마하,6312782,MARIGNAN,API42_1
1012920,삼다신동,20090724,수,-,-,-,-,-,-,API42_1
1012894,황해용맹,20090510,수,-,-,-,-,-,-,API42_1
0024914,승승장구,20080413,거,0018206,엑스플로잇,0012912,다니스,6254599,GOLD ALERT,API42_1
0025891,글로벌로즈,20090223,암,0020256,메니피,0015417,시멜리시멜리,6212395,MANGAKI,API42_1
0027071,해뜰날,20090522,암,6322032,ACT OF DUTY,0023916,벰말루,6257007,WAQUOIT,API42_1
0026853,나이스뷰,20090527,거,0008710,컨셉트윈,0008457,우리마음,0005333,글로리화이,API42_1
0026203,우공이산,20090419,수,0006892,디디미,0010078,사이코원,6241230,VYNER'S ORB,API42_1
0026464,아베끄뚜아,20090218,암,0018775,볼포니,0007821,세즈디스팅틀리,6218536,SEZYOU,API42_1
0026291,클레이사격,20090409,암,6529374,WILDCAT HEIR,0023939,클레이토,6248064,UNBRIDLED'S SONG,API42_1
0026450,동해스마트,20090409,거,6309956,ALBERT THE GREAT,0024040,엘비스피트파이어,6309958,ALYTEN,API42_1
0029200,퍼펙트최강,20090406,암,6347070,WILD DESERT,6829173,KARAKORUM KISS,6306800,LORD CARSON,API42_1
1012900,푸른달,20090510,수,-,-,-,-,-,-,API42_1
0026459,불꽃대왕,20090517,수,0021998,피코센트럴,0010935,화주,6210115,JOINDRE,API42_1
0026032,머니파티,20090426,거,0015093,듀앨러티,0011018,황토밭,6206281,EXPLODING PROSPECT,API42_1
0026167,최고강자,20090320,수,0009337,포트스톡턴,0018493,타이쿤즈펀,6211318,LAST TYCOON,API42_1
0029335,프리마돈,20091004,수,6771813,AUSSIE RULES,6874716,FLORENETTE,6285611,VETTORI,API42_1
0026984,저돌,20090508,거,0020178,퍼펙트비전Ⅱ,0019967,플레즌트신데델라,6215864,PLEASANT COLONY,API42_1
0026220,대박연출,20090413,암,0015169,자마인랑퍼,0018266,독립선언,6309973,BANKER'S GOLD,API42_1
0026425,조이퀸,20090223,암,0009337,포트스톡턴,0017380,조이라이드,0009338,퓨처퀘스트,API42_1
0026423,비주얼퀸,20090323,암,0016504,워존,0015073,비주얼라이즈,6254576,BERTRANDO,API42_1
3013273,신의열매,20090619,암,3101045,빛을향해,3100970,선공후사,3102389,빛의사랑,API42_1
0029349,라이언챔프,20091118,거,6313614,LION HEART,6965947,WOOLWICH WOMAN,6239904,QUEST FOR FAME,API42_1
1013281,태평대로,20090428,수,-,-,-,-,-,-,API42_1
0029303,라온볼드,20100221,암,6772772,BIG BROWN,6345191,WOLFENDALE ISLAND,6240166,UNBRIDLED,API42_1
0028245,플레임캠프,20100310,거,0021999,포리스트캠프,0012698,플레임트레일,6219539,SPECTACULAR LOVE,API42_1
3013532,신천대길,20100527,거,3005576,꿈바위,3102398,-,-,-,API42_1
0028899,거대한힘,20100324,수,0020256,메니피,0020324,조미더머니,6255992,TAKE ME OUT,API42_1
0031044,우레같이,20100322,거,6771771,CIRCULAR QUAY,6805476,TRAIL OF CHEERS,6231949,INDIAN CHARLIE,API42_1
0030969,문학의앙코르,20100329,거,6772777,HEATSEEKER,6430349,SOUTHERN IVY,6212289,MAJESTIC LIGHT,API42_1
0031109,오마이율리아,20100222,암,6771297,BLUEGRASS CAT,6580494,DOUBLE'S LASS,6213764,MR. LEADER,API42_1
0028150,매켄지보이,20100525,수,0021748,매켄지패스,0014373,바리메,0010902,퍼시픽바운티,API42_1
0028412,지상의여왕,20100302,암,6771706,SPRING AT LAST,0025711,메인어브젝티브,6313614,LION HEART,API42_1
0026691,해브투런,20091005,암,6313614,LION HEART,0025568,볼드스트리크,6218468,SEMIPALATINSK,API42_1
0028192,레이디메달,20100430,암,0018775,볼포니,0020087,레이디엘,6254552,FLYING SPUR,API42_1
0030932,아인스,20100331,거,6338945,SKY MESA,6783622,OH DEANNE O,6250563,DYNAFORMER,API42_1
0027650,성신시티,20100225,수,0024033,러닝스태그,0018818,브람스댄스,6309988,BRAHMS,API42_1
0029298,동방신화,20100210,암,6256901,JOHANNESBURG,6340950,SANTA ROSALIA,6253457,SAINT BALLADO,API42_1
1013369,지두청사,20090525,수,-,-,-,-,-,-,API42_1
0031141,연두,20100202,수,6772813,GOT THE LAST LAUGH,6811515,BRI N SAVANNAH,6307315,CONGAREE,API42_1
0028912,비바타운,20100513,수,0023957,호크윙,0013910,촉터와치베이,6256412,SHUAILAAN,API42_1
0027771,메가볼트,20100418,거,0024050,엑톤파크,0008804,새피라알리바이,6214850,ORAIBI,API42_1
0028751,여인시대,20100417,암,0018229,리설인스트러먼트,0016571,환호세례,6256070,SPECTRUM,API42_1
0027822,신흥강풍,20100502,거,0018776,양키빅터,0015230,비퀵어바웃잇,6254208,RIZZI,API42_1
0028759,천행질주,20100503,암,0018775,볼포니,0013576,자미원,0007463,사이코배블,API42_1
0027582,네버다이호크,20100313,거,0023957,호크윙,0007554,네버다이,0005333,글로리화이,API42_1
0028885,황금질주,20100203,암,0021999,포리스트캠프,0021709,플라이투파라다이,6251228,FLYING CONTINENTAL,API42_1
0028852,엑톤퀸,20100418,암,0024050,엑톤파크,0013858,마이초이스,6200427,ALLEGED,API42_1
0028334,특급키,20100315,암,0020257,비카,0006493,웅비용마,6200372,ALIBHAI,API42_1
3013908,별중별,20100607,암,3007259,신비한꿈,3100934,한라제,-,-,API42_1
0028635,윈드레토,20100423,암,0020257,비카,0006884,공로자,0004760,미스터아도라블,API42_1
0028724,아슬란,20100417,암,0024050,엑톤파크,0020493,타임리스벨,6253447,GILDED TIME,API42_1
0028837,일기가성,20100507,거,0020256,메니피,0018680,프레시스트라이크,6307010,SMART STRIKE,API42_1
3013996,미래사,20100411,암,3101043,제주오름,3100809,사라여왕,-,-,API42_1
1013867,신의눈빛,20100614,암,-,-,-,-,-,-,API42_1
0031207,경남불패,20101029,거,6552082,NO EXCUSE NEEDED,6968894,PEGGYLEE,6240815,DANASINGA,API42_1
0031199,계림제왕,20101027,수,0030884,스트롬버그칼슨,6968888,RELIQUARY,6260226,OCTAGONAL,API42_1
0028787,알파플러스,20100505,거,0018733,비와신세이키,0012812,트래블린튠,6252424,HOUSTON,API42_1
0028298,메가톤,20100427,거,6313612,KITTEN'S JOY,0025699,네이티브벨,6310103,FORESTRY,API42_1
0028595,파수꾼,20100428,암,0015444,선데이웰,0004781,마돈나,6201208,AVON'S LORD,API42_1
1014019,탐라명가,20100627,수,-,-,-,-,-,-,API42_1
0031051,홀리워크,20100516,암,0031302,채플로열,6877085,CALESITA,6309966,ARTAX,API42_1
0027913,찬란한우승,20100404,거,0021998,피코센트럴,0023953,베니,6310156,JAMBALAYA JAZZ,API42_1
0032720,페르시아왕자,20110301,수,6313602,GHOSTZAPPER,6822194,DYNAMITE DANCER,6256625,LITE THE FUSE,API42_1
0030780,라온모리스,20110123,수,0018776,양키빅터,0020277,선더바이나이트,6240160,THUNDER GULCH,API42_1
1014078,신궁사수,20100927,암,-,-,-,-,-,-,API42_1
0028542,판타스틱파크,20100519,암,0024050,엑톤파크,0015240,팬태스틱블룸,6306576,IMPERIAL BALLET,API42_1
0030141,영광의챔피언,20110405,거,0020256,메니피,0014669,만왕,0007464,로드오브워,API42_1
0030296,셈퍼파이,20110507,거,6252720,FUSAICHI PEGASUS,0029019,트레스퍼서,6305987,CHEROKEE RUN,API42_1
0030641,올웨이즈위닝,20110330,수,0020257,비카,0015937,창영축제,0006892,디디미,API42_1
0032735,미즈셀틱시니어,20110328,암,0040086,위드디스팅션,6382449,LEGENDARY,6240949,HONOR GRADES,API42_1
3014540,스켈레톤,20110716,암,3007168,명문왕자,3100046,광야일호,3102389,빛의사랑,API42_1
0029499,최고야,20110423,수,0020378,에어스맵,0022019,하루가스미,6273541,YAMANIN ZEPHYR,API42_1
0029522,태산천지,20110422,거,0018771,캐피털스팬딩,0021682,황금키,6307336,TALE OF THE CAT,API42_1
0030236,스트롱러브,20110408,암,0012808,크릭캣,0025771,화이브스타수잔,6254178,PENTELICUS,API42_1
0029748,행운성,20110313,암,0015093,듀앨러티,0012112,꿈마을,0004761,큐리아레기스,API42_1
0029796,영광의태양,20110331,수,0020256,메니피,0016953,일심전력,6258011,LANGFUHR,API42_1
0032844,감동의문,20110327,암,6310199,MALIBU MOON,6330716,REBEL ACCOUNT,6205296,DIXIELAND BAND,API42_1
0032953,불굴의투사,20110922,암,6771654,HENNY HUGHES,6999921,SHIVERING,6251234,DANEHILL DANCER,API42_1
0029757,금빛들판,20110420,암,0016567,트릭오브페이트,0014377,대지광명,0010902,퍼시픽바운티,API42_1
0030435,머치모어,20110305,거,0020178,퍼펙트비전Ⅱ,0016362,캐치프레이즈,0004759,랜드러쉬,API42_1
1014225,꿈의전사,20110408,암,-,-,-,-,-,-,API42_1
0032911,비호자,20110319,거,6784425,NOONMARK,6794755,PERSONA,6254462,MARIA'S MON,API42_1
0030475,남도제왕,20110509,수,0013915,아처시티슬루,0020190,페어리페이블,6206427,FAIRY KING,API42_1
0029899,멜로디뮤직,20110402,암,0017021,래비츠,0020053,멜로디래스,6309923,STRAVINSKY,API42_1
0029729,사자왕,20110702,거,0009337,포트스톡턴,0018607,패스트페어,6312253,WEST BY WEST,API42_1
0029843,성파스타,20110530,수,0007672,리비어,0018465,버베어리어,6248051,ROYAL ACADEMY,API42_1
0030135,스카이캣,20110416,암,0025670,원쿨캣,0013906,위스풀스카이,6228139,SKYWALKER,API42_1
3014741,영등,20110518,암,3012419,종결자,3100817,기사맹세,-,-,API42_1
0030807,골든래스,20110221,암,0024050,엑톤파크,0009428,골든이글,0006163,빅서,API42_1
0031571,강톨이,20120303,거,6795075,SUPER SAVER,0029488,말라베이,6225516,SKIP AWAY,API42_1
0032480,스페셜라인,20120219,수,0024050,엑톤파크,0018662,리치뮈지크,6254208,RIZZI,API42_1
0031836,쾌풍,20120319,수,0020256,메니피,0022015,캠퍼스퀸,6264785,BUBBLE GUM FELLOW,API42_1
0034553,나이스앤굿,20120404,수,6813651,IN SUMMATION,6794544,RED PINE,6248320,AWESOME AGAIN,API42_1
0031821,그레이드캡틴,20120205,거,0023957,호크윙,0018699,스톰캣츠키튼,6209767,IRISH RIVER,API42_1
0034561,헤이퀸,20120226,암,6790306,HOLD ME BACK,6344802,JACK'S TOUCH,6248332,TOUCH GOLD,API42_1
1015007,햇살,20120311,수,-,-,-,-,-,-,API42_1
0032184,러브퀸,20120402,암,0021999,포리스트캠프,0023474,트루드,6256079,HOLY BULL,API42_1
0031962,우승번쩍,20120414,거,0024050,엑톤파크,0014240,닥터런,0010902,퍼시픽바운티,API42_1
0034562,내사랑담양,20120507,암,6795075,SUPER SAVER,0031287,마리나디쉐본,0018206,엑스플로잇,API42_1
1015040,골든비치,20120303,암,-,-,-,-,-,-,API42_1
0032203,천하통일,20120505,수,0012808,크릭캣,0018200,클레버릴,6306892,LIL'S LAD,API42_1
0031609,호루라기,20120114,암,0022032,니혼필로닐,0022036,에이피란스,6256541,ADJUDICATING,API42_1
0031583,장비천복,20120315,수,0023957,호크윙,0028938,뷰티풀딕시,6310058,DIXIE DOT COM,API42_1
0032938,미라클엔젤,20120515,수,0020257,비카,0023588,더블더골드,6256450,DOUBLE HONOR,API42_1
0031556,나나,20120504,암,0021999,포리스트캠프,0021944,애프터에이트,6266191,COMMANDS,API42_1
3015290,장타성공,20120508,암,3100009,진흥제일,3010329,항몽군장,3101050,골든레이스,API42_1
1015179,사령탑,20110523,수,-,-,-,-,-,-,API42_1
0032375,매직라인,20120320,수,0020256,메니피,0018467,베이비선데이,6395061,ROYAL TOUCH,API42_1
0030329,장산불패,20110211,거,0021998,피코센트럴,0018704,클라우디아시크릿,6204497,CRAFTY PROSPECTOR,API42_1
0032204,점입가속,20120324,거,0023493,시에로골드,0024137,클리코퀸,0012808,크릭캣,API42_1
0031711,파인투데이,20120306,수,0018733,비와신세이키,0014432,오투데이,0009338,퓨처퀘스트,API42_1
0034758,에이스신화,20120815,암,6913751,ONEMORENOMORE,6717908,VINTAGE POWER,6240818,DANEHILL,API42_1
0032786,비케이톱,20110325,거,6309978,BERNSTEIN,6613844,TASH DASH,6248324,CORONADO'S QUEST,API42_1
0032597,강자승,20120220,암,0025670,원쿨캣,0023368,코리안경축,6315224,NORTH LIGHT,API42_1
0031536,혜리온,20120502,암,0025790,피스룰즈,0016463,프라우드걸,6306829,DEMALOOT DEMASHOOT,API42_1
0034760,데빌킹,20121014,거,6964992,WICKED STYLE,6494969,FRENCH TREASURE,6213475,MISWAKI,API42_1
0031807,소나타존,20120329,암,0016504,워존,0020046,비뢰소나타,6310150,INCLUDE,API42_1
0033319,창세,20130215,암,0021999,포리스트캠프,0013137,대천풍,0005331,피어슬리,API42_1
0034106,큐피드파크,20130226,암,0024050,엑톤파크,0018068,카트리나,0012808,크릭캣,API42_1
0034278,송암강자,20130226,거,0036735,디바인파크,0031280,캄애프터더스톰,6309990,BROKEN VOW,API42_1
0033431,애니나인,20130412,암,0027443,컬러즈플라잉,0025578,데일리뉴스,6314523,HUSSONET,API42_1
0036399,각별한,20130526,수,6772772,BIG BROWN,6384001,AWFUL SMART,6248000,BLACK TIE AFFAIR,API42_1
0036520,신조대협,20130414,거,6964694,SUMMER BIRD,6339196,CUPIDS REVENGE,6250547,RED RANSOM,API42_1
0036531,전무후무,20130415,거,6815406,WICKED RICH,6106730,SENSATIONISTA,0039750,퍼지,API42_1
1015879,여걸열전,20130505,암,-,-,-,-,-,-,API42_1
3015845,신의전설,20130410,수,3010278,천년의힘,3008601,월라공주,3006529,적임자,API42_1
0034087,펜타힐즈,20130529,암,0018206,엑스플로잇,0022119,원더퀸,6285904,CANADIAN SILVER,API42_1
0033878,승리엔젤,20130219,암,0006892,디디미,0017470,예상백,0010902,퍼시픽바운티,API42_1
0036388,슈퍼코만도,20130508,거,0040056,아치아치아치,0034828,유어텀,6205296,DIXIELAND BAND,API42_1
3015948,쇼타임,20130507,암,3009526,백두장사,3100893,사랑책,-,-,API42_1
3015998,동명왕,20130815,암,3011142,태산준봉,3010234,산의여신,3005576,꿈바위,API42_1
0034104,기가스피드,20130222,거,0025670,원쿨캣,0023467,웨이팅포소피아,6241352,IN THE WINGS,API42_1
0033329,블루스톰,20130216,거,0021998,피코센트럴,0023893,이츠트루블루,6310432,YES IT'S TRUE,API42_1
0036532,비바트리니티,20130308,거,6864014,AMERICAN LION,6811755,STAR VINTAGE,6313589,CUVEE,API42_1
0033903,검빛강자,20130520,거,0020379,인그란디어,0022155,탄디아,6228477,TWO PUNCH,API42_1
0034865,포머미션,20130405,수,6783715,TEMPLE CITY,6998655,PEEKABOO MISSION,6310363,STRATEGIC MISSION,API42_1
3016020,강한걸,20130425,암,3008912,참살이,3100883,영상왕비,-,-,API42_1
0033616,팬텀블레이드,20130216,수,0020257,비카,0014189,가문영광,0008710,컨셉트윈,API42_1
0034858,골드삭스,20130409,거,6964691,MUNNINGS,6867001,CATOFMINE,6250769,CAT THIEF,API42_1
0033962,레드영명운,20130410,거,0029482,와이와이와이,0023698,레드영,0031302,채플로열,API42_1
0036568,당대화신,20130312,암,6323622,FLATTER,6876343,TIME FOR LOVE,6256901,JOHANNESBURG,API42_1
0034102,마인,20130502,암,0024050,엑톤파크,0023622,엑설런트챔프,6310433,YONAGUSKA,API42_1
3015984,제주여걸,20130510,암,3100773,모자오름,3100958,쾌걸춘향,3102389,빛의사랑,API42_1
0034223,골든킹즈,20130323,암,0024050,엑톤파크,0028964,센서리어스키스,6256185,KISSIN KRIS,API42_1
0033507,최강드림,20130412,거,0027420,오피서,0020912,상상봉,0016504,워존,API42_1
0033417,천지성공,20130215,암,0027443,컬러즈플라잉,0017658,동방최고,0015032,알나바,API42_1
1016143,일비천금,20130705,거,-,-,-,-,-,-,API42_1
0036378,그레이트송,20130128,거,6310347,SONGANDAPRAYER,6610793,ARCHIVIST,6248317,ARCH,API42_1
0034010,블랙사파이어,20130411,암,0024050,엑톤파크,0023437,어리틀포크,6256294,PLEASANT TAP,API42_1
0034800,성은강자,20130928,수,6772800,CASINO PRINCE,6106288,JAMBU,6321939,OCEAN OF WISDOM,API42_1
0034275,온니고,20130320,수,0027420,오피서,0012701,오우버리,6213862,MUSTIN LAKE,API42_1
0036161,연달아,20140316,수,0020256,메니피,0023283,샤이닝챔피언,0006892,디디미,API42_1
0038043,최고머니,20140318,거,6310354,STEPHEN GOT EVEN,6965562,LADY HEROINE,6240151,SEA HERO,API42_1
0036000,뉴와이파이,20140310,수,0029482,와이와이와이,0031268,파이어앤바이스,6771685,LATENT HEAT,API42_1
0035223,콜링킹,20140423,거,0018723,필드아스카,0023882,러블리샤인,6272661,FRENCH DEPUTY,API42_1
0035230,역대최상,20140303,암,0020379,인그란디어,0017549,스피넬,0012682,샤프어필,API42_1
0035604,영웅건마,20140325,거,0018206,엑스플로잇,0028354,센스퀸,0018776,양키빅터,API42_1
0036167,진격의천마,20140215,수,0038332,커널존,0033111,그릴리메이,6256164,MR. GREELEY,API42_1
0036581,하와이보스,20140322,거,6338945,SKY MESA,6560973,AMY'S GOLD,6220003,STRIKE THE GOLD,API42_1
0035932,큰자유,20140222,암,0025790,피스룰즈,0023467,웨이팅포소피아,6241352,IN THE WINGS,API42_1
0035869,즐거운함성,20140324,암,0029482,와이와이와이,0023441,루너룰러,6310199,MALIBU MOON,API42_1
0035506,파티어게인,20140304,수,6783087,SINGING SAINT,0033059,밸러데인,6328809,KAFWAIN,API42_1
0036219,시크릿마린,20140326,거,6310324,SEA OF SECRETS,0032936,핫딕시,6771685,LATENT HEAT,API42_1
0036268,컨저버티브,20140513,거,0027420,오피서,0027534,아이즈어글로우,6250544,BROAD BRUSH,API42_1
0035983,끝판에어로,20140214,암,0040056,아치아치아치,0033064,알파인아이스,6310103,FORESTRY,API42_1
0035828,라이언록,20140415,수,0024050,엑톤파크,0023437,어리틀포크,6256294,PLEASANT TAP,API42_1
0035664,베스트캠프,20140521,암,0021999,포리스트캠프,0018681,원신다임,6256264,TACTICAL ADVANTAGE,API42_1
0036157,햇살왕자,20140417,거,0018775,볼포니,0021438,강산통일,0008710,컨셉트윈,API42_1
3016609,럭키그린,20140301,거,3007168,명문왕자,3008968,여류탄생,3102390,루카,API42_1
0035933,차룡,20140121,수,0029487,샤프휴머,0019414,즐거운미소,0007672,리비어,API42_1
0036269,스웨그,20140411,암,0031302,채플로열,0025808,캡티브,6310235,MUTAKDDIM,API42_1
3016650,리듬,20140530,암,3101043,제주오름,3011904,안덕보배,3005576,꿈바위,API42_1
3016558,번개대왕,20140328,거,3012419,종결자,3100003,-,3100982,메밀마을,API42_1
0035769,패스트어웨이,20140424,거,0029419,스트라이크어게인,0022974,블랙루비,0016504,워존,API42_1
0033980,파인파워,20130411,수,0006892,디디미,0023242,파인질주,0015093,듀앨러티,API42_1
0035522,경연한질주,20140330,암,0029487,샤프휴머,0023791,러블리우먼,6313614,LION HEART,API42_1
0035783,프라임레이스,20140221,수,0020257,비카,0023491,고헬렌고,6209826,ISLAND WHIRL,API42_1
0035490,초동레이스,20140423,거,0029487,샤프휴머,0017460,원더원더,0012684,더그룸이즈레드,API42_1
0036064,승리스토리,20140311,거,0018206,엑스플로잇,0018839,레이디베렌스,6309976,BEHRENS,API42_1
0037321,스위틀리휴머,20150329,수,0029487,샤프휴머,0033013,스위틀리,6310406,WAR CHANT,API42_1
3016876,상상불가,20140417,암,3005612,특별자원,3013161,절대권력,3005576,꿈바위,API42_1
0037871,에이스포스,20150325,수,0018775,볼포니,0033101,포스파워,6229080,COZZENE,API42_1
0037017,금빛환향,20150328,암,0026213,지금이순간,0025994,새아누리,0023647,빅스윙,API42_1
0037007,크레모아파워,20150221,거,0032990,한센,0020324,조미더머니,6255992,TAKE ME OUT,API42_1
0036745,하드프린세스,20150217,암,0031305,록하드텐,0027446,매거코로,6270341,GRASS WONDER,API42_1
3017112,한라질주,20150424,암,3012382,쾌속장타,3011093,선봉태후,3005576,꿈바위,API42_1
0039894,로드위너,20150412,수,6771817,DISCREET CAT,6912917,PRINCESS WHINNY,6228130,THEATRICAL,API42_1
0039962,플라잉보스,20150430,수,6772782,FROST GIANT,6623705,PAPA SIDS GIRL,6306732,SOUVENIR COPY,API42_1
0039889,판타스틱콤비,20150314,거,6620030,AFLEET ALEX,6109957,PSYCHIC ELAINE,6772156,SIGHTSEEING,API42_1
0036813,백산군주,20150218,거,0027420,오피서,0025489,엑톤레거시,0024050,엑톤파크,API42_1
0038003,피스투어,20150423,암,0025790,피스룰즈,0009796,비온투어,6228112,TOUR D'OR,API42_1
0039885,아임유어마더,20150220,암,6790436,ESKENDEREYA,6787702,CINTAROSA,6310132,GRAND SLAM,API42_1
0039856,배다리뮤닝,20150314,거,6964691,MUNNINGS,6109780,CANDYS GIRL,6324537,BERTOLINI,API42_1
0037678,이스트킹덤,20150418,수,0032970,윈체스터,0014710,웰빙캣,0012808,크릭캣,API42_1
0037082,흥바람,20150319,수,0029487,샤프휴머,0023068,청운태후,0018771,캐피털스팬딩,API42_1
0039923,창조대로,20150214,거,6983586,ORB,6782799,CHERRYBLOSSOMMISS,6258011,LANGFUHR,API42_1
0036759,스칼렛퍼펙트,20150301,암,0021999,포리스트캠프,0023138,검은나비,0018837,뉴스프린트,API42_1
0036916,퀸더퀸,20150318,암,0033119,선더모카신,0025713,레인어브타라,6254589,BEAU GENIUS,API42_1
0037270,수제비,20150317,거,0020725,칸의제국,0018331,알찬마루,6306277,SUZUKA STREET,API42_1
0037626,실버디자인,20150412,암,0032990,한센,0027480,나필리베이,6479517,KATAHAULA COUNTY,API42_1
0037834,타워캡틴,20150512,거,0032970,윈체스터,0011770,미스윅,6252350,THE WICKED NORTH,API42_1
0037586,아델의신,20150530,거,0020256,메니피,0018111,스틸골든,6268229,GOLD FEVER,API42_1
0036993,탱이바이트,20150403,수,0020256,메니피,0023459,태양의마법사,6310228,MORE THAN READY,API42_1
0038382,아이앰유어킹,20141218,거,6103849,BURGUNDY,6536226,TRICIA ANN,6224242,ZABEEL,API42_1
0037741,브라운로즈,20150429,암,0032990,한센,0023199,동방로즈,0018775,볼포니,API42_1
0037367,펠리체,20150323,거,0018207,커멘더블,0026471,베스트파워,0020256,메니피,API42_1
3017325,쾌속진행,20150520,거,3101043,제주오름,3009128,서광등피,3102390,루카,API42_1
0037598,예스파워,20150522,거,0034428,테스타마타,0031250,거츠게임,0027420,오피서,API42_1
0037857,머니대륙,20150406,암,0028997,리미트리스비드,0031036,동서대륙,6771305,A. P. WARRIOR,API42_1
3017498,백록여걸,20160421,암,3011321,전국비행,3011094,백록왕비,3102390,루카,API42_1
3017525,제일왕국,20160427,암,3011948,해모수,3009898,일출왕국,3005576,꿈바위,API42_1
0038591,무적영웅,20160221,수,6979712,CROSS TRAFFIC,0036630,위키드우노,6307064,MACHO UNO,API42_1
0038647,알파러너,20160206,수,6978889,ITSMYLUCKYDAY,0036650,러너웨이랜섬,6305987,CHEROKEE RUN,API42_1
0039592,투투터보,20160515,수,0029419,스트라이크어게인,0020332,마이애미블루,6306399,AMERICAN CHANCE,API42_1
0039001,원더풀딕시,20160430,수,0033115,유로실버,0021838,딕시비카,0020257,비카,API42_1
0038640,위너브라운,20160324,수,0029293,캡틴콜티시,0033036,미스다이앤,6254179,MONTBROOK,API42_1
3017560,새연교,20160221,거,3005652,제주명성,3007402,금나라,-,-,API42_1
3017657,우진용사,20150127,수,3007168,명문왕자,3008949,최강자전,3102390,루카,API42_1
3017452,전국시대,20150522,암,3009526,백두장사,3012652,행운시간,3101043,제주오름,API42_1
0038950,스피드흑룡,20160415,거,0029419,스트라이크어게인,0034887,어메이징서프라이,6309728,PULPIT,API42_1
0038536,맘마로마,20160315,암,0036358,애니기븐새터데이,0020193,금빛승리,6244595,BITE THE BULLET,API42_1
0041698,천지명장,20160325,거,6983586,ORB,6108038,ON THE SAME PAGE,6310008,CATIENUS,API42_1
3017720,삼다으뜸,20160412,거,3100032,성읍오름,3011163,열안지,3101043,제주오름,API42_1
0039425,대흥시대,20160421,거,0031261,사이먼퓨어,0030879,스토미앰버,6309946,A. P JET,API42_1
0041730,프로함성,20160125,거,6978889,ITSMYLUCKYDAY,6110817,BATTLE CREEK LADY,6771773,COWTOWN CAT,API42_1
0038908,프리마니케,20160319,암,6866854,I WANT REVENGE,0036662,캐리비안레인,6333083,SPEIGHTSTOWN,API42_1
0038550,빅토리킹,20160129,거,6106384,MAGICIAN,0036677,피버샴,6306749,DISTORTED HUMOR,API42_1
0039018,한라황후,20160418,암,0025790,피스룰즈,0026536,노다웃,6338505,SILVER TRAIN,API42_1
0038927,용연,20160304,수,0031261,사이먼퓨어,0029338,화려한파티,6309990,BROKEN VOW,API42_1
3017754,제주미래,20160530,암,3101043,제주오름,3014749,행복한,3009526,백두장사,API42_1
0041790,리턴오브섭서디,20160514,거,6529748,ENGLISH CHANNEL,6115558,RON RHONDA,6771298,LAWYER RON,API42_1
0039470,문화시그니쳐,20160502,거,0031261,사이먼퓨어,0028947,택티컬스피드,6261339,TIZNOW,API42_1
0039620,정상스타,20160515,암,0034428,테스타마타,0023948,러브마이와일드캣,6306667,FOREST WILDCAT,API42_1
0039463,대마지풍,20160430,거,0018733,비와신세이키,0029480,골드퓨처즈,6310123,GOLDEN MISSILE,API42_1
0041583,장산도끼,20160318,거,6781702,LOOKIN AT LUCKY,6979825,UBELONGTOMEMISSY,6254101,BELONG TO ME,API42_1
0038871,보령환호,20160401,암,0033119,선더모카신,0029969,엑톤골드,0024050,엑톤파크,API42_1
0041641,화이트퀸,20170215,암,0032990,한센,0032847,빛의여왕,6772779,MIDNIGHT LUTE,API42_1
0041615,피케이돌풍,20170209,거,0034637,라이언메탈,0026386,블랙탄,0006892,디디미,API42_1
3018078,한라상봉,20160519,거,3009526,백두장사,3013273,신의열매,3101045,빛을향해,API42_1
0041851,소울메리트,20170501,수,6106898,AMERICAN PHAROAH,6108407,PLACENTIA,6771382,BERNARDINI,API42_1
1018087,봉황새,20170611,거,-,-,-,-,-,-,API42_1
0040694,전설의펀치,20170228,수,0020256,메니피,0019701,배블레이디,0007463,사이코배블,API42_1
0043588,블루마카롱,20170430,암,6790511,IMAGINING,6127090,SHE'S SCARY,6323689,CONGRATS,API42_1
0041612,대승퀸,20170416,암,0032990,한센,0026220,대박연출,0015169,자마인랑퍼,API42_1
3018177,오라스타,20170115,암,3012382,쾌속장타,3100931,디오니소스,-,-,API42_1
0040892,미스터밸러,20170319,거,0024050,엑톤파크,0031313,펄어브밸러,6313618,MEDAGLIA D'ORO,API42_1
0041419,모닝선더,20170515,암,0026618,경부대로,0028949,말티즈러버즈,6240160,THUNDER GULCH,API42_1
0040652,버닝플라이,20170315,암,0027443,컬러즈플라잉,0031135,정상파티,6772170,EXCLUSIVE QUALITY,API42_1
0040312,글로벌톱,20170207,암,0025790,피스룰즈,0023347,그레이톰보이,0027420,오피서,API42_1
0043593,클린업샤인,20170209,암,6327108,AWESOME OF COURSE,6815396,SHINING MOMENT,6310432,YES IT'S TRUE,API42_1
0041476,레이디켈리,20170517,암,0036735,디바인파크,0024712,빅터우먼,0018776,양키빅터,API42_1
3018290,한라소리,20170515,암,3012382,쾌속장타,3015390,토종비행,3100982,메밀마을,API42_1
0040374,카피댓,20170306,거,0033119,선더모카신,0028877,루머해즈잇,0018229,리설인스트러먼트,API42_1
0040354,미녀봉,20170219,암,0029419,스트라이크어게인,0025705,스틸더쇼,6250769,CAT THIEF,API42_1
0041314,비스틀리,20170405,거,0020256,메니피,0036725,태즈모나,6248064,UNBRIDLED'S SONG,API42_1
0041433,장산바다,20170526,수,0037972,올드패션드,0025176,한바다,6333083,SPEIGHTSTOWN,API42_1
0041396,세명강자,20170518,암,0024050,엑톤파크,0025724,댄싱스퀄,6310299,RIVER SQUALL,API42_1
1018369,태양의계절,20160522,암,-,-,-,-,-,-,API42_1
0043184,챔피언가문,20180202,거,0034835,티즈원더풀,0014189,가문영광,0008710,컨셉트윈,API42_1
3018391,서부명성,20170317,거,3009296,푸른대왕,3009120,후보자,3102387,고속생명수,API42_1
0040252,윈드파크,20170101,암,0034735,페더럴리스트,0028635,윈드레토,0020257,비카,API42_1
0042251,라온더타이거,20180209,거,0036358,애니기븐새터데이,0020275,어테일어브투키티,6307336,TALE OF THE CAT,API42_1
0042221,라온비트,20180119,거,0036732,머스킷맨,0029303,라온볼드,6772772,BIG BROWN,API42_1
0043248,미스양호,20180305,암,0039742,테이크차지인디,0036703,투리브포,6771662,PASS RUSH,API42_1
0043112,에이원플러스,20180331,암,0036358,애니기븐새터데이,0024222,에이원,0018206,엑스플로잇,API42_1
0042350,비케이파워,20180126,암,0036735,디바인파크,0026041,오버파워,0009337,포트스톡턴,API42_1
0042477,구억마알,20180207,암,0027420,오피서,0016751,임패션드댄서,6254586,ROBYN DANCER,API42_1
3018666,선봉타격,20180508,암,3100061,진흥축산,3014077,선봉여신,3012419,종결자,API42_1
1018560,최고연주,20180710,거,-,-,-,-,-,-,API42_1
3018659,장타의별,20180519,암,3009526,백두장사,3012610,장타세계,3005576,꿈바위,API42_1
0045669,허니드래건,20180419,거,6988001,VERRAZANO,6107724,MISS NARCISSIST,6310109,FREUD,API42_1
3018735,한백여걸,20180206,암,3100032,성읍오름,3015327,한백천사,3009526,백두장사,API42_1
0043100,글로벌스톰,20180429,거,0018206,엑스플로잇,0020311,미스퍼스낼러티,6254564,EL PRADO,API42_1
0042530,스마트전사,20180404,거,0036358,애니기븐새터데이,0036585,스마트치프,6790306,HOLD ME BACK,API42_1
0042848,진마크,20180405,암,0039750,퍼지,0029104,담양죽부인,6256908,HARLAN'S HOLIDAY,API42_1
0042082,뉴크라운,20180525,거,0037972,올드패션드,0036291,준클리버,6310223,MIZZEN MAST,API42_1
0042361,청호리더,20180325,수,0025790,피스룰즈,0029463,디스어레이,6306667,FOREST WILDCAT,API42_1
0045456,나이스최강,20180428,거,6964308,PIONEEROF THE NILE,6619982,TEAK TOTEM,6256647,NORTHERN AFLEET,API42_1
0044918,마이티킥,20180318,거,6307064,MACHO UNO,6113146,BESTPERSONALREGARD,6340178,CANDY RIDE,API42_1
0044552,금성맨,20190417,수,0034886,클리어어템프트,0034252,골드모닝,0006892,디디미,API42_1
0043662,로드에이스,20190103,수,0027312,라이언산타,0023246,청산도,0018776,양키빅터,API42_1
3018870,여신강림,20180519,암,3014974,터보킹,3006637,초록향기,-,-,API42_1
0043806,장군별,20190223,거,0020256,메니피,0038299,인디고노스,6310132,GRAND SLAM,API42_1
0044470,피엔에스아이,20190428,거,0038391,카우보이칼,0040184,카우아이콜즈,6252720,FUSAICHI PEGASUS,API42_1
0044243,자이언트킬링,20190327,수,0039742,테이크차지인디,0019256,산방미인,0016504,워존,API42_1
0046442,캄스트롱,20190427,암,0050008,바이언,6149492,DIVA' SEASTAR,6309990,BROKEN VOW,API42_1
0044256,용가리,20190328,수,0026618,경부대로,0029338,화려한파티,6309990,BROKEN VOW,API42_1
0043874,특급캠프,20190307,거,0021999,포리스트캠프,0019283,당대특급,0015212,타야수메도우,API42_1
0043780,황우강자,20190216,거,0032990,한센,0028107,칼라하리,0010426,쾌도난마,API42_1
0044233,은혜,20190407,거,0020256,메니피,0037958,캐치더스피릿,6252720,FUSAICHI PEGASUS,API42_1
0044095,다운더존,20190311,암,0032990,한센,0016807,감화력,6310063,DOWN THE AISLE,API42_1
0044519,라온더아리아,20190514,암,0036732,머스킷맨,0040227,클라린다,6306756,EMPIRE MAKER,API42_1
0044295,그린파파고,20190422,암,0036358,애니기븐새터데이,0033077,어번쇼커,6250761,CHARISMATIC,API42_1
0043950,큐피드보우,20190323,수,0036299,프라이빗보우,0026909,남행열차,6310362,STRAIGHT MAN,API42_1
0044154,캠프세이버,20190330,암,0021999,포리스트캠프,0034562,내사랑담양,6795075,SUPER SAVER,API42_1
0044472,플라잉골드,20190423,수,0038391,카우보이칼,0023242,파인질주,0015093,듀앨러티,API42_1
0044358,라스트펀치,20190507,암,0038332,커널존,0033837,라스트코디,0015095,디스틸드,API42_1
0043812,매직모카신,20190305,암,0033119,선더모카신,0026055,온리포윈,0018206,엑스플로잇,API42_1
0043703,돌배,20190315,암,0037972,올드패션드,0023702,은빛투혼,6247995,ALPHABET SOUP,API42_1
0045076,순간터치,20190427,수,0039742,테이크차지인디,0027485,캔들글로우,6254566,CARSON CITY,API42_1
3019082,왕실세상,20190413,거,3014974,터보킹,3007222,왕실공주,-,-,API42_1
0044289,플라잉리걸,20190413,수,0033119,선더모카신,0023207,리걸레이디,0018229,리설인스트러먼트,API42_1
0044359,서귀축제,20190428,암,0040246,지롤라모,0025749,레이디즈게임,6248320,AWESOME AGAIN,API42_1
0043702,비케이뉴문,20190316,암,0039742,테이크차지인디,0034062,유성타이거,6771817,DISCREET CAT,API42_1
0044435,윈스팅,20190304,거,0040086,위드디스팅션,0040178,올어바웃마이걸즈,6306749,DISTORTED HUMOR,API42_1
0043803,어나더레벨,20190218,암,0041547,에치드,0034561,헤이퀸,6790306,HOLD ME BACK,API42_1
0044695,컴온퍼스트,20190320,거,6529748,ENGLISH CHANNEL,0043301,이제이즈키튼,6313612,KITTEN'S JOY,API42_1
0044317,최고블랙,20190428,수,0034428,테스타마타,0038308,콰드릴,6307292,DALAKHANI,API42_1
0044633,운주오션,20190502,거,0020256,메니피,0025176,한바다,6333083,SPEIGHTSTOWN,API42_1
3102623,현무진,20190611,암,3014974,터보킹,3015727,한줄기,3009526,백두장사,API42_1
0045307,럭키파워,20200305,수,0020256,메니피,0026041,오버파워,0009337,포트스톡턴,API42_1
0045634,닥터오스카,20200315,암,0037972,올드패션드,0032050,장산여제,0025790,피스룰즈,API42_1
0045219,원더풀위싱,20200118,암,0039750,퍼지,0028962,노블만료,6266942,DANCE IN THE DARK,API42_1
0045956,라스트피치,20200416,거,0038391,카우보이칼,0033047,서브잇콜드,6310354,STEPHEN GOT EVEN,API42_1
0045607,광치기,20200228,수,0026618,경부대로,0032775,셀럽,6772161,POLITICAL FORCE,API42_1
0045194,나노메타,20200125,수,0034735,페더럴리스트,0035257,얼음공주,0021999,포리스트캠프,API42_1
0045949,장비무지개,20200421,암,0032990,한센,0024341,센걸,0019963,스트로디스크리크,API42_1
0045323,울프플레이,20200205,수,0034835,티즈원더풀,0034633,투스텝삼바,6312528,MINESHAFT,API42_1
0045342,일출골드,20200221,암,6103967,GOLDENCENTS,0044944,골든스트라이프,6310072,EL CORREDOR,API42_1
0045977,블루밍스타,20200512,거,0038391,카우보이칼,0019551,이머징선,0005332,프로포슈어,API42_1
0050073,하늘승리,20200415,수,0037972,올드패션드,0019701,배블레이디,0007463,사이코배블,API42_1
0046098,파이널세븐,20200407,거,0034835,티즈원더풀,0026448,파이널걸,0018776,양키빅터,API42_1
0045284,배다리쾌검,20200307,암,0038391,카우보이칼,0021560,쾌검,0016504,워존,API42_1
0046104,최강현마,20200302,거,0037972,올드패션드,0036703,투리브포,6771662,PASS RUSH,API42_1
0045889,네모스피릿,20200402,암,0031261,사이먼퓨어,0029128,야호돌핀스,6617143,BWANA CHARLIE,API42_1
0045748,쿨러닝,20200410,수,0029287,맘보트레인,0020349,쿨링크,6256164,MR. GREELEY,API42_1
0046007,아침동자,20200220,수,0032990,한센,0030321,클린업스피드,0021998,피코센트럴,API42_1
3101657,봉수대천,20200320,거,3012866,계림동자,3011169,광명왕,3102390,루카,API42_1
0051922,조이준마,20200227,암,6108945,KHOZAN,0046519,캐어리에터,6310354,STEPHEN GOT EVEN,API42_1
0045824,트롤,20200410,거,0021239,연승대로,0014031,일롭위드미,6228366,RUNAWAY GROOM,API42_1
0046163,단디,20200422,암,0034735,페더럴리스트,0037899,퀸에이스,0029487,샤프휴머,API42_1
0045353,장산레몬,20200214,거,0034735,페더럴리스트,0029675,오버스피드,0020256,메니피,API42_1
0046836,서울최강자,20210310,거,0036735,디바인파크,0016674,일소천군,6310140,HIGH YIELD,API42_1
0046684,스마트클레어,20210215,수,0020379,인그란디어,0034173,주얼리파크,0020256,메니피,API42_1
0047431,케레르,20210418,암,0045050,섀클포드,0036710,퀘스트포석세스,6306441,SUCCESSFUL APPEAL,API42_1
0046903,핑크윈드,20210316,암,0041566,투아너앤드서브,0026083,북대풍,0018206,엑스플로잇,API42_1
0047188,글로벌코디,20210416,거,0038387,콩코드포인트,0033837,라스트코디,0015095,디스틸드,API42_1
0046721,모르페우스,20210119,수,0037972,올드패션드,0041966,프라우들리위해일,6310199,MALIBU MOON,API42_1
0047491,바벨드리미,20210312,암,0038025,아임유어파더,0034825,예그리나,6965952,UNCLE MO,API42_1
0046847,스케일킹,20210205,거,0044420,레볼루셔너리,0029619,금빛환희,0025790,피스룰즈,API42_1
1411345,블레이징맨,20210212,거,0032990,한센,0032137,일망무제,6341525,BADGE OF SILVER,API42_1
0047552,캔버스엔고,20210415,거,0037972,올드패션드,0031050,행복거탑,6488455,DESERT WARRIOR,API42_1
0046946,브라운골드,20210325,거,0045050,섀클포드,0029467,스트리트골드,6310364,STREET CRY,API42_1
0050962,몬탁선샤인,20220322,암,6783840,POINT OF ENTRY,0050482,비너스베러티,6978112,SILVER MAX,API42_1
3104178,한라봉,20220321,거,3015875,꼬리별,3016497,한라비행,3011133,장백산,API42_1
0021258,슈퍼클래스,20060901,수,6310364,STREET CRY,0020053,멜로디래스,6309923,STRAVINSKY,API42_1
0020808,단심가,20060305,거,0018206,엑스플로잇,0012158,하비동주,0007671,사일런트워리어,API42_1
0022681,복길,20070319,암,0016504,워존,0018121,메가벅겔,6254179,MONTBROOK,API42_1
0022642,스톰빅터,20070422,암,0018776,양키빅터,0018699,스톰캣츠키튼,6209767,IRISH RIVER,API42_1
0020567,진중보배,20060405,거,0015032,알나바,0007233,포르티시시모,6200428,ALLEGED DASH,API42_1
0020977,축복의통로,20060307,암,0009337,포트스톡턴,0012826,레맥스진저걸,6206709,FIGHTING FIT,API42_1
0019267,태산북두,20050330,거,6310218,MILLENNIUM WIND,0018119,리걸멕,6254580,REGAL CLASSIC,API42_1
0019183,내추럴가이,20050429,거,0012683,소셜차터,0008721,로키스트림,6217121,REPRIMAND,API42_1
0019099,센텀,20050428,암,0008710,컨셉트윈,0012896,비지씨씨,6254413,ALOHA PROSPECTOR,API42_1
0023829,미창,20061113,거,6257882,GOLAN,6274694,SANTA LUCIA,6215998,POMPEII COURT,API42_1
0023217,마이티카이저,20070316,거,0007672,리비어,0011767,키펨게싱,6252328,TRICK QUESTION,API42_1
0023193,한혈화신,20070305,암,0018783,야후디,0010837,날개바람,6241013,OVERNITE EXPRESS,API42_1
0017219,차밍빅터,20040228,암,0007671,사일런트워리어,0013874,미스알루허쉬,6256179,ALWUHUSH,API42_1
0020706,신화처럼,20060419,암,0018207,커멘더블,0018175,마퀴시엣,6253898,MARQUETRY,API42_1
0023246,청산도,20070406,암,0018776,양키빅터,0018662,리치뮈지크,6254208,RIZZI,API42_1
0022828,메들린스피드,20070331,수,0018837,뉴스프린트,0012893,메들린파크,6210755,KREISLER,API42_1
0022277,천운,20070218,암,0009337,포트스톡턴,0006512,레스트리스패트리샤,6202539,BORN RESTLESS,API42_1
0025455,브이트레인,20070329,거,6310411,WESTERN EXPRESSION,6560898,COLD STARE,6220003,STRIKE THE GOLD,API42_1
0023172,선봉아그네스,20070422,암,0015095,디스틸드,0010185,선봉질주,0004761,큐리아레기스,API42_1
0023088,우승모아,20070225,암,0015094,버스터즈데이드림,0008725,린다즈조이,6203907,CLASSIC SECRET,API42_1
0018866,서울의강자,20050917,거,6314659,NOVERRE,0018865,언포게터블파이어,6241725,WOODMAN,API42_1
0023830,천하명문,20051029,거,6405355,PAINTED BLACK,6772695,PERFECT SUNRISE,6222624,WIGANTHORPE,API42_1
0017375,태풍축제,20040501,거,0009338,퓨처퀘스트,0012794,체인지인타임,6241703,TIME FOR A CHANGE,API42_1
0018637,윈드킹,20030930,거,6278382,MONTJEU,6293712,BLESSING,6218995,SIR TRISTRAM,API42_1
1010811,두모악,20060502,수,-,-,-,-,-,-,API42_1
1011515,우주,20070409,암,-,-,-,-,-,-,API42_1
1011086,강한별,20070404,수,-,-,-,-,-,-,API42_1
3011095,우보악,20070228,거,3005576,꿈바위,3006629,당찬마음,-,-,API42_1
0022239,정상장악,20070215,수,0016504,워존,0009341,전투기,0007464,로드오브워,API42_1
0022656,성산의번개,20070223,수,6256448,DONERAILE COURT,0020391,섬머스트라이크,6307010,SMART STRIKE,API42_1
0023787,명문보배,20060926,암,6770990,FOOTSTEPSINTHESAND,6772683,BROCCO TO BLAME,6248003,BROCCO,API42_1
0023780,쾌걸질주,20061109,수,6339712,MARKANE,6772688,EFFECTIVELY,6205000,DEFECTING DANCER,API42_1
0025511,탐라태후,20070313,암,6307028,BURNING ROMA,6814608,FUI,6632208,SOBERBO,API42_1
0020793,메가프린세스,20060318,암,0006893,무자지프,0012845,빅토리안프린세스,6222167,VIGORS,API42_1
0023055,연속강타,20070209,암,0006892,디디미,0015410,클래시어페어,6251038,COLONIAL AFFAIR,API42_1
0017575,용두바람,20040428,거,0012853,아워포에틱프린스,0012717,리브더네스트,6251192,EUCLASE,API42_1
0019569,강자의법칙,20050413,거,0011903,포티튜드,0013670,크리스피,6254743,TAX COLLECTION,API42_1
0023355,나이트무브스,20070308,암,6770898,PROUD ACCOLADE,0021705,엘라니아,6256450,DOUBLE HONOR,API42_1
3011251,왕의도시,20070612,거,3101043,제주오름,3100971,-,3102389,빛의사랑,API42_1
1011637,고려국왕,20070603,수,-,-,-,-,-,-,API42_1
0023198,스마트카이,20070424,수,0018229,리설인스트러먼트,0002707,기대주,6215697,PICCADILLY LANE,API42_1
0022458,윙윙,20070513,암,0011880,슬루오그린,0015418,코니즈퍼스트라이,6254576,BERTRANDO,API42_1
0023390,사일런트비전,20070327,거,0007671,사일런트워리어,0018140,마이온틱,6241328,GEIGER COUNTER,API42_1
0025679,신화창조,20070903,거,6771728,ST REIMS,6964299,SWALLOW,6240797,BIN AJWAAD,API42_1
0023097,해란장군,20070216,거,0015093,듀앨러티,0011100,해란강,0007672,리비어,API42_1
0023146,인터라켄,20070413,거,6309636,THREE WONDERS,0020339,스키프스프라이즈,6241024,PRIZED,API42_1
3011252,일자수,20070528,암,3101050,골든레이스,3100627,천하영마,-,-,API42_1
0025675,천지강산,20071114,거,6288117,SANDTRAP,6964303,DANZA JIG,6204826,DANZATORE,API42_1
0017142,애니카퀸,20040314,암,0009337,포트스톡턴,0009808,리틀레이디시,6204131,COMMADORE C.,API42_1
0024204,희망대로,20080302,암,0007672,리비어,0009578,한라용장,0006162,해피째즈밴드,API42_1
1011810,우월주의,20070604,거,-,-,-,-,-,-,API42_1
3011571,강한포부,20070508,수,3101043,제주오름,3100820,-,3102390,루카,API42_1
1010790,정의검,20060503,암,-,-,-,-,-,-,API42_1
0022659,커밍스루,20070328,수,0016533,본비반트,0010702,메리레이디,6200858,ARAS AN UACHTARAIN,API42_1
0023153,당대명품,20070925,수,6770088,RESET,0021963,인디펜던트,6266191,COMMANDS,API42_1
0022974,블랙루비,20070426,암,0016504,워존,0015151,벌런트히어로,6306190,ALWAYS A CLASSIC,API42_1
0022596,비비챈트,20070501,거,6310406,WAR CHANT,0021726,브라보브라보,6200218,AFFIRMED,API42_1
0022972,캡틴텍사스,20070406,거,0018206,엑스플로잇,0015149,레이디워쉽,6306179,WAR,API42_1
0024688,일성지존,20080225,암,0012808,크릭캣,0015304,보이스터럿레이디,6231943,REAL QUIET,API42_1
0024742,오섬시크릿,20080325,수,6256904,CAME HOME,0022173,블로섬어게인,6248320,AWESOME AGAIN,API42_1
0024370,푸른새벽,20080330,암,0007463,사이코배블,0009488,상공,0007672,리비어,API42_1
3011933,최대공신,20080405,수,3101045,빛을향해,3102493,봉수대일호,-,-,API42_1
0024651,명서돌풍,20080312,암,0018776,양키빅터,0020290,글로리어스돈,6307149,ELUSIVE QUALITY,API42_1
1012066,망부석,20080413,암,-,-,-,-,-,-,API42_1
0024198,레이스왕초,20080222,거,6313650,THE CLIFF'S EDGE,0022154,위티레이디,6204206,CONQUISTADOR CIELO,API42_1
0027229,깍쟁이,20080317,암,6310288,PUT IT BACK,0031286,와일드딕시갤,6254176,WILD EVENT,API42_1
0027218,스톰삭스,20080117,암,6323281,CONSOLIDATOR,6802761,SLEW'S QUALITY,6307149,ELUSIVE QUALITY,API42_1
1012010,제갈공명,20080220,암,-,-,-,-,-,-,API42_1
0024942,레드머니,20080508,수,0018770,트로트스타,0015438,만수무강,6284681,HALF TERM,API42_1
0025037,킹파이팅,20080408,수,0008710,컨셉트윈,0011020,청운봉,6251532,T. V. HEART THROB,API42_1
3012150,세계의보물,20080719,암,3101045,빛을향해,3100953,탐라비체,3102389,빛의사랑,API42_1
0022536,백호기상,20071006,거,6310171,KING CUGAT,0021947,러시안댄싱,6251234,DANEHILL DANCER,API42_1
0024905,행운의만남,20080320,암,0012808,크릭캣,0018200,클레버릴,6306892,LIL'S LAD,API42_1
0024470,피케이함대,20080418,거,0020256,메니피,0008094,청정심,6218377,SEALED BID,API42_1
0027176,백호전설,20080302,거,6256656,WEKIVA SPRINGS,6964725,MORE,6310331,SEMORAN,API42_1
0024657,부산스타,20080405,암,0018775,볼포니,0009863,이스터스타게스트,6212770,MEDIA STARGUEST,API42_1
1012188,한라명장,20080619,수,-,-,-,-,-,-,API42_1
0025227,동서정벌,20080221,거,0020257,비카,0009832,랑데부베이,6222816,WONDERLOAF,API42_1
0024235,용감,20080516,수,0018206,엑스플로잇,0011707,페블비치,6252029,METFIELD,API42_1
1012107,절대속도,20080417,수,-,-,-,-,-,-,API42_1
3012021,청계수,20080527,거,3102390,루카,3102711,-,-,-,API42_1
0025184,히든퀸,20080418,암,0020253,사쿠라시킹,0015177,아이언바디,6306298,DR. CATON,API42_1
0027375,엠파이어월드,20080429,암,6306756,EMPIRE MAKER,0025704,솔티유,6253916,SALT LAKE,API42_1
0024176,부산프린스,20080415,수,0018775,볼포니,0006140,홧쿳해브빈,6200242,AGITATE,API42_1
0024063,브레이브마하,20080428,거,0019962,댄싱서패스,0016549,마하,6312782,MARIGNAN,API42_1
0024933,완벽승리,20080327,암,0015094,버스터즈데이드림,0014179,완벽조건,0006891,로스트마운틴,API42_1
0024524,희망드림,20080323,수,0012683,소셜차터,0007517,미호빅뱅,0005331,피어슬리,API42_1
0025299,멀티비전,20080331,암,0020257,비카,0020154,체스넛드림,6256565,SUAVE DANCER,API42_1
0024785,희망의다리,20080430,수,0016504,워존,0009877,아든트모우먼트,6231849,HOT AND SMOGGY,API42_1
0025330,흑댄서,20080428,암,0020257,비카,0020370,액셔너블,6256079,HOLY BULL,API42_1
3012579,대록목마,20080503,암,3102390,루카,3100626,일척건곤,3102387,고속생명수,API42_1
0027519,천만돌이,20081029,거,6313940,CASTLEDALE,6661483,SPRAYPAINT,6204546,CRESTED WAVE,API42_1
0027517,명서동자,20080913,수,6274255,USTINOV,6677723,SATIN CINDERS,6240816,DANCE FLOOR,API42_1
0026915,뉴알파,20090314,거,0015032,알나바,0012913,포멀매직,6252236,FORMAL DINNER,API42_1
0029016,문학보우,20090324,수,6309990,BROKEN VOW,0029017,케이프하트,6207245,FORTY NINER,API42_1
0026002,정상예찬,20090402,거,0020256,메니피,0007107,용곡,6211805,LOOSEN UP,API42_1
0026238,너미드마,20090311,암,0012683,소셜차터,0013780,헌팅데일미스,6253492,PERUGINO,API42_1
0029113,해동천왕,20090208,수,6256487,WEST ACRE,0029358,시에너즈아너,6240949,HONOR GRADES,API42_1
1012256,탐라으뜸,20080417,수,-,-,-,-,-,-,API42_1
1012434,태평대,20080418,수,-,-,-,-,-,-,API42_1
